[
  {
    "host": "host-1",
    "available": true,
    "report_sha256": "369127c6a5134e5ef3b39445e0017e52bf1df0193843d822ea56618ce9898681",
    "status": "complete",
    "complete": true,
    "actual_identities": {
      "commit": "87f6180e4922ca860e10f91701e6032e6cb85390",
      "chrome_version": "155.0.8059.39",
      "playwright_core": "1.64.0",
      "node": "v24.19.0",
      "rustc": "rustc 1.99.0 (b940084d7 2026-09-28)",
      "rust_binary_sha256": "5349c63284929d06fbc7f492478019ae7e70476742b78f588baf5ee4f95a0e65",
      "chrome_binary_sha256": "ed05e73a2cdf875326fcfa438b31c71a6a885a353610731dd52090dfc476f778"
    },
    "pins_verified": true,
    "source_selected_count": 100,
    "source_selected_sha256_equal": true,
    "empty_git_status_verified": true,
    "whole_declared_source_count": 3641,
    "whole_declared_source_sha256_equal_head": true,
    "schema_and_original_raw_sidecars_verified": true,
    "load_error": null,
    "counts": {
      "rustwright": {
        "measured_attempts": 1600,
        "measured_successes": 1600,
        "warmup_attempts": 32,
        "warmup_successes": 32,
        "failures": []
      },
      "playwright-core": {
        "measured_attempts": 1600,
        "measured_successes": 1400,
        "warmup_attempts": 32,
        "warmup_successes": 28,
        "failures": [
          {
            "pair": 1,
            "case": "rotated_clipped_click",
            "index": 0,
            "warmup": true,
            "ok": false,
            "error": "Error: operation exceeded 2000ms watchdog",
            "elapsed_ms": 2001.651251000003
          },
          {
            "pair": 1,
            "case": "rotated_clipped_click",
            "index": 1,
            "warmup": false,
            "ok": false,
            "error": "Error: operation exceeded 2000ms watchdog",
            "elapsed_ms": 2000.7362079999875
          },
          {
            "pair": 1,
            "case": "rotated_clipped_click",
            "index": 2,
            "warmup": false,
            "ok": false,
            "error": "Error: operation exceeded 2000ms watchdog",
            "elapsed_ms": 2000.4998430000269
          },
          {
            "pair": 1,
            "case": "rotated_clipped_click",
            "index": 3,
            "warmup": false,
            "ok": false,
            "error": "Error: operation exceeded 2000ms watchdog",
            "elapsed_ms": 2000.3393950000172
          },
          {
            "pair": 1,
            "case": "rotated_clipped_click",
            "index": 4,
            "warmup": false,
            "ok": false,
            "error": "TimeoutError: locator.click: Timeout 2000ms exceeded.\nCall log:\n  - waiting for locator('#target')\n    - locator resolved to <button id=\"target\">Geometry</button>\n  - attempting click action\n    2 \u00d7 waiting for element to be visible, enabled and stable\n      - element is visible, enabled and stable\n      - scrolling into view if needed\n      - done scrolling\n      - <html>\u2026</html> intercepts pointer events\n    - retrying click action\n    - waiting 20ms\n    2 \u00d7 waiting for element to be visible, enabled and stable\n      - element is visible, enabled and stable\n      - scrolling into view if needed\n      - done scrolling\n      - <html>\u2026</html> intercepts pointer events\n    - retrying click action\n      - waiting 100ms\n    4 \u00d7 waiting for element to be visible, enabled and stable\n      - element is visible, enabled and stable\n      - scrolling into view if needed\n      - done scrolling\n      - <html>\u2026</html> intercepts pointer events\n    - retrying click action\n      - waiting 500ms\n",
            "elapsed_ms": 1999.7039329999825
          },
          {
            "pair": 1,
            "case": "rotated_clipped_click",
            "index": 5,
            "warmup": false,
            "ok": false,
            "error": "TimeoutError: locator.click: Timeout 2000ms exceeded.\nCall log:\n  - waiting for locator('#target')\n    - locator resolved to <button id=\"target\">Geometry</button>\n  - attempting click action\n    2 \u00d7 waiting for element to be visible, enabled and stable\n      - element is visible, enabled and stable\n      - scrolling into view if needed\n      - done scrolling\n      - <html>\u2026</html> intercepts pointer events\n    - retrying click action\n    - waiting 20ms\n    2 \u00d7 waiting for element to be visible, enabled and stable\n      - element is visible, enabled and stable\n      - scrolling into view if needed\n      - done scrolling\n      - <html>\u2026</html> intercepts pointer events\n    - retrying click action\n      - waiting 100ms\n    4 \u00d7 waiting for element to be visible, enabled and stable\n      - element is visible, enabled and stable\n      - scrolling into view if needed\n      - done scrolling\n      - <html>\u2026</html> intercepts pointer events\n    - retrying click action\n      - waiting 500ms\n",
            "elapsed_ms": 1999.8133420000086
          },
          {
            "pair": 1,
            "case": "rotated_clipped_click",
            "index": 6,
            "warmup": false,
            "ok": false,
            "error": "Error: operation exceeded 2000ms watchdog",
            "elapsed_ms": 2000.379793
          },
          {
            "pair": 1,
            "case": "rotated_clipped_click",
            "index": 7,
            "warmup": false,
            "ok": false,
            "error": "TimeoutError: locator.click: Timeout 2000ms exceeded.\nCall log:\n  - waiting for locator('#target')\n    - locator resolved to <button id=\"target\">Geometry</button>\n  - attempting click action\n    2 \u00d7 waiting for element to be visible, enabled and stable\n      - element is visible, enabled and stable\n      - scrolling into view if needed\n      - done scrolling\n      - <html>\u2026</html> intercepts pointer events\n    - retrying click action\n    - waiting 20ms\n    2 \u00d7 waiting for element to be visible, enabled and stable\n      - element is visible, enabled and stable\n      - scrolling into view if needed\n      - done scrolling\n      - <html>\u2026</html> intercepts pointer events\n    - retrying click action\n      - waiting 100ms\n    4 \u00d7 waiting for element to be visible, enabled and stable\n      - element is visible, enabled and stable\n      - scrolling into view if needed\n      - done scrolling\n      - <html>\u2026</html> intercepts pointer events\n    - retrying click action\n      - waiting 500ms\n",
            "elapsed_ms": 2000.13394900001
          },
          {
            "pair": 1,
            "case": "rotated_clipped_click",
            "index": 8,
            "warmup": false,
            "ok": false,
            "error": "TimeoutError: locator.click: Timeout 2000ms exceeded.\nCall log:\n  - waiting for locator('#target')\n    - locator resolved to <button id=\"target\">Geometry</button>\n  - attempting click action\n    2 \u00d7 waiting for element to be visible, enabled and stable\n      - element is visible, enabled and stable\n      - scrolling into view if needed\n      - done scrolling\n      - <html>\u2026</html> intercepts pointer events\n    - retrying click action\n    - waiting 20ms\n    2 \u00d7 waiting for element to be visible, enabled and stable\n      - element is visible, enabled and stable\n      - scrolling into view if needed\n      - done scrolling\n      - <html>\u2026</html> intercepts pointer events\n    - retrying click action\n      - waiting 100ms\n    4 \u00d7 waiting for element to be visible, enabled and stable\n      - element is visible, enabled and stable\n      - scrolling into view if needed\n      - done scrolling\n      - <html>\u2026</html> intercepts pointer events\n    - retrying click action\n      - waiting 500ms\n",
            "elapsed_ms": 2000.2976919999928
          },
          {
            "pair": 1,
            "case": "rotated_clipped_click",
            "index": 9,
            "warmup": false,
            "ok": false,
            "error": "TimeoutError: locator.click: Timeout 2000ms exceeded.\nCall log:\n  - waiting for locator('#target')\n    - locator resolved to <button id=\"target\">Geometry</button>\n  - attempting click action\n    2 \u00d7 waiting for element to be visible, enabled and stable\n      - element is visible, enabled and stable\n      - scrolling into view if needed\n      - done scrolling\n      - <html>\u2026</html> intercepts pointer events\n    - retrying click action\n    - waiting 20ms\n    2 \u00d7 waiting for element to be visible, enabled and stable\n      - element is visible, enabled and stable\n      - scrolling into view if needed\n      - done scrolling\n      - <html>\u2026</html> intercepts pointer events\n    - retrying click action\n      - waiting 100ms\n    4 \u00d7 waiting for element to be visible, enabled and stable\n      - element is visible, enabled and stable\n      - scrolling into view if needed\n      - done scrolling\n      - <html>\u2026</html> intercepts pointer events\n    - retrying click action\n      - waiting 500ms\n",
            "elapsed_ms": 2000.0154890000122
          },
          {
            "pair": 1,
            "case": "rotated_clipped_click",
            "index": 10,
            "warmup": false,
            "ok": false,
            "error": "TimeoutError: locator.click: Timeout 2000ms exceeded.\nCall log:\n  - waiting for locator('#target')\n    - locator resolved to <button id=\"target\">Geometry</button>\n  - attempting click action\n    2 \u00d7 waiting for element to be visible, enabled and stable\n      - element is visible, enabled and stable\n      - scrolling into view if needed\n      - done scrolling\n      - <html>\u2026</html> intercepts pointer events\n    - retrying click action\n    - waiting 20ms\n    2 \u00d7 waiting for element to be visible, enabled and stable\n      - element is visible, enabled and stable\n      - scrolling into view if needed\n      - done scrolling\n      - <html>\u2026</html> intercepts pointer events\n    - retrying click action\n      - waiting 100ms\n    4 \u00d7 waiting for element to be visible, enabled and stable\n      - element is visible, enabled and stable\n      - scrolling into view if needed\n      - done scrolling\n      - <html>\u2026</html> intercepts pointer events\n    - retrying click action\n      - waiting 500ms\n",
            "elapsed_ms": 1999.7080689999857
          },
          {
            "pair": 1,
            "case": "rotated_clipped_click",
            "index": 11,
            "warmup": false,
            "ok": false,
            "error": "TimeoutError: locator.click: Timeout 2000ms exceeded.\nCall log:\n  - waiting for locator('#target')\n    - locator resolved to <button id=\"target\">Geometry</button>\n  - attempting click action\n    2 \u00d7 waiting for element to be visible, enabled and stable\n      - element is visible, enabled and stable\n      - scrolling into view if needed\n      - done scrolling\n      - <html>\u2026</html> intercepts pointer events\n    - retrying click action\n    - waiting 20ms\n    2 \u00d7 waiting for element to be visible, enabled and stable\n      - element is visible, enabled and stable\n      - scrolling into view if needed\n      - done scrolling\n      - <html>\u2026</html> intercepts pointer events\n    - retrying click action\n      - waiting 100ms\n    4 \u00d7 waiting for element to be visible, enabled and stable\n      - element is visible, enabled and stable\n      - scrolling into view if needed\n      - done scrolling\n      - <html>\u2026</html> intercepts pointer events\n    - retrying click action\n      - waiting 500ms\n",
            "elapsed_ms": 2000.2922700000054
          },
          {
            "pair": 1,
            "case": "rotated_clipped_click",
            "index": 12,
            "warmup": false,
            "ok": false,
            "error": "TimeoutError: locator.click: Timeout 2000ms exceeded.\nCall log:\n  - waiting for locator('#target')\n    - locator resolved to <button id=\"target\">Geometry</button>\n  - attempting click action\n    2 \u00d7 waiting for element to be visible, enabled and stable\n      - element is visible, enabled and stable\n      - scrolling into view if needed\n      - done scrolling\n      - <html>\u2026</html> intercepts pointer events\n    - retrying click action\n    - waiting 20ms\n    2 \u00d7 waiting for element to be visible, enabled and stable\n      - element is visible, enabled and stable\n      - scrolling into view if needed\n      - done scrolling\n      - <html>\u2026</html> intercepts pointer events\n    - retrying click action\n      - waiting 100ms\n    4 \u00d7 waiting for element to be visible, enabled and stable\n      - element is visible, enabled and stable\n      - scrolling into view if needed\n      - done scrolling\n      - <html>\u2026</html> intercepts pointer events\n    - retrying click action\n      - waiting 500ms\n",
            "elapsed_ms": 2000.4525540000177
          },
          {
            "pair": 1,
            "case": "rotated_clipped_click",
            "index": 13,
            "warmup": false,
            "ok": false,
            "error": "TimeoutError: locator.click: Timeout 2000ms exceeded.\nCall log:\n  - waiting for locator('#target')\n    - locator resolved to <button id=\"target\">Geometry</button>\n  - attempting click action\n    2 \u00d7 waiting for element to be visible, enabled and stable\n      - element is visible, enabled and stable\n      - scrolling into view if needed\n      - done scrolling\n      - <html>\u2026</html> intercepts pointer events\n    - retrying click action\n    - waiting 20ms\n    2 \u00d7 waiting for element to be visible, enabled and stable\n      - element is visible, enabled and stable\n      - scrolling into view if needed\n      - done scrolling\n      - <html>\u2026</html> intercepts pointer events\n    - retrying click action\n      - waiting 100ms\n    4 \u00d7 waiting for element to be visible, enabled and stable\n      - element is visible, enabled and stable\n      - scrolling into view if needed\n      - done scrolling\n      - <html>\u2026</html> intercepts pointer events\n    - retrying click action\n      - waiting 500ms\n",
            "elapsed_ms": 1999.631555
          },
          {
            "pair": 1,
            "case": "rotated_clipped_click",
            "index": 14,
            "warmup": false,
            "ok": false,
            "error": "Error: operation exceeded 2000ms watchdog",
            "elapsed_ms": 1999.9402199999895
          },
          {
            "pair": 1,
            "case": "rotated_clipped_click",
            "index": 15,
            "warmup": false,
            "ok": false,
            "error": "TimeoutError: locator.click: Timeout 2000ms exceeded.\nCall log:\n  - waiting for locator('#target')\n    - locator resolved to <button id=\"target\">Geometry</button>\n  - attempting click action\n    2 \u00d7 waiting for element to be visible, enabled and stable\n      - element is visible, enabled and stable\n      - scrolling into view if needed\n      - done scrolling\n      - <html>\u2026</html> intercepts pointer events\n    - retrying click action\n    - waiting 20ms\n    2 \u00d7 waiting for element to be visible, enabled and stable\n      - element is visible, enabled and stable\n      - scrolling into view if needed\n      - done scrolling\n      - <html>\u2026</html> intercepts pointer events\n    - retrying click action\n      - waiting 100ms\n    4 \u00d7 waiting for element to be visible, enabled and stable\n      - element is visible, enabled and stable\n      - scrolling into view if needed\n      - done scrolling\n      - <html>\u2026</html> intercepts pointer events\n    - retrying click action\n      - waiting 500ms\n",
            "elapsed_ms": 2000.3677190000017
          },
          {
            "pair": 1,
            "case": "rotated_clipped_click",
            "index": 16,
            "warmup": false,
            "ok": false,
            "error": "TimeoutError: locator.click: Timeout 2000ms exceeded.\nCall log:\n  - waiting for locator('#target')\n    - locator resolved to <button id=\"target\">Geometry</button>\n  - attempting click action\n    2 \u00d7 waiting for element to be visible, enabled and stable\n      - element is visible, enabled and stable\n      - scrolling into view if needed\n      - done scrolling\n      - <html>\u2026</html> intercepts pointer events\n    - retrying click action\n    - waiting 20ms\n    2 \u00d7 waiting for element to be visible, enabled and stable\n      - element is visible, enabled and stable\n      - scrolling into view if needed\n      - done scrolling\n      - <html>\u2026</html> intercepts pointer events\n    - retrying click action\n      - waiting 100ms\n    4 \u00d7 waiting for element to be visible, enabled and stable\n      - element is visible, enabled and stable\n      - scrolling into view if needed\n      - done scrolling\n      - <html>\u2026</html> intercepts pointer events\n    - retrying click action\n      - waiting 500ms\n",
            "elapsed_ms": 1999.4840819999808
          },
          {
            "pair": 1,
            "case": "rotated_clipped_click",
            "index": 17,
            "warmup": false,
            "ok": false,
            "error": "Error: operation exceeded 2000ms watchdog",
            "elapsed_ms": 2000.5642649999936
          },
          {
            "pair": 1,
            "case": "rotated_clipped_click",
            "index": 18,
            "warmup": false,
            "ok": false,
            "error": "TimeoutError: locator.click: Timeout 2000ms exceeded.\nCall log:\n  - waiting for locator('#target')\n    - locator resolved to <button id=\"target\">Geometry</button>\n  - attempting click action\n    2 \u00d7 waiting for element to be visible, enabled and stable\n      - element is visible, enabled and stable\n      - scrolling into view if needed\n      - done scrolling\n      - <html>\u2026</html> intercepts pointer events\n    - retrying click action\n    - waiting 20ms\n    2 \u00d7 waiting for element to be visible, enabled and stable\n      - element is visible, enabled and stable\n      - scrolling into view if needed\n      - done scrolling\n      - <html>\u2026</html> intercepts pointer events\n    - retrying click action\n      - waiting 100ms\n    4 \u00d7 waiting for element to be visible, enabled and stable\n      - element is visible, enabled and stable\n      - scrolling into view if needed\n      - done scrolling\n      - <html>\u2026</html> intercepts pointer events\n    - retrying click action\n      - waiting 500ms\n",
            "elapsed_ms": 2000.1339910000097
          },
          {
            "pair": 1,
            "case": "rotated_clipped_click",
            "index": 19,
            "warmup": false,
            "ok": false,
            "error": "TimeoutError: locator.click: Timeout 2000ms exceeded.\nCall log:\n  - waiting for locator('#target')\n    - locator resolved to <button id=\"target\">Geometry</button>\n  - attempting click action\n    2 \u00d7 waiting for element to be visible, enabled and stable\n      - element is visible, enabled and stable\n      - scrolling into view if needed\n      - done scrolling\n      - <html>\u2026</html> intercepts pointer events\n    - retrying click action\n    - waiting 20ms\n    2 \u00d7 waiting for element to be visible, enabled and stable\n      - element is visible, enabled and stable\n      - scrolling into view if needed\n      - done scrolling\n      - <html>\u2026</html> intercepts pointer events\n    - retrying click action\n      - waiting 100ms\n    4 \u00d7 waiting for element to be visible, enabled and stable\n      - element is visible, enabled and stable\n      - scrolling into view if needed\n      - done scrolling\n      - <html>\u2026</html> intercepts pointer events\n    - retrying click action\n      - waiting 500ms\n",
            "elapsed_ms": 2000.3892130000168
          },
          {
            "pair": 1,
            "case": "rotated_clipped_click",
            "index": 20,
            "warmup": false,
            "ok": false,
            "error": "TimeoutError: locator.click: Timeout 2000ms exceeded.\nCall log:\n  - waiting for locator('#target')\n    - locator resolved to <button id=\"target\">Geometry</button>\n  - attempting click action\n    2 \u00d7 waiting for element to be visible, enabled and stable\n      - element is visible, enabled and stable\n      - scrolling into view if needed\n      - done scrolling\n      - <html>\u2026</html> intercepts pointer events\n    - retrying click action\n    - waiting 20ms\n    2 \u00d7 waiting for element to be visible, enabled and stable\n      - element is visible, enabled and stable\n      - scrolling into view if needed\n      - done scrolling\n      - <html>\u2026</html> intercepts pointer events\n    - retrying click action\n      - waiting 100ms\n    4 \u00d7 waiting for element to be visible, enabled and stable\n      - element is visible, enabled and stable\n      - scrolling into view if needed\n      - done scrolling\n      - <html>\u2026</html> intercepts pointer events\n    - retrying click action\n      - waiting 500ms\n",
            "elapsed_ms": 1999.3004260000016
          },
          {
            "pair": 1,
            "case": "rotated_clipped_click",
            "index": 21,
            "warmup": false,
            "ok": false,
            "error": "Error: operation exceeded 2000ms watchdog",
            "elapsed_ms": 1999.878743999987
          },
          {
            "pair": 1,
            "case": "rotated_clipped_click",
            "index": 22,
            "warmup": false,
            "ok": false,
            "error": "TimeoutError: locator.click: Timeout 2000ms exceeded.\nCall log:\n  - waiting for locator('#target')\n    - locator resolved to <button id=\"target\">Geometry</button>\n  - attempting click action\n    2 \u00d7 waiting for element to be visible, enabled and stable\n      - element is visible, enabled and stable\n      - scrolling into view if needed\n      - done scrolling\n      - <html>\u2026</html> intercepts pointer events\n    - retrying click action\n    - waiting 20ms\n    2 \u00d7 waiting for element to be visible, enabled and stable\n      - element is visible, enabled and stable\n      - scrolling into view if needed\n      - done scrolling\n      - <html>\u2026</html> intercepts pointer events\n    - retrying click action\n      - waiting 100ms\n    4 \u00d7 waiting for element to be visible, enabled and stable\n      - element is visible, enabled and stable\n      - scrolling into view if needed\n      - done scrolling\n      - <html>\u2026</html> intercepts pointer events\n    - retrying click action\n      - waiting 500ms\n",
            "elapsed_ms": 1999.951728999993
          },
          {
            "pair": 1,
            "case": "rotated_clipped_click",
            "index": 23,
            "warmup": false,
            "ok": false,
            "error": "Error: operation exceeded 2000ms watchdog",
            "elapsed_ms": 2000.3354689999833
          },
          {
            "pair": 1,
            "case": "rotated_clipped_click",
            "index": 24,
            "warmup": false,
            "ok": false,
            "error": "TimeoutError: locator.click: Timeout 2000ms exceeded.\nCall log:\n  - waiting for locator('#target')\n    - locator resolved to <button id=\"target\">Geometry</button>\n  - attempting click action\n    2 \u00d7 waiting for element to be visible, enabled and stable\n      - element is visible, enabled and stable\n      - scrolling into view if needed\n      - done scrolling\n      - <html>\u2026</html> intercepts pointer events\n    - retrying click action\n    - waiting 20ms\n    2 \u00d7 waiting for element to be visible, enabled and stable\n      - element is visible, enabled and stable\n      - scrolling into view if needed\n      - done scrolling\n      - <html>\u2026</html> intercepts pointer events\n    - retrying click action\n      - waiting 100ms\n    4 \u00d7 waiting for element to be visible, enabled and stable\n      - element is visible, enabled and stable\n      - scrolling into view if needed\n      - done scrolling\n      - <html>\u2026</html> intercepts pointer events\n    - retrying click action\n      - waiting 500ms\n",
            "elapsed_ms": 1999.9530920000107
          },
          {
            "pair": 1,
            "case": "rotated_clipped_click",
            "index": 25,
            "warmup": false,
            "ok": false,
            "error": "TimeoutError: locator.click: Timeout 2000ms exceeded.\nCall log:\n  - waiting for locator('#target')\n    - locator resolved to <button id=\"target\">Geometry</button>\n  - attempting click action\n    2 \u00d7 waiting for element to be visible, enabled and stable\n      - element is visible, enabled and stable\n      - scrolling into view if needed\n      - done scrolling\n      - <html>\u2026</html> intercepts pointer events\n    - retrying click action\n    - waiting 20ms\n    2 \u00d7 waiting for element to be visible, enabled and stable\n      - element is visible, enabled and stable\n      - scrolling into view if needed\n      - done scrolling\n      - <html>\u2026</html> intercepts pointer events\n    - retrying click action\n      - waiting 100ms\n    4 \u00d7 waiting for element to be visible, enabled and stable\n      - element is visible, enabled and stable\n      - scrolling into view if needed\n      - done scrolling\n      - <html>\u2026</html> intercepts pointer events\n    - retrying click action\n      - waiting 500ms\n",
            "elapsed_ms": 2000.066168999998
          },
          {
            "pair": 1,
            "case": "rotated_clipped_click",
            "index": 26,
            "warmup": false,
            "ok": false,
            "error": "TimeoutError: locator.click: Timeout 2000ms exceeded.\nCall log:\n  - waiting for locator('#target')\n    - locator resolved to <button id=\"target\">Geometry</button>\n  - attempting click action\n    2 \u00d7 waiting for element to be visible, enabled and stable\n      - element is visible, enabled and stable\n      - scrolling into view if needed\n      - done scrolling\n      - <html>\u2026</html> intercepts pointer events\n    - retrying click action\n    - waiting 20ms\n    2 \u00d7 waiting for element to be visible, enabled and stable\n      - element is visible, enabled and stable\n      - scrolling into view if needed\n      - done scrolling\n      - <html>\u2026</html> intercepts pointer events\n    - retrying click action\n      - waiting 100ms\n    4 \u00d7 waiting for element to be visible, enabled and stable\n      - element is visible, enabled and stable\n      - scrolling into view if needed\n      - done scrolling\n      - <html>\u2026</html> intercepts pointer events\n    - retrying click action\n      - waiting 500ms\n",
            "elapsed_ms": 1999.4931269999943
          },
          {
            "pair": 1,
            "case": "rotated_clipped_click",
            "index": 27,
            "warmup": false,
            "ok": false,
            "error": "TimeoutError: locator.click: Timeout 2000ms exceeded.\nCall log:\n  - waiting for locator('#target')\n    - locator resolved to <button id=\"target\">Geometry</button>\n  - attempting click action\n    2 \u00d7 waiting for element to be visible, enabled and stable\n      - element is visible, enabled and stable\n      - scrolling into view if needed\n      - done scrolling\n      - <html>\u2026</html> intercepts pointer events\n    - retrying click action\n    - waiting 20ms\n    2 \u00d7 waiting for element to be visible, enabled and stable\n      - element is visible, enabled and stable\n      - scrolling into view if needed\n      - done scrolling\n      - <html>\u2026</html> intercepts pointer events\n    - retrying click action\n      - waiting 100ms\n    4 \u00d7 waiting for element to be visible, enabled and stable\n      - element is visible, enabled and stable\n      - scrolling into view if needed\n      - done scrolling\n      - <html>\u2026</html> intercepts pointer events\n    - retrying click action\n      - waiting 500ms\n",
            "elapsed_ms": 1999.7862129999849
          },
          {
            "pair": 1,
            "case": "rotated_clipped_click",
            "index": 28,
            "warmup": false,
            "ok": false,
            "error": "TimeoutError: locator.click: Timeout 2000ms exceeded.\nCall log:\n  - waiting for locator('#target')\n    - locator resolved to <button id=\"target\">Geometry</button>\n  - attempting click action\n    2 \u00d7 waiting for element to be visible, enabled and stable\n      - element is visible, enabled and stable\n      - scrolling into view if needed\n      - done scrolling\n      - <html>\u2026</html> intercepts pointer events\n    - retrying click action\n    - waiting 20ms\n    2 \u00d7 waiting for element to be visible, enabled and stable\n      - element is visible, enabled and stable\n      - scrolling into view if needed\n      - done scrolling\n      - <html>\u2026</html> intercepts pointer events\n    - retrying click action\n      - waiting 100ms\n    4 \u00d7 waiting for element to be visible, enabled and stable\n      - element is visible, enabled and stable\n      - scrolling into view if needed\n      - done scrolling\n      - <html>\u2026</html> intercepts pointer events\n    - retrying click action\n      - waiting 500ms\n",
            "elapsed_ms": 1999.4677620000148
          },
          {
            "pair": 1,
            "case": "rotated_clipped_click",
            "index": 29,
            "warmup": false,
            "ok": false,
            "error": "TimeoutError: locator.click: Timeout 2000ms exceeded.\nCall log:\n  - waiting for locator('#target')\n    - locator resolved to <button id=\"target\">Geometry</button>\n  - attempting click action\n    2 \u00d7 waiting for element to be visible, enabled and stable\n      - element is visible, enabled and stable\n      - scrolling into view if needed\n      - done scrolling\n      - <html>\u2026</html> intercepts pointer events\n    - retrying click action\n    - waiting 20ms\n    2 \u00d7 waiting for element to be visible, enabled and stable\n      - element is visible, enabled and stable\n      - scrolling into view if needed\n      - done scrolling\n      - <html>\u2026</html> intercepts pointer events\n    - retrying click action\n      - waiting 100ms\n    4 \u00d7 waiting for element to be visible, enabled and stable\n      - element is visible, enabled and stable\n      - scrolling into view if needed\n      - done scrolling\n      - <html>\u2026</html> intercepts pointer events\n    - retrying click action\n      - waiting 500ms\n",
            "elapsed_ms": 1999.9606310000236
          },
          {
            "pair": 1,
            "case": "rotated_clipped_click",
            "index": 30,
            "warmup": false,
            "ok": false,
            "error": "TimeoutError: locator.click: Timeout 2000ms exceeded.\nCall log:\n  - waiting for locator('#target')\n    - locator resolved to <button id=\"target\">Geometry</button>\n  - attempting click action\n    2 \u00d7 waiting for element to be visible, enabled and stable\n      - element is visible, enabled and stable\n      - scrolling into view if needed\n      - done scrolling\n      - <html>\u2026</html> intercepts pointer events\n    - retrying click action\n    - waiting 20ms\n    2 \u00d7 waiting for element to be visible, enabled and stable\n      - element is visible, enabled and stable\n      - scrolling into view if needed\n      - done scrolling\n      - <html>\u2026</html> intercepts pointer events\n    - retrying click action\n      - waiting 100ms\n    4 \u00d7 waiting for element to be visible, enabled and stable\n      - element is visible, enabled and stable\n      - scrolling into view if needed\n      - done scrolling\n      - <html>\u2026</html> intercepts pointer events\n    - retrying click action\n      - waiting 500ms\n",
            "elapsed_ms": 1999.371335999982
          },
          {
            "pair": 1,
            "case": "rotated_clipped_click",
            "index": 31,
            "warmup": false,
            "ok": false,
            "error": "Error: operation exceeded 2000ms watchdog",
            "elapsed_ms": 1999.568397999974
          },
          {
            "pair": 1,
            "case": "rotated_clipped_click",
            "index": 32,
            "warmup": false,
            "ok": false,
            "error": "Error: operation exceeded 2000ms watchdog",
            "elapsed_ms": 1999.3113280000107
          },
          {
            "pair": 1,
            "case": "rotated_clipped_click",
            "index": 33,
            "warmup": false,
            "ok": false,
            "error": "Error: operation exceeded 2000ms watchdog",
            "elapsed_ms": 2000.4542099999962
          },
          {
            "pair": 1,
            "case": "rotated_clipped_click",
            "index": 34,
            "warmup": false,
            "ok": false,
            "error": "TimeoutError: locator.click: Timeout 2000ms exceeded.\nCall log:\n  - waiting for locator('#target')\n    - locator resolved to <button id=\"target\">Geometry</button>\n  - attempting click action\n    2 \u00d7 waiting for element to be visible, enabled and stable\n      - element is visible, enabled and stable\n      - scrolling into view if needed\n      - done scrolling\n      - <html>\u2026</html> intercepts pointer events\n    - retrying click action\n    - waiting 20ms\n    2 \u00d7 waiting for element to be visible, enabled and stable\n      - element is visible, enabled and stable\n      - scrolling into view if needed\n      - done scrolling\n      - <html>\u2026</html> intercepts pointer events\n    - retrying click action\n      - waiting 100ms\n    4 \u00d7 waiting for element to be visible, enabled and stable\n      - element is visible, enabled and stable\n      - scrolling into view if needed\n      - done scrolling\n      - <html>\u2026</html> intercepts pointer events\n    - retrying click action\n      - waiting 500ms\n",
            "elapsed_ms": 2000.3115769999858
          },
          {
            "pair": 1,
            "case": "rotated_clipped_click",
            "index": 35,
            "warmup": false,
            "ok": false,
            "error": "TimeoutError: locator.click: Timeout 2000ms exceeded.\nCall log:\n  - waiting for locator('#target')\n    - locator resolved to <button id=\"target\">Geometry</button>\n  - attempting click action\n    2 \u00d7 waiting for element to be visible, enabled and stable\n      - element is visible, enabled and stable\n      - scrolling into view if needed\n      - done scrolling\n      - <html>\u2026</html> intercepts pointer events\n    - retrying click action\n    - waiting 20ms\n    2 \u00d7 waiting for element to be visible, enabled and stable\n      - element is visible, enabled and stable\n      - scrolling into view if needed\n      - done scrolling\n      - <html>\u2026</html> intercepts pointer events\n    - retrying click action\n      - waiting 100ms\n    4 \u00d7 waiting for element to be visible, enabled and stable\n      - element is visible, enabled and stable\n      - scrolling into view if needed\n      - done scrolling\n      - <html>\u2026</html> intercepts pointer events\n    - retrying click action\n      - waiting 500ms\n",
            "elapsed_ms": 2000.0576989999972
          },
          {
            "pair": 1,
            "case": "rotated_clipped_click",
            "index": 36,
            "warmup": false,
            "ok": false,
            "error": "TimeoutError: locator.click: Timeout 2000ms exceeded.\nCall log:\n  - waiting for locator('#target')\n    - locator resolved to <button id=\"target\">Geometry</button>\n  - attempting click action\n    2 \u00d7 waiting for element to be visible, enabled and stable\n      - element is visible, enabled and stable\n      - scrolling into view if needed\n      - done scrolling\n      - <html>\u2026</html> intercepts pointer events\n    - retrying click action\n    - waiting 20ms\n    2 \u00d7 waiting for element to be visible, enabled and stable\n      - element is visible, enabled and stable\n      - scrolling into view if needed\n      - done scrolling\n      - <html>\u2026</html> intercepts pointer events\n    - retrying click action\n      - waiting 100ms\n    4 \u00d7 waiting for element to be visible, enabled and stable\n      - element is visible, enabled and stable\n      - scrolling into view if needed\n      - done scrolling\n      - <html>\u2026</html> intercepts pointer events\n    - retrying click action\n      - waiting 500ms\n",
            "elapsed_ms": 1999.836718000006
          },
          {
            "pair": 1,
            "case": "rotated_clipped_click",
            "index": 37,
            "warmup": false,
            "ok": false,
            "error": "TimeoutError: locator.click: Timeout 2000ms exceeded.\nCall log:\n  - waiting for locator('#target')\n    - locator resolved to <button id=\"target\">Geometry</button>\n  - attempting click action\n    2 \u00d7 waiting for element to be visible, enabled and stable\n      - element is visible, enabled and stable\n      - scrolling into view if needed\n      - done scrolling\n      - <html>\u2026</html> intercepts pointer events\n    - retrying click action\n    - waiting 20ms\n    2 \u00d7 waiting for element to be visible, enabled and stable\n      - element is visible, enabled and stable\n      - scrolling into view if needed\n      - done scrolling\n      - <html>\u2026</html> intercepts pointer events\n    - retrying click action\n      - waiting 100ms\n    4 \u00d7 waiting for element to be visible, enabled and stable\n      - element is visible, enabled and stable\n      - scrolling into view if needed\n      - done scrolling\n      - <html>\u2026</html> intercepts pointer events\n    - retrying click action\n      - waiting 500ms\n",
            "elapsed_ms": 1999.620552999986
          },
          {
            "pair": 1,
            "case": "rotated_clipped_click",
            "index": 38,
            "warmup": false,
            "ok": false,
            "error": "Error: operation exceeded 2000ms watchdog",
            "elapsed_ms": 1999.5307939999911
          },
          {
            "pair": 1,
            "case": "rotated_clipped_click",
            "index": 39,
            "warmup": false,
            "ok": false,
            "error": "Error: operation exceeded 2000ms watchdog",
            "elapsed_ms": 2000.318430000014
          },
          {
            "pair": 1,
            "case": "rotated_clipped_click",
            "index": 40,
            "warmup": false,
            "ok": false,
            "error": "Error: operation exceeded 2000ms watchdog",
            "elapsed_ms": 1999.6855340000184
          },
          {
            "pair": 1,
            "case": "rotated_clipped_click",
            "index": 41,
            "warmup": false,
            "ok": false,
            "error": "Error: operation exceeded 2000ms watchdog",
            "elapsed_ms": 1999.6543109999911
          },
          {
            "pair": 1,
            "case": "rotated_clipped_click",
            "index": 42,
            "warmup": false,
            "ok": false,
            "error": "Error: operation exceeded 2000ms watchdog",
            "elapsed_ms": 1999.7400490000146
          },
          {
            "pair": 1,
            "case": "rotated_clipped_click",
            "index": 43,
            "warmup": false,
            "ok": false,
            "error": "Error: operation exceeded 2000ms watchdog",
            "elapsed_ms": 1999.045436000015
          },
          {
            "pair": 1,
            "case": "rotated_clipped_click",
            "index": 44,
            "warmup": false,
            "ok": false,
            "error": "TimeoutError: locator.click: Timeout 2000ms exceeded.\nCall log:\n  - waiting for locator('#target')\n    - locator resolved to <button id=\"target\">Geometry</button>\n  - attempting click action\n    2 \u00d7 waiting for element to be visible, enabled and stable\n      - element is visible, enabled and stable\n      - scrolling into view if needed\n      - done scrolling\n      - <html>\u2026</html> intercepts pointer events\n    - retrying click action\n    - waiting 20ms\n    2 \u00d7 waiting for element to be visible, enabled and stable\n      - element is visible, enabled and stable\n      - scrolling into view if needed\n      - done scrolling\n      - <html>\u2026</html> intercepts pointer events\n    - retrying click action\n      - waiting 100ms\n    4 \u00d7 waiting for element to be visible, enabled and stable\n      - element is visible, enabled and stable\n      - scrolling into view if needed\n      - done scrolling\n      - <html>\u2026</html> intercepts pointer events\n    - retrying click action\n      - waiting 500ms\n",
            "elapsed_ms": 1999.7527799999807
          },
          {
            "pair": 1,
            "case": "rotated_clipped_click",
            "index": 45,
            "warmup": false,
            "ok": false,
            "error": "Error: operation exceeded 2000ms watchdog",
            "elapsed_ms": 2000.3786870000185
          },
          {
            "pair": 1,
            "case": "rotated_clipped_click",
            "index": 46,
            "warmup": false,
            "ok": false,
            "error": "Error: operation exceeded 2000ms watchdog",
            "elapsed_ms": 1999.9716380000173
          },
          {
            "pair": 1,
            "case": "rotated_clipped_click",
            "index": 47,
            "warmup": false,
            "ok": false,
            "error": "TimeoutError: locator.click: Timeout 2000ms exceeded.\nCall log:\n  - waiting for locator('#target')\n    - locator resolved to <button id=\"target\">Geometry</button>\n  - attempting click action\n    2 \u00d7 waiting for element to be visible, enabled and stable\n      - element is visible, enabled and stable\n      - scrolling into view if needed\n      - done scrolling\n      - <html>\u2026</html> intercepts pointer events\n    - retrying click action\n    - waiting 20ms\n    2 \u00d7 waiting for element to be visible, enabled and stable\n      - element is visible, enabled and stable\n      - scrolling into view if needed\n      - done scrolling\n      - <html>\u2026</html> intercepts pointer events\n    - retrying click action\n      - waiting 100ms\n    4 \u00d7 waiting for element to be visible, enabled and stable\n      - element is visible, enabled and stable\n      - scrolling into view if needed\n      - done scrolling\n      - <html>\u2026</html> intercepts pointer events\n    - retrying click action\n      - waiting 500ms\n",
            "elapsed_ms": 1999.9838320000272
          },
          {
            "pair": 1,
            "case": "rotated_clipped_click",
            "index": 48,
            "warmup": false,
            "ok": false,
            "error": "Error: operation exceeded 2000ms watchdog",
            "elapsed_ms": 1999.7265780000016
          },
          {
            "pair": 1,
            "case": "rotated_clipped_click",
            "index": 49,
            "warmup": false,
            "ok": false,
            "error": "Error: operation exceeded 2000ms watchdog",
            "elapsed_ms": 1999.3952489999938
          },
          {
            "pair": 1,
            "case": "rotated_clipped_click",
            "index": 50,
            "warmup": false,
            "ok": false,
            "error": "Error: operation exceeded 2000ms watchdog",
            "elapsed_ms": 2000.120579999988
          },
          {
            "pair": 1,
            "case": "mock_return",
            "index": 0,
            "warmup": true,
            "ok": false,
            "error": "Error: network postcondition failed: {\"responses\":[[200,\"network\"],[200,\"network\"]],\"nativeFetch\":true,\"nativeXHR\":true}",
            "elapsed_ms": 37.452055000001565
          },
          {
            "pair": 1,
            "case": "mock_return",
            "index": 1,
            "warmup": false,
            "ok": false,
            "error": "Error: network postcondition failed: {\"responses\":[[200,\"network\"],[200,\"network\"]],\"nativeFetch\":true,\"nativeXHR\":true}",
            "elapsed_ms": 42.488681000017095
          },
          {
            "pair": 1,
            "case": "mock_return",
            "index": 2,
            "warmup": false,
            "ok": false,
            "error": "Error: network postcondition failed: {\"responses\":[[200,\"network\"],[200,\"network\"]],\"nativeFetch\":true,\"nativeXHR\":true}",
            "elapsed_ms": 33.2471830000286
          },
          {
            "pair": 1,
            "case": "mock_return",
            "index": 3,
            "warmup": false,
            "ok": false,
            "error": "Error: network postcondition failed: {\"responses\":[[200,\"network\"],[200,\"network\"]],\"nativeFetch\":true,\"nativeXHR\":true}",
            "elapsed_ms": 25.992671000014525
          },
          {
            "pair": 1,
            "case": "mock_return",
            "index": 4,
            "warmup": false,
            "ok": false,
            "error": "Error: network postcondition failed: {\"responses\":[[200,\"network\"],[200,\"network\"]],\"nativeFetch\":true,\"nativeXHR\":true}",
            "elapsed_ms": 26.182376999990083
          },
          {
            "pair": 1,
            "case": "mock_return",
            "index": 5,
            "warmup": false,
            "ok": false,
            "error": "Error: network postcondition failed: {\"responses\":[[200,\"network\"],[200,\"network\"]],\"nativeFetch\":true,\"nativeXHR\":true}",
            "elapsed_ms": 28.896773000014946
          },
          {
            "pair": 1,
            "case": "mock_return",
            "index": 6,
            "warmup": false,
            "ok": false,
            "error": "Error: network postcondition failed: {\"responses\":[[200,\"network\"],[200,\"network\"]],\"nativeFetch\":true,\"nativeXHR\":true}",
            "elapsed_ms": 35.07811300002504
          },
          {
            "pair": 1,
            "case": "mock_return",
            "index": 7,
            "warmup": false,
            "ok": false,
            "error": "Error: network postcondition failed: {\"responses\":[[200,\"network\"],[200,\"network\"]],\"nativeFetch\":true,\"nativeXHR\":true}",
            "elapsed_ms": 26.52778499998385
          },
          {
            "pair": 1,
            "case": "mock_return",
            "index": 8,
            "warmup": false,
            "ok": false,
            "error": "Error: network postcondition failed: {\"responses\":[[200,\"network\"],[200,\"network\"]],\"nativeFetch\":true,\"nativeXHR\":true}",
            "elapsed_ms": 33.371457000030205
          },
          {
            "pair": 1,
            "case": "mock_return",
            "index": 9,
            "warmup": false,
            "ok": false,
            "error": "Error: network postcondition failed: {\"responses\":[[200,\"network\"],[200,\"network\"]],\"nativeFetch\":true,\"nativeXHR\":true}",
            "elapsed_ms": 25.931408000004012
          },
          {
            "pair": 1,
            "case": "mock_return",
            "index": 10,
            "warmup": false,
            "ok": false,
            "error": "Error: network postcondition failed: {\"responses\":[[200,\"network\"],[200,\"network\"]],\"nativeFetch\":true,\"nativeXHR\":true}",
            "elapsed_ms": 26.978922999987844
          },
          {
            "pair": 1,
            "case": "mock_return",
            "index": 11,
            "warmup": false,
            "ok": false,
            "error": "Error: network postcondition failed: {\"responses\":[[200,\"network\"],[200,\"network\"]],\"nativeFetch\":true,\"nativeXHR\":true}",
            "elapsed_ms": 27.254761999996845
          },
          {
            "pair": 1,
            "case": "mock_return",
            "index": 12,
            "warmup": false,
            "ok": false,
            "error": "Error: network postcondition failed: {\"responses\":[[200,\"network\"],[200,\"network\"]],\"nativeFetch\":true,\"nativeXHR\":true}",
            "elapsed_ms": 26.780704000033438
          },
          {
            "pair": 1,
            "case": "mock_return",
            "index": 13,
            "warmup": false,
            "ok": false,
            "error": "Error: network postcondition failed: {\"responses\":[[200,\"network\"],[200,\"network\"]],\"nativeFetch\":true,\"nativeXHR\":true}",
            "elapsed_ms": 45.461699999985285
          },
          {
            "pair": 1,
            "case": "mock_return",
            "index": 14,
            "warmup": false,
            "ok": false,
            "error": "Error: network postcondition failed: {\"responses\":[[200,\"network\"],[200,\"network\"]],\"nativeFetch\":true,\"nativeXHR\":true}",
            "elapsed_ms": 26.552911999984644
          },
          {
            "pair": 1,
            "case": "mock_return",
            "index": 15,
            "warmup": false,
            "ok": false,
            "error": "Error: network postcondition failed: {\"responses\":[[200,\"network\"],[200,\"network\"]],\"nativeFetch\":true,\"nativeXHR\":true}",
            "elapsed_ms": 27.25930699997116
          },
          {
            "pair": 1,
            "case": "mock_return",
            "index": 16,
            "warmup": false,
            "ok": false,
            "error": "Error: network postcondition failed: {\"responses\":[[200,\"network\"],[200,\"network\"]],\"nativeFetch\":true,\"nativeXHR\":true}",
            "elapsed_ms": 31.761713000014424
          },
          {
            "pair": 1,
            "case": "mock_return",
            "index": 17,
            "warmup": false,
            "ok": false,
            "error": "Error: network postcondition failed: {\"responses\":[[200,\"network\"],[200,\"network\"]],\"nativeFetch\":true,\"nativeXHR\":true}",
            "elapsed_ms": 26.9077249999973
          },
          {
            "pair": 1,
            "case": "mock_return",
            "index": 18,
            "warmup": false,
            "ok": false,
            "error": "Error: network postcondition failed: {\"responses\":[[200,\"network\"],[200,\"network\"]],\"nativeFetch\":true,\"nativeXHR\":true}",
            "elapsed_ms": 27.228130000003148
          },
          {
            "pair": 1,
            "case": "mock_return",
            "index": 19,
            "warmup": false,
            "ok": false,
            "error": "Error: network postcondition failed: {\"responses\":[[200,\"network\"],[200,\"network\"]],\"nativeFetch\":true,\"nativeXHR\":true}",
            "elapsed_ms": 44.62642000004416
          },
          {
            "pair": 1,
            "case": "mock_return",
            "index": 20,
            "warmup": false,
            "ok": false,
            "error": "Error: network postcondition failed: {\"responses\":[[200,\"network\"],[200,\"network\"]],\"nativeFetch\":true,\"nativeXHR\":true}",
            "elapsed_ms": 27.286068000015803
          },
          {
            "pair": 1,
            "case": "mock_return",
            "index": 21,
            "warmup": false,
            "ok": false,
            "error": "Error: network postcondition failed: {\"responses\":[[200,\"network\"],[200,\"network\"]],\"nativeFetch\":true,\"nativeXHR\":true}",
            "elapsed_ms": 26.95887000003131
          },
          {
            "pair": 1,
            "case": "mock_return",
            "index": 22,
            "warmup": false,
            "ok": false,
            "error": "Error: network postcondition failed: {\"responses\":[[200,\"network\"],[200,\"network\"]],\"nativeFetch\":true,\"nativeXHR\":true}",
            "elapsed_ms": 27.26542700000573
          },
          {
            "pair": 1,
            "case": "mock_return",
            "index": 23,
            "warmup": false,
            "ok": false,
            "error": "Error: network postcondition failed: {\"responses\":[[200,\"network\"],[200,\"network\"]],\"nativeFetch\":true,\"nativeXHR\":true}",
            "elapsed_ms": 28.09045800002059
          },
          {
            "pair": 1,
            "case": "mock_return",
            "index": 24,
            "warmup": false,
            "ok": false,
            "error": "Error: network postcondition failed: {\"responses\":[[200,\"network\"],[200,\"network\"]],\"nativeFetch\":true,\"nativeXHR\":true}",
            "elapsed_ms": 26.795728000055533
          },
          {
            "pair": 1,
            "case": "mock_return",
            "index": 25,
            "warmup": false,
            "ok": false,
            "error": "Error: network postcondition failed: {\"responses\":[[200,\"network\"],[200,\"network\"]],\"nativeFetch\":true,\"nativeXHR\":true}",
            "elapsed_ms": 27.43513300002087
          },
          {
            "pair": 1,
            "case": "mock_return",
            "index": 26,
            "warmup": false,
            "ok": false,
            "error": "Error: network postcondition failed: {\"responses\":[[200,\"network\"],[200,\"network\"]],\"nativeFetch\":true,\"nativeXHR\":true}",
            "elapsed_ms": 50.22502200002782
          },
          {
            "pair": 1,
            "case": "mock_return",
            "index": 27,
            "warmup": false,
            "ok": false,
            "error": "Error: network postcondition failed: {\"responses\":[[200,\"network\"],[200,\"network\"]],\"nativeFetch\":true,\"nativeXHR\":true}",
            "elapsed_ms": 27.63666600000579
          },
          {
            "pair": 1,
            "case": "mock_return",
            "index": 28,
            "warmup": false,
            "ok": false,
            "error": "Error: network postcondition failed: {\"responses\":[[200,\"network\"],[200,\"network\"]],\"nativeFetch\":true,\"nativeXHR\":true}",
            "elapsed_ms": 26.389188000001013
          },
          {
            "pair": 1,
            "case": "mock_return",
            "index": 29,
            "warmup": false,
            "ok": false,
            "error": "Error: network postcondition failed: {\"responses\":[[200,\"network\"],[200,\"network\"]],\"nativeFetch\":true,\"nativeXHR\":true}",
            "elapsed_ms": 29.012083999987226
          },
          {
            "pair": 1,
            "case": "mock_return",
            "index": 30,
            "warmup": false,
            "ok": false,
            "error": "Error: network postcondition failed: {\"responses\":[[200,\"network\"],[200,\"network\"]],\"nativeFetch\":true,\"nativeXHR\":true}",
            "elapsed_ms": 24.747827999992296
          },
          {
            "pair": 1,
            "case": "mock_return",
            "index": 31,
            "warmup": false,
            "ok": false,
            "error": "Error: network postcondition failed: {\"responses\":[[200,\"network\"],[200,\"network\"]],\"nativeFetch\":true,\"nativeXHR\":true}",
            "elapsed_ms": 48.788902000000235
          },
          {
            "pair": 1,
            "case": "mock_return",
            "index": 32,
            "warmup": false,
            "ok": false,
            "error": "Error: network postcondition failed: {\"responses\":[[200,\"network\"],[200,\"network\"]],\"nativeFetch\":true,\"nativeXHR\":true}",
            "elapsed_ms": 37.06596500001615
          },
          {
            "pair": 1,
            "case": "mock_return",
            "index": 33,
            "warmup": false,
            "ok": false,
            "error": "Error: network postcondition failed: {\"responses\":[[200,\"network\"],[200,\"network\"]],\"nativeFetch\":true,\"nativeXHR\":true}",
            "elapsed_ms": 26.920839999977034
          },
          {
            "pair": 1,
            "case": "mock_return",
            "index": 34,
            "warmup": false,
            "ok": false,
            "error": "Error: network postcondition failed: {\"responses\":[[200,\"network\"],[200,\"network\"]],\"nativeFetch\":true,\"nativeXHR\":true}",
            "elapsed_ms": 26.928412000008393
          },
          {
            "pair": 1,
            "case": "mock_return",
            "index": 35,
            "warmup": false,
            "ok": false,
            "error": "Error: network postcondition failed: {\"responses\":[[200,\"network\"],[200,\"network\"]],\"nativeFetch\":true,\"nativeXHR\":true}",
            "elapsed_ms": 46.90989300003275
          },
          {
            "pair": 1,
            "case": "mock_return",
            "index": 36,
            "warmup": false,
            "ok": false,
            "error": "Error: network postcondition failed: {\"responses\":[[200,\"network\"],[200,\"network\"]],\"nativeFetch\":true,\"nativeXHR\":true}",
            "elapsed_ms": 26.12186999997357
          },
          {
            "pair": 1,
            "case": "mock_return",
            "index": 37,
            "warmup": false,
            "ok": false,
            "error": "Error: network postcondition failed: {\"responses\":[[200,\"network\"],[200,\"network\"]],\"nativeFetch\":true,\"nativeXHR\":true}",
            "elapsed_ms": 27.336805999977514
          },
          {
            "pair": 1,
            "case": "mock_return",
            "index": 38,
            "warmup": false,
            "ok": false,
            "error": "Error: network postcondition failed: {\"responses\":[[200,\"network\"],[200,\"network\"]],\"nativeFetch\":true,\"nativeXHR\":true}",
            "elapsed_ms": 29.2808790000272
          },
          {
            "pair": 1,
            "case": "mock_return",
            "index": 39,
            "warmup": false,
            "ok": false,
            "error": "Error: network postcondition failed: {\"responses\":[[200,\"network\"],[200,\"network\"]],\"nativeFetch\":true,\"nativeXHR\":true}",
            "elapsed_ms": 30.03274599998258
          },
          {
            "pair": 1,
            "case": "mock_return",
            "index": 40,
            "warmup": false,
            "ok": false,
            "error": "Error: network postcondition failed: {\"responses\":[[200,\"network\"],[200,\"network\"]],\"nativeFetch\":true,\"nativeXHR\":true}",
            "elapsed_ms": 45.57611500000348
          },
          {
            "pair": 1,
            "case": "mock_return",
            "index": 41,
            "warmup": false,
            "ok": false,
            "error": "Error: network postcondition failed: {\"responses\":[[200,\"network\"],[200,\"network\"]],\"nativeFetch\":true,\"nativeXHR\":true}",
            "elapsed_ms": 47.884858000034
          },
          {
            "pair": 1,
            "case": "mock_return",
            "index": 42,
            "warmup": false,
            "ok": false,
            "error": "Error: network postcondition failed: {\"responses\":[[200,\"network\"],[200,\"network\"]],\"nativeFetch\":true,\"nativeXHR\":true}",
            "elapsed_ms": 33.08428900002036
          },
          {
            "pair": 1,
            "case": "mock_return",
            "index": 43,
            "warmup": false,
            "ok": false,
            "error": "Error: network postcondition failed: {\"responses\":[[200,\"network\"],[200,\"network\"]],\"nativeFetch\":true,\"nativeXHR\":true}",
            "elapsed_ms": 27.837951000023168
          },
          {
            "pair": 1,
            "case": "mock_return",
            "index": 44,
            "warmup": false,
            "ok": false,
            "error": "Error: network postcondition failed: {\"responses\":[[200,\"network\"],[200,\"network\"]],\"nativeFetch\":true,\"nativeXHR\":true}",
            "elapsed_ms": 28.75981999997748
          },
          {
            "pair": 1,
            "case": "mock_return",
            "index": 45,
            "warmup": false,
            "ok": false,
            "error": "Error: network postcondition failed: {\"responses\":[[200,\"network\"],[200,\"network\"]],\"nativeFetch\":true,\"nativeXHR\":true}",
            "elapsed_ms": 43.23637100000633
          },
          {
            "pair": 1,
            "case": "mock_return",
            "index": 46,
            "warmup": false,
            "ok": false,
            "error": "Error: network postcondition failed: {\"responses\":[[200,\"network\"],[200,\"network\"]],\"nativeFetch\":true,\"nativeXHR\":true}",
            "elapsed_ms": 31.334913999948185
          },
          {
            "pair": 1,
            "case": "mock_return",
            "index": 47,
            "warmup": false,
            "ok": false,
            "error": "Error: network postcondition failed: {\"responses\":[[200,\"network\"],[200,\"network\"]],\"nativeFetch\":true,\"nativeXHR\":true}",
            "elapsed_ms": 29.10643899999559
          },
          {
            "pair": 1,
            "case": "mock_return",
            "index": 48,
            "warmup": false,
            "ok": false,
            "error": "Error: network postcondition failed: {\"responses\":[[200,\"network\"],[200,\"network\"]],\"nativeFetch\":true,\"nativeXHR\":true}",
            "elapsed_ms": 26.567855999979656
          },
          {
            "pair": 1,
            "case": "mock_return",
            "index": 49,
            "warmup": false,
            "ok": false,
            "error": "Error: network postcondition failed: {\"responses\":[[200,\"network\"],[200,\"network\"]],\"nativeFetch\":true,\"nativeXHR\":true}",
            "elapsed_ms": 28.255142999987584
          },
          {
            "pair": 1,
            "case": "mock_return",
            "index": 50,
            "warmup": false,
            "ok": false,
            "error": "Error: network postcondition failed: {\"responses\":[[200,\"network\"],[200,\"network\"]],\"nativeFetch\":true,\"nativeXHR\":true}",
            "elapsed_ms": 38.127831000019796
          },
          {
            "pair": 2,
            "case": "rotated_clipped_click",
            "index": 0,
            "warmup": true,
            "ok": false,
            "error": "Error: operation exceeded 2000ms watchdog",
            "elapsed_ms": 1999.8749959999986
          },
          {
            "pair": 2,
            "case": "rotated_clipped_click",
            "index": 1,
            "warmup": false,
            "ok": false,
            "error": "Error: operation exceeded 2000ms watchdog",
            "elapsed_ms": 2000.6849199999997
          },
          {
            "pair": 2,
            "case": "rotated_clipped_click",
            "index": 2,
            "warmup": false,
            "ok": false,
            "error": "TimeoutError: locator.click: Timeout 2000ms exceeded.\nCall log:\n  - waiting for locator('#target')\n    - locator resolved to <button id=\"target\">Geometry</button>\n  - attempting click action\n    2 \u00d7 waiting for element to be visible, enabled and stable\n      - element is visible, enabled and stable\n      - scrolling into view if needed\n      - done scrolling\n      - <html>\u2026</html> intercepts pointer events\n    - retrying click action\n    - waiting 20ms\n    2 \u00d7 waiting for element to be visible, enabled and stable\n      - element is visible, enabled and stable\n      - scrolling into view if needed\n      - done scrolling\n      - <html>\u2026</html> intercepts pointer events\n    - retrying click action\n      - waiting 100ms\n    4 \u00d7 waiting for element to be visible, enabled and stable\n      - element is visible, enabled and stable\n      - scrolling into view if needed\n      - done scrolling\n      - <html>\u2026</html> intercepts pointer events\n    - retrying click action\n      - waiting 500ms\n",
            "elapsed_ms": 2001.3338889999723
          },
          {
            "pair": 2,
            "case": "rotated_clipped_click",
            "index": 3,
            "warmup": false,
            "ok": false,
            "error": "Error: operation exceeded 2000ms watchdog",
            "elapsed_ms": 1999.4751319999923
          },
          {
            "pair": 2,
            "case": "rotated_clipped_click",
            "index": 4,
            "warmup": false,
            "ok": false,
            "error": "TimeoutError: locator.click: Timeout 2000ms exceeded.\nCall log:\n  - waiting for locator('#target')\n    - locator resolved to <button id=\"target\">Geometry</button>\n  - attempting click action\n    2 \u00d7 waiting for element to be visible, enabled and stable\n      - element is visible, enabled and stable\n      - scrolling into view if needed\n      - done scrolling\n      - <html>\u2026</html> intercepts pointer events\n    - retrying click action\n    - waiting 20ms\n    2 \u00d7 waiting for element to be visible, enabled and stable\n      - element is visible, enabled and stable\n      - scrolling into view if needed\n      - done scrolling\n      - <html>\u2026</html> intercepts pointer events\n    - retrying click action\n      - waiting 100ms\n    4 \u00d7 waiting for element to be visible, enabled and stable\n      - element is visible, enabled and stable\n      - scrolling into view if needed\n      - done scrolling\n      - <html>\u2026</html> intercepts pointer events\n    - retrying click action\n      - waiting 500ms\n",
            "elapsed_ms": 1999.6057170000277
          },
          {
            "pair": 2,
            "case": "rotated_clipped_click",
            "index": 5,
            "warmup": false,
            "ok": false,
            "error": "Error: operation exceeded 2000ms watchdog",
            "elapsed_ms": 2000.159553000005
          },
          {
            "pair": 2,
            "case": "rotated_clipped_click",
            "index": 6,
            "warmup": false,
            "ok": false,
            "error": "Error: operation exceeded 2000ms watchdog",
            "elapsed_ms": 1999.6438049999997
          },
          {
            "pair": 2,
            "case": "rotated_clipped_click",
            "index": 7,
            "warmup": false,
            "ok": false,
            "error": "TimeoutError: locator.click: Timeout 2000ms exceeded.\nCall log:\n  - waiting for locator('#target')\n    - locator resolved to <button id=\"target\">Geometry</button>\n  - attempting click action\n    2 \u00d7 waiting for element to be visible, enabled and stable\n      - element is visible, enabled and stable\n      - scrolling into view if needed\n      - done scrolling\n      - <html>\u2026</html> intercepts pointer events\n    - retrying click action\n    - waiting 20ms\n    2 \u00d7 waiting for element to be visible, enabled and stable\n      - element is visible, enabled and stable\n      - scrolling into view if needed\n      - done scrolling\n      - <html>\u2026</html> intercepts pointer events\n    - retrying click action\n      - waiting 100ms\n    4 \u00d7 waiting for element to be visible, enabled and stable\n      - element is visible, enabled and stable\n      - scrolling into view if needed\n      - done scrolling\n      - <html>\u2026</html> intercepts pointer events\n    - retrying click action\n      - waiting 500ms\n",
            "elapsed_ms": 2000.4141850000015
          },
          {
            "pair": 2,
            "case": "rotated_clipped_click",
            "index": 8,
            "warmup": false,
            "ok": false,
            "error": "Error: operation exceeded 2000ms watchdog",
            "elapsed_ms": 2000.0729390000051
          },
          {
            "pair": 2,
            "case": "rotated_clipped_click",
            "index": 9,
            "warmup": false,
            "ok": false,
            "error": "TimeoutError: locator.click: Timeout 2000ms exceeded.\nCall log:\n  - waiting for locator('#target')\n    - locator resolved to <button id=\"target\">Geometry</button>\n  - attempting click action\n    2 \u00d7 waiting for element to be visible, enabled and stable\n      - element is visible, enabled and stable\n      - scrolling into view if needed\n      - done scrolling\n      - <html>\u2026</html> intercepts pointer events\n    - retrying click action\n    - waiting 20ms\n    2 \u00d7 waiting for element to be visible, enabled and stable\n      - element is visible, enabled and stable\n      - scrolling into view if needed\n      - done scrolling\n      - <html>\u2026</html> intercepts pointer events\n    - retrying click action\n      - waiting 100ms\n    4 \u00d7 waiting for element to be visible, enabled and stable\n      - element is visible, enabled and stable\n      - scrolling into view if needed\n      - done scrolling\n      - <html>\u2026</html> intercepts pointer events\n    - retrying click action\n      - waiting 500ms\n",
            "elapsed_ms": 2000.0793199999898
          },
          {
            "pair": 2,
            "case": "rotated_clipped_click",
            "index": 10,
            "warmup": false,
            "ok": false,
            "error": "TimeoutError: locator.click: Timeout 2000ms exceeded.\nCall log:\n  - waiting for locator('#target')\n    - locator resolved to <button id=\"target\">Geometry</button>\n  - attempting click action\n    2 \u00d7 waiting for element to be visible, enabled and stable\n      - element is visible, enabled and stable\n      - scrolling into view if needed\n      - done scrolling\n      - <html>\u2026</html> intercepts pointer events\n    - retrying click action\n    - waiting 20ms\n    2 \u00d7 waiting for element to be visible, enabled and stable\n      - element is visible, enabled and stable\n      - scrolling into view if needed\n      - done scrolling\n      - <html>\u2026</html> intercepts pointer events\n    - retrying click action\n      - waiting 100ms\n    4 \u00d7 waiting for element to be visible, enabled and stable\n      - element is visible, enabled and stable\n      - scrolling into view if needed\n      - done scrolling\n      - <html>\u2026</html> intercepts pointer events\n    - retrying click action\n      - waiting 500ms\n",
            "elapsed_ms": 1999.70676500001
          },
          {
            "pair": 2,
            "case": "rotated_clipped_click",
            "index": 11,
            "warmup": false,
            "ok": false,
            "error": "Error: operation exceeded 2000ms watchdog",
            "elapsed_ms": 1999.8006340000138
          },
          {
            "pair": 2,
            "case": "rotated_clipped_click",
            "index": 12,
            "warmup": false,
            "ok": false,
            "error": "TimeoutError: locator.click: Timeout 2000ms exceeded.\nCall log:\n  - waiting for locator('#target')\n    - locator resolved to <button id=\"target\">Geometry</button>\n  - attempting click action\n    2 \u00d7 waiting for element to be visible, enabled and stable\n      - element is visible, enabled and stable\n      - scrolling into view if needed\n      - done scrolling\n      - <html>\u2026</html> intercepts pointer events\n    - retrying click action\n    - waiting 20ms\n    2 \u00d7 waiting for element to be visible, enabled and stable\n      - element is visible, enabled and stable\n      - scrolling into view if needed\n      - done scrolling\n      - <html>\u2026</html> intercepts pointer events\n    - retrying click action\n      - waiting 100ms\n    4 \u00d7 waiting for element to be visible, enabled and stable\n      - element is visible, enabled and stable\n      - scrolling into view if needed\n      - done scrolling\n      - <html>\u2026</html> intercepts pointer events\n    - retrying click action\n      - waiting 500ms\n",
            "elapsed_ms": 2000.8152459999837
          },
          {
            "pair": 2,
            "case": "rotated_clipped_click",
            "index": 13,
            "warmup": false,
            "ok": false,
            "error": "Error: operation exceeded 2000ms watchdog",
            "elapsed_ms": 2000.1474309999903
          },
          {
            "pair": 2,
            "case": "rotated_clipped_click",
            "index": 14,
            "warmup": false,
            "ok": false,
            "error": "Error: operation exceeded 2000ms watchdog",
            "elapsed_ms": 2000.0275619999738
          },
          {
            "pair": 2,
            "case": "rotated_clipped_click",
            "index": 15,
            "warmup": false,
            "ok": false,
            "error": "Error: operation exceeded 2000ms watchdog",
            "elapsed_ms": 2000.4256159999932
          },
          {
            "pair": 2,
            "case": "rotated_clipped_click",
            "index": 16,
            "warmup": false,
            "ok": false,
            "error": "TimeoutError: locator.click: Timeout 2000ms exceeded.\nCall log:\n  - waiting for locator('#target')\n    - locator resolved to <button id=\"target\">Geometry</button>\n  - attempting click action\n    2 \u00d7 waiting for element to be visible, enabled and stable\n      - element is visible, enabled and stable\n      - scrolling into view if needed\n      - done scrolling\n      - <html>\u2026</html> intercepts pointer events\n    - retrying click action\n    - waiting 20ms\n    2 \u00d7 waiting for element to be visible, enabled and stable\n      - element is visible, enabled and stable\n      - scrolling into view if needed\n      - done scrolling\n      - <html>\u2026</html> intercepts pointer events\n    - retrying click action\n      - waiting 100ms\n    4 \u00d7 waiting for element to be visible, enabled and stable\n      - element is visible, enabled and stable\n      - scrolling into view if needed\n      - done scrolling\n      - <html>\u2026</html> intercepts pointer events\n    - retrying click action\n      - waiting 500ms\n",
            "elapsed_ms": 1999.4232869999832
          },
          {
            "pair": 2,
            "case": "rotated_clipped_click",
            "index": 17,
            "warmup": false,
            "ok": false,
            "error": "Error: operation exceeded 2000ms watchdog",
            "elapsed_ms": 2000.4980529999884
          },
          {
            "pair": 2,
            "case": "rotated_clipped_click",
            "index": 18,
            "warmup": false,
            "ok": false,
            "error": "Error: operation exceeded 2000ms watchdog",
            "elapsed_ms": 2000.5564799999993
          },
          {
            "pair": 2,
            "case": "rotated_clipped_click",
            "index": 19,
            "warmup": false,
            "ok": false,
            "error": "TimeoutError: locator.click: Timeout 2000ms exceeded.\nCall log:\n  - waiting for locator('#target')\n    - locator resolved to <button id=\"target\">Geometry</button>\n  - attempting click action\n    2 \u00d7 waiting for element to be visible, enabled and stable\n      - element is visible, enabled and stable\n      - scrolling into view if needed\n      - done scrolling\n      - <html>\u2026</html> intercepts pointer events\n    - retrying click action\n    - waiting 20ms\n    2 \u00d7 waiting for element to be visible, enabled and stable\n      - element is visible, enabled and stable\n      - scrolling into view if needed\n      - done scrolling\n      - <html>\u2026</html> intercepts pointer events\n    - retrying click action\n      - waiting 100ms\n    4 \u00d7 waiting for element to be visible, enabled and stable\n      - element is visible, enabled and stable\n      - scrolling into view if needed\n      - done scrolling\n      - <html>\u2026</html> intercepts pointer events\n    - retrying click action\n      - waiting 500ms\n",
            "elapsed_ms": 1999.9806640000024
          },
          {
            "pair": 2,
            "case": "rotated_clipped_click",
            "index": 20,
            "warmup": false,
            "ok": false,
            "error": "TimeoutError: locator.click: Timeout 2000ms exceeded.\nCall log:\n  - waiting for locator('#target')\n    - locator resolved to <button id=\"target\">Geometry</button>\n  - attempting click action\n    2 \u00d7 waiting for element to be visible, enabled and stable\n      - element is visible, enabled and stable\n      - scrolling into view if needed\n      - done scrolling\n      - <html>\u2026</html> intercepts pointer events\n    - retrying click action\n    - waiting 20ms\n    2 \u00d7 waiting for element to be visible, enabled and stable\n      - element is visible, enabled and stable\n      - scrolling into view if needed\n      - done scrolling\n      - <html>\u2026</html> intercepts pointer events\n    - retrying click action\n      - waiting 100ms\n    4 \u00d7 waiting for element to be visible, enabled and stable\n      - element is visible, enabled and stable\n      - scrolling into view if needed\n      - done scrolling\n      - <html>\u2026</html> intercepts pointer events\n    - retrying click action\n      - waiting 500ms\n",
            "elapsed_ms": 2000.264503000013
          },
          {
            "pair": 2,
            "case": "rotated_clipped_click",
            "index": 21,
            "warmup": false,
            "ok": false,
            "error": "TimeoutError: locator.click: Timeout 2000ms exceeded.\nCall log:\n  - waiting for locator('#target')\n    - locator resolved to <button id=\"target\">Geometry</button>\n  - attempting click action\n    2 \u00d7 waiting for element to be visible, enabled and stable\n      - element is visible, enabled and stable\n      - scrolling into view if needed\n      - done scrolling\n      - <html>\u2026</html> intercepts pointer events\n    - retrying click action\n    - waiting 20ms\n    2 \u00d7 waiting for element to be visible, enabled and stable\n      - element is visible, enabled and stable\n      - scrolling into view if needed\n      - done scrolling\n      - <html>\u2026</html> intercepts pointer events\n    - retrying click action\n      - waiting 100ms\n    4 \u00d7 waiting for element to be visible, enabled and stable\n      - element is visible, enabled and stable\n      - scrolling into view if needed\n      - done scrolling\n      - <html>\u2026</html> intercepts pointer events\n    - retrying click action\n      - waiting 500ms\n",
            "elapsed_ms": 2000.0327989999787
          },
          {
            "pair": 2,
            "case": "rotated_clipped_click",
            "index": 22,
            "warmup": false,
            "ok": false,
            "error": "Error: operation exceeded 2000ms watchdog",
            "elapsed_ms": 1999.8443909999914
          },
          {
            "pair": 2,
            "case": "rotated_clipped_click",
            "index": 23,
            "warmup": false,
            "ok": false,
            "error": "Error: operation exceeded 2000ms watchdog",
            "elapsed_ms": 2000.3635199999844
          },
          {
            "pair": 2,
            "case": "rotated_clipped_click",
            "index": 24,
            "warmup": false,
            "ok": false,
            "error": "Error: operation exceeded 2000ms watchdog",
            "elapsed_ms": 2000.5712289999938
          },
          {
            "pair": 2,
            "case": "rotated_clipped_click",
            "index": 25,
            "warmup": false,
            "ok": false,
            "error": "Error: operation exceeded 2000ms watchdog",
            "elapsed_ms": 2000.189744000003
          },
          {
            "pair": 2,
            "case": "rotated_clipped_click",
            "index": 26,
            "warmup": false,
            "ok": false,
            "error": "Error: operation exceeded 2000ms watchdog",
            "elapsed_ms": 2000.8100239999767
          },
          {
            "pair": 2,
            "case": "rotated_clipped_click",
            "index": 27,
            "warmup": false,
            "ok": false,
            "error": "Error: operation exceeded 2000ms watchdog",
            "elapsed_ms": 2000.3835800000234
          },
          {
            "pair": 2,
            "case": "rotated_clipped_click",
            "index": 28,
            "warmup": false,
            "ok": false,
            "error": "Error: operation exceeded 2000ms watchdog",
            "elapsed_ms": 1999.804512999981
          },
          {
            "pair": 2,
            "case": "rotated_clipped_click",
            "index": 29,
            "warmup": false,
            "ok": false,
            "error": "Error: operation exceeded 2000ms watchdog",
            "elapsed_ms": 2000.820906000008
          },
          {
            "pair": 2,
            "case": "rotated_clipped_click",
            "index": 30,
            "warmup": false,
            "ok": false,
            "error": "TimeoutError: locator.click: Timeout 2000ms exceeded.\nCall log:\n  - waiting for locator('#target')\n    - locator resolved to <button id=\"target\">Geometry</button>\n  - attempting click action\n    2 \u00d7 waiting for element to be visible, enabled and stable\n      - element is visible, enabled and stable\n      - scrolling into view if needed\n      - done scrolling\n      - <html>\u2026</html> intercepts pointer events\n    - retrying click action\n    - waiting 20ms\n    2 \u00d7 waiting for element to be visible, enabled and stable\n      - element is visible, enabled and stable\n      - scrolling into view if needed\n      - done scrolling\n      - <html>\u2026</html> intercepts pointer events\n    - retrying click action\n      - waiting 100ms\n    4 \u00d7 waiting for element to be visible, enabled and stable\n      - element is visible, enabled and stable\n      - scrolling into view if needed\n      - done scrolling\n      - <html>\u2026</html> intercepts pointer events\n    - retrying click action\n      - waiting 500ms\n",
            "elapsed_ms": 1999.81192800001
          },
          {
            "pair": 2,
            "case": "rotated_clipped_click",
            "index": 31,
            "warmup": false,
            "ok": false,
            "error": "TimeoutError: locator.click: Timeout 2000ms exceeded.\nCall log:\n  - waiting for locator('#target')\n    - locator resolved to <button id=\"target\">Geometry</button>\n  - attempting click action\n    2 \u00d7 waiting for element to be visible, enabled and stable\n      - element is visible, enabled and stable\n      - scrolling into view if needed\n      - done scrolling\n      - <html>\u2026</html> intercepts pointer events\n    - retrying click action\n    - waiting 20ms\n    2 \u00d7 waiting for element to be visible, enabled and stable\n      - element is visible, enabled and stable\n      - scrolling into view if needed\n      - done scrolling\n      - <html>\u2026</html> intercepts pointer events\n    - retrying click action\n      - waiting 100ms\n    4 \u00d7 waiting for element to be visible, enabled and stable\n      - element is visible, enabled and stable\n      - scrolling into view if needed\n      - done scrolling\n      - <html>\u2026</html> intercepts pointer events\n    - retrying click action\n      - waiting 500ms\n",
            "elapsed_ms": 2000.2649990000064
          },
          {
            "pair": 2,
            "case": "rotated_clipped_click",
            "index": 32,
            "warmup": false,
            "ok": false,
            "error": "Error: operation exceeded 2000ms watchdog",
            "elapsed_ms": 2000.670301999984
          },
          {
            "pair": 2,
            "case": "rotated_clipped_click",
            "index": 33,
            "warmup": false,
            "ok": false,
            "error": "TimeoutError: locator.click: Timeout 2000ms exceeded.\nCall log:\n  - waiting for locator('#target')\n    - locator resolved to <button id=\"target\">Geometry</button>\n  - attempting click action\n    2 \u00d7 waiting for element to be visible, enabled and stable\n      - element is visible, enabled and stable\n      - scrolling into view if needed\n      - done scrolling\n      - <html>\u2026</html> intercepts pointer events\n    - retrying click action\n    - waiting 20ms\n    2 \u00d7 waiting for element to be visible, enabled and stable\n      - element is visible, enabled and stable\n      - scrolling into view if needed\n      - done scrolling\n      - <html>\u2026</html> intercepts pointer events\n    - retrying click action\n      - waiting 100ms\n    4 \u00d7 waiting for element to be visible, enabled and stable\n      - element is visible, enabled and stable\n      - scrolling into view if needed\n      - done scrolling\n      - <html>\u2026</html> intercepts pointer events\n    - retrying click action\n      - waiting 500ms\n",
            "elapsed_ms": 2000.6762810000218
          },
          {
            "pair": 2,
            "case": "rotated_clipped_click",
            "index": 34,
            "warmup": false,
            "ok": false,
            "error": "Error: operation exceeded 2000ms watchdog",
            "elapsed_ms": 2000.2411509999947
          },
          {
            "pair": 2,
            "case": "rotated_clipped_click",
            "index": 35,
            "warmup": false,
            "ok": false,
            "error": "TimeoutError: locator.click: Timeout 2000ms exceeded.\nCall log:\n  - waiting for locator('#target')\n    - locator resolved to <button id=\"target\">Geometry</button>\n  - attempting click action\n    2 \u00d7 waiting for element to be visible, enabled and stable\n      - element is visible, enabled and stable\n      - scrolling into view if needed\n      - done scrolling\n      - <html>\u2026</html> intercepts pointer events\n    - retrying click action\n    - waiting 20ms\n    2 \u00d7 waiting for element to be visible, enabled and stable\n      - element is visible, enabled and stable\n      - scrolling into view if needed\n      - done scrolling\n      - <html>\u2026</html> intercepts pointer events\n    - retrying click action\n      - waiting 100ms\n    4 \u00d7 waiting for element to be visible, enabled and stable\n      - element is visible, enabled and stable\n      - scrolling into view if needed\n      - done scrolling\n      - <html>\u2026</html> intercepts pointer events\n    - retrying click action\n      - waiting 500ms\n",
            "elapsed_ms": 2000.7538890000142
          },
          {
            "pair": 2,
            "case": "rotated_clipped_click",
            "index": 36,
            "warmup": false,
            "ok": false,
            "error": "TimeoutError: locator.click: Timeout 2000ms exceeded.\nCall log:\n  - waiting for locator('#target')\n    - locator resolved to <button id=\"target\">Geometry</button>\n  - attempting click action\n    2 \u00d7 waiting for element to be visible, enabled and stable\n      - element is visible, enabled and stable\n      - scrolling into view if needed\n      - done scrolling\n      - <html>\u2026</html> intercepts pointer events\n    - retrying click action\n    - waiting 20ms\n    2 \u00d7 waiting for element to be visible, enabled and stable\n      - element is visible, enabled and stable\n      - scrolling into view if needed\n      - done scrolling\n      - <html>\u2026</html> intercepts pointer events\n    - retrying click action\n      - waiting 100ms\n    4 \u00d7 waiting for element to be visible, enabled and stable\n      - element is visible, enabled and stable\n      - scrolling into view if needed\n      - done scrolling\n      - <html>\u2026</html> intercepts pointer events\n    - retrying click action\n      - waiting 500ms\n",
            "elapsed_ms": 1999.6620760000078
          },
          {
            "pair": 2,
            "case": "rotated_clipped_click",
            "index": 37,
            "warmup": false,
            "ok": false,
            "error": "TimeoutError: locator.click: Timeout 2000ms exceeded.\nCall log:\n  - waiting for locator('#target')\n    - locator resolved to <button id=\"target\">Geometry</button>\n  - attempting click action\n    2 \u00d7 waiting for element to be visible, enabled and stable\n      - element is visible, enabled and stable\n      - scrolling into view if needed\n      - done scrolling\n      - <html>\u2026</html> intercepts pointer events\n    - retrying click action\n    - waiting 20ms\n    2 \u00d7 waiting for element to be visible, enabled and stable\n      - element is visible, enabled and stable\n      - scrolling into view if needed\n      - done scrolling\n      - <html>\u2026</html> intercepts pointer events\n    - retrying click action\n      - waiting 100ms\n    4 \u00d7 waiting for element to be visible, enabled and stable\n      - element is visible, enabled and stable\n      - scrolling into view if needed\n      - done scrolling\n      - <html>\u2026</html> intercepts pointer events\n    - retrying click action\n      - waiting 500ms\n",
            "elapsed_ms": 1999.5810700000147
          },
          {
            "pair": 2,
            "case": "rotated_clipped_click",
            "index": 38,
            "warmup": false,
            "ok": false,
            "error": "Error: operation exceeded 2000ms watchdog",
            "elapsed_ms": 2000.259791999997
          },
          {
            "pair": 2,
            "case": "rotated_clipped_click",
            "index": 39,
            "warmup": false,
            "ok": false,
            "error": "Error: operation exceeded 2000ms watchdog",
            "elapsed_ms": 2000.3823199999752
          },
          {
            "pair": 2,
            "case": "rotated_clipped_click",
            "index": 40,
            "warmup": false,
            "ok": false,
            "error": "Error: operation exceeded 2000ms watchdog",
            "elapsed_ms": 2000.5303569999814
          },
          {
            "pair": 2,
            "case": "rotated_clipped_click",
            "index": 41,
            "warmup": false,
            "ok": false,
            "error": "TimeoutError: locator.click: Timeout 2000ms exceeded.\nCall log:\n  - waiting for locator('#target')\n    - locator resolved to <button id=\"target\">Geometry</button>\n  - attempting click action\n    2 \u00d7 waiting for element to be visible, enabled and stable\n      - element is visible, enabled and stable\n      - scrolling into view if needed\n      - done scrolling\n      - <html>\u2026</html> intercepts pointer events\n    - retrying click action\n    - waiting 20ms\n    2 \u00d7 waiting for element to be visible, enabled and stable\n      - element is visible, enabled and stable\n      - scrolling into view if needed\n      - done scrolling\n      - <html>\u2026</html> intercepts pointer events\n    - retrying click action\n      - waiting 100ms\n    4 \u00d7 waiting for element to be visible, enabled and stable\n      - element is visible, enabled and stable\n      - scrolling into view if needed\n      - done scrolling\n      - <html>\u2026</html> intercepts pointer events\n    - retrying click action\n      - waiting 500ms\n",
            "elapsed_ms": 1999.8540250000078
          },
          {
            "pair": 2,
            "case": "rotated_clipped_click",
            "index": 42,
            "warmup": false,
            "ok": false,
            "error": "TimeoutError: locator.click: Timeout 2000ms exceeded.\nCall log:\n  - waiting for locator('#target')\n    - locator resolved to <button id=\"target\">Geometry</button>\n  - attempting click action\n    2 \u00d7 waiting for element to be visible, enabled and stable\n      - element is visible, enabled and stable\n      - scrolling into view if needed\n      - done scrolling\n      - <html>\u2026</html> intercepts pointer events\n    - retrying click action\n    - waiting 20ms\n    2 \u00d7 waiting for element to be visible, enabled and stable\n      - element is visible, enabled and stable\n      - scrolling into view if needed\n      - done scrolling\n      - <html>\u2026</html> intercepts pointer events\n    - retrying click action\n      - waiting 100ms\n    4 \u00d7 waiting for element to be visible, enabled and stable\n      - element is visible, enabled and stable\n      - scrolling into view if needed\n      - done scrolling\n      - <html>\u2026</html> intercepts pointer events\n    - retrying click action\n      - waiting 500ms\n",
            "elapsed_ms": 2000.0532839999942
          },
          {
            "pair": 2,
            "case": "rotated_clipped_click",
            "index": 43,
            "warmup": false,
            "ok": false,
            "error": "Error: operation exceeded 2000ms watchdog",
            "elapsed_ms": 1999.6105229999812
          },
          {
            "pair": 2,
            "case": "rotated_clipped_click",
            "index": 44,
            "warmup": false,
            "ok": false,
            "error": "TimeoutError: locator.click: Timeout 2000ms exceeded.\nCall log:\n  - waiting for locator('#target')\n    - locator resolved to <button id=\"target\">Geometry</button>\n  - attempting click action\n    2 \u00d7 waiting for element to be visible, enabled and stable\n      - element is visible, enabled and stable\n      - scrolling into view if needed\n      - done scrolling\n      - <html>\u2026</html> intercepts pointer events\n    - retrying click action\n    - waiting 20ms\n    2 \u00d7 waiting for element to be visible, enabled and stable\n      - element is visible, enabled and stable\n      - scrolling into view if needed\n      - done scrolling\n      - <html>\u2026</html> intercepts pointer events\n    - retrying click action\n      - waiting 100ms\n    4 \u00d7 waiting for element to be visible, enabled and stable\n      - element is visible, enabled and stable\n      - scrolling into view if needed\n      - done scrolling\n      - <html>\u2026</html> intercepts pointer events\n    - retrying click action\n      - waiting 500ms\n",
            "elapsed_ms": 1999.269598999992
          },
          {
            "pair": 2,
            "case": "rotated_clipped_click",
            "index": 45,
            "warmup": false,
            "ok": false,
            "error": "TimeoutError: locator.click: Timeout 2000ms exceeded.\nCall log:\n  - waiting for locator('#target')\n    - locator resolved to <button id=\"target\">Geometry</button>\n  - attempting click action\n    2 \u00d7 waiting for element to be visible, enabled and stable\n      - element is visible, enabled and stable\n      - scrolling into view if needed\n      - done scrolling\n      - <html>\u2026</html> intercepts pointer events\n    - retrying click action\n    - waiting 20ms\n    2 \u00d7 waiting for element to be visible, enabled and stable\n      - element is visible, enabled and stable\n      - scrolling into view if needed\n      - done scrolling\n      - <html>\u2026</html> intercepts pointer events\n    - retrying click action\n      - waiting 100ms\n    4 \u00d7 waiting for element to be visible, enabled and stable\n      - element is visible, enabled and stable\n      - scrolling into view if needed\n      - done scrolling\n      - <html>\u2026</html> intercepts pointer events\n    - retrying click action\n      - waiting 500ms\n",
            "elapsed_ms": 1999.1412290000007
          },
          {
            "pair": 2,
            "case": "rotated_clipped_click",
            "index": 46,
            "warmup": false,
            "ok": false,
            "error": "Error: operation exceeded 2000ms watchdog",
            "elapsed_ms": 1999.6795229999989
          },
          {
            "pair": 2,
            "case": "rotated_clipped_click",
            "index": 47,
            "warmup": false,
            "ok": false,
            "error": "Error: operation exceeded 2000ms watchdog",
            "elapsed_ms": 2000.0434259999893
          },
          {
            "pair": 2,
            "case": "rotated_clipped_click",
            "index": 48,
            "warmup": false,
            "ok": false,
            "error": "Error: operation exceeded 2000ms watchdog",
            "elapsed_ms": 2000.256252000021
          },
          {
            "pair": 2,
            "case": "rotated_clipped_click",
            "index": 49,
            "warmup": false,
            "ok": false,
            "error": "TimeoutError: locator.click: Timeout 2000ms exceeded.\nCall log:\n  - waiting for locator('#target')\n    - locator resolved to <button id=\"target\">Geometry</button>\n  - attempting click action\n    2 \u00d7 waiting for element to be visible, enabled and stable\n      - element is visible, enabled and stable\n      - scrolling into view if needed\n      - done scrolling\n      - <html>\u2026</html> intercepts pointer events\n    - retrying click action\n    - waiting 20ms\n    2 \u00d7 waiting for element to be visible, enabled and stable\n      - element is visible, enabled and stable\n      - scrolling into view if needed\n      - done scrolling\n      - <html>\u2026</html> intercepts pointer events\n    - retrying click action\n      - waiting 100ms\n    4 \u00d7 waiting for element to be visible, enabled and stable\n      - element is visible, enabled and stable\n      - scrolling into view if needed\n      - done scrolling\n      - <html>\u2026</html> intercepts pointer events\n    - retrying click action\n      - waiting 500ms\n",
            "elapsed_ms": 1999.7921939999796
          },
          {
            "pair": 2,
            "case": "rotated_clipped_click",
            "index": 50,
            "warmup": false,
            "ok": false,
            "error": "Error: operation exceeded 2000ms watchdog",
            "elapsed_ms": 2000.069371999998
          },
          {
            "pair": 2,
            "case": "mock_return",
            "index": 0,
            "warmup": true,
            "ok": false,
            "error": "Error: network postcondition failed: {\"responses\":[[200,\"network\"],[200,\"network\"]],\"nativeFetch\":true,\"nativeXHR\":true}",
            "elapsed_ms": 35.17274000000907
          },
          {
            "pair": 2,
            "case": "mock_return",
            "index": 1,
            "warmup": false,
            "ok": false,
            "error": "Error: network postcondition failed: {\"responses\":[[200,\"network\"],[200,\"network\"]],\"nativeFetch\":true,\"nativeXHR\":true}",
            "elapsed_ms": 48.32049399998505
          },
          {
            "pair": 2,
            "case": "mock_return",
            "index": 2,
            "warmup": false,
            "ok": false,
            "error": "Error: network postcondition failed: {\"responses\":[[200,\"network\"],[200,\"network\"]],\"nativeFetch\":true,\"nativeXHR\":true}",
            "elapsed_ms": 38.193457999965176
          },
          {
            "pair": 2,
            "case": "mock_return",
            "index": 3,
            "warmup": false,
            "ok": false,
            "error": "Error: network postcondition failed: {\"responses\":[[200,\"network\"],[200,\"network\"]],\"nativeFetch\":true,\"nativeXHR\":true}",
            "elapsed_ms": 30.150363000051584
          },
          {
            "pair": 2,
            "case": "mock_return",
            "index": 4,
            "warmup": false,
            "ok": false,
            "error": "Error: network postcondition failed: {\"responses\":[[200,\"network\"],[200,\"network\"]],\"nativeFetch\":true,\"nativeXHR\":true}",
            "elapsed_ms": 30.027124000014737
          },
          {
            "pair": 2,
            "case": "mock_return",
            "index": 5,
            "warmup": false,
            "ok": false,
            "error": "Error: network postcondition failed: {\"responses\":[[200,\"network\"],[200,\"network\"]],\"nativeFetch\":true,\"nativeXHR\":true}",
            "elapsed_ms": 28.842127999989316
          },
          {
            "pair": 2,
            "case": "mock_return",
            "index": 6,
            "warmup": false,
            "ok": false,
            "error": "Error: network postcondition failed: {\"responses\":[[200,\"network\"],[200,\"network\"]],\"nativeFetch\":true,\"nativeXHR\":true}",
            "elapsed_ms": 37.962513000005856
          },
          {
            "pair": 2,
            "case": "mock_return",
            "index": 7,
            "warmup": false,
            "ok": false,
            "error": "Error: network postcondition failed: {\"responses\":[[200,\"network\"],[200,\"network\"]],\"nativeFetch\":true,\"nativeXHR\":true}",
            "elapsed_ms": 31.41942699998617
          },
          {
            "pair": 2,
            "case": "mock_return",
            "index": 8,
            "warmup": false,
            "ok": false,
            "error": "Error: network postcondition failed: {\"responses\":[[200,\"network\"],[200,\"network\"]],\"nativeFetch\":true,\"nativeXHR\":true}",
            "elapsed_ms": 29.903104999975767
          },
          {
            "pair": 2,
            "case": "mock_return",
            "index": 9,
            "warmup": false,
            "ok": false,
            "error": "Error: network postcondition failed: {\"responses\":[[200,\"network\"],[200,\"network\"]],\"nativeFetch\":true,\"nativeXHR\":true}",
            "elapsed_ms": 36.611421999987215
          },
          {
            "pair": 2,
            "case": "mock_return",
            "index": 10,
            "warmup": false,
            "ok": false,
            "error": "Error: network postcondition failed: {\"responses\":[[200,\"network\"],[200,\"network\"]],\"nativeFetch\":true,\"nativeXHR\":true}",
            "elapsed_ms": 50.699588000017684
          },
          {
            "pair": 2,
            "case": "mock_return",
            "index": 11,
            "warmup": false,
            "ok": false,
            "error": "Error: network postcondition failed: {\"responses\":[[200,\"network\"],[200,\"network\"]],\"nativeFetch\":true,\"nativeXHR\":true}",
            "elapsed_ms": 40.6057060000021
          },
          {
            "pair": 2,
            "case": "mock_return",
            "index": 12,
            "warmup": false,
            "ok": false,
            "error": "Error: network postcondition failed: {\"responses\":[[200,\"network\"],[200,\"network\"]],\"nativeFetch\":true,\"nativeXHR\":true}",
            "elapsed_ms": 28.29344499995932
          },
          {
            "pair": 2,
            "case": "mock_return",
            "index": 13,
            "warmup": false,
            "ok": false,
            "error": "Error: network postcondition failed: {\"responses\":[[200,\"network\"],[200,\"network\"]],\"nativeFetch\":true,\"nativeXHR\":true}",
            "elapsed_ms": 28.318531999946572
          },
          {
            "pair": 2,
            "case": "mock_return",
            "index": 14,
            "warmup": false,
            "ok": false,
            "error": "Error: network postcondition failed: {\"responses\":[[200,\"network\"],[200,\"network\"]],\"nativeFetch\":true,\"nativeXHR\":true}",
            "elapsed_ms": 47.562808999966364
          },
          {
            "pair": 2,
            "case": "mock_return",
            "index": 15,
            "warmup": false,
            "ok": false,
            "error": "Error: network postcondition failed: {\"responses\":[[200,\"network\"],[200,\"network\"]],\"nativeFetch\":true,\"nativeXHR\":true}",
            "elapsed_ms": 27.65014699997846
          },
          {
            "pair": 2,
            "case": "mock_return",
            "index": 16,
            "warmup": false,
            "ok": false,
            "error": "Error: network postcondition failed: {\"responses\":[[200,\"network\"],[200,\"network\"]],\"nativeFetch\":true,\"nativeXHR\":true}",
            "elapsed_ms": 34.2776479999884
          },
          {
            "pair": 2,
            "case": "mock_return",
            "index": 17,
            "warmup": false,
            "ok": false,
            "error": "Error: network postcondition failed: {\"responses\":[[200,\"network\"],[200,\"network\"]],\"nativeFetch\":true,\"nativeXHR\":true}",
            "elapsed_ms": 27.347741000005044
          },
          {
            "pair": 2,
            "case": "mock_return",
            "index": 18,
            "warmup": false,
            "ok": false,
            "error": "Error: network postcondition failed: {\"responses\":[[200,\"network\"],[200,\"network\"]],\"nativeFetch\":true,\"nativeXHR\":true}",
            "elapsed_ms": 34.29738499998348
          },
          {
            "pair": 2,
            "case": "mock_return",
            "index": 19,
            "warmup": false,
            "ok": false,
            "error": "Error: network postcondition failed: {\"responses\":[[200,\"network\"],[200,\"network\"]],\"nativeFetch\":true,\"nativeXHR\":true}",
            "elapsed_ms": 50.26556400000118
          },
          {
            "pair": 2,
            "case": "mock_return",
            "index": 20,
            "warmup": false,
            "ok": false,
            "error": "Error: network postcondition failed: {\"responses\":[[200,\"network\"],[200,\"network\"]],\"nativeFetch\":true,\"nativeXHR\":true}",
            "elapsed_ms": 27.459591999999247
          },
          {
            "pair": 2,
            "case": "mock_return",
            "index": 21,
            "warmup": false,
            "ok": false,
            "error": "Error: network postcondition failed: {\"responses\":[[200,\"network\"],[200,\"network\"]],\"nativeFetch\":true,\"nativeXHR\":true}",
            "elapsed_ms": 35.99055499996757
          },
          {
            "pair": 2,
            "case": "mock_return",
            "index": 22,
            "warmup": false,
            "ok": false,
            "error": "Error: network postcondition failed: {\"responses\":[[200,\"network\"],[200,\"network\"]],\"nativeFetch\":true,\"nativeXHR\":true}",
            "elapsed_ms": 30.770920999988448
          },
          {
            "pair": 2,
            "case": "mock_return",
            "index": 23,
            "warmup": false,
            "ok": false,
            "error": "Error: network postcondition failed: {\"responses\":[[200,\"network\"],[200,\"network\"]],\"nativeFetch\":true,\"nativeXHR\":true}",
            "elapsed_ms": 26.824359000020195
          },
          {
            "pair": 2,
            "case": "mock_return",
            "index": 24,
            "warmup": false,
            "ok": false,
            "error": "Error: network postcondition failed: {\"responses\":[[200,\"network\"],[200,\"network\"]],\"nativeFetch\":true,\"nativeXHR\":true}",
            "elapsed_ms": 26.238425000046846
          },
          {
            "pair": 2,
            "case": "mock_return",
            "index": 25,
            "warmup": false,
            "ok": false,
            "error": "Error: network postcondition failed: {\"responses\":[[200,\"network\"],[200,\"network\"]],\"nativeFetch\":true,\"nativeXHR\":true}",
            "elapsed_ms": 29.418181999993976
          },
          {
            "pair": 2,
            "case": "mock_return",
            "index": 26,
            "warmup": false,
            "ok": false,
            "error": "Error: network postcondition failed: {\"responses\":[[200,\"network\"],[200,\"network\"]],\"nativeFetch\":true,\"nativeXHR\":true}",
            "elapsed_ms": 50.764572000014596
          },
          {
            "pair": 2,
            "case": "mock_return",
            "index": 27,
            "warmup": false,
            "ok": false,
            "error": "Error: network postcondition failed: {\"responses\":[[200,\"network\"],[200,\"network\"]],\"nativeFetch\":true,\"nativeXHR\":true}",
            "elapsed_ms": 27.787137000006624
          },
          {
            "pair": 2,
            "case": "mock_return",
            "index": 28,
            "warmup": false,
            "ok": false,
            "error": "Error: network postcondition failed: {\"responses\":[[200,\"network\"],[200,\"network\"]],\"nativeFetch\":true,\"nativeXHR\":true}",
            "elapsed_ms": 31.03501099999994
          },
          {
            "pair": 2,
            "case": "mock_return",
            "index": 29,
            "warmup": false,
            "ok": false,
            "error": "Error: network postcondition failed: {\"responses\":[[200,\"network\"],[200,\"network\"]],\"nativeFetch\":true,\"nativeXHR\":true}",
            "elapsed_ms": 26.38376799999969
          },
          {
            "pair": 2,
            "case": "mock_return",
            "index": 30,
            "warmup": false,
            "ok": false,
            "error": "Error: network postcondition failed: {\"responses\":[[200,\"network\"],[200,\"network\"]],\"nativeFetch\":true,\"nativeXHR\":true}",
            "elapsed_ms": 28.058197000005748
          },
          {
            "pair": 2,
            "case": "mock_return",
            "index": 31,
            "warmup": false,
            "ok": false,
            "error": "Error: network postcondition failed: {\"responses\":[[200,\"network\"],[200,\"network\"]],\"nativeFetch\":true,\"nativeXHR\":true}",
            "elapsed_ms": 28.070532999990974
          },
          {
            "pair": 2,
            "case": "mock_return",
            "index": 32,
            "warmup": false,
            "ok": false,
            "error": "Error: network postcondition failed: {\"responses\":[[200,\"network\"],[200,\"network\"]],\"nativeFetch\":true,\"nativeXHR\":true}",
            "elapsed_ms": 37.77448199997889
          },
          {
            "pair": 2,
            "case": "mock_return",
            "index": 33,
            "warmup": false,
            "ok": false,
            "error": "Error: network postcondition failed: {\"responses\":[[200,\"network\"],[200,\"network\"]],\"nativeFetch\":true,\"nativeXHR\":true}",
            "elapsed_ms": 58.42689200001769
          },
          {
            "pair": 2,
            "case": "mock_return",
            "index": 34,
            "warmup": false,
            "ok": false,
            "error": "Error: network postcondition failed: {\"responses\":[[200,\"network\"],[200,\"network\"]],\"nativeFetch\":true,\"nativeXHR\":true}",
            "elapsed_ms": 30.81974700000137
          },
          {
            "pair": 2,
            "case": "mock_return",
            "index": 35,
            "warmup": false,
            "ok": false,
            "error": "Error: network postcondition failed: {\"responses\":[[200,\"network\"],[200,\"network\"]],\"nativeFetch\":true,\"nativeXHR\":true}",
            "elapsed_ms": 26.466531999991275
          },
          {
            "pair": 2,
            "case": "mock_return",
            "index": 36,
            "warmup": false,
            "ok": false,
            "error": "Error: network postcondition failed: {\"responses\":[[200,\"network\"],[200,\"network\"]],\"nativeFetch\":true,\"nativeXHR\":true}",
            "elapsed_ms": 27.305526999989524
          },
          {
            "pair": 2,
            "case": "mock_return",
            "index": 37,
            "warmup": false,
            "ok": false,
            "error": "Error: network postcondition failed: {\"responses\":[[200,\"network\"],[200,\"network\"]],\"nativeFetch\":true,\"nativeXHR\":true}",
            "elapsed_ms": 27.239119999983814
          },
          {
            "pair": 2,
            "case": "mock_return",
            "index": 38,
            "warmup": false,
            "ok": false,
            "error": "Error: network postcondition failed: {\"responses\":[[200,\"network\"],[200,\"network\"]],\"nativeFetch\":true,\"nativeXHR\":true}",
            "elapsed_ms": 32.91637599997921
          },
          {
            "pair": 2,
            "case": "mock_return",
            "index": 39,
            "warmup": false,
            "ok": false,
            "error": "Error: network postcondition failed: {\"responses\":[[200,\"network\"],[200,\"network\"]],\"nativeFetch\":true,\"nativeXHR\":true}",
            "elapsed_ms": 28.97385300003225
          },
          {
            "pair": 2,
            "case": "mock_return",
            "index": 40,
            "warmup": false,
            "ok": false,
            "error": "Error: network postcondition failed: {\"responses\":[[200,\"network\"],[200,\"network\"]],\"nativeFetch\":true,\"nativeXHR\":true}",
            "elapsed_ms": 59.2505929999752
          },
          {
            "pair": 2,
            "case": "mock_return",
            "index": 41,
            "warmup": false,
            "ok": false,
            "error": "Error: network postcondition failed: {\"responses\":[[200,\"network\"],[200,\"network\"]],\"nativeFetch\":true,\"nativeXHR\":true}",
            "elapsed_ms": 27.12847499997588
          },
          {
            "pair": 2,
            "case": "mock_return",
            "index": 42,
            "warmup": false,
            "ok": false,
            "error": "Error: network postcondition failed: {\"responses\":[[200,\"network\"],[200,\"network\"]],\"nativeFetch\":true,\"nativeXHR\":true}",
            "elapsed_ms": 28.92737299995497
          },
          {
            "pair": 2,
            "case": "mock_return",
            "index": 43,
            "warmup": false,
            "ok": false,
            "error": "Error: network postcondition failed: {\"responses\":[[200,\"network\"],[200,\"network\"]],\"nativeFetch\":true,\"nativeXHR\":true}",
            "elapsed_ms": 26.049656999995932
          },
          {
            "pair": 2,
            "case": "mock_return",
            "index": 44,
            "warmup": false,
            "ok": false,
            "error": "Error: network postcondition failed: {\"responses\":[[200,\"network\"],[200,\"network\"]],\"nativeFetch\":true,\"nativeXHR\":true}",
            "elapsed_ms": 26.340916000015568
          },
          {
            "pair": 2,
            "case": "mock_return",
            "index": 45,
            "warmup": false,
            "ok": false,
            "error": "Error: network postcondition failed: {\"responses\":[[200,\"network\"],[200,\"network\"]],\"nativeFetch\":true,\"nativeXHR\":true}",
            "elapsed_ms": 28.10030500002904
          },
          {
            "pair": 2,
            "case": "mock_return",
            "index": 46,
            "warmup": false,
            "ok": false,
            "error": "Error: network postcondition failed: {\"responses\":[[200,\"network\"],[200,\"network\"]],\"nativeFetch\":true,\"nativeXHR\":true}",
            "elapsed_ms": 26.591500999988057
          },
          {
            "pair": 2,
            "case": "mock_return",
            "index": 47,
            "warmup": false,
            "ok": false,
            "error": "Error: network postcondition failed: {\"responses\":[[200,\"network\"],[200,\"network\"]],\"nativeFetch\":true,\"nativeXHR\":true}",
            "elapsed_ms": 50.65171199996257
          },
          {
            "pair": 2,
            "case": "mock_return",
            "index": 48,
            "warmup": false,
            "ok": false,
            "error": "Error: network postcondition failed: {\"responses\":[[200,\"network\"],[200,\"network\"]],\"nativeFetch\":true,\"nativeXHR\":true}",
            "elapsed_ms": 26.90869800001383
          },
          {
            "pair": 2,
            "case": "mock_return",
            "index": 49,
            "warmup": false,
            "ok": false,
            "error": "Error: network postcondition failed: {\"responses\":[[200,\"network\"],[200,\"network\"]],\"nativeFetch\":true,\"nativeXHR\":true}",
            "elapsed_ms": 26.84058700001333
          },
          {
            "pair": 2,
            "case": "mock_return",
            "index": 50,
            "warmup": false,
            "ok": false,
            "error": "Error: network postcondition failed: {\"responses\":[[200,\"network\"],[200,\"network\"]],\"nativeFetch\":true,\"nativeXHR\":true}",
            "elapsed_ms": 28.32262200000696
          }
        ]
      }
    }
  },
  {
    "host": "host-2",
    "available": true,
    "report_sha256": "35b11e82a13cbcd8495ad18a910c966c2aeb99511d10252dc106cdb6acc6c9bd",
    "status": "complete",
    "complete": true,
    "actual_identities": {
      "commit": "87f6180e4922ca860e10f91701e6032e6cb85390",
      "chrome_version": "155.0.8059.39",
      "playwright_core": "1.64.0",
      "node": "v24.19.0",
      "rustc": "rustc 1.99.0 (b940084d7 2026-09-28)",
      "rust_binary_sha256": "5349c63284929d06fbc7f492478019ae7e70476742b78f588baf5ee4f95a0e65",
      "chrome_binary_sha256": "ed05e73a2cdf875326fcfa438b31c71a6a885a353610731dd52090dfc476f778"
    },
    "pins_verified": true,
    "source_selected_count": 100,
    "source_selected_sha256_equal": true,
    "empty_git_status_verified": true,
    "whole_declared_source_count": 3641,
    "whole_declared_source_sha256_equal_head": true,
    "schema_and_original_raw_sidecars_verified": true,
    "load_error": null,
    "counts": {
      "rustwright": {
        "measured_attempts": 1600,
        "measured_successes": 1600,
        "warmup_attempts": 32,
        "warmup_successes": 32,
        "failures": []
      },
      "playwright-core": {
        "measured_attempts": 1600,
        "measured_successes": 1400,
        "warmup_attempts": 32,
        "warmup_successes": 28,
        "failures": [
          {
            "pair": 1,
            "case": "rotated_clipped_click",
            "index": 0,
            "warmup": true,
            "ok": false,
            "error": "TimeoutError: locator.click: Timeout 2000ms exceeded.\nCall log:\n  - waiting for locator('#target')\n    - locator resolved to <button id=\"target\">Geometry</button>\n  - attempting click action\n    2 \u00d7 waiting for element to be visible, enabled and stable\n      - element is visible, enabled and stable\n      - scrolling into view if needed\n      - done scrolling\n      - <html>\u2026</html> intercepts pointer events\n    - retrying click action\n    - waiting 20ms\n    2 \u00d7 waiting for element to be visible, enabled and stable\n      - element is visible, enabled and stable\n      - scrolling into view if needed\n      - done scrolling\n      - <html>\u2026</html> intercepts pointer events\n    - retrying click action\n      - waiting 100ms\n    4 \u00d7 waiting for element to be visible, enabled and stable\n      - element is visible, enabled and stable\n      - scrolling into view if needed\n      - done scrolling\n      - <html>\u2026</html> intercepts pointer events\n    - retrying click action\n      - waiting 500ms\n",
            "elapsed_ms": 2001.6122669999895
          },
          {
            "pair": 1,
            "case": "rotated_clipped_click",
            "index": 1,
            "warmup": false,
            "ok": false,
            "error": "Error: operation exceeded 2000ms watchdog",
            "elapsed_ms": 1999.9619980000134
          },
          {
            "pair": 1,
            "case": "rotated_clipped_click",
            "index": 2,
            "warmup": false,
            "ok": false,
            "error": "TimeoutError: locator.click: Timeout 2000ms exceeded.\nCall log:\n  - waiting for locator('#target')\n    - locator resolved to <button id=\"target\">Geometry</button>\n  - attempting click action\n    2 \u00d7 waiting for element to be visible, enabled and stable\n      - element is visible, enabled and stable\n      - scrolling into view if needed\n      - done scrolling\n      - <html>\u2026</html> intercepts pointer events\n    - retrying click action\n    - waiting 20ms\n    2 \u00d7 waiting for element to be visible, enabled and stable\n      - element is visible, enabled and stable\n      - scrolling into view if needed\n      - done scrolling\n      - <html>\u2026</html> intercepts pointer events\n    - retrying click action\n      - waiting 100ms\n    4 \u00d7 waiting for element to be visible, enabled and stable\n      - element is visible, enabled and stable\n      - scrolling into view if needed\n      - done scrolling\n      - <html>\u2026</html> intercepts pointer events\n    - retrying click action\n      - waiting 500ms\n",
            "elapsed_ms": 2000.3987609999895
          },
          {
            "pair": 1,
            "case": "rotated_clipped_click",
            "index": 3,
            "warmup": false,
            "ok": false,
            "error": "TimeoutError: locator.click: Timeout 2000ms exceeded.\nCall log:\n  - waiting for locator('#target')\n    - locator resolved to <button id=\"target\">Geometry</button>\n  - attempting click action\n    2 \u00d7 waiting for element to be visible, enabled and stable\n      - element is visible, enabled and stable\n      - scrolling into view if needed\n      - done scrolling\n      - <html>\u2026</html> intercepts pointer events\n    - retrying click action\n    - waiting 20ms\n    2 \u00d7 waiting for element to be visible, enabled and stable\n      - element is visible, enabled and stable\n      - scrolling into view if needed\n      - done scrolling\n      - <html>\u2026</html> intercepts pointer events\n    - retrying click action\n      - waiting 100ms\n    4 \u00d7 waiting for element to be visible, enabled and stable\n      - element is visible, enabled and stable\n      - scrolling into view if needed\n      - done scrolling\n      - <html>\u2026</html> intercepts pointer events\n    - retrying click action\n      - waiting 500ms\n",
            "elapsed_ms": 1999.8737919999985
          },
          {
            "pair": 1,
            "case": "rotated_clipped_click",
            "index": 4,
            "warmup": false,
            "ok": false,
            "error": "TimeoutError: locator.click: Timeout 2000ms exceeded.\nCall log:\n  - waiting for locator('#target')\n    - locator resolved to <button id=\"target\">Geometry</button>\n  - attempting click action\n    2 \u00d7 waiting for element to be visible, enabled and stable\n      - element is visible, enabled and stable\n      - scrolling into view if needed\n      - done scrolling\n      - <html>\u2026</html> intercepts pointer events\n    - retrying click action\n    - waiting 20ms\n    2 \u00d7 waiting for element to be visible, enabled and stable\n      - element is visible, enabled and stable\n      - scrolling into view if needed\n      - done scrolling\n      - <html>\u2026</html> intercepts pointer events\n    - retrying click action\n      - waiting 100ms\n    4 \u00d7 waiting for element to be visible, enabled and stable\n      - element is visible, enabled and stable\n      - scrolling into view if needed\n      - done scrolling\n      - <html>\u2026</html> intercepts pointer events\n    - retrying click action\n      - waiting 500ms\n",
            "elapsed_ms": 2000.1030869999959
          },
          {
            "pair": 1,
            "case": "rotated_clipped_click",
            "index": 5,
            "warmup": false,
            "ok": false,
            "error": "TimeoutError: locator.click: Timeout 2000ms exceeded.\nCall log:\n  - waiting for locator('#target')\n    - locator resolved to <button id=\"target\">Geometry</button>\n  - attempting click action\n    2 \u00d7 waiting for element to be visible, enabled and stable\n      - element is visible, enabled and stable\n      - scrolling into view if needed\n      - done scrolling\n      - <html>\u2026</html> intercepts pointer events\n    - retrying click action\n    - waiting 20ms\n    2 \u00d7 waiting for element to be visible, enabled and stable\n      - element is visible, enabled and stable\n      - scrolling into view if needed\n      - done scrolling\n      - <html>\u2026</html> intercepts pointer events\n    - retrying click action\n      - waiting 100ms\n    4 \u00d7 waiting for element to be visible, enabled and stable\n      - element is visible, enabled and stable\n      - scrolling into view if needed\n      - done scrolling\n      - <html>\u2026</html> intercepts pointer events\n    - retrying click action\n      - waiting 500ms\n",
            "elapsed_ms": 1999.879842000024
          },
          {
            "pair": 1,
            "case": "rotated_clipped_click",
            "index": 6,
            "warmup": false,
            "ok": false,
            "error": "TimeoutError: locator.click: Timeout 2000ms exceeded.\nCall log:\n  - waiting for locator('#target')\n    - locator resolved to <button id=\"target\">Geometry</button>\n  - attempting click action\n    2 \u00d7 waiting for element to be visible, enabled and stable\n      - element is visible, enabled and stable\n      - scrolling into view if needed\n      - done scrolling\n      - <html>\u2026</html> intercepts pointer events\n    - retrying click action\n    - waiting 20ms\n    2 \u00d7 waiting for element to be visible, enabled and stable\n      - element is visible, enabled and stable\n      - scrolling into view if needed\n      - done scrolling\n      - <html>\u2026</html> intercepts pointer events\n    - retrying click action\n      - waiting 100ms\n    4 \u00d7 waiting for element to be visible, enabled and stable\n      - element is visible, enabled and stable\n      - scrolling into view if needed\n      - done scrolling\n      - <html>\u2026</html> intercepts pointer events\n    - retrying click action\n      - waiting 500ms\n",
            "elapsed_ms": 1999.8923709999945
          },
          {
            "pair": 1,
            "case": "rotated_clipped_click",
            "index": 7,
            "warmup": false,
            "ok": false,
            "error": "Error: operation exceeded 2000ms watchdog",
            "elapsed_ms": 1999.9142350000038
          },
          {
            "pair": 1,
            "case": "rotated_clipped_click",
            "index": 8,
            "warmup": false,
            "ok": false,
            "error": "Error: operation exceeded 2000ms watchdog",
            "elapsed_ms": 1999.8571039999952
          },
          {
            "pair": 1,
            "case": "rotated_clipped_click",
            "index": 9,
            "warmup": false,
            "ok": false,
            "error": "TimeoutError: locator.click: Timeout 2000ms exceeded.\nCall log:\n  - waiting for locator('#target')\n    - locator resolved to <button id=\"target\">Geometry</button>\n  - attempting click action\n    2 \u00d7 waiting for element to be visible, enabled and stable\n      - element is visible, enabled and stable\n      - scrolling into view if needed\n      - done scrolling\n      - <html>\u2026</html> intercepts pointer events\n    - retrying click action\n    - waiting 20ms\n    2 \u00d7 waiting for element to be visible, enabled and stable\n      - element is visible, enabled and stable\n      - scrolling into view if needed\n      - done scrolling\n      - <html>\u2026</html> intercepts pointer events\n    - retrying click action\n      - waiting 100ms\n    4 \u00d7 waiting for element to be visible, enabled and stable\n      - element is visible, enabled and stable\n      - scrolling into view if needed\n      - done scrolling\n      - <html>\u2026</html> intercepts pointer events\n    - retrying click action\n      - waiting 500ms\n",
            "elapsed_ms": 1999.661453000008
          },
          {
            "pair": 1,
            "case": "rotated_clipped_click",
            "index": 10,
            "warmup": false,
            "ok": false,
            "error": "Error: operation exceeded 2000ms watchdog",
            "elapsed_ms": 2001.3915739999793
          },
          {
            "pair": 1,
            "case": "rotated_clipped_click",
            "index": 11,
            "warmup": false,
            "ok": false,
            "error": "TimeoutError: locator.click: Timeout 2000ms exceeded.\nCall log:\n  - waiting for locator('#target')\n    - locator resolved to <button id=\"target\">Geometry</button>\n  - attempting click action\n    2 \u00d7 waiting for element to be visible, enabled and stable\n      - element is visible, enabled and stable\n      - scrolling into view if needed\n      - done scrolling\n      - <html>\u2026</html> intercepts pointer events\n    - retrying click action\n    - waiting 20ms\n    2 \u00d7 waiting for element to be visible, enabled and stable\n      - element is visible, enabled and stable\n      - scrolling into view if needed\n      - done scrolling\n      - <html>\u2026</html> intercepts pointer events\n    - retrying click action\n      - waiting 100ms\n    4 \u00d7 waiting for element to be visible, enabled and stable\n      - element is visible, enabled and stable\n      - scrolling into view if needed\n      - done scrolling\n      - <html>\u2026</html> intercepts pointer events\n    - retrying click action\n      - waiting 500ms\n",
            "elapsed_ms": 2000.7049070000066
          },
          {
            "pair": 1,
            "case": "rotated_clipped_click",
            "index": 12,
            "warmup": false,
            "ok": false,
            "error": "Error: operation exceeded 2000ms watchdog",
            "elapsed_ms": 2000.0214219999907
          },
          {
            "pair": 1,
            "case": "rotated_clipped_click",
            "index": 13,
            "warmup": false,
            "ok": false,
            "error": "Error: operation exceeded 2000ms watchdog",
            "elapsed_ms": 2000.2626259999815
          },
          {
            "pair": 1,
            "case": "rotated_clipped_click",
            "index": 14,
            "warmup": false,
            "ok": false,
            "error": "Error: operation exceeded 2000ms watchdog",
            "elapsed_ms": 2000.0621590000228
          },
          {
            "pair": 1,
            "case": "rotated_clipped_click",
            "index": 15,
            "warmup": false,
            "ok": false,
            "error": "TimeoutError: locator.click: Timeout 2000ms exceeded.\nCall log:\n  - waiting for locator('#target')\n    - locator resolved to <button id=\"target\">Geometry</button>\n  - attempting click action\n    2 \u00d7 waiting for element to be visible, enabled and stable\n      - element is visible, enabled and stable\n      - scrolling into view if needed\n      - done scrolling\n      - <html>\u2026</html> intercepts pointer events\n    - retrying click action\n    - waiting 20ms\n    2 \u00d7 waiting for element to be visible, enabled and stable\n      - element is visible, enabled and stable\n      - scrolling into view if needed\n      - done scrolling\n      - <html>\u2026</html> intercepts pointer events\n    - retrying click action\n      - waiting 100ms\n    4 \u00d7 waiting for element to be visible, enabled and stable\n      - element is visible, enabled and stable\n      - scrolling into view if needed\n      - done scrolling\n      - <html>\u2026</html> intercepts pointer events\n    - retrying click action\n      - waiting 500ms\n",
            "elapsed_ms": 2000.4883850000042
          },
          {
            "pair": 1,
            "case": "rotated_clipped_click",
            "index": 16,
            "warmup": false,
            "ok": false,
            "error": "TimeoutError: locator.click: Timeout 2000ms exceeded.\nCall log:\n  - waiting for locator('#target')\n    - locator resolved to <button id=\"target\">Geometry</button>\n  - attempting click action\n    2 \u00d7 waiting for element to be visible, enabled and stable\n      - element is visible, enabled and stable\n      - scrolling into view if needed\n      - done scrolling\n      - <html>\u2026</html> intercepts pointer events\n    - retrying click action\n    - waiting 20ms\n    2 \u00d7 waiting for element to be visible, enabled and stable\n      - element is visible, enabled and stable\n      - scrolling into view if needed\n      - done scrolling\n      - <html>\u2026</html> intercepts pointer events\n    - retrying click action\n      - waiting 100ms\n    4 \u00d7 waiting for element to be visible, enabled and stable\n      - element is visible, enabled and stable\n      - scrolling into view if needed\n      - done scrolling\n      - <html>\u2026</html> intercepts pointer events\n    - retrying click action\n      - waiting 500ms\n",
            "elapsed_ms": 2000.304082000017
          },
          {
            "pair": 1,
            "case": "rotated_clipped_click",
            "index": 17,
            "warmup": false,
            "ok": false,
            "error": "TimeoutError: locator.click: Timeout 2000ms exceeded.\nCall log:\n  - waiting for locator('#target')\n    - locator resolved to <button id=\"target\">Geometry</button>\n  - attempting click action\n    2 \u00d7 waiting for element to be visible, enabled and stable\n      - element is visible, enabled and stable\n      - scrolling into view if needed\n      - done scrolling\n      - <html>\u2026</html> intercepts pointer events\n    - retrying click action\n    - waiting 20ms\n    2 \u00d7 waiting for element to be visible, enabled and stable\n      - element is visible, enabled and stable\n      - scrolling into view if needed\n      - done scrolling\n      - <html>\u2026</html> intercepts pointer events\n    - retrying click action\n      - waiting 100ms\n    4 \u00d7 waiting for element to be visible, enabled and stable\n      - element is visible, enabled and stable\n      - scrolling into view if needed\n      - done scrolling\n      - <html>\u2026</html> intercepts pointer events\n    - retrying click action\n      - waiting 500ms\n",
            "elapsed_ms": 1999.5275010000041
          },
          {
            "pair": 1,
            "case": "rotated_clipped_click",
            "index": 18,
            "warmup": false,
            "ok": false,
            "error": "Error: operation exceeded 2000ms watchdog",
            "elapsed_ms": 1999.9067140000116
          },
          {
            "pair": 1,
            "case": "rotated_clipped_click",
            "index": 19,
            "warmup": false,
            "ok": false,
            "error": "Error: operation exceeded 2000ms watchdog",
            "elapsed_ms": 2000.3659820000175
          },
          {
            "pair": 1,
            "case": "rotated_clipped_click",
            "index": 20,
            "warmup": false,
            "ok": false,
            "error": "Error: operation exceeded 2000ms watchdog",
            "elapsed_ms": 2000.4073879999924
          },
          {
            "pair": 1,
            "case": "rotated_clipped_click",
            "index": 21,
            "warmup": false,
            "ok": false,
            "error": "Error: operation exceeded 2000ms watchdog",
            "elapsed_ms": 2000.0147700000089
          },
          {
            "pair": 1,
            "case": "rotated_clipped_click",
            "index": 22,
            "warmup": false,
            "ok": false,
            "error": "Error: operation exceeded 2000ms watchdog",
            "elapsed_ms": 1999.7077299999946
          },
          {
            "pair": 1,
            "case": "rotated_clipped_click",
            "index": 23,
            "warmup": false,
            "ok": false,
            "error": "TimeoutError: locator.click: Timeout 2000ms exceeded.\nCall log:\n  - waiting for locator('#target')\n    - locator resolved to <button id=\"target\">Geometry</button>\n  - attempting click action\n    2 \u00d7 waiting for element to be visible, enabled and stable\n      - element is visible, enabled and stable\n      - scrolling into view if needed\n      - done scrolling\n      - <html>\u2026</html> intercepts pointer events\n    - retrying click action\n    - waiting 20ms\n    2 \u00d7 waiting for element to be visible, enabled and stable\n      - element is visible, enabled and stable\n      - scrolling into view if needed\n      - done scrolling\n      - <html>\u2026</html> intercepts pointer events\n    - retrying click action\n      - waiting 100ms\n    4 \u00d7 waiting for element to be visible, enabled and stable\n      - element is visible, enabled and stable\n      - scrolling into view if needed\n      - done scrolling\n      - <html>\u2026</html> intercepts pointer events\n    - retrying click action\n      - waiting 500ms\n",
            "elapsed_ms": 1999.523365000001
          },
          {
            "pair": 1,
            "case": "rotated_clipped_click",
            "index": 24,
            "warmup": false,
            "ok": false,
            "error": "Error: operation exceeded 2000ms watchdog",
            "elapsed_ms": 1999.8326119999983
          },
          {
            "pair": 1,
            "case": "rotated_clipped_click",
            "index": 25,
            "warmup": false,
            "ok": false,
            "error": "Error: operation exceeded 2000ms watchdog",
            "elapsed_ms": 2000.3891920000024
          },
          {
            "pair": 1,
            "case": "rotated_clipped_click",
            "index": 26,
            "warmup": false,
            "ok": false,
            "error": "TimeoutError: locator.click: Timeout 2000ms exceeded.\nCall log:\n  - waiting for locator('#target')\n    - locator resolved to <button id=\"target\">Geometry</button>\n  - attempting click action\n    2 \u00d7 waiting for element to be visible, enabled and stable\n      - element is visible, enabled and stable\n      - scrolling into view if needed\n      - done scrolling\n      - <html>\u2026</html> intercepts pointer events\n    - retrying click action\n    - waiting 20ms\n    2 \u00d7 waiting for element to be visible, enabled and stable\n      - element is visible, enabled and stable\n      - scrolling into view if needed\n      - done scrolling\n      - <html>\u2026</html> intercepts pointer events\n    - retrying click action\n      - waiting 100ms\n    4 \u00d7 waiting for element to be visible, enabled and stable\n      - element is visible, enabled and stable\n      - scrolling into view if needed\n      - done scrolling\n      - <html>\u2026</html> intercepts pointer events\n    - retrying click action\n      - waiting 500ms\n",
            "elapsed_ms": 2000.1855399999768
          },
          {
            "pair": 1,
            "case": "rotated_clipped_click",
            "index": 27,
            "warmup": false,
            "ok": false,
            "error": "Error: operation exceeded 2000ms watchdog",
            "elapsed_ms": 2000.2891289999825
          },
          {
            "pair": 1,
            "case": "rotated_clipped_click",
            "index": 28,
            "warmup": false,
            "ok": false,
            "error": "TimeoutError: locator.click: Timeout 2000ms exceeded.\nCall log:\n  - waiting for locator('#target')\n    - locator resolved to <button id=\"target\">Geometry</button>\n  - attempting click action\n    2 \u00d7 waiting for element to be visible, enabled and stable\n      - element is visible, enabled and stable\n      - scrolling into view if needed\n      - done scrolling\n      - <html>\u2026</html> intercepts pointer events\n    - retrying click action\n    - waiting 20ms\n    2 \u00d7 waiting for element to be visible, enabled and stable\n      - element is visible, enabled and stable\n      - scrolling into view if needed\n      - done scrolling\n      - <html>\u2026</html> intercepts pointer events\n    - retrying click action\n      - waiting 100ms\n    4 \u00d7 waiting for element to be visible, enabled and stable\n      - element is visible, enabled and stable\n      - scrolling into view if needed\n      - done scrolling\n      - <html>\u2026</html> intercepts pointer events\n    - retrying click action\n      - waiting 500ms\n",
            "elapsed_ms": 2000.2945650000183
          },
          {
            "pair": 1,
            "case": "rotated_clipped_click",
            "index": 29,
            "warmup": false,
            "ok": false,
            "error": "Error: operation exceeded 2000ms watchdog",
            "elapsed_ms": 1999.6737490000087
          },
          {
            "pair": 1,
            "case": "rotated_clipped_click",
            "index": 30,
            "warmup": false,
            "ok": false,
            "error": "TimeoutError: locator.click: Timeout 2000ms exceeded.\nCall log:\n  - waiting for locator('#target')\n    - locator resolved to <button id=\"target\">Geometry</button>\n  - attempting click action\n    2 \u00d7 waiting for element to be visible, enabled and stable\n      - element is visible, enabled and stable\n      - scrolling into view if needed\n      - done scrolling\n      - <html>\u2026</html> intercepts pointer events\n    - retrying click action\n    - waiting 20ms\n    2 \u00d7 waiting for element to be visible, enabled and stable\n      - element is visible, enabled and stable\n      - scrolling into view if needed\n      - done scrolling\n      - <html>\u2026</html> intercepts pointer events\n    - retrying click action\n      - waiting 100ms\n    4 \u00d7 waiting for element to be visible, enabled and stable\n      - element is visible, enabled and stable\n      - scrolling into view if needed\n      - done scrolling\n      - <html>\u2026</html> intercepts pointer events\n    - retrying click action\n      - waiting 500ms\n",
            "elapsed_ms": 1999.171623000002
          },
          {
            "pair": 1,
            "case": "rotated_clipped_click",
            "index": 31,
            "warmup": false,
            "ok": false,
            "error": "Error: operation exceeded 2000ms watchdog",
            "elapsed_ms": 2000.035205000022
          },
          {
            "pair": 1,
            "case": "rotated_clipped_click",
            "index": 32,
            "warmup": false,
            "ok": false,
            "error": "Error: operation exceeded 2000ms watchdog",
            "elapsed_ms": 1999.904337999993
          },
          {
            "pair": 1,
            "case": "rotated_clipped_click",
            "index": 33,
            "warmup": false,
            "ok": false,
            "error": "TimeoutError: locator.click: Timeout 2000ms exceeded.\nCall log:\n  - waiting for locator('#target')\n    - locator resolved to <button id=\"target\">Geometry</button>\n  - attempting click action\n    2 \u00d7 waiting for element to be visible, enabled and stable\n      - element is visible, enabled and stable\n      - scrolling into view if needed\n      - done scrolling\n      - <html>\u2026</html> intercepts pointer events\n    - retrying click action\n    - waiting 20ms\n    2 \u00d7 waiting for element to be visible, enabled and stable\n      - element is visible, enabled and stable\n      - scrolling into view if needed\n      - done scrolling\n      - <html>\u2026</html> intercepts pointer events\n    - retrying click action\n      - waiting 100ms\n    4 \u00d7 waiting for element to be visible, enabled and stable\n      - element is visible, enabled and stable\n      - scrolling into view if needed\n      - done scrolling\n      - <html>\u2026</html> intercepts pointer events\n    - retrying click action\n      - waiting 500ms\n",
            "elapsed_ms": 2000.0523979999998
          },
          {
            "pair": 1,
            "case": "rotated_clipped_click",
            "index": 34,
            "warmup": false,
            "ok": false,
            "error": "TimeoutError: locator.click: Timeout 2000ms exceeded.\nCall log:\n  - waiting for locator('#target')\n    - locator resolved to <button id=\"target\">Geometry</button>\n  - attempting click action\n    2 \u00d7 waiting for element to be visible, enabled and stable\n      - element is visible, enabled and stable\n      - scrolling into view if needed\n      - done scrolling\n      - <html>\u2026</html> intercepts pointer events\n    - retrying click action\n    - waiting 20ms\n    2 \u00d7 waiting for element to be visible, enabled and stable\n      - element is visible, enabled and stable\n      - scrolling into view if needed\n      - done scrolling\n      - <html>\u2026</html> intercepts pointer events\n    - retrying click action\n      - waiting 100ms\n    4 \u00d7 waiting for element to be visible, enabled and stable\n      - element is visible, enabled and stable\n      - scrolling into view if needed\n      - done scrolling\n      - <html>\u2026</html> intercepts pointer events\n    - retrying click action\n      - waiting 500ms\n",
            "elapsed_ms": 2000.3769730000058
          },
          {
            "pair": 1,
            "case": "rotated_clipped_click",
            "index": 35,
            "warmup": false,
            "ok": false,
            "error": "TimeoutError: locator.click: Timeout 2000ms exceeded.\nCall log:\n  - waiting for locator('#target')\n    - locator resolved to <button id=\"target\">Geometry</button>\n  - attempting click action\n    2 \u00d7 waiting for element to be visible, enabled and stable\n      - element is visible, enabled and stable\n      - scrolling into view if needed\n      - done scrolling\n      - <html>\u2026</html> intercepts pointer events\n    - retrying click action\n    - waiting 20ms\n    2 \u00d7 waiting for element to be visible, enabled and stable\n      - element is visible, enabled and stable\n      - scrolling into view if needed\n      - done scrolling\n      - <html>\u2026</html> intercepts pointer events\n    - retrying click action\n      - waiting 100ms\n    4 \u00d7 waiting for element to be visible, enabled and stable\n      - element is visible, enabled and stable\n      - scrolling into view if needed\n      - done scrolling\n      - <html>\u2026</html> intercepts pointer events\n    - retrying click action\n      - waiting 500ms\n",
            "elapsed_ms": 2000.7492110000167
          },
          {
            "pair": 1,
            "case": "rotated_clipped_click",
            "index": 36,
            "warmup": false,
            "ok": false,
            "error": "Error: operation exceeded 2000ms watchdog",
            "elapsed_ms": 2000.741446
          },
          {
            "pair": 1,
            "case": "rotated_clipped_click",
            "index": 37,
            "warmup": false,
            "ok": false,
            "error": "TimeoutError: locator.click: Timeout 2000ms exceeded.\nCall log:\n  - waiting for locator('#target')\n    - locator resolved to <button id=\"target\">Geometry</button>\n  - attempting click action\n    2 \u00d7 waiting for element to be visible, enabled and stable\n      - element is visible, enabled and stable\n      - scrolling into view if needed\n      - done scrolling\n      - <html>\u2026</html> intercepts pointer events\n    - retrying click action\n    - waiting 20ms\n    2 \u00d7 waiting for element to be visible, enabled and stable\n      - element is visible, enabled and stable\n      - scrolling into view if needed\n      - done scrolling\n      - <html>\u2026</html> intercepts pointer events\n    - retrying click action\n      - waiting 100ms\n    4 \u00d7 waiting for element to be visible, enabled and stable\n      - element is visible, enabled and stable\n      - scrolling into view if needed\n      - done scrolling\n      - <html>\u2026</html> intercepts pointer events\n    - retrying click action\n      - waiting 500ms\n",
            "elapsed_ms": 2000.2331920000142
          },
          {
            "pair": 1,
            "case": "rotated_clipped_click",
            "index": 38,
            "warmup": false,
            "ok": false,
            "error": "Error: operation exceeded 2000ms watchdog",
            "elapsed_ms": 2000.434540999995
          },
          {
            "pair": 1,
            "case": "rotated_clipped_click",
            "index": 39,
            "warmup": false,
            "ok": false,
            "error": "TimeoutError: locator.click: Timeout 2000ms exceeded.\nCall log:\n  - waiting for locator('#target')\n    - locator resolved to <button id=\"target\">Geometry</button>\n  - attempting click action\n    2 \u00d7 waiting for element to be visible, enabled and stable\n      - element is visible, enabled and stable\n      - scrolling into view if needed\n      - done scrolling\n      - <html>\u2026</html> intercepts pointer events\n    - retrying click action\n    - waiting 20ms\n    2 \u00d7 waiting for element to be visible, enabled and stable\n      - element is visible, enabled and stable\n      - scrolling into view if needed\n      - done scrolling\n      - <html>\u2026</html> intercepts pointer events\n    - retrying click action\n      - waiting 100ms\n    4 \u00d7 waiting for element to be visible, enabled and stable\n      - element is visible, enabled and stable\n      - scrolling into view if needed\n      - done scrolling\n      - <html>\u2026</html> intercepts pointer events\n    - retrying click action\n      - waiting 500ms\n",
            "elapsed_ms": 2000.1003450000135
          },
          {
            "pair": 1,
            "case": "rotated_clipped_click",
            "index": 40,
            "warmup": false,
            "ok": false,
            "error": "Error: operation exceeded 2000ms watchdog",
            "elapsed_ms": 2000.2032279999985
          },
          {
            "pair": 1,
            "case": "rotated_clipped_click",
            "index": 41,
            "warmup": false,
            "ok": false,
            "error": "Error: operation exceeded 2000ms watchdog",
            "elapsed_ms": 2000.644994000002
          },
          {
            "pair": 1,
            "case": "rotated_clipped_click",
            "index": 42,
            "warmup": false,
            "ok": false,
            "error": "TimeoutError: locator.click: Timeout 2000ms exceeded.\nCall log:\n  - waiting for locator('#target')\n    - locator resolved to <button id=\"target\">Geometry</button>\n  - attempting click action\n    2 \u00d7 waiting for element to be visible, enabled and stable\n      - element is visible, enabled and stable\n      - scrolling into view if needed\n      - done scrolling\n      - <html>\u2026</html> intercepts pointer events\n    - retrying click action\n    - waiting 20ms\n    2 \u00d7 waiting for element to be visible, enabled and stable\n      - element is visible, enabled and stable\n      - scrolling into view if needed\n      - done scrolling\n      - <html>\u2026</html> intercepts pointer events\n    - retrying click action\n      - waiting 100ms\n    4 \u00d7 waiting for element to be visible, enabled and stable\n      - element is visible, enabled and stable\n      - scrolling into view if needed\n      - done scrolling\n      - <html>\u2026</html> intercepts pointer events\n    - retrying click action\n      - waiting 500ms\n",
            "elapsed_ms": 2000.4922519999964
          },
          {
            "pair": 1,
            "case": "rotated_clipped_click",
            "index": 43,
            "warmup": false,
            "ok": false,
            "error": "TimeoutError: locator.click: Timeout 2000ms exceeded.\nCall log:\n  - waiting for locator('#target')\n    - locator resolved to <button id=\"target\">Geometry</button>\n  - attempting click action\n    2 \u00d7 waiting for element to be visible, enabled and stable\n      - element is visible, enabled and stable\n      - scrolling into view if needed\n      - done scrolling\n      - <html>\u2026</html> intercepts pointer events\n    - retrying click action\n    - waiting 20ms\n    2 \u00d7 waiting for element to be visible, enabled and stable\n      - element is visible, enabled and stable\n      - scrolling into view if needed\n      - done scrolling\n      - <html>\u2026</html> intercepts pointer events\n    - retrying click action\n      - waiting 100ms\n    4 \u00d7 waiting for element to be visible, enabled and stable\n      - element is visible, enabled and stable\n      - scrolling into view if needed\n      - done scrolling\n      - <html>\u2026</html> intercepts pointer events\n    - retrying click action\n      - waiting 500ms\n",
            "elapsed_ms": 2000.2184290000005
          },
          {
            "pair": 1,
            "case": "rotated_clipped_click",
            "index": 44,
            "warmup": false,
            "ok": false,
            "error": "TimeoutError: locator.click: Timeout 2000ms exceeded.\nCall log:\n  - waiting for locator('#target')\n    - locator resolved to <button id=\"target\">Geometry</button>\n  - attempting click action\n    2 \u00d7 waiting for element to be visible, enabled and stable\n      - element is visible, enabled and stable\n      - scrolling into view if needed\n      - done scrolling\n      - <html>\u2026</html> intercepts pointer events\n    - retrying click action\n    - waiting 20ms\n    2 \u00d7 waiting for element to be visible, enabled and stable\n      - element is visible, enabled and stable\n      - scrolling into view if needed\n      - done scrolling\n      - <html>\u2026</html> intercepts pointer events\n    - retrying click action\n      - waiting 100ms\n    4 \u00d7 waiting for element to be visible, enabled and stable\n      - element is visible, enabled and stable\n      - scrolling into view if needed\n      - done scrolling\n      - <html>\u2026</html> intercepts pointer events\n    - retrying click action\n      - waiting 500ms\n",
            "elapsed_ms": 2000.7128369999991
          },
          {
            "pair": 1,
            "case": "rotated_clipped_click",
            "index": 45,
            "warmup": false,
            "ok": false,
            "error": "TimeoutError: locator.click: Timeout 2000ms exceeded.\nCall log:\n  - waiting for locator('#target')\n    - locator resolved to <button id=\"target\">Geometry</button>\n  - attempting click action\n    2 \u00d7 waiting for element to be visible, enabled and stable\n      - element is visible, enabled and stable\n      - scrolling into view if needed\n      - done scrolling\n      - <html>\u2026</html> intercepts pointer events\n    - retrying click action\n    - waiting 20ms\n    2 \u00d7 waiting for element to be visible, enabled and stable\n      - element is visible, enabled and stable\n      - scrolling into view if needed\n      - done scrolling\n      - <html>\u2026</html> intercepts pointer events\n    - retrying click action\n      - waiting 100ms\n    4 \u00d7 waiting for element to be visible, enabled and stable\n      - element is visible, enabled and stable\n      - scrolling into view if needed\n      - done scrolling\n      - <html>\u2026</html> intercepts pointer events\n    - retrying click action\n      - waiting 500ms\n",
            "elapsed_ms": 2000.5416559999867
          },
          {
            "pair": 1,
            "case": "rotated_clipped_click",
            "index": 46,
            "warmup": false,
            "ok": false,
            "error": "TimeoutError: locator.click: Timeout 2000ms exceeded.\nCall log:\n  - waiting for locator('#target')\n    - locator resolved to <button id=\"target\">Geometry</button>\n  - attempting click action\n    2 \u00d7 waiting for element to be visible, enabled and stable\n      - element is visible, enabled and stable\n      - scrolling into view if needed\n      - done scrolling\n      - <html>\u2026</html> intercepts pointer events\n    - retrying click action\n    - waiting 20ms\n    2 \u00d7 waiting for element to be visible, enabled and stable\n      - element is visible, enabled and stable\n      - scrolling into view if needed\n      - done scrolling\n      - <html>\u2026</html> intercepts pointer events\n    - retrying click action\n      - waiting 100ms\n    4 \u00d7 waiting for element to be visible, enabled and stable\n      - element is visible, enabled and stable\n      - scrolling into view if needed\n      - done scrolling\n      - <html>\u2026</html> intercepts pointer events\n    - retrying click action\n      - waiting 500ms\n",
            "elapsed_ms": 2000.5163260000118
          },
          {
            "pair": 1,
            "case": "rotated_clipped_click",
            "index": 47,
            "warmup": false,
            "ok": false,
            "error": "Error: operation exceeded 2000ms watchdog",
            "elapsed_ms": 2000.2865750000055
          },
          {
            "pair": 1,
            "case": "rotated_clipped_click",
            "index": 48,
            "warmup": false,
            "ok": false,
            "error": "TimeoutError: locator.click: Timeout 2000ms exceeded.\nCall log:\n  - waiting for locator('#target')\n    - locator resolved to <button id=\"target\">Geometry</button>\n  - attempting click action\n    2 \u00d7 waiting for element to be visible, enabled and stable\n      - element is visible, enabled and stable\n      - scrolling into view if needed\n      - done scrolling\n      - <html>\u2026</html> intercepts pointer events\n    - retrying click action\n    - waiting 20ms\n    2 \u00d7 waiting for element to be visible, enabled and stable\n      - element is visible, enabled and stable\n      - scrolling into view if needed\n      - done scrolling\n      - <html>\u2026</html> intercepts pointer events\n    - retrying click action\n      - waiting 100ms\n    4 \u00d7 waiting for element to be visible, enabled and stable\n      - element is visible, enabled and stable\n      - scrolling into view if needed\n      - done scrolling\n      - <html>\u2026</html> intercepts pointer events\n    - retrying click action\n      - waiting 500ms\n",
            "elapsed_ms": 1999.7341969999834
          },
          {
            "pair": 1,
            "case": "rotated_clipped_click",
            "index": 49,
            "warmup": false,
            "ok": false,
            "error": "TimeoutError: locator.click: Timeout 2000ms exceeded.\nCall log:\n  - waiting for locator('#target')\n    - locator resolved to <button id=\"target\">Geometry</button>\n  - attempting click action\n    2 \u00d7 waiting for element to be visible, enabled and stable\n      - element is visible, enabled and stable\n      - scrolling into view if needed\n      - done scrolling\n      - <html>\u2026</html> intercepts pointer events\n    - retrying click action\n    - waiting 20ms\n    2 \u00d7 waiting for element to be visible, enabled and stable\n      - element is visible, enabled and stable\n      - scrolling into view if needed\n      - done scrolling\n      - <html>\u2026</html> intercepts pointer events\n    - retrying click action\n      - waiting 100ms\n    4 \u00d7 waiting for element to be visible, enabled and stable\n      - element is visible, enabled and stable\n      - scrolling into view if needed\n      - done scrolling\n      - <html>\u2026</html> intercepts pointer events\n    - retrying click action\n      - waiting 500ms\n",
            "elapsed_ms": 2000.060083999997
          },
          {
            "pair": 1,
            "case": "rotated_clipped_click",
            "index": 50,
            "warmup": false,
            "ok": false,
            "error": "TimeoutError: locator.click: Timeout 2000ms exceeded.\nCall log:\n  - waiting for locator('#target')\n    - locator resolved to <button id=\"target\">Geometry</button>\n  - attempting click action\n    2 \u00d7 waiting for element to be visible, enabled and stable\n      - element is visible, enabled and stable\n      - scrolling into view if needed\n      - done scrolling\n      - <html>\u2026</html> intercepts pointer events\n    - retrying click action\n    - waiting 20ms\n    2 \u00d7 waiting for element to be visible, enabled and stable\n      - element is visible, enabled and stable\n      - scrolling into view if needed\n      - done scrolling\n      - <html>\u2026</html> intercepts pointer events\n    - retrying click action\n      - waiting 100ms\n    4 \u00d7 waiting for element to be visible, enabled and stable\n      - element is visible, enabled and stable\n      - scrolling into view if needed\n      - done scrolling\n      - <html>\u2026</html> intercepts pointer events\n    - retrying click action\n      - waiting 500ms\n",
            "elapsed_ms": 1999.1378120000008
          },
          {
            "pair": 1,
            "case": "mock_return",
            "index": 0,
            "warmup": true,
            "ok": false,
            "error": "Error: network postcondition failed: {\"responses\":[[200,\"network\"],[200,\"network\"]],\"nativeFetch\":true,\"nativeXHR\":true}",
            "elapsed_ms": 40.007932999986224
          },
          {
            "pair": 1,
            "case": "mock_return",
            "index": 1,
            "warmup": false,
            "ok": false,
            "error": "Error: network postcondition failed: {\"responses\":[[200,\"network\"],[200,\"network\"]],\"nativeFetch\":true,\"nativeXHR\":true}",
            "elapsed_ms": 35.00596500001848
          },
          {
            "pair": 1,
            "case": "mock_return",
            "index": 2,
            "warmup": false,
            "ok": false,
            "error": "Error: network postcondition failed: {\"responses\":[[200,\"network\"],[200,\"network\"]],\"nativeFetch\":true,\"nativeXHR\":true}",
            "elapsed_ms": 33.84562600002391
          },
          {
            "pair": 1,
            "case": "mock_return",
            "index": 3,
            "warmup": false,
            "ok": false,
            "error": "Error: network postcondition failed: {\"responses\":[[200,\"network\"],[200,\"network\"]],\"nativeFetch\":true,\"nativeXHR\":true}",
            "elapsed_ms": 36.527716999989934
          },
          {
            "pair": 1,
            "case": "mock_return",
            "index": 4,
            "warmup": false,
            "ok": false,
            "error": "Error: network postcondition failed: {\"responses\":[[200,\"network\"],[200,\"network\"]],\"nativeFetch\":true,\"nativeXHR\":true}",
            "elapsed_ms": 28.157346999971196
          },
          {
            "pair": 1,
            "case": "mock_return",
            "index": 5,
            "warmup": false,
            "ok": false,
            "error": "Error: network postcondition failed: {\"responses\":[[200,\"network\"],[200,\"network\"]],\"nativeFetch\":true,\"nativeXHR\":true}",
            "elapsed_ms": 36.8283400000073
          },
          {
            "pair": 1,
            "case": "mock_return",
            "index": 6,
            "warmup": false,
            "ok": false,
            "error": "Error: network postcondition failed: {\"responses\":[[200,\"network\"],[200,\"network\"]],\"nativeFetch\":true,\"nativeXHR\":true}",
            "elapsed_ms": 30.627449000021443
          },
          {
            "pair": 1,
            "case": "mock_return",
            "index": 7,
            "warmup": false,
            "ok": false,
            "error": "Error: network postcondition failed: {\"responses\":[[200,\"network\"],[200,\"network\"]],\"nativeFetch\":true,\"nativeXHR\":true}",
            "elapsed_ms": 26.5075970000471
          },
          {
            "pair": 1,
            "case": "mock_return",
            "index": 8,
            "warmup": false,
            "ok": false,
            "error": "Error: network postcondition failed: {\"responses\":[[200,\"network\"],[200,\"network\"]],\"nativeFetch\":true,\"nativeXHR\":true}",
            "elapsed_ms": 34.21345499996096
          },
          {
            "pair": 1,
            "case": "mock_return",
            "index": 9,
            "warmup": false,
            "ok": false,
            "error": "Error: network postcondition failed: {\"responses\":[[200,\"network\"],[200,\"network\"]],\"nativeFetch\":true,\"nativeXHR\":true}",
            "elapsed_ms": 28.155171999998856
          },
          {
            "pair": 1,
            "case": "mock_return",
            "index": 10,
            "warmup": false,
            "ok": false,
            "error": "Error: network postcondition failed: {\"responses\":[[200,\"network\"],[200,\"network\"]],\"nativeFetch\":true,\"nativeXHR\":true}",
            "elapsed_ms": 28.162723000044934
          },
          {
            "pair": 1,
            "case": "mock_return",
            "index": 11,
            "warmup": false,
            "ok": false,
            "error": "Error: network postcondition failed: {\"responses\":[[200,\"network\"],[200,\"network\"]],\"nativeFetch\":true,\"nativeXHR\":true}",
            "elapsed_ms": 27.60824999999022
          },
          {
            "pair": 1,
            "case": "mock_return",
            "index": 12,
            "warmup": false,
            "ok": false,
            "error": "Error: network postcondition failed: {\"responses\":[[200,\"network\"],[200,\"network\"]],\"nativeFetch\":true,\"nativeXHR\":true}",
            "elapsed_ms": 40.06940899998881
          },
          {
            "pair": 1,
            "case": "mock_return",
            "index": 13,
            "warmup": false,
            "ok": false,
            "error": "Error: network postcondition failed: {\"responses\":[[200,\"network\"],[200,\"network\"]],\"nativeFetch\":true,\"nativeXHR\":true}",
            "elapsed_ms": 28.641479999991134
          },
          {
            "pair": 1,
            "case": "mock_return",
            "index": 14,
            "warmup": false,
            "ok": false,
            "error": "Error: network postcondition failed: {\"responses\":[[200,\"network\"],[200,\"network\"]],\"nativeFetch\":true,\"nativeXHR\":true}",
            "elapsed_ms": 37.48093499999959
          },
          {
            "pair": 1,
            "case": "mock_return",
            "index": 15,
            "warmup": false,
            "ok": false,
            "error": "Error: network postcondition failed: {\"responses\":[[200,\"network\"],[200,\"network\"]],\"nativeFetch\":true,\"nativeXHR\":true}",
            "elapsed_ms": 61.53864300000714
          },
          {
            "pair": 1,
            "case": "mock_return",
            "index": 16,
            "warmup": false,
            "ok": false,
            "error": "Error: network postcondition failed: {\"responses\":[[200,\"network\"],[200,\"network\"]],\"nativeFetch\":true,\"nativeXHR\":true}",
            "elapsed_ms": 29.674385999969672
          },
          {
            "pair": 1,
            "case": "mock_return",
            "index": 17,
            "warmup": false,
            "ok": false,
            "error": "Error: network postcondition failed: {\"responses\":[[200,\"network\"],[200,\"network\"]],\"nativeFetch\":true,\"nativeXHR\":true}",
            "elapsed_ms": 28.012736000004224
          },
          {
            "pair": 1,
            "case": "mock_return",
            "index": 18,
            "warmup": false,
            "ok": false,
            "error": "Error: network postcondition failed: {\"responses\":[[200,\"network\"],[200,\"network\"]],\"nativeFetch\":true,\"nativeXHR\":true}",
            "elapsed_ms": 26.642848999996204
          },
          {
            "pair": 1,
            "case": "mock_return",
            "index": 19,
            "warmup": false,
            "ok": false,
            "error": "Error: network postcondition failed: {\"responses\":[[200,\"network\"],[200,\"network\"]],\"nativeFetch\":true,\"nativeXHR\":true}",
            "elapsed_ms": 28.363209999981336
          },
          {
            "pair": 1,
            "case": "mock_return",
            "index": 20,
            "warmup": false,
            "ok": false,
            "error": "Error: network postcondition failed: {\"responses\":[[200,\"network\"],[200,\"network\"]],\"nativeFetch\":true,\"nativeXHR\":true}",
            "elapsed_ms": 27.19613199995365
          },
          {
            "pair": 1,
            "case": "mock_return",
            "index": 21,
            "warmup": false,
            "ok": false,
            "error": "Error: network postcondition failed: {\"responses\":[[200,\"network\"],[200,\"network\"]],\"nativeFetch\":true,\"nativeXHR\":true}",
            "elapsed_ms": 27.60871900001075
          },
          {
            "pair": 1,
            "case": "mock_return",
            "index": 22,
            "warmup": false,
            "ok": false,
            "error": "Error: network postcondition failed: {\"responses\":[[200,\"network\"],[200,\"network\"]],\"nativeFetch\":true,\"nativeXHR\":true}",
            "elapsed_ms": 53.13630000001285
          },
          {
            "pair": 1,
            "case": "mock_return",
            "index": 23,
            "warmup": false,
            "ok": false,
            "error": "Error: network postcondition failed: {\"responses\":[[200,\"network\"],[200,\"network\"]],\"nativeFetch\":true,\"nativeXHR\":true}",
            "elapsed_ms": 28.058182999957353
          },
          {
            "pair": 1,
            "case": "mock_return",
            "index": 24,
            "warmup": false,
            "ok": false,
            "error": "Error: network postcondition failed: {\"responses\":[[200,\"network\"],[200,\"network\"]],\"nativeFetch\":true,\"nativeXHR\":true}",
            "elapsed_ms": 29.611120000015944
          },
          {
            "pair": 1,
            "case": "mock_return",
            "index": 25,
            "warmup": false,
            "ok": false,
            "error": "Error: network postcondition failed: {\"responses\":[[200,\"network\"],[200,\"network\"]],\"nativeFetch\":true,\"nativeXHR\":true}",
            "elapsed_ms": 27.47695499996189
          },
          {
            "pair": 1,
            "case": "mock_return",
            "index": 26,
            "warmup": false,
            "ok": false,
            "error": "Error: network postcondition failed: {\"responses\":[[200,\"network\"],[200,\"network\"]],\"nativeFetch\":true,\"nativeXHR\":true}",
            "elapsed_ms": 27.64199400000507
          },
          {
            "pair": 1,
            "case": "mock_return",
            "index": 27,
            "warmup": false,
            "ok": false,
            "error": "Error: network postcondition failed: {\"responses\":[[200,\"network\"],[200,\"network\"]],\"nativeFetch\":true,\"nativeXHR\":true}",
            "elapsed_ms": 31.140887000015937
          },
          {
            "pair": 1,
            "case": "mock_return",
            "index": 28,
            "warmup": false,
            "ok": false,
            "error": "Error: network postcondition failed: {\"responses\":[[200,\"network\"],[200,\"network\"]],\"nativeFetch\":true,\"nativeXHR\":true}",
            "elapsed_ms": 27.43648899998516
          },
          {
            "pair": 1,
            "case": "mock_return",
            "index": 29,
            "warmup": false,
            "ok": false,
            "error": "Error: network postcondition failed: {\"responses\":[[200,\"network\"],[200,\"network\"]],\"nativeFetch\":true,\"nativeXHR\":true}",
            "elapsed_ms": 46.2192020000075
          },
          {
            "pair": 1,
            "case": "mock_return",
            "index": 30,
            "warmup": false,
            "ok": false,
            "error": "Error: network postcondition failed: {\"responses\":[[200,\"network\"],[200,\"network\"]],\"nativeFetch\":true,\"nativeXHR\":true}",
            "elapsed_ms": 29.945648000051733
          },
          {
            "pair": 1,
            "case": "mock_return",
            "index": 31,
            "warmup": false,
            "ok": false,
            "error": "Error: network postcondition failed: {\"responses\":[[200,\"network\"],[200,\"network\"]],\"nativeFetch\":true,\"nativeXHR\":true}",
            "elapsed_ms": 30.286479000002146
          },
          {
            "pair": 1,
            "case": "mock_return",
            "index": 32,
            "warmup": false,
            "ok": false,
            "error": "Error: network postcondition failed: {\"responses\":[[200,\"network\"],[200,\"network\"]],\"nativeFetch\":true,\"nativeXHR\":true}",
            "elapsed_ms": 28.38554499996826
          },
          {
            "pair": 1,
            "case": "mock_return",
            "index": 33,
            "warmup": false,
            "ok": false,
            "error": "Error: network postcondition failed: {\"responses\":[[200,\"network\"],[200,\"network\"]],\"nativeFetch\":true,\"nativeXHR\":true}",
            "elapsed_ms": 26.735103000013623
          },
          {
            "pair": 1,
            "case": "mock_return",
            "index": 34,
            "warmup": false,
            "ok": false,
            "error": "Error: network postcondition failed: {\"responses\":[[200,\"network\"],[200,\"network\"]],\"nativeFetch\":true,\"nativeXHR\":true}",
            "elapsed_ms": 26.3576330000069
          },
          {
            "pair": 1,
            "case": "mock_return",
            "index": 35,
            "warmup": false,
            "ok": false,
            "error": "Error: network postcondition failed: {\"responses\":[[200,\"network\"],[200,\"network\"]],\"nativeFetch\":true,\"nativeXHR\":true}",
            "elapsed_ms": 28.304824000049848
          },
          {
            "pair": 1,
            "case": "mock_return",
            "index": 36,
            "warmup": false,
            "ok": false,
            "error": "Error: network postcondition failed: {\"responses\":[[200,\"network\"],[200,\"network\"]],\"nativeFetch\":true,\"nativeXHR\":true}",
            "elapsed_ms": 51.12466999999015
          },
          {
            "pair": 1,
            "case": "mock_return",
            "index": 37,
            "warmup": false,
            "ok": false,
            "error": "Error: network postcondition failed: {\"responses\":[[200,\"network\"],[200,\"network\"]],\"nativeFetch\":true,\"nativeXHR\":true}",
            "elapsed_ms": 27.73789399996167
          },
          {
            "pair": 1,
            "case": "mock_return",
            "index": 38,
            "warmup": false,
            "ok": false,
            "error": "Error: network postcondition failed: {\"responses\":[[200,\"network\"],[200,\"network\"]],\"nativeFetch\":true,\"nativeXHR\":true}",
            "elapsed_ms": 26.87213699996937
          },
          {
            "pair": 1,
            "case": "mock_return",
            "index": 39,
            "warmup": false,
            "ok": false,
            "error": "Error: network postcondition failed: {\"responses\":[[200,\"network\"],[200,\"network\"]],\"nativeFetch\":true,\"nativeXHR\":true}",
            "elapsed_ms": 27.593271999969147
          },
          {
            "pair": 1,
            "case": "mock_return",
            "index": 40,
            "warmup": false,
            "ok": false,
            "error": "Error: network postcondition failed: {\"responses\":[[200,\"network\"],[200,\"network\"]],\"nativeFetch\":true,\"nativeXHR\":true}",
            "elapsed_ms": 29.57991299999412
          },
          {
            "pair": 1,
            "case": "mock_return",
            "index": 41,
            "warmup": false,
            "ok": false,
            "error": "Error: network postcondition failed: {\"responses\":[[200,\"network\"],[200,\"network\"]],\"nativeFetch\":true,\"nativeXHR\":true}",
            "elapsed_ms": 29.878398000029847
          },
          {
            "pair": 1,
            "case": "mock_return",
            "index": 42,
            "warmup": false,
            "ok": false,
            "error": "Error: network postcondition failed: {\"responses\":[[200,\"network\"],[200,\"network\"]],\"nativeFetch\":true,\"nativeXHR\":true}",
            "elapsed_ms": 29.126384000002872
          },
          {
            "pair": 1,
            "case": "mock_return",
            "index": 43,
            "warmup": false,
            "ok": false,
            "error": "Error: network postcondition failed: {\"responses\":[[200,\"network\"],[200,\"network\"]],\"nativeFetch\":true,\"nativeXHR\":true}",
            "elapsed_ms": 49.06831099995179
          },
          {
            "pair": 1,
            "case": "mock_return",
            "index": 44,
            "warmup": false,
            "ok": false,
            "error": "Error: network postcondition failed: {\"responses\":[[200,\"network\"],[200,\"network\"]],\"nativeFetch\":true,\"nativeXHR\":true}",
            "elapsed_ms": 28.0236300000106
          },
          {
            "pair": 1,
            "case": "mock_return",
            "index": 45,
            "warmup": false,
            "ok": false,
            "error": "Error: network postcondition failed: {\"responses\":[[200,\"network\"],[200,\"network\"]],\"nativeFetch\":true,\"nativeXHR\":true}",
            "elapsed_ms": 26.13472199998796
          },
          {
            "pair": 1,
            "case": "mock_return",
            "index": 46,
            "warmup": false,
            "ok": false,
            "error": "Error: network postcondition failed: {\"responses\":[[200,\"network\"],[200,\"network\"]],\"nativeFetch\":true,\"nativeXHR\":true}",
            "elapsed_ms": 28.639787999971304
          },
          {
            "pair": 1,
            "case": "mock_return",
            "index": 47,
            "warmup": false,
            "ok": false,
            "error": "Error: network postcondition failed: {\"responses\":[[200,\"network\"],[200,\"network\"]],\"nativeFetch\":true,\"nativeXHR\":true}",
            "elapsed_ms": 29.051488999975845
          },
          {
            "pair": 1,
            "case": "mock_return",
            "index": 48,
            "warmup": false,
            "ok": false,
            "error": "Error: network postcondition failed: {\"responses\":[[200,\"network\"],[200,\"network\"]],\"nativeFetch\":true,\"nativeXHR\":true}",
            "elapsed_ms": 27.05207600002177
          },
          {
            "pair": 1,
            "case": "mock_return",
            "index": 49,
            "warmup": false,
            "ok": false,
            "error": "Error: network postcondition failed: {\"responses\":[[200,\"network\"],[200,\"network\"]],\"nativeFetch\":true,\"nativeXHR\":true}",
            "elapsed_ms": 28.24569100001827
          },
          {
            "pair": 1,
            "case": "mock_return",
            "index": 50,
            "warmup": false,
            "ok": false,
            "error": "Error: network postcondition failed: {\"responses\":[[200,\"network\"],[200,\"network\"]],\"nativeFetch\":true,\"nativeXHR\":true}",
            "elapsed_ms": 53.5400929999887
          },
          {
            "pair": 2,
            "case": "rotated_clipped_click",
            "index": 0,
            "warmup": true,
            "ok": false,
            "error": "Error: operation exceeded 2000ms watchdog",
            "elapsed_ms": 2001.124719000014
          },
          {
            "pair": 2,
            "case": "rotated_clipped_click",
            "index": 1,
            "warmup": false,
            "ok": false,
            "error": "Error: operation exceeded 2000ms watchdog",
            "elapsed_ms": 2000.5276170000143
          },
          {
            "pair": 2,
            "case": "rotated_clipped_click",
            "index": 2,
            "warmup": false,
            "ok": false,
            "error": "Error: operation exceeded 2000ms watchdog",
            "elapsed_ms": 1999.9914949999948
          },
          {
            "pair": 2,
            "case": "rotated_clipped_click",
            "index": 3,
            "warmup": false,
            "ok": false,
            "error": "Error: operation exceeded 2000ms watchdog",
            "elapsed_ms": 2000.2482010000094
          },
          {
            "pair": 2,
            "case": "rotated_clipped_click",
            "index": 4,
            "warmup": false,
            "ok": false,
            "error": "Error: operation exceeded 2000ms watchdog",
            "elapsed_ms": 1999.9585260000022
          },
          {
            "pair": 2,
            "case": "rotated_clipped_click",
            "index": 5,
            "warmup": false,
            "ok": false,
            "error": "Error: operation exceeded 2000ms watchdog",
            "elapsed_ms": 1999.174135999987
          },
          {
            "pair": 2,
            "case": "rotated_clipped_click",
            "index": 6,
            "warmup": false,
            "ok": false,
            "error": "Error: operation exceeded 2000ms watchdog",
            "elapsed_ms": 2000.560117999994
          },
          {
            "pair": 2,
            "case": "rotated_clipped_click",
            "index": 7,
            "warmup": false,
            "ok": false,
            "error": "Error: operation exceeded 2000ms watchdog",
            "elapsed_ms": 2000.1108430000022
          },
          {
            "pair": 2,
            "case": "rotated_clipped_click",
            "index": 8,
            "warmup": false,
            "ok": false,
            "error": "TimeoutError: locator.click: Timeout 2000ms exceeded.\nCall log:\n  - waiting for locator('#target')\n    - locator resolved to <button id=\"target\">Geometry</button>\n  - attempting click action\n    2 \u00d7 waiting for element to be visible, enabled and stable\n      - element is visible, enabled and stable\n      - scrolling into view if needed\n      - done scrolling\n      - <html>\u2026</html> intercepts pointer events\n    - retrying click action\n    - waiting 20ms\n    2 \u00d7 waiting for element to be visible, enabled and stable\n      - element is visible, enabled and stable\n      - scrolling into view if needed\n      - done scrolling\n      - <html>\u2026</html> intercepts pointer events\n    - retrying click action\n      - waiting 100ms\n    4 \u00d7 waiting for element to be visible, enabled and stable\n      - element is visible, enabled and stable\n      - scrolling into view if needed\n      - done scrolling\n      - <html>\u2026</html> intercepts pointer events\n    - retrying click action\n      - waiting 500ms\n",
            "elapsed_ms": 2000.0900139999867
          },
          {
            "pair": 2,
            "case": "rotated_clipped_click",
            "index": 9,
            "warmup": false,
            "ok": false,
            "error": "Error: operation exceeded 2000ms watchdog",
            "elapsed_ms": 2000.2584340000176
          },
          {
            "pair": 2,
            "case": "rotated_clipped_click",
            "index": 10,
            "warmup": false,
            "ok": false,
            "error": "Error: operation exceeded 2000ms watchdog",
            "elapsed_ms": 2000.1517850000237
          },
          {
            "pair": 2,
            "case": "rotated_clipped_click",
            "index": 11,
            "warmup": false,
            "ok": false,
            "error": "Error: operation exceeded 2000ms watchdog",
            "elapsed_ms": 2000.3715289999964
          },
          {
            "pair": 2,
            "case": "rotated_clipped_click",
            "index": 12,
            "warmup": false,
            "ok": false,
            "error": "Error: operation exceeded 2000ms watchdog",
            "elapsed_ms": 2000.1317600000184
          },
          {
            "pair": 2,
            "case": "rotated_clipped_click",
            "index": 13,
            "warmup": false,
            "ok": false,
            "error": "Error: operation exceeded 2000ms watchdog",
            "elapsed_ms": 2000.2102869999944
          },
          {
            "pair": 2,
            "case": "rotated_clipped_click",
            "index": 14,
            "warmup": false,
            "ok": false,
            "error": "Error: operation exceeded 2000ms watchdog",
            "elapsed_ms": 1999.652338999993
          },
          {
            "pair": 2,
            "case": "rotated_clipped_click",
            "index": 15,
            "warmup": false,
            "ok": false,
            "error": "Error: operation exceeded 2000ms watchdog",
            "elapsed_ms": 1999.1431939999748
          },
          {
            "pair": 2,
            "case": "rotated_clipped_click",
            "index": 16,
            "warmup": false,
            "ok": false,
            "error": "Error: operation exceeded 2000ms watchdog",
            "elapsed_ms": 2000.1789890000073
          },
          {
            "pair": 2,
            "case": "rotated_clipped_click",
            "index": 17,
            "warmup": false,
            "ok": false,
            "error": "Error: operation exceeded 2000ms watchdog",
            "elapsed_ms": 2000.3970510000072
          },
          {
            "pair": 2,
            "case": "rotated_clipped_click",
            "index": 18,
            "warmup": false,
            "ok": false,
            "error": "TimeoutError: locator.click: Timeout 2000ms exceeded.\nCall log:\n  - waiting for locator('#target')\n    - locator resolved to <button id=\"target\">Geometry</button>\n  - attempting click action\n    2 \u00d7 waiting for element to be visible, enabled and stable\n      - element is visible, enabled and stable\n      - scrolling into view if needed\n      - done scrolling\n      - <html>\u2026</html> intercepts pointer events\n    - retrying click action\n    - waiting 20ms\n    2 \u00d7 waiting for element to be visible, enabled and stable\n      - element is visible, enabled and stable\n      - scrolling into view if needed\n      - done scrolling\n      - <html>\u2026</html> intercepts pointer events\n    - retrying click action\n      - waiting 100ms\n    4 \u00d7 waiting for element to be visible, enabled and stable\n      - element is visible, enabled and stable\n      - scrolling into view if needed\n      - done scrolling\n      - <html>\u2026</html> intercepts pointer events\n    - retrying click action\n      - waiting 500ms\n",
            "elapsed_ms": 1999.7212280000094
          },
          {
            "pair": 2,
            "case": "rotated_clipped_click",
            "index": 19,
            "warmup": false,
            "ok": false,
            "error": "Error: operation exceeded 2000ms watchdog",
            "elapsed_ms": 1999.6973540000035
          },
          {
            "pair": 2,
            "case": "rotated_clipped_click",
            "index": 20,
            "warmup": false,
            "ok": false,
            "error": "Error: operation exceeded 2000ms watchdog",
            "elapsed_ms": 1999.7835020000057
          },
          {
            "pair": 2,
            "case": "rotated_clipped_click",
            "index": 21,
            "warmup": false,
            "ok": false,
            "error": "Error: operation exceeded 2000ms watchdog",
            "elapsed_ms": 1999.5653340000135
          },
          {
            "pair": 2,
            "case": "rotated_clipped_click",
            "index": 22,
            "warmup": false,
            "ok": false,
            "error": "Error: operation exceeded 2000ms watchdog",
            "elapsed_ms": 1999.9005969999998
          },
          {
            "pair": 2,
            "case": "rotated_clipped_click",
            "index": 23,
            "warmup": false,
            "ok": false,
            "error": "Error: operation exceeded 2000ms watchdog",
            "elapsed_ms": 2000.1572079999896
          },
          {
            "pair": 2,
            "case": "rotated_clipped_click",
            "index": 24,
            "warmup": false,
            "ok": false,
            "error": "TimeoutError: locator.click: Timeout 2000ms exceeded.\nCall log:\n  - waiting for locator('#target')\n    - locator resolved to <button id=\"target\">Geometry</button>\n  - attempting click action\n    2 \u00d7 waiting for element to be visible, enabled and stable\n      - element is visible, enabled and stable\n      - scrolling into view if needed\n      - done scrolling\n      - <html>\u2026</html> intercepts pointer events\n    - retrying click action\n    - waiting 20ms\n    2 \u00d7 waiting for element to be visible, enabled and stable\n      - element is visible, enabled and stable\n      - scrolling into view if needed\n      - done scrolling\n      - <html>\u2026</html> intercepts pointer events\n    - retrying click action\n      - waiting 100ms\n    4 \u00d7 waiting for element to be visible, enabled and stable\n      - element is visible, enabled and stable\n      - scrolling into view if needed\n      - done scrolling\n      - <html>\u2026</html> intercepts pointer events\n    - retrying click action\n      - waiting 500ms\n",
            "elapsed_ms": 2000.2633749999804
          },
          {
            "pair": 2,
            "case": "rotated_clipped_click",
            "index": 25,
            "warmup": false,
            "ok": false,
            "error": "Error: operation exceeded 2000ms watchdog",
            "elapsed_ms": 2000.4806490000046
          },
          {
            "pair": 2,
            "case": "rotated_clipped_click",
            "index": 26,
            "warmup": false,
            "ok": false,
            "error": "Error: operation exceeded 2000ms watchdog",
            "elapsed_ms": 2000.224371999997
          },
          {
            "pair": 2,
            "case": "rotated_clipped_click",
            "index": 27,
            "warmup": false,
            "ok": false,
            "error": "TimeoutError: locator.click: Timeout 2000ms exceeded.\nCall log:\n  - waiting for locator('#target')\n    - locator resolved to <button id=\"target\">Geometry</button>\n  - attempting click action\n    2 \u00d7 waiting for element to be visible, enabled and stable\n      - element is visible, enabled and stable\n      - scrolling into view if needed\n      - done scrolling\n      - <html>\u2026</html> intercepts pointer events\n    - retrying click action\n    - waiting 20ms\n    2 \u00d7 waiting for element to be visible, enabled and stable\n      - element is visible, enabled and stable\n      - scrolling into view if needed\n      - done scrolling\n      - <html>\u2026</html> intercepts pointer events\n    - retrying click action\n      - waiting 100ms\n    4 \u00d7 waiting for element to be visible, enabled and stable\n      - element is visible, enabled and stable\n      - scrolling into view if needed\n      - done scrolling\n      - <html>\u2026</html> intercepts pointer events\n    - retrying click action\n      - waiting 500ms\n",
            "elapsed_ms": 2000.305257
          },
          {
            "pair": 2,
            "case": "rotated_clipped_click",
            "index": 28,
            "warmup": false,
            "ok": false,
            "error": "Error: operation exceeded 2000ms watchdog",
            "elapsed_ms": 1999.4737549999845
          },
          {
            "pair": 2,
            "case": "rotated_clipped_click",
            "index": 29,
            "warmup": false,
            "ok": false,
            "error": "Error: operation exceeded 2000ms watchdog",
            "elapsed_ms": 2000.4073569999891
          },
          {
            "pair": 2,
            "case": "rotated_clipped_click",
            "index": 30,
            "warmup": false,
            "ok": false,
            "error": "Error: operation exceeded 2000ms watchdog",
            "elapsed_ms": 2000.5746559999825
          },
          {
            "pair": 2,
            "case": "rotated_clipped_click",
            "index": 31,
            "warmup": false,
            "ok": false,
            "error": "Error: operation exceeded 2000ms watchdog",
            "elapsed_ms": 2000.4660969999968
          },
          {
            "pair": 2,
            "case": "rotated_clipped_click",
            "index": 32,
            "warmup": false,
            "ok": false,
            "error": "TimeoutError: locator.click: Timeout 2000ms exceeded.\nCall log:\n  - waiting for locator('#target')\n    - locator resolved to <button id=\"target\">Geometry</button>\n  - attempting click action\n    2 \u00d7 waiting for element to be visible, enabled and stable\n      - element is visible, enabled and stable\n      - scrolling into view if needed\n      - done scrolling\n      - <html>\u2026</html> intercepts pointer events\n    - retrying click action\n    - waiting 20ms\n    2 \u00d7 waiting for element to be visible, enabled and stable\n      - element is visible, enabled and stable\n      - scrolling into view if needed\n      - done scrolling\n      - <html>\u2026</html> intercepts pointer events\n    - retrying click action\n      - waiting 100ms\n    4 \u00d7 waiting for element to be visible, enabled and stable\n      - element is visible, enabled and stable\n      - scrolling into view if needed\n      - done scrolling\n      - <html>\u2026</html> intercepts pointer events\n    - retrying click action\n      - waiting 500ms\n",
            "elapsed_ms": 2000.2159800000081
          },
          {
            "pair": 2,
            "case": "rotated_clipped_click",
            "index": 33,
            "warmup": false,
            "ok": false,
            "error": "Error: operation exceeded 2000ms watchdog",
            "elapsed_ms": 1999.9532190000173
          },
          {
            "pair": 2,
            "case": "rotated_clipped_click",
            "index": 34,
            "warmup": false,
            "ok": false,
            "error": "Error: operation exceeded 2000ms watchdog",
            "elapsed_ms": 1999.9791689999984
          },
          {
            "pair": 2,
            "case": "rotated_clipped_click",
            "index": 35,
            "warmup": false,
            "ok": false,
            "error": "Error: operation exceeded 2000ms watchdog",
            "elapsed_ms": 1999.785778999998
          },
          {
            "pair": 2,
            "case": "rotated_clipped_click",
            "index": 36,
            "warmup": false,
            "ok": false,
            "error": "TimeoutError: locator.click: Timeout 2000ms exceeded.\nCall log:\n  - waiting for locator('#target')\n    - locator resolved to <button id=\"target\">Geometry</button>\n  - attempting click action\n    2 \u00d7 waiting for element to be visible, enabled and stable\n      - element is visible, enabled and stable\n      - scrolling into view if needed\n      - done scrolling\n      - <html>\u2026</html> intercepts pointer events\n    - retrying click action\n    - waiting 20ms\n    2 \u00d7 waiting for element to be visible, enabled and stable\n      - element is visible, enabled and stable\n      - scrolling into view if needed\n      - done scrolling\n      - <html>\u2026</html> intercepts pointer events\n    - retrying click action\n      - waiting 100ms\n    4 \u00d7 waiting for element to be visible, enabled and stable\n      - element is visible, enabled and stable\n      - scrolling into view if needed\n      - done scrolling\n      - <html>\u2026</html> intercepts pointer events\n    - retrying click action\n      - waiting 500ms\n",
            "elapsed_ms": 2000.0916110000107
          },
          {
            "pair": 2,
            "case": "rotated_clipped_click",
            "index": 37,
            "warmup": false,
            "ok": false,
            "error": "Error: operation exceeded 2000ms watchdog",
            "elapsed_ms": 2000.0723970000108
          },
          {
            "pair": 2,
            "case": "rotated_clipped_click",
            "index": 38,
            "warmup": false,
            "ok": false,
            "error": "Error: operation exceeded 2000ms watchdog",
            "elapsed_ms": 2000.082870000013
          },
          {
            "pair": 2,
            "case": "rotated_clipped_click",
            "index": 39,
            "warmup": false,
            "ok": false,
            "error": "TimeoutError: locator.click: Timeout 2000ms exceeded.\nCall log:\n  - waiting for locator('#target')\n    - locator resolved to <button id=\"target\">Geometry</button>\n  - attempting click action\n    2 \u00d7 waiting for element to be visible, enabled and stable\n      - element is visible, enabled and stable\n      - scrolling into view if needed\n      - done scrolling\n      - <html>\u2026</html> intercepts pointer events\n    - retrying click action\n    - waiting 20ms\n    2 \u00d7 waiting for element to be visible, enabled and stable\n      - element is visible, enabled and stable\n      - scrolling into view if needed\n      - done scrolling\n      - <html>\u2026</html> intercepts pointer events\n    - retrying click action\n      - waiting 100ms\n    4 \u00d7 waiting for element to be visible, enabled and stable\n      - element is visible, enabled and stable\n      - scrolling into view if needed\n      - done scrolling\n      - <html>\u2026</html> intercepts pointer events\n    - retrying click action\n      - waiting 500ms\n",
            "elapsed_ms": 2000.2714550000092
          },
          {
            "pair": 2,
            "case": "rotated_clipped_click",
            "index": 40,
            "warmup": false,
            "ok": false,
            "error": "Error: operation exceeded 2000ms watchdog",
            "elapsed_ms": 2000.3935490000003
          },
          {
            "pair": 2,
            "case": "rotated_clipped_click",
            "index": 41,
            "warmup": false,
            "ok": false,
            "error": "TimeoutError: locator.click: Timeout 2000ms exceeded.\nCall log:\n  - waiting for locator('#target')\n    - locator resolved to <button id=\"target\">Geometry</button>\n  - attempting click action\n    2 \u00d7 waiting for element to be visible, enabled and stable\n      - element is visible, enabled and stable\n      - scrolling into view if needed\n      - done scrolling\n      - <html>\u2026</html> intercepts pointer events\n    - retrying click action\n    - waiting 20ms\n    2 \u00d7 waiting for element to be visible, enabled and stable\n      - element is visible, enabled and stable\n      - scrolling into view if needed\n      - done scrolling\n      - <html>\u2026</html> intercepts pointer events\n    - retrying click action\n      - waiting 100ms\n    4 \u00d7 waiting for element to be visible, enabled and stable\n      - element is visible, enabled and stable\n      - scrolling into view if needed\n      - done scrolling\n      - <html>\u2026</html> intercepts pointer events\n    - retrying click action\n      - waiting 500ms\n",
            "elapsed_ms": 1999.1336789999914
          },
          {
            "pair": 2,
            "case": "rotated_clipped_click",
            "index": 42,
            "warmup": false,
            "ok": false,
            "error": "Error: operation exceeded 2000ms watchdog",
            "elapsed_ms": 1999.5529390000156
          },
          {
            "pair": 2,
            "case": "rotated_clipped_click",
            "index": 43,
            "warmup": false,
            "ok": false,
            "error": "Error: operation exceeded 2000ms watchdog",
            "elapsed_ms": 1999.781948000018
          },
          {
            "pair": 2,
            "case": "rotated_clipped_click",
            "index": 44,
            "warmup": false,
            "ok": false,
            "error": "Error: operation exceeded 2000ms watchdog",
            "elapsed_ms": 1999.4783269999898
          },
          {
            "pair": 2,
            "case": "rotated_clipped_click",
            "index": 45,
            "warmup": false,
            "ok": false,
            "error": "Error: operation exceeded 2000ms watchdog",
            "elapsed_ms": 1999.9963489999936
          },
          {
            "pair": 2,
            "case": "rotated_clipped_click",
            "index": 46,
            "warmup": false,
            "ok": false,
            "error": "Error: operation exceeded 2000ms watchdog",
            "elapsed_ms": 2000.1293410000217
          },
          {
            "pair": 2,
            "case": "rotated_clipped_click",
            "index": 47,
            "warmup": false,
            "ok": false,
            "error": "Error: operation exceeded 2000ms watchdog",
            "elapsed_ms": 1999.7137759999896
          },
          {
            "pair": 2,
            "case": "rotated_clipped_click",
            "index": 48,
            "warmup": false,
            "ok": false,
            "error": "Error: operation exceeded 2000ms watchdog",
            "elapsed_ms": 2000.2435159999877
          },
          {
            "pair": 2,
            "case": "rotated_clipped_click",
            "index": 49,
            "warmup": false,
            "ok": false,
            "error": "Error: operation exceeded 2000ms watchdog",
            "elapsed_ms": 1999.8425430000061
          },
          {
            "pair": 2,
            "case": "rotated_clipped_click",
            "index": 50,
            "warmup": false,
            "ok": false,
            "error": "Error: operation exceeded 2000ms watchdog",
            "elapsed_ms": 2000.2478090000222
          },
          {
            "pair": 2,
            "case": "mock_return",
            "index": 0,
            "warmup": true,
            "ok": false,
            "error": "Error: network postcondition failed: {\"responses\":[[200,\"network\"],[200,\"network\"]],\"nativeFetch\":true,\"nativeXHR\":true}",
            "elapsed_ms": 45.07695199997397
          },
          {
            "pair": 2,
            "case": "mock_return",
            "index": 1,
            "warmup": false,
            "ok": false,
            "error": "Error: network postcondition failed: {\"responses\":[[200,\"network\"],[200,\"network\"]],\"nativeFetch\":true,\"nativeXHR\":true}",
            "elapsed_ms": 33.3847250000108
          },
          {
            "pair": 2,
            "case": "mock_return",
            "index": 2,
            "warmup": false,
            "ok": false,
            "error": "Error: network postcondition failed: {\"responses\":[[200,\"network\"],[200,\"network\"]],\"nativeFetch\":true,\"nativeXHR\":true}",
            "elapsed_ms": 38.58488199999556
          },
          {
            "pair": 2,
            "case": "mock_return",
            "index": 3,
            "warmup": false,
            "ok": false,
            "error": "Error: network postcondition failed: {\"responses\":[[200,\"network\"],[200,\"network\"]],\"nativeFetch\":true,\"nativeXHR\":true}",
            "elapsed_ms": 35.37353600002825
          },
          {
            "pair": 2,
            "case": "mock_return",
            "index": 4,
            "warmup": false,
            "ok": false,
            "error": "Error: network postcondition failed: {\"responses\":[[200,\"network\"],[200,\"network\"]],\"nativeFetch\":true,\"nativeXHR\":true}",
            "elapsed_ms": 37.02931499999249
          },
          {
            "pair": 2,
            "case": "mock_return",
            "index": 5,
            "warmup": false,
            "ok": false,
            "error": "Error: network postcondition failed: {\"responses\":[[200,\"network\"],[200,\"network\"]],\"nativeFetch\":true,\"nativeXHR\":true}",
            "elapsed_ms": 28.03293799998937
          },
          {
            "pair": 2,
            "case": "mock_return",
            "index": 6,
            "warmup": false,
            "ok": false,
            "error": "Error: network postcondition failed: {\"responses\":[[200,\"network\"],[200,\"network\"]],\"nativeFetch\":true,\"nativeXHR\":true}",
            "elapsed_ms": 27.277650000003632
          },
          {
            "pair": 2,
            "case": "mock_return",
            "index": 7,
            "warmup": false,
            "ok": false,
            "error": "Error: network postcondition failed: {\"responses\":[[200,\"network\"],[200,\"network\"]],\"nativeFetch\":true,\"nativeXHR\":true}",
            "elapsed_ms": 55.399328999978025
          },
          {
            "pair": 2,
            "case": "mock_return",
            "index": 8,
            "warmup": false,
            "ok": false,
            "error": "Error: network postcondition failed: {\"responses\":[[200,\"network\"],[200,\"network\"]],\"nativeFetch\":true,\"nativeXHR\":true}",
            "elapsed_ms": 27.65723099996103
          },
          {
            "pair": 2,
            "case": "mock_return",
            "index": 9,
            "warmup": false,
            "ok": false,
            "error": "Error: network postcondition failed: {\"responses\":[[200,\"network\"],[200,\"network\"]],\"nativeFetch\":true,\"nativeXHR\":true}",
            "elapsed_ms": 27.406801000004634
          },
          {
            "pair": 2,
            "case": "mock_return",
            "index": 10,
            "warmup": false,
            "ok": false,
            "error": "Error: network postcondition failed: {\"responses\":[[200,\"network\"],[200,\"network\"]],\"nativeFetch\":true,\"nativeXHR\":true}",
            "elapsed_ms": 28.846743000030983
          },
          {
            "pair": 2,
            "case": "mock_return",
            "index": 11,
            "warmup": false,
            "ok": false,
            "error": "Error: network postcondition failed: {\"responses\":[[200,\"network\"],[200,\"network\"]],\"nativeFetch\":true,\"nativeXHR\":true}",
            "elapsed_ms": 52.2745199999772
          },
          {
            "pair": 2,
            "case": "mock_return",
            "index": 12,
            "warmup": false,
            "ok": false,
            "error": "Error: network postcondition failed: {\"responses\":[[200,\"network\"],[200,\"network\"]],\"nativeFetch\":true,\"nativeXHR\":true}",
            "elapsed_ms": 26.245232000015676
          },
          {
            "pair": 2,
            "case": "mock_return",
            "index": 13,
            "warmup": false,
            "ok": false,
            "error": "Error: network postcondition failed: {\"responses\":[[200,\"network\"],[200,\"network\"]],\"nativeFetch\":true,\"nativeXHR\":true}",
            "elapsed_ms": 44.58651799999643
          },
          {
            "pair": 2,
            "case": "mock_return",
            "index": 14,
            "warmup": false,
            "ok": false,
            "error": "Error: network postcondition failed: {\"responses\":[[200,\"network\"],[200,\"network\"]],\"nativeFetch\":true,\"nativeXHR\":true}",
            "elapsed_ms": 33.34740599995712
          },
          {
            "pair": 2,
            "case": "mock_return",
            "index": 15,
            "warmup": false,
            "ok": false,
            "error": "Error: network postcondition failed: {\"responses\":[[200,\"network\"],[200,\"network\"]],\"nativeFetch\":true,\"nativeXHR\":true}",
            "elapsed_ms": 28.385817000002135
          },
          {
            "pair": 2,
            "case": "mock_return",
            "index": 16,
            "warmup": false,
            "ok": false,
            "error": "Error: network postcondition failed: {\"responses\":[[200,\"network\"],[200,\"network\"]],\"nativeFetch\":true,\"nativeXHR\":true}",
            "elapsed_ms": 29.456056000024546
          },
          {
            "pair": 2,
            "case": "mock_return",
            "index": 17,
            "warmup": false,
            "ok": false,
            "error": "Error: network postcondition failed: {\"responses\":[[200,\"network\"],[200,\"network\"]],\"nativeFetch\":true,\"nativeXHR\":true}",
            "elapsed_ms": 28.98394599999301
          },
          {
            "pair": 2,
            "case": "mock_return",
            "index": 18,
            "warmup": false,
            "ok": false,
            "error": "Error: network postcondition failed: {\"responses\":[[200,\"network\"],[200,\"network\"]],\"nativeFetch\":true,\"nativeXHR\":true}",
            "elapsed_ms": 27.956185000017285
          },
          {
            "pair": 2,
            "case": "mock_return",
            "index": 19,
            "warmup": false,
            "ok": false,
            "error": "Error: network postcondition failed: {\"responses\":[[200,\"network\"],[200,\"network\"]],\"nativeFetch\":true,\"nativeXHR\":true}",
            "elapsed_ms": 28.211991999996826
          },
          {
            "pair": 2,
            "case": "mock_return",
            "index": 20,
            "warmup": false,
            "ok": false,
            "error": "Error: network postcondition failed: {\"responses\":[[200,\"network\"],[200,\"network\"]],\"nativeFetch\":true,\"nativeXHR\":true}",
            "elapsed_ms": 56.74686199997086
          },
          {
            "pair": 2,
            "case": "mock_return",
            "index": 21,
            "warmup": false,
            "ok": false,
            "error": "Error: network postcondition failed: {\"responses\":[[200,\"network\"],[200,\"network\"]],\"nativeFetch\":true,\"nativeXHR\":true}",
            "elapsed_ms": 27.33646999998018
          },
          {
            "pair": 2,
            "case": "mock_return",
            "index": 22,
            "warmup": false,
            "ok": false,
            "error": "Error: network postcondition failed: {\"responses\":[[200,\"network\"],[200,\"network\"]],\"nativeFetch\":true,\"nativeXHR\":true}",
            "elapsed_ms": 26.09889900003327
          },
          {
            "pair": 2,
            "case": "mock_return",
            "index": 23,
            "warmup": false,
            "ok": false,
            "error": "Error: network postcondition failed: {\"responses\":[[200,\"network\"],[200,\"network\"]],\"nativeFetch\":true,\"nativeXHR\":true}",
            "elapsed_ms": 38.36062300001504
          },
          {
            "pair": 2,
            "case": "mock_return",
            "index": 24,
            "warmup": false,
            "ok": false,
            "error": "Error: network postcondition failed: {\"responses\":[[200,\"network\"],[200,\"network\"]],\"nativeFetch\":true,\"nativeXHR\":true}",
            "elapsed_ms": 29.59320000000298
          },
          {
            "pair": 2,
            "case": "mock_return",
            "index": 25,
            "warmup": false,
            "ok": false,
            "error": "Error: network postcondition failed: {\"responses\":[[200,\"network\"],[200,\"network\"]],\"nativeFetch\":true,\"nativeXHR\":true}",
            "elapsed_ms": 28.304550000000745
          },
          {
            "pair": 2,
            "case": "mock_return",
            "index": 26,
            "warmup": false,
            "ok": false,
            "error": "Error: network postcondition failed: {\"responses\":[[200,\"network\"],[200,\"network\"]],\"nativeFetch\":true,\"nativeXHR\":true}",
            "elapsed_ms": 30.505987000011373
          },
          {
            "pair": 2,
            "case": "mock_return",
            "index": 27,
            "warmup": false,
            "ok": false,
            "error": "Error: network postcondition failed: {\"responses\":[[200,\"network\"],[200,\"network\"]],\"nativeFetch\":true,\"nativeXHR\":true}",
            "elapsed_ms": 54.431049999955576
          },
          {
            "pair": 2,
            "case": "mock_return",
            "index": 28,
            "warmup": false,
            "ok": false,
            "error": "Error: network postcondition failed: {\"responses\":[[200,\"network\"],[200,\"network\"]],\"nativeFetch\":true,\"nativeXHR\":true}",
            "elapsed_ms": 29.61925099999644
          },
          {
            "pair": 2,
            "case": "mock_return",
            "index": 29,
            "warmup": false,
            "ok": false,
            "error": "Error: network postcondition failed: {\"responses\":[[200,\"network\"],[200,\"network\"]],\"nativeFetch\":true,\"nativeXHR\":true}",
            "elapsed_ms": 30.385193999973126
          },
          {
            "pair": 2,
            "case": "mock_return",
            "index": 30,
            "warmup": false,
            "ok": false,
            "error": "Error: network postcondition failed: {\"responses\":[[200,\"network\"],[200,\"network\"]],\"nativeFetch\":true,\"nativeXHR\":true}",
            "elapsed_ms": 37.03622000000905
          },
          {
            "pair": 2,
            "case": "mock_return",
            "index": 31,
            "warmup": false,
            "ok": false,
            "error": "Error: network postcondition failed: {\"responses\":[[200,\"network\"],[200,\"network\"]],\"nativeFetch\":true,\"nativeXHR\":true}",
            "elapsed_ms": 28.111570000008214
          },
          {
            "pair": 2,
            "case": "mock_return",
            "index": 32,
            "warmup": false,
            "ok": false,
            "error": "Error: network postcondition failed: {\"responses\":[[200,\"network\"],[200,\"network\"]],\"nativeFetch\":true,\"nativeXHR\":true}",
            "elapsed_ms": 27.37681699998211
          },
          {
            "pair": 2,
            "case": "mock_return",
            "index": 33,
            "warmup": false,
            "ok": false,
            "error": "Error: network postcondition failed: {\"responses\":[[200,\"network\"],[200,\"network\"]],\"nativeFetch\":true,\"nativeXHR\":true}",
            "elapsed_ms": 30.124952999991365
          },
          {
            "pair": 2,
            "case": "mock_return",
            "index": 34,
            "warmup": false,
            "ok": false,
            "error": "Error: network postcondition failed: {\"responses\":[[200,\"network\"],[200,\"network\"]],\"nativeFetch\":true,\"nativeXHR\":true}",
            "elapsed_ms": 49.35122000001138
          },
          {
            "pair": 2,
            "case": "mock_return",
            "index": 35,
            "warmup": false,
            "ok": false,
            "error": "Error: network postcondition failed: {\"responses\":[[200,\"network\"],[200,\"network\"]],\"nativeFetch\":true,\"nativeXHR\":true}",
            "elapsed_ms": 27.23935899999924
          },
          {
            "pair": 2,
            "case": "mock_return",
            "index": 36,
            "warmup": false,
            "ok": false,
            "error": "Error: network postcondition failed: {\"responses\":[[200,\"network\"],[200,\"network\"]],\"nativeFetch\":true,\"nativeXHR\":true}",
            "elapsed_ms": 29.305141999968328
          },
          {
            "pair": 2,
            "case": "mock_return",
            "index": 37,
            "warmup": false,
            "ok": false,
            "error": "Error: network postcondition failed: {\"responses\":[[200,\"network\"],[200,\"network\"]],\"nativeFetch\":true,\"nativeXHR\":true}",
            "elapsed_ms": 28.69654099998297
          },
          {
            "pair": 2,
            "case": "mock_return",
            "index": 38,
            "warmup": false,
            "ok": false,
            "error": "Error: network postcondition failed: {\"responses\":[[200,\"network\"],[200,\"network\"]],\"nativeFetch\":true,\"nativeXHR\":true}",
            "elapsed_ms": 30.44235100003425
          },
          {
            "pair": 2,
            "case": "mock_return",
            "index": 39,
            "warmup": false,
            "ok": false,
            "error": "Error: network postcondition failed: {\"responses\":[[200,\"network\"],[200,\"network\"]],\"nativeFetch\":true,\"nativeXHR\":true}",
            "elapsed_ms": 29.686389999988023
          },
          {
            "pair": 2,
            "case": "mock_return",
            "index": 40,
            "warmup": false,
            "ok": false,
            "error": "Error: network postcondition failed: {\"responses\":[[200,\"network\"],[200,\"network\"]],\"nativeFetch\":true,\"nativeXHR\":true}",
            "elapsed_ms": 26.764858999988064
          },
          {
            "pair": 2,
            "case": "mock_return",
            "index": 41,
            "warmup": false,
            "ok": false,
            "error": "Error: network postcondition failed: {\"responses\":[[200,\"network\"],[200,\"network\"]],\"nativeFetch\":true,\"nativeXHR\":true}",
            "elapsed_ms": 52.94187500001863
          },
          {
            "pair": 2,
            "case": "mock_return",
            "index": 42,
            "warmup": false,
            "ok": false,
            "error": "Error: network postcondition failed: {\"responses\":[[200,\"network\"],[200,\"network\"]],\"nativeFetch\":true,\"nativeXHR\":true}",
            "elapsed_ms": 31.39717399998335
          },
          {
            "pair": 2,
            "case": "mock_return",
            "index": 43,
            "warmup": false,
            "ok": false,
            "error": "Error: network postcondition failed: {\"responses\":[[200,\"network\"],[200,\"network\"]],\"nativeFetch\":true,\"nativeXHR\":true}",
            "elapsed_ms": 35.41578500001924
          },
          {
            "pair": 2,
            "case": "mock_return",
            "index": 44,
            "warmup": false,
            "ok": false,
            "error": "Error: network postcondition failed: {\"responses\":[[200,\"network\"],[200,\"network\"]],\"nativeFetch\":true,\"nativeXHR\":true}",
            "elapsed_ms": 43.84467899997253
          },
          {
            "pair": 2,
            "case": "mock_return",
            "index": 45,
            "warmup": false,
            "ok": false,
            "error": "Error: network postcondition failed: {\"responses\":[[200,\"network\"],[200,\"network\"]],\"nativeFetch\":true,\"nativeXHR\":true}",
            "elapsed_ms": 27.558724000002258
          },
          {
            "pair": 2,
            "case": "mock_return",
            "index": 46,
            "warmup": false,
            "ok": false,
            "error": "Error: network postcondition failed: {\"responses\":[[200,\"network\"],[200,\"network\"]],\"nativeFetch\":true,\"nativeXHR\":true}",
            "elapsed_ms": 28.793713000020944
          },
          {
            "pair": 2,
            "case": "mock_return",
            "index": 47,
            "warmup": false,
            "ok": false,
            "error": "Error: network postcondition failed: {\"responses\":[[200,\"network\"],[200,\"network\"]],\"nativeFetch\":true,\"nativeXHR\":true}",
            "elapsed_ms": 29.512546000012662
          },
          {
            "pair": 2,
            "case": "mock_return",
            "index": 48,
            "warmup": false,
            "ok": false,
            "error": "Error: network postcondition failed: {\"responses\":[[200,\"network\"],[200,\"network\"]],\"nativeFetch\":true,\"nativeXHR\":true}",
            "elapsed_ms": 37.81365500000538
          },
          {
            "pair": 2,
            "case": "mock_return",
            "index": 49,
            "warmup": false,
            "ok": false,
            "error": "Error: network postcondition failed: {\"responses\":[[200,\"network\"],[200,\"network\"]],\"nativeFetch\":true,\"nativeXHR\":true}",
            "elapsed_ms": 29.67760100000305
          },
          {
            "pair": 2,
            "case": "mock_return",
            "index": 50,
            "warmup": false,
            "ok": false,
            "error": "Error: network postcondition failed: {\"responses\":[[200,\"network\"],[200,\"network\"]],\"nativeFetch\":true,\"nativeXHR\":true}",
            "elapsed_ms": 28.99376400001347
          }
        ]
      }
    }
  },
  {
    "host": "host-3",
    "available": true,
    "report_sha256": "9d9c75e3cd1374f1ca7c729257ad9f95ede5f0ab0a97157d58b1e7edac14f80b",
    "status": "complete",
    "complete": true,
    "actual_identities": {
      "commit": "87f6180e4922ca860e10f91701e6032e6cb85390",
      "chrome_version": "155.0.8059.39",
      "playwright_core": "1.64.0",
      "node": "v24.19.0",
      "rustc": "rustc 1.99.0 (b940084d7 2026-09-28)",
      "rust_binary_sha256": "5349c63284929d06fbc7f492478019ae7e70476742b78f588baf5ee4f95a0e65",
      "chrome_binary_sha256": "ed05e73a2cdf875326fcfa438b31c71a6a885a353610731dd52090dfc476f778"
    },
    "pins_verified": true,
    "source_selected_count": 100,
    "source_selected_sha256_equal": true,
    "empty_git_status_verified": true,
    "whole_declared_source_count": 3641,
    "whole_declared_source_sha256_equal_head": true,
    "schema_and_original_raw_sidecars_verified": true,
    "load_error": null,
    "counts": {
      "rustwright": {
        "measured_attempts": 1600,
        "measured_successes": 1600,
        "warmup_attempts": 32,
        "warmup_successes": 32,
        "failures": []
      },
      "playwright-core": {
        "measured_attempts": 1600,
        "measured_successes": 1400,
        "warmup_attempts": 32,
        "warmup_successes": 28,
        "failures": [
          {
            "pair": 1,
            "case": "rotated_clipped_click",
            "index": 0,
            "warmup": true,
            "ok": false,
            "error": "TimeoutError: locator.click: Timeout 2000ms exceeded.\nCall log:\n  - waiting for locator('#target')\n    - locator resolved to <button id=\"target\">Geometry</button>\n  - attempting click action\n    2 \u00d7 waiting for element to be visible, enabled and stable\n      - element is visible, enabled and stable\n      - scrolling into view if needed\n      - done scrolling\n      - <html>\u2026</html> intercepts pointer events\n    - retrying click action\n    - waiting 20ms\n    2 \u00d7 waiting for element to be visible, enabled and stable\n      - element is visible, enabled and stable\n      - scrolling into view if needed\n      - done scrolling\n      - <html>\u2026</html> intercepts pointer events\n    - retrying click action\n      - waiting 100ms\n    4 \u00d7 waiting for element to be visible, enabled and stable\n      - element is visible, enabled and stable\n      - scrolling into view if needed\n      - done scrolling\n      - <html>\u2026</html> intercepts pointer events\n    - retrying click action\n      - waiting 500ms\n",
            "elapsed_ms": 2001.654337999993
          },
          {
            "pair": 1,
            "case": "rotated_clipped_click",
            "index": 1,
            "warmup": false,
            "ok": false,
            "error": "Error: operation exceeded 2000ms watchdog",
            "elapsed_ms": 2001.2475010000053
          },
          {
            "pair": 1,
            "case": "rotated_clipped_click",
            "index": 2,
            "warmup": false,
            "ok": false,
            "error": "Error: operation exceeded 2000ms watchdog",
            "elapsed_ms": 2000.2295779999986
          },
          {
            "pair": 1,
            "case": "rotated_clipped_click",
            "index": 3,
            "warmup": false,
            "ok": false,
            "error": "TimeoutError: locator.click: Timeout 2000ms exceeded.\nCall log:\n  - waiting for locator('#target')\n    - locator resolved to <button id=\"target\">Geometry</button>\n  - attempting click action\n    2 \u00d7 waiting for element to be visible, enabled and stable\n      - element is visible, enabled and stable\n      - scrolling into view if needed\n      - done scrolling\n      - <html>\u2026</html> intercepts pointer events\n    - retrying click action\n    - waiting 20ms\n    2 \u00d7 waiting for element to be visible, enabled and stable\n      - element is visible, enabled and stable\n      - scrolling into view if needed\n      - done scrolling\n      - <html>\u2026</html> intercepts pointer events\n    - retrying click action\n      - waiting 100ms\n    4 \u00d7 waiting for element to be visible, enabled and stable\n      - element is visible, enabled and stable\n      - scrolling into view if needed\n      - done scrolling\n      - <html>\u2026</html> intercepts pointer events\n    - retrying click action\n      - waiting 500ms\n",
            "elapsed_ms": 1999.6571889999905
          },
          {
            "pair": 1,
            "case": "rotated_clipped_click",
            "index": 4,
            "warmup": false,
            "ok": false,
            "error": "Error: operation exceeded 2000ms watchdog",
            "elapsed_ms": 1999.8097940000007
          },
          {
            "pair": 1,
            "case": "rotated_clipped_click",
            "index": 5,
            "warmup": false,
            "ok": false,
            "error": "TimeoutError: locator.click: Timeout 2000ms exceeded.\nCall log:\n  - waiting for locator('#target')\n    - locator resolved to <button id=\"target\">Geometry</button>\n  - attempting click action\n    2 \u00d7 waiting for element to be visible, enabled and stable\n      - element is visible, enabled and stable\n      - scrolling into view if needed\n      - done scrolling\n      - <html>\u2026</html> intercepts pointer events\n    - retrying click action\n    - waiting 20ms\n    2 \u00d7 waiting for element to be visible, enabled and stable\n      - element is visible, enabled and stable\n      - scrolling into view if needed\n      - done scrolling\n      - <html>\u2026</html> intercepts pointer events\n    - retrying click action\n      - waiting 100ms\n    4 \u00d7 waiting for element to be visible, enabled and stable\n      - element is visible, enabled and stable\n      - scrolling into view if needed\n      - done scrolling\n      - <html>\u2026</html> intercepts pointer events\n    - retrying click action\n      - waiting 500ms\n",
            "elapsed_ms": 2000.1647780000058
          },
          {
            "pair": 1,
            "case": "rotated_clipped_click",
            "index": 6,
            "warmup": false,
            "ok": false,
            "error": "TimeoutError: locator.click: Timeout 2000ms exceeded.\nCall log:\n  - waiting for locator('#target')\n    - locator resolved to <button id=\"target\">Geometry</button>\n  - attempting click action\n    2 \u00d7 waiting for element to be visible, enabled and stable\n      - element is visible, enabled and stable\n      - scrolling into view if needed\n      - done scrolling\n      - <html>\u2026</html> intercepts pointer events\n    - retrying click action\n    - waiting 20ms\n    2 \u00d7 waiting for element to be visible, enabled and stable\n      - element is visible, enabled and stable\n      - scrolling into view if needed\n      - done scrolling\n      - <html>\u2026</html> intercepts pointer events\n    - retrying click action\n      - waiting 100ms\n    4 \u00d7 waiting for element to be visible, enabled and stable\n      - element is visible, enabled and stable\n      - scrolling into view if needed\n      - done scrolling\n      - <html>\u2026</html> intercepts pointer events\n    - retrying click action\n      - waiting 500ms\n",
            "elapsed_ms": 1999.9846469999757
          },
          {
            "pair": 1,
            "case": "rotated_clipped_click",
            "index": 7,
            "warmup": false,
            "ok": false,
            "error": "Error: operation exceeded 2000ms watchdog",
            "elapsed_ms": 1999.9952460000059
          },
          {
            "pair": 1,
            "case": "rotated_clipped_click",
            "index": 8,
            "warmup": false,
            "ok": false,
            "error": "TimeoutError: locator.click: Timeout 2000ms exceeded.\nCall log:\n  - waiting for locator('#target')\n    - locator resolved to <button id=\"target\">Geometry</button>\n  - attempting click action\n    2 \u00d7 waiting for element to be visible, enabled and stable\n      - element is visible, enabled and stable\n      - scrolling into view if needed\n      - done scrolling\n      - <html>\u2026</html> intercepts pointer events\n    - retrying click action\n    - waiting 20ms\n    2 \u00d7 waiting for element to be visible, enabled and stable\n      - element is visible, enabled and stable\n      - scrolling into view if needed\n      - done scrolling\n      - <html>\u2026</html> intercepts pointer events\n    - retrying click action\n      - waiting 100ms\n    4 \u00d7 waiting for element to be visible, enabled and stable\n      - element is visible, enabled and stable\n      - scrolling into view if needed\n      - done scrolling\n      - <html>\u2026</html> intercepts pointer events\n    - retrying click action\n      - waiting 500ms\n",
            "elapsed_ms": 2000.1399889999884
          },
          {
            "pair": 1,
            "case": "rotated_clipped_click",
            "index": 9,
            "warmup": false,
            "ok": false,
            "error": "Error: operation exceeded 2000ms watchdog",
            "elapsed_ms": 2000.3673899999994
          },
          {
            "pair": 1,
            "case": "rotated_clipped_click",
            "index": 10,
            "warmup": false,
            "ok": false,
            "error": "TimeoutError: locator.click: Timeout 2000ms exceeded.\nCall log:\n  - waiting for locator('#target')\n    - locator resolved to <button id=\"target\">Geometry</button>\n  - attempting click action\n    2 \u00d7 waiting for element to be visible, enabled and stable\n      - element is visible, enabled and stable\n      - scrolling into view if needed\n      - done scrolling\n      - <html>\u2026</html> intercepts pointer events\n    - retrying click action\n    - waiting 20ms\n    2 \u00d7 waiting for element to be visible, enabled and stable\n      - element is visible, enabled and stable\n      - scrolling into view if needed\n      - done scrolling\n      - <html>\u2026</html> intercepts pointer events\n    - retrying click action\n      - waiting 100ms\n    4 \u00d7 waiting for element to be visible, enabled and stable\n      - element is visible, enabled and stable\n      - scrolling into view if needed\n      - done scrolling\n      - <html>\u2026</html> intercepts pointer events\n    - retrying click action\n      - waiting 500ms\n",
            "elapsed_ms": 2000.379083000007
          },
          {
            "pair": 1,
            "case": "rotated_clipped_click",
            "index": 11,
            "warmup": false,
            "ok": false,
            "error": "Error: operation exceeded 2000ms watchdog",
            "elapsed_ms": 2000.4945270000026
          },
          {
            "pair": 1,
            "case": "rotated_clipped_click",
            "index": 12,
            "warmup": false,
            "ok": false,
            "error": "TimeoutError: locator.click: Timeout 2000ms exceeded.\nCall log:\n  - waiting for locator('#target')\n    - locator resolved to <button id=\"target\">Geometry</button>\n  - attempting click action\n    2 \u00d7 waiting for element to be visible, enabled and stable\n      - element is visible, enabled and stable\n      - scrolling into view if needed\n      - done scrolling\n      - <html>\u2026</html> intercepts pointer events\n    - retrying click action\n    - waiting 20ms\n    2 \u00d7 waiting for element to be visible, enabled and stable\n      - element is visible, enabled and stable\n      - scrolling into view if needed\n      - done scrolling\n      - <html>\u2026</html> intercepts pointer events\n    - retrying click action\n      - waiting 100ms\n    4 \u00d7 waiting for element to be visible, enabled and stable\n      - element is visible, enabled and stable\n      - scrolling into view if needed\n      - done scrolling\n      - <html>\u2026</html> intercepts pointer events\n    - retrying click action\n      - waiting 500ms\n",
            "elapsed_ms": 1999.8948399999936
          },
          {
            "pair": 1,
            "case": "rotated_clipped_click",
            "index": 13,
            "warmup": false,
            "ok": false,
            "error": "Error: operation exceeded 2000ms watchdog",
            "elapsed_ms": 1999.669779000018
          },
          {
            "pair": 1,
            "case": "rotated_clipped_click",
            "index": 14,
            "warmup": false,
            "ok": false,
            "error": "Error: operation exceeded 2000ms watchdog",
            "elapsed_ms": 1999.8515210000041
          },
          {
            "pair": 1,
            "case": "rotated_clipped_click",
            "index": 15,
            "warmup": false,
            "ok": false,
            "error": "TimeoutError: locator.click: Timeout 2000ms exceeded.\nCall log:\n  - waiting for locator('#target')\n    - locator resolved to <button id=\"target\">Geometry</button>\n  - attempting click action\n    2 \u00d7 waiting for element to be visible, enabled and stable\n      - element is visible, enabled and stable\n      - scrolling into view if needed\n      - done scrolling\n      - <html>\u2026</html> intercepts pointer events\n    - retrying click action\n    - waiting 20ms\n    2 \u00d7 waiting for element to be visible, enabled and stable\n      - element is visible, enabled and stable\n      - scrolling into view if needed\n      - done scrolling\n      - <html>\u2026</html> intercepts pointer events\n    - retrying click action\n      - waiting 100ms\n    4 \u00d7 waiting for element to be visible, enabled and stable\n      - element is visible, enabled and stable\n      - scrolling into view if needed\n      - done scrolling\n      - <html>\u2026</html> intercepts pointer events\n    - retrying click action\n      - waiting 500ms\n",
            "elapsed_ms": 2000.1318809999793
          },
          {
            "pair": 1,
            "case": "rotated_clipped_click",
            "index": 16,
            "warmup": false,
            "ok": false,
            "error": "Error: operation exceeded 2000ms watchdog",
            "elapsed_ms": 2000.216511000006
          },
          {
            "pair": 1,
            "case": "rotated_clipped_click",
            "index": 17,
            "warmup": false,
            "ok": false,
            "error": "TimeoutError: locator.click: Timeout 2000ms exceeded.\nCall log:\n  - waiting for locator('#target')\n    - locator resolved to <button id=\"target\">Geometry</button>\n  - attempting click action\n    2 \u00d7 waiting for element to be visible, enabled and stable\n      - element is visible, enabled and stable\n      - scrolling into view if needed\n      - done scrolling\n      - <html>\u2026</html> intercepts pointer events\n    - retrying click action\n    - waiting 20ms\n    2 \u00d7 waiting for element to be visible, enabled and stable\n      - element is visible, enabled and stable\n      - scrolling into view if needed\n      - done scrolling\n      - <html>\u2026</html> intercepts pointer events\n    - retrying click action\n      - waiting 100ms\n    4 \u00d7 waiting for element to be visible, enabled and stable\n      - element is visible, enabled and stable\n      - scrolling into view if needed\n      - done scrolling\n      - <html>\u2026</html> intercepts pointer events\n    - retrying click action\n      - waiting 500ms\n",
            "elapsed_ms": 1999.6399239999882
          },
          {
            "pair": 1,
            "case": "rotated_clipped_click",
            "index": 18,
            "warmup": false,
            "ok": false,
            "error": "Error: operation exceeded 2000ms watchdog",
            "elapsed_ms": 2000.426185999997
          },
          {
            "pair": 1,
            "case": "rotated_clipped_click",
            "index": 19,
            "warmup": false,
            "ok": false,
            "error": "Error: operation exceeded 2000ms watchdog",
            "elapsed_ms": 2000.0037659999798
          },
          {
            "pair": 1,
            "case": "rotated_clipped_click",
            "index": 20,
            "warmup": false,
            "ok": false,
            "error": "Error: operation exceeded 2000ms watchdog",
            "elapsed_ms": 1999.4735109999892
          },
          {
            "pair": 1,
            "case": "rotated_clipped_click",
            "index": 21,
            "warmup": false,
            "ok": false,
            "error": "Error: operation exceeded 2000ms watchdog",
            "elapsed_ms": 2000.4048459999904
          },
          {
            "pair": 1,
            "case": "rotated_clipped_click",
            "index": 22,
            "warmup": false,
            "ok": false,
            "error": "Error: operation exceeded 2000ms watchdog",
            "elapsed_ms": 1999.4767960000027
          },
          {
            "pair": 1,
            "case": "rotated_clipped_click",
            "index": 23,
            "warmup": false,
            "ok": false,
            "error": "Error: operation exceeded 2000ms watchdog",
            "elapsed_ms": 2000.4825909999781
          },
          {
            "pair": 1,
            "case": "rotated_clipped_click",
            "index": 24,
            "warmup": false,
            "ok": false,
            "error": "Error: operation exceeded 2000ms watchdog",
            "elapsed_ms": 2000.1139509999775
          },
          {
            "pair": 1,
            "case": "rotated_clipped_click",
            "index": 25,
            "warmup": false,
            "ok": false,
            "error": "Error: operation exceeded 2000ms watchdog",
            "elapsed_ms": 2000.3268929999904
          },
          {
            "pair": 1,
            "case": "rotated_clipped_click",
            "index": 26,
            "warmup": false,
            "ok": false,
            "error": "Error: operation exceeded 2000ms watchdog",
            "elapsed_ms": 2000.112747999985
          },
          {
            "pair": 1,
            "case": "rotated_clipped_click",
            "index": 27,
            "warmup": false,
            "ok": false,
            "error": "Error: operation exceeded 2000ms watchdog",
            "elapsed_ms": 2000.0733459999901
          },
          {
            "pair": 1,
            "case": "rotated_clipped_click",
            "index": 28,
            "warmup": false,
            "ok": false,
            "error": "Error: operation exceeded 2000ms watchdog",
            "elapsed_ms": 1999.752999999997
          },
          {
            "pair": 1,
            "case": "rotated_clipped_click",
            "index": 29,
            "warmup": false,
            "ok": false,
            "error": "TimeoutError: locator.click: Timeout 2000ms exceeded.\nCall log:\n  - waiting for locator('#target')\n    - locator resolved to <button id=\"target\">Geometry</button>\n  - attempting click action\n    2 \u00d7 waiting for element to be visible, enabled and stable\n      - element is visible, enabled and stable\n      - scrolling into view if needed\n      - done scrolling\n      - <html>\u2026</html> intercepts pointer events\n    - retrying click action\n    - waiting 20ms\n    2 \u00d7 waiting for element to be visible, enabled and stable\n      - element is visible, enabled and stable\n      - scrolling into view if needed\n      - done scrolling\n      - <html>\u2026</html> intercepts pointer events\n    - retrying click action\n      - waiting 100ms\n    4 \u00d7 waiting for element to be visible, enabled and stable\n      - element is visible, enabled and stable\n      - scrolling into view if needed\n      - done scrolling\n      - <html>\u2026</html> intercepts pointer events\n    - retrying click action\n      - waiting 500ms\n",
            "elapsed_ms": 1999.6792549999955
          },
          {
            "pair": 1,
            "case": "rotated_clipped_click",
            "index": 30,
            "warmup": false,
            "ok": false,
            "error": "Error: operation exceeded 2000ms watchdog",
            "elapsed_ms": 2000.3196569999855
          },
          {
            "pair": 1,
            "case": "rotated_clipped_click",
            "index": 31,
            "warmup": false,
            "ok": false,
            "error": "Error: operation exceeded 2000ms watchdog",
            "elapsed_ms": 1999.9167590000143
          },
          {
            "pair": 1,
            "case": "rotated_clipped_click",
            "index": 32,
            "warmup": false,
            "ok": false,
            "error": "Error: operation exceeded 2000ms watchdog",
            "elapsed_ms": 2000.0084340000176
          },
          {
            "pair": 1,
            "case": "rotated_clipped_click",
            "index": 33,
            "warmup": false,
            "ok": false,
            "error": "Error: operation exceeded 2000ms watchdog",
            "elapsed_ms": 1999.7964649999922
          },
          {
            "pair": 1,
            "case": "rotated_clipped_click",
            "index": 34,
            "warmup": false,
            "ok": false,
            "error": "Error: operation exceeded 2000ms watchdog",
            "elapsed_ms": 1999.6549130000058
          },
          {
            "pair": 1,
            "case": "rotated_clipped_click",
            "index": 35,
            "warmup": false,
            "ok": false,
            "error": "Error: operation exceeded 2000ms watchdog",
            "elapsed_ms": 2000.2506040000007
          },
          {
            "pair": 1,
            "case": "rotated_clipped_click",
            "index": 36,
            "warmup": false,
            "ok": false,
            "error": "Error: operation exceeded 2000ms watchdog",
            "elapsed_ms": 2000.0554370000027
          },
          {
            "pair": 1,
            "case": "rotated_clipped_click",
            "index": 37,
            "warmup": false,
            "ok": false,
            "error": "Error: operation exceeded 2000ms watchdog",
            "elapsed_ms": 2000.7104239999899
          },
          {
            "pair": 1,
            "case": "rotated_clipped_click",
            "index": 38,
            "warmup": false,
            "ok": false,
            "error": "Error: operation exceeded 2000ms watchdog",
            "elapsed_ms": 2000.3288410000096
          },
          {
            "pair": 1,
            "case": "rotated_clipped_click",
            "index": 39,
            "warmup": false,
            "ok": false,
            "error": "TimeoutError: locator.click: Timeout 2000ms exceeded.\nCall log:\n  - waiting for locator('#target')\n    - locator resolved to <button id=\"target\">Geometry</button>\n  - attempting click action\n    2 \u00d7 waiting for element to be visible, enabled and stable\n      - element is visible, enabled and stable\n      - scrolling into view if needed\n      - done scrolling\n      - <html>\u2026</html> intercepts pointer events\n    - retrying click action\n    - waiting 20ms\n    2 \u00d7 waiting for element to be visible, enabled and stable\n      - element is visible, enabled and stable\n      - scrolling into view if needed\n      - done scrolling\n      - <html>\u2026</html> intercepts pointer events\n    - retrying click action\n      - waiting 100ms\n    4 \u00d7 waiting for element to be visible, enabled and stable\n      - element is visible, enabled and stable\n      - scrolling into view if needed\n      - done scrolling\n      - <html>\u2026</html> intercepts pointer events\n    - retrying click action\n      - waiting 500ms\n",
            "elapsed_ms": 1999.6500890000025
          },
          {
            "pair": 1,
            "case": "rotated_clipped_click",
            "index": 40,
            "warmup": false,
            "ok": false,
            "error": "TimeoutError: locator.click: Timeout 2000ms exceeded.\nCall log:\n  - waiting for locator('#target')\n    - locator resolved to <button id=\"target\">Geometry</button>\n  - attempting click action\n    2 \u00d7 waiting for element to be visible, enabled and stable\n      - element is visible, enabled and stable\n      - scrolling into view if needed\n      - done scrolling\n      - <html>\u2026</html> intercepts pointer events\n    - retrying click action\n    - waiting 20ms\n    2 \u00d7 waiting for element to be visible, enabled and stable\n      - element is visible, enabled and stable\n      - scrolling into view if needed\n      - done scrolling\n      - <html>\u2026</html> intercepts pointer events\n    - retrying click action\n      - waiting 100ms\n    4 \u00d7 waiting for element to be visible, enabled and stable\n      - element is visible, enabled and stable\n      - scrolling into view if needed\n      - done scrolling\n      - <html>\u2026</html> intercepts pointer events\n    - retrying click action\n      - waiting 500ms\n",
            "elapsed_ms": 1999.8936090000207
          },
          {
            "pair": 1,
            "case": "rotated_clipped_click",
            "index": 41,
            "warmup": false,
            "ok": false,
            "error": "Error: operation exceeded 2000ms watchdog",
            "elapsed_ms": 2000.6049699999858
          },
          {
            "pair": 1,
            "case": "rotated_clipped_click",
            "index": 42,
            "warmup": false,
            "ok": false,
            "error": "TimeoutError: locator.click: Timeout 2000ms exceeded.\nCall log:\n  - waiting for locator('#target')\n    - locator resolved to <button id=\"target\">Geometry</button>\n  - attempting click action\n    2 \u00d7 waiting for element to be visible, enabled and stable\n      - element is visible, enabled and stable\n      - scrolling into view if needed\n      - done scrolling\n      - <html>\u2026</html> intercepts pointer events\n    - retrying click action\n    - waiting 20ms\n    2 \u00d7 waiting for element to be visible, enabled and stable\n      - element is visible, enabled and stable\n      - scrolling into view if needed\n      - done scrolling\n      - <html>\u2026</html> intercepts pointer events\n    - retrying click action\n      - waiting 100ms\n    4 \u00d7 waiting for element to be visible, enabled and stable\n      - element is visible, enabled and stable\n      - scrolling into view if needed\n      - done scrolling\n      - <html>\u2026</html> intercepts pointer events\n    - retrying click action\n      - waiting 500ms\n",
            "elapsed_ms": 1999.6536899999774
          },
          {
            "pair": 1,
            "case": "rotated_clipped_click",
            "index": 43,
            "warmup": false,
            "ok": false,
            "error": "Error: operation exceeded 2000ms watchdog",
            "elapsed_ms": 1999.9312299999874
          },
          {
            "pair": 1,
            "case": "rotated_clipped_click",
            "index": 44,
            "warmup": false,
            "ok": false,
            "error": "TimeoutError: locator.click: Timeout 2000ms exceeded.\nCall log:\n  - waiting for locator('#target')\n    - locator resolved to <button id=\"target\">Geometry</button>\n  - attempting click action\n    2 \u00d7 waiting for element to be visible, enabled and stable\n      - element is visible, enabled and stable\n      - scrolling into view if needed\n      - done scrolling\n      - <html>\u2026</html> intercepts pointer events\n    - retrying click action\n    - waiting 20ms\n    2 \u00d7 waiting for element to be visible, enabled and stable\n      - element is visible, enabled and stable\n      - scrolling into view if needed\n      - done scrolling\n      - <html>\u2026</html> intercepts pointer events\n    - retrying click action\n      - waiting 100ms\n    4 \u00d7 waiting for element to be visible, enabled and stable\n      - element is visible, enabled and stable\n      - scrolling into view if needed\n      - done scrolling\n      - <html>\u2026</html> intercepts pointer events\n    - retrying click action\n      - waiting 500ms\n",
            "elapsed_ms": 2000.3113970000122
          },
          {
            "pair": 1,
            "case": "rotated_clipped_click",
            "index": 45,
            "warmup": false,
            "ok": false,
            "error": "TimeoutError: locator.click: Timeout 2000ms exceeded.\nCall log:\n  - waiting for locator('#target')\n    - locator resolved to <button id=\"target\">Geometry</button>\n  - attempting click action\n    2 \u00d7 waiting for element to be visible, enabled and stable\n      - element is visible, enabled and stable\n      - scrolling into view if needed\n      - done scrolling\n      - <html>\u2026</html> intercepts pointer events\n    - retrying click action\n    - waiting 20ms\n    2 \u00d7 waiting for element to be visible, enabled and stable\n      - element is visible, enabled and stable\n      - scrolling into view if needed\n      - done scrolling\n      - <html>\u2026</html> intercepts pointer events\n    - retrying click action\n      - waiting 100ms\n    4 \u00d7 waiting for element to be visible, enabled and stable\n      - element is visible, enabled and stable\n      - scrolling into view if needed\n      - done scrolling\n      - <html>\u2026</html> intercepts pointer events\n    - retrying click action\n      - waiting 500ms\n",
            "elapsed_ms": 1999.6338080000132
          },
          {
            "pair": 1,
            "case": "rotated_clipped_click",
            "index": 46,
            "warmup": false,
            "ok": false,
            "error": "TimeoutError: locator.click: Timeout 2000ms exceeded.\nCall log:\n  - waiting for locator('#target')\n    - locator resolved to <button id=\"target\">Geometry</button>\n  - attempting click action\n    2 \u00d7 waiting for element to be visible, enabled and stable\n      - element is visible, enabled and stable\n      - scrolling into view if needed\n      - done scrolling\n      - <html>\u2026</html> intercepts pointer events\n    - retrying click action\n    - waiting 20ms\n    2 \u00d7 waiting for element to be visible, enabled and stable\n      - element is visible, enabled and stable\n      - scrolling into view if needed\n      - done scrolling\n      - <html>\u2026</html> intercepts pointer events\n    - retrying click action\n      - waiting 100ms\n    4 \u00d7 waiting for element to be visible, enabled and stable\n      - element is visible, enabled and stable\n      - scrolling into view if needed\n      - done scrolling\n      - <html>\u2026</html> intercepts pointer events\n    - retrying click action\n      - waiting 500ms\n",
            "elapsed_ms": 1999.9693609999958
          },
          {
            "pair": 1,
            "case": "rotated_clipped_click",
            "index": 47,
            "warmup": false,
            "ok": false,
            "error": "Error: operation exceeded 2000ms watchdog",
            "elapsed_ms": 1999.7865020000027
          },
          {
            "pair": 1,
            "case": "rotated_clipped_click",
            "index": 48,
            "warmup": false,
            "ok": false,
            "error": "TimeoutError: locator.click: Timeout 2000ms exceeded.\nCall log:\n  - waiting for locator('#target')\n    - locator resolved to <button id=\"target\">Geometry</button>\n  - attempting click action\n    2 \u00d7 waiting for element to be visible, enabled and stable\n      - element is visible, enabled and stable\n      - scrolling into view if needed\n      - done scrolling\n      - <html>\u2026</html> intercepts pointer events\n    - retrying click action\n    - waiting 20ms\n    2 \u00d7 waiting for element to be visible, enabled and stable\n      - element is visible, enabled and stable\n      - scrolling into view if needed\n      - done scrolling\n      - <html>\u2026</html> intercepts pointer events\n    - retrying click action\n      - waiting 100ms\n    4 \u00d7 waiting for element to be visible, enabled and stable\n      - element is visible, enabled and stable\n      - scrolling into view if needed\n      - done scrolling\n      - <html>\u2026</html> intercepts pointer events\n    - retrying click action\n      - waiting 500ms\n",
            "elapsed_ms": 2000.3085019999999
          },
          {
            "pair": 1,
            "case": "rotated_clipped_click",
            "index": 49,
            "warmup": false,
            "ok": false,
            "error": "TimeoutError: locator.click: Timeout 2000ms exceeded.\nCall log:\n  - waiting for locator('#target')\n    - locator resolved to <button id=\"target\">Geometry</button>\n  - attempting click action\n    2 \u00d7 waiting for element to be visible, enabled and stable\n      - element is visible, enabled and stable\n      - scrolling into view if needed\n      - done scrolling\n      - <html>\u2026</html> intercepts pointer events\n    - retrying click action\n    - waiting 20ms\n    2 \u00d7 waiting for element to be visible, enabled and stable\n      - element is visible, enabled and stable\n      - scrolling into view if needed\n      - done scrolling\n      - <html>\u2026</html> intercepts pointer events\n    - retrying click action\n      - waiting 100ms\n    4 \u00d7 waiting for element to be visible, enabled and stable\n      - element is visible, enabled and stable\n      - scrolling into view if needed\n      - done scrolling\n      - <html>\u2026</html> intercepts pointer events\n    - retrying click action\n      - waiting 500ms\n",
            "elapsed_ms": 1999.8642280000204
          },
          {
            "pair": 1,
            "case": "rotated_clipped_click",
            "index": 50,
            "warmup": false,
            "ok": false,
            "error": "TimeoutError: locator.click: Timeout 2000ms exceeded.\nCall log:\n  - waiting for locator('#target')\n    - locator resolved to <button id=\"target\">Geometry</button>\n  - attempting click action\n    2 \u00d7 waiting for element to be visible, enabled and stable\n      - element is visible, enabled and stable\n      - scrolling into view if needed\n      - done scrolling\n      - <html>\u2026</html> intercepts pointer events\n    - retrying click action\n    - waiting 20ms\n    2 \u00d7 waiting for element to be visible, enabled and stable\n      - element is visible, enabled and stable\n      - scrolling into view if needed\n      - done scrolling\n      - <html>\u2026</html> intercepts pointer events\n    - retrying click action\n      - waiting 100ms\n    4 \u00d7 waiting for element to be visible, enabled and stable\n      - element is visible, enabled and stable\n      - scrolling into view if needed\n      - done scrolling\n      - <html>\u2026</html> intercepts pointer events\n    - retrying click action\n      - waiting 500ms\n",
            "elapsed_ms": 1999.9325459999964
          },
          {
            "pair": 1,
            "case": "mock_return",
            "index": 0,
            "warmup": true,
            "ok": false,
            "error": "Error: network postcondition failed: {\"responses\":[[200,\"network\"],[200,\"network\"]],\"nativeFetch\":true,\"nativeXHR\":true}",
            "elapsed_ms": 29.354234999977052
          },
          {
            "pair": 1,
            "case": "mock_return",
            "index": 1,
            "warmup": false,
            "ok": false,
            "error": "Error: network postcondition failed: {\"responses\":[[200,\"network\"],[200,\"network\"]],\"nativeFetch\":true,\"nativeXHR\":true}",
            "elapsed_ms": 19.697469000006095
          },
          {
            "pair": 1,
            "case": "mock_return",
            "index": 2,
            "warmup": false,
            "ok": false,
            "error": "Error: network postcondition failed: {\"responses\":[[200,\"network\"],[200,\"network\"]],\"nativeFetch\":true,\"nativeXHR\":true}",
            "elapsed_ms": 20.781933000020217
          },
          {
            "pair": 1,
            "case": "mock_return",
            "index": 3,
            "warmup": false,
            "ok": false,
            "error": "Error: network postcondition failed: {\"responses\":[[200,\"network\"],[200,\"network\"]],\"nativeFetch\":true,\"nativeXHR\":true}",
            "elapsed_ms": 24.70352499996079
          },
          {
            "pair": 1,
            "case": "mock_return",
            "index": 4,
            "warmup": false,
            "ok": false,
            "error": "Error: network postcondition failed: {\"responses\":[[200,\"network\"],[200,\"network\"]],\"nativeFetch\":true,\"nativeXHR\":true}",
            "elapsed_ms": 23.03840100002708
          },
          {
            "pair": 1,
            "case": "mock_return",
            "index": 5,
            "warmup": false,
            "ok": false,
            "error": "Error: network postcondition failed: {\"responses\":[[200,\"network\"],[200,\"network\"]],\"nativeFetch\":true,\"nativeXHR\":true}",
            "elapsed_ms": 21.488501999992877
          },
          {
            "pair": 1,
            "case": "mock_return",
            "index": 6,
            "warmup": false,
            "ok": false,
            "error": "Error: network postcondition failed: {\"responses\":[[200,\"network\"],[200,\"network\"]],\"nativeFetch\":true,\"nativeXHR\":true}",
            "elapsed_ms": 25.4410130000324
          },
          {
            "pair": 1,
            "case": "mock_return",
            "index": 7,
            "warmup": false,
            "ok": false,
            "error": "Error: network postcondition failed: {\"responses\":[[200,\"network\"],[200,\"network\"]],\"nativeFetch\":true,\"nativeXHR\":true}",
            "elapsed_ms": 24.663163000019267
          },
          {
            "pair": 1,
            "case": "mock_return",
            "index": 8,
            "warmup": false,
            "ok": false,
            "error": "Error: network postcondition failed: {\"responses\":[[200,\"network\"],[200,\"network\"]],\"nativeFetch\":true,\"nativeXHR\":true}",
            "elapsed_ms": 21.834531000000425
          },
          {
            "pair": 1,
            "case": "mock_return",
            "index": 9,
            "warmup": false,
            "ok": false,
            "error": "Error: network postcondition failed: {\"responses\":[[200,\"network\"],[200,\"network\"]],\"nativeFetch\":true,\"nativeXHR\":true}",
            "elapsed_ms": 23.590557000017725
          },
          {
            "pair": 1,
            "case": "mock_return",
            "index": 10,
            "warmup": false,
            "ok": false,
            "error": "Error: network postcondition failed: {\"responses\":[[200,\"network\"],[200,\"network\"]],\"nativeFetch\":true,\"nativeXHR\":true}",
            "elapsed_ms": 19.40161399997305
          },
          {
            "pair": 1,
            "case": "mock_return",
            "index": 11,
            "warmup": false,
            "ok": false,
            "error": "Error: network postcondition failed: {\"responses\":[[200,\"network\"],[200,\"network\"]],\"nativeFetch\":true,\"nativeXHR\":true}",
            "elapsed_ms": 23.000093000009656
          },
          {
            "pair": 1,
            "case": "mock_return",
            "index": 12,
            "warmup": false,
            "ok": false,
            "error": "Error: network postcondition failed: {\"responses\":[[200,\"network\"],[200,\"network\"]],\"nativeFetch\":true,\"nativeXHR\":true}",
            "elapsed_ms": 23.998474999971222
          },
          {
            "pair": 1,
            "case": "mock_return",
            "index": 13,
            "warmup": false,
            "ok": false,
            "error": "Error: network postcondition failed: {\"responses\":[[200,\"network\"],[200,\"network\"]],\"nativeFetch\":true,\"nativeXHR\":true}",
            "elapsed_ms": 22.614173000038136
          },
          {
            "pair": 1,
            "case": "mock_return",
            "index": 14,
            "warmup": false,
            "ok": false,
            "error": "Error: network postcondition failed: {\"responses\":[[200,\"network\"],[200,\"network\"]],\"nativeFetch\":true,\"nativeXHR\":true}",
            "elapsed_ms": 25.274898000003304
          },
          {
            "pair": 1,
            "case": "mock_return",
            "index": 15,
            "warmup": false,
            "ok": false,
            "error": "Error: network postcondition failed: {\"responses\":[[200,\"network\"],[200,\"network\"]],\"nativeFetch\":true,\"nativeXHR\":true}",
            "elapsed_ms": 20.450008999963757
          },
          {
            "pair": 1,
            "case": "mock_return",
            "index": 16,
            "warmup": false,
            "ok": false,
            "error": "Error: network postcondition failed: {\"responses\":[[200,\"network\"],[200,\"network\"]],\"nativeFetch\":true,\"nativeXHR\":true}",
            "elapsed_ms": 23.469421999994665
          },
          {
            "pair": 1,
            "case": "mock_return",
            "index": 17,
            "warmup": false,
            "ok": false,
            "error": "Error: network postcondition failed: {\"responses\":[[200,\"network\"],[200,\"network\"]],\"nativeFetch\":true,\"nativeXHR\":true}",
            "elapsed_ms": 23.438306000025477
          },
          {
            "pair": 1,
            "case": "mock_return",
            "index": 18,
            "warmup": false,
            "ok": false,
            "error": "Error: network postcondition failed: {\"responses\":[[200,\"network\"],[200,\"network\"]],\"nativeFetch\":true,\"nativeXHR\":true}",
            "elapsed_ms": 20.93951900000684
          },
          {
            "pair": 1,
            "case": "mock_return",
            "index": 19,
            "warmup": false,
            "ok": false,
            "error": "Error: network postcondition failed: {\"responses\":[[200,\"network\"],[200,\"network\"]],\"nativeFetch\":true,\"nativeXHR\":true}",
            "elapsed_ms": 24.845315999991726
          },
          {
            "pair": 1,
            "case": "mock_return",
            "index": 20,
            "warmup": false,
            "ok": false,
            "error": "Error: network postcondition failed: {\"responses\":[[200,\"network\"],[200,\"network\"]],\"nativeFetch\":true,\"nativeXHR\":true}",
            "elapsed_ms": 21.155304999963846
          },
          {
            "pair": 1,
            "case": "mock_return",
            "index": 21,
            "warmup": false,
            "ok": false,
            "error": "Error: network postcondition failed: {\"responses\":[[200,\"network\"],[200,\"network\"]],\"nativeFetch\":true,\"nativeXHR\":true}",
            "elapsed_ms": 46.34158300003037
          },
          {
            "pair": 1,
            "case": "mock_return",
            "index": 22,
            "warmup": false,
            "ok": false,
            "error": "Error: network postcondition failed: {\"responses\":[[200,\"network\"],[200,\"network\"]],\"nativeFetch\":true,\"nativeXHR\":true}",
            "elapsed_ms": 23.496524000016507
          },
          {
            "pair": 1,
            "case": "mock_return",
            "index": 23,
            "warmup": false,
            "ok": false,
            "error": "Error: network postcondition failed: {\"responses\":[[200,\"network\"],[200,\"network\"]],\"nativeFetch\":true,\"nativeXHR\":true}",
            "elapsed_ms": 22.34851300000446
          },
          {
            "pair": 1,
            "case": "mock_return",
            "index": 24,
            "warmup": false,
            "ok": false,
            "error": "Error: network postcondition failed: {\"responses\":[[200,\"network\"],[200,\"network\"]],\"nativeFetch\":true,\"nativeXHR\":true}",
            "elapsed_ms": 20.352633000002243
          },
          {
            "pair": 1,
            "case": "mock_return",
            "index": 25,
            "warmup": false,
            "ok": false,
            "error": "Error: network postcondition failed: {\"responses\":[[200,\"network\"],[200,\"network\"]],\"nativeFetch\":true,\"nativeXHR\":true}",
            "elapsed_ms": 23.966700999997556
          },
          {
            "pair": 1,
            "case": "mock_return",
            "index": 26,
            "warmup": false,
            "ok": false,
            "error": "Error: network postcondition failed: {\"responses\":[[200,\"network\"],[200,\"network\"]],\"nativeFetch\":true,\"nativeXHR\":true}",
            "elapsed_ms": 20.676429000042845
          },
          {
            "pair": 1,
            "case": "mock_return",
            "index": 27,
            "warmup": false,
            "ok": false,
            "error": "Error: network postcondition failed: {\"responses\":[[200,\"network\"],[200,\"network\"]],\"nativeFetch\":true,\"nativeXHR\":true}",
            "elapsed_ms": 20.082315999956336
          },
          {
            "pair": 1,
            "case": "mock_return",
            "index": 28,
            "warmup": false,
            "ok": false,
            "error": "Error: network postcondition failed: {\"responses\":[[200,\"network\"],[200,\"network\"]],\"nativeFetch\":true,\"nativeXHR\":true}",
            "elapsed_ms": 28.192871999985073
          },
          {
            "pair": 1,
            "case": "mock_return",
            "index": 29,
            "warmup": false,
            "ok": false,
            "error": "Error: network postcondition failed: {\"responses\":[[200,\"network\"],[200,\"network\"]],\"nativeFetch\":true,\"nativeXHR\":true}",
            "elapsed_ms": 26.060937999980524
          },
          {
            "pair": 1,
            "case": "mock_return",
            "index": 30,
            "warmup": false,
            "ok": false,
            "error": "Error: network postcondition failed: {\"responses\":[[200,\"network\"],[200,\"network\"]],\"nativeFetch\":true,\"nativeXHR\":true}",
            "elapsed_ms": 21.330668000038713
          },
          {
            "pair": 1,
            "case": "mock_return",
            "index": 31,
            "warmup": false,
            "ok": false,
            "error": "Error: network postcondition failed: {\"responses\":[[200,\"network\"],[200,\"network\"]],\"nativeFetch\":true,\"nativeXHR\":true}",
            "elapsed_ms": 22.86053299997002
          },
          {
            "pair": 1,
            "case": "mock_return",
            "index": 32,
            "warmup": false,
            "ok": false,
            "error": "Error: network postcondition failed: {\"responses\":[[200,\"network\"],[200,\"network\"]],\"nativeFetch\":true,\"nativeXHR\":true}",
            "elapsed_ms": 22.741098000027705
          },
          {
            "pair": 1,
            "case": "mock_return",
            "index": 33,
            "warmup": false,
            "ok": false,
            "error": "Error: network postcondition failed: {\"responses\":[[200,\"network\"],[200,\"network\"]],\"nativeFetch\":true,\"nativeXHR\":true}",
            "elapsed_ms": 20.676313999982085
          },
          {
            "pair": 1,
            "case": "mock_return",
            "index": 34,
            "warmup": false,
            "ok": false,
            "error": "Error: network postcondition failed: {\"responses\":[[200,\"network\"],[200,\"network\"]],\"nativeFetch\":true,\"nativeXHR\":true}",
            "elapsed_ms": 19.537758000020403
          },
          {
            "pair": 1,
            "case": "mock_return",
            "index": 35,
            "warmup": false,
            "ok": false,
            "error": "Error: network postcondition failed: {\"responses\":[[200,\"network\"],[200,\"network\"]],\"nativeFetch\":true,\"nativeXHR\":true}",
            "elapsed_ms": 35.05710500001442
          },
          {
            "pair": 1,
            "case": "mock_return",
            "index": 36,
            "warmup": false,
            "ok": false,
            "error": "Error: network postcondition failed: {\"responses\":[[200,\"network\"],[200,\"network\"]],\"nativeFetch\":true,\"nativeXHR\":true}",
            "elapsed_ms": 18.01381700002821
          },
          {
            "pair": 1,
            "case": "mock_return",
            "index": 37,
            "warmup": false,
            "ok": false,
            "error": "Error: network postcondition failed: {\"responses\":[[200,\"network\"],[200,\"network\"]],\"nativeFetch\":true,\"nativeXHR\":true}",
            "elapsed_ms": 22.16604300000472
          },
          {
            "pair": 1,
            "case": "mock_return",
            "index": 38,
            "warmup": false,
            "ok": false,
            "error": "Error: network postcondition failed: {\"responses\":[[200,\"network\"],[200,\"network\"]],\"nativeFetch\":true,\"nativeXHR\":true}",
            "elapsed_ms": 18.357408000039868
          },
          {
            "pair": 1,
            "case": "mock_return",
            "index": 39,
            "warmup": false,
            "ok": false,
            "error": "Error: network postcondition failed: {\"responses\":[[200,\"network\"],[200,\"network\"]],\"nativeFetch\":true,\"nativeXHR\":true}",
            "elapsed_ms": 20.858537999971304
          },
          {
            "pair": 1,
            "case": "mock_return",
            "index": 40,
            "warmup": false,
            "ok": false,
            "error": "Error: network postcondition failed: {\"responses\":[[200,\"network\"],[200,\"network\"]],\"nativeFetch\":true,\"nativeXHR\":true}",
            "elapsed_ms": 20.20993199996883
          },
          {
            "pair": 1,
            "case": "mock_return",
            "index": 41,
            "warmup": false,
            "ok": false,
            "error": "Error: network postcondition failed: {\"responses\":[[200,\"network\"],[200,\"network\"]],\"nativeFetch\":true,\"nativeXHR\":true}",
            "elapsed_ms": 18.88462599995546
          },
          {
            "pair": 1,
            "case": "mock_return",
            "index": 42,
            "warmup": false,
            "ok": false,
            "error": "Error: network postcondition failed: {\"responses\":[[200,\"network\"],[200,\"network\"]],\"nativeFetch\":true,\"nativeXHR\":true}",
            "elapsed_ms": 37.389276000030804
          },
          {
            "pair": 1,
            "case": "mock_return",
            "index": 43,
            "warmup": false,
            "ok": false,
            "error": "Error: network postcondition failed: {\"responses\":[[200,\"network\"],[200,\"network\"]],\"nativeFetch\":true,\"nativeXHR\":true}",
            "elapsed_ms": 25.325297000003047
          },
          {
            "pair": 1,
            "case": "mock_return",
            "index": 44,
            "warmup": false,
            "ok": false,
            "error": "Error: network postcondition failed: {\"responses\":[[200,\"network\"],[200,\"network\"]],\"nativeFetch\":true,\"nativeXHR\":true}",
            "elapsed_ms": 19.075924000004306
          },
          {
            "pair": 1,
            "case": "mock_return",
            "index": 45,
            "warmup": false,
            "ok": false,
            "error": "Error: network postcondition failed: {\"responses\":[[200,\"network\"],[200,\"network\"]],\"nativeFetch\":true,\"nativeXHR\":true}",
            "elapsed_ms": 19.891494999988936
          },
          {
            "pair": 1,
            "case": "mock_return",
            "index": 46,
            "warmup": false,
            "ok": false,
            "error": "Error: network postcondition failed: {\"responses\":[[200,\"network\"],[200,\"network\"]],\"nativeFetch\":true,\"nativeXHR\":true}",
            "elapsed_ms": 22.776835999975447
          },
          {
            "pair": 1,
            "case": "mock_return",
            "index": 47,
            "warmup": false,
            "ok": false,
            "error": "Error: network postcondition failed: {\"responses\":[[200,\"network\"],[200,\"network\"]],\"nativeFetch\":true,\"nativeXHR\":true}",
            "elapsed_ms": 18.69442600000184
          },
          {
            "pair": 1,
            "case": "mock_return",
            "index": 48,
            "warmup": false,
            "ok": false,
            "error": "Error: network postcondition failed: {\"responses\":[[200,\"network\"],[200,\"network\"]],\"nativeFetch\":true,\"nativeXHR\":true}",
            "elapsed_ms": 24.156419999955688
          },
          {
            "pair": 1,
            "case": "mock_return",
            "index": 49,
            "warmup": false,
            "ok": false,
            "error": "Error: network postcondition failed: {\"responses\":[[200,\"network\"],[200,\"network\"]],\"nativeFetch\":true,\"nativeXHR\":true}",
            "elapsed_ms": 20.893467999994755
          },
          {
            "pair": 1,
            "case": "mock_return",
            "index": 50,
            "warmup": false,
            "ok": false,
            "error": "Error: network postcondition failed: {\"responses\":[[200,\"network\"],[200,\"network\"]],\"nativeFetch\":true,\"nativeXHR\":true}",
            "elapsed_ms": 20.49362600001041
          },
          {
            "pair": 2,
            "case": "rotated_clipped_click",
            "index": 0,
            "warmup": true,
            "ok": false,
            "error": "TimeoutError: locator.click: Timeout 2000ms exceeded.\nCall log:\n  - waiting for locator('#target')\n    - locator resolved to <button id=\"target\">Geometry</button>\n  - attempting click action\n    2 \u00d7 waiting for element to be visible, enabled and stable\n      - element is visible, enabled and stable\n      - scrolling into view if needed\n      - done scrolling\n      - <html>\u2026</html> intercepts pointer events\n    - retrying click action\n    - waiting 20ms\n    2 \u00d7 waiting for element to be visible, enabled and stable\n      - element is visible, enabled and stable\n      - scrolling into view if needed\n      - done scrolling\n      - <html>\u2026</html> intercepts pointer events\n    - retrying click action\n      - waiting 100ms\n    4 \u00d7 waiting for element to be visible, enabled and stable\n      - element is visible, enabled and stable\n      - scrolling into view if needed\n      - done scrolling\n      - <html>\u2026</html> intercepts pointer events\n    - retrying click action\n      - waiting 500ms\n",
            "elapsed_ms": 2001.6607979999972
          },
          {
            "pair": 2,
            "case": "rotated_clipped_click",
            "index": 1,
            "warmup": false,
            "ok": false,
            "error": "Error: operation exceeded 2000ms watchdog",
            "elapsed_ms": 2000.6391059999878
          },
          {
            "pair": 2,
            "case": "rotated_clipped_click",
            "index": 2,
            "warmup": false,
            "ok": false,
            "error": "Error: operation exceeded 2000ms watchdog",
            "elapsed_ms": 1999.5111169999873
          },
          {
            "pair": 2,
            "case": "rotated_clipped_click",
            "index": 3,
            "warmup": false,
            "ok": false,
            "error": "Error: operation exceeded 2000ms watchdog",
            "elapsed_ms": 2000.3245569999854
          },
          {
            "pair": 2,
            "case": "rotated_clipped_click",
            "index": 4,
            "warmup": false,
            "ok": false,
            "error": "Error: operation exceeded 2000ms watchdog",
            "elapsed_ms": 1999.9989160000114
          },
          {
            "pair": 2,
            "case": "rotated_clipped_click",
            "index": 5,
            "warmup": false,
            "ok": false,
            "error": "TimeoutError: locator.click: Timeout 2000ms exceeded.\nCall log:\n  - waiting for locator('#target')\n    - locator resolved to <button id=\"target\">Geometry</button>\n  - attempting click action\n    2 \u00d7 waiting for element to be visible, enabled and stable\n      - element is visible, enabled and stable\n      - scrolling into view if needed\n      - done scrolling\n      - <html>\u2026</html> intercepts pointer events\n    - retrying click action\n    - waiting 20ms\n    2 \u00d7 waiting for element to be visible, enabled and stable\n      - element is visible, enabled and stable\n      - scrolling into view if needed\n      - done scrolling\n      - <html>\u2026</html> intercepts pointer events\n    - retrying click action\n      - waiting 100ms\n    4 \u00d7 waiting for element to be visible, enabled and stable\n      - element is visible, enabled and stable\n      - scrolling into view if needed\n      - done scrolling\n      - <html>\u2026</html> intercepts pointer events\n    - retrying click action\n      - waiting 500ms\n",
            "elapsed_ms": 1999.48413300002
          },
          {
            "pair": 2,
            "case": "rotated_clipped_click",
            "index": 6,
            "warmup": false,
            "ok": false,
            "error": "Error: operation exceeded 2000ms watchdog",
            "elapsed_ms": 2000.48180400001
          },
          {
            "pair": 2,
            "case": "rotated_clipped_click",
            "index": 7,
            "warmup": false,
            "ok": false,
            "error": "Error: operation exceeded 2000ms watchdog",
            "elapsed_ms": 1999.9878989999997
          },
          {
            "pair": 2,
            "case": "rotated_clipped_click",
            "index": 8,
            "warmup": false,
            "ok": false,
            "error": "Error: operation exceeded 2000ms watchdog",
            "elapsed_ms": 1999.858188000013
          },
          {
            "pair": 2,
            "case": "rotated_clipped_click",
            "index": 9,
            "warmup": false,
            "ok": false,
            "error": "TimeoutError: locator.click: Timeout 2000ms exceeded.\nCall log:\n  - waiting for locator('#target')\n    - locator resolved to <button id=\"target\">Geometry</button>\n  - attempting click action\n    2 \u00d7 waiting for element to be visible, enabled and stable\n      - element is visible, enabled and stable\n      - scrolling into view if needed\n      - done scrolling\n      - <html>\u2026</html> intercepts pointer events\n    - retrying click action\n    - waiting 20ms\n    2 \u00d7 waiting for element to be visible, enabled and stable\n      - element is visible, enabled and stable\n      - scrolling into view if needed\n      - done scrolling\n      - <html>\u2026</html> intercepts pointer events\n    - retrying click action\n      - waiting 100ms\n    4 \u00d7 waiting for element to be visible, enabled and stable\n      - element is visible, enabled and stable\n      - scrolling into view if needed\n      - done scrolling\n      - <html>\u2026</html> intercepts pointer events\n    - retrying click action\n      - waiting 500ms\n",
            "elapsed_ms": 2000.1107279999997
          },
          {
            "pair": 2,
            "case": "rotated_clipped_click",
            "index": 10,
            "warmup": false,
            "ok": false,
            "error": "Error: operation exceeded 2000ms watchdog",
            "elapsed_ms": 1999.8479269999953
          },
          {
            "pair": 2,
            "case": "rotated_clipped_click",
            "index": 11,
            "warmup": false,
            "ok": false,
            "error": "Error: operation exceeded 2000ms watchdog",
            "elapsed_ms": 1999.9080620000022
          },
          {
            "pair": 2,
            "case": "rotated_clipped_click",
            "index": 12,
            "warmup": false,
            "ok": false,
            "error": "Error: operation exceeded 2000ms watchdog",
            "elapsed_ms": 2000.6043599999975
          },
          {
            "pair": 2,
            "case": "rotated_clipped_click",
            "index": 13,
            "warmup": false,
            "ok": false,
            "error": "Error: operation exceeded 2000ms watchdog",
            "elapsed_ms": 2000.2802559999982
          },
          {
            "pair": 2,
            "case": "rotated_clipped_click",
            "index": 14,
            "warmup": false,
            "ok": false,
            "error": "Error: operation exceeded 2000ms watchdog",
            "elapsed_ms": 2000.6895399999921
          },
          {
            "pair": 2,
            "case": "rotated_clipped_click",
            "index": 15,
            "warmup": false,
            "ok": false,
            "error": "Error: operation exceeded 2000ms watchdog",
            "elapsed_ms": 1999.8940020000155
          },
          {
            "pair": 2,
            "case": "rotated_clipped_click",
            "index": 16,
            "warmup": false,
            "ok": false,
            "error": "TimeoutError: locator.click: Timeout 2000ms exceeded.\nCall log:\n  - waiting for locator('#target')\n    - locator resolved to <button id=\"target\">Geometry</button>\n  - attempting click action\n    2 \u00d7 waiting for element to be visible, enabled and stable\n      - element is visible, enabled and stable\n      - scrolling into view if needed\n      - done scrolling\n      - <html>\u2026</html> intercepts pointer events\n    - retrying click action\n    - waiting 20ms\n    2 \u00d7 waiting for element to be visible, enabled and stable\n      - element is visible, enabled and stable\n      - scrolling into view if needed\n      - done scrolling\n      - <html>\u2026</html> intercepts pointer events\n    - retrying click action\n      - waiting 100ms\n    4 \u00d7 waiting for element to be visible, enabled and stable\n      - element is visible, enabled and stable\n      - scrolling into view if needed\n      - done scrolling\n      - <html>\u2026</html> intercepts pointer events\n    - retrying click action\n      - waiting 500ms\n",
            "elapsed_ms": 1999.9076979999954
          },
          {
            "pair": 2,
            "case": "rotated_clipped_click",
            "index": 17,
            "warmup": false,
            "ok": false,
            "error": "Error: operation exceeded 2000ms watchdog",
            "elapsed_ms": 2000.0361899999843
          },
          {
            "pair": 2,
            "case": "rotated_clipped_click",
            "index": 18,
            "warmup": false,
            "ok": false,
            "error": "TimeoutError: locator.click: Timeout 2000ms exceeded.\nCall log:\n  - waiting for locator('#target')\n    - locator resolved to <button id=\"target\">Geometry</button>\n  - attempting click action\n    2 \u00d7 waiting for element to be visible, enabled and stable\n      - element is visible, enabled and stable\n      - scrolling into view if needed\n      - done scrolling\n      - <html>\u2026</html> intercepts pointer events\n    - retrying click action\n    - waiting 20ms\n    2 \u00d7 waiting for element to be visible, enabled and stable\n      - element is visible, enabled and stable\n      - scrolling into view if needed\n      - done scrolling\n      - <html>\u2026</html> intercepts pointer events\n    - retrying click action\n      - waiting 100ms\n    4 \u00d7 waiting for element to be visible, enabled and stable\n      - element is visible, enabled and stable\n      - scrolling into view if needed\n      - done scrolling\n      - <html>\u2026</html> intercepts pointer events\n    - retrying click action\n      - waiting 500ms\n",
            "elapsed_ms": 1999.4617020000005
          },
          {
            "pair": 2,
            "case": "rotated_clipped_click",
            "index": 19,
            "warmup": false,
            "ok": false,
            "error": "Error: operation exceeded 2000ms watchdog",
            "elapsed_ms": 2000.3712759999908
          },
          {
            "pair": 2,
            "case": "rotated_clipped_click",
            "index": 20,
            "warmup": false,
            "ok": false,
            "error": "TimeoutError: locator.click: Timeout 2000ms exceeded.\nCall log:\n  - waiting for locator('#target')\n    - locator resolved to <button id=\"target\">Geometry</button>\n  - attempting click action\n    2 \u00d7 waiting for element to be visible, enabled and stable\n      - element is visible, enabled and stable\n      - scrolling into view if needed\n      - done scrolling\n      - <html>\u2026</html> intercepts pointer events\n    - retrying click action\n    - waiting 20ms\n    2 \u00d7 waiting for element to be visible, enabled and stable\n      - element is visible, enabled and stable\n      - scrolling into view if needed\n      - done scrolling\n      - <html>\u2026</html> intercepts pointer events\n    - retrying click action\n      - waiting 100ms\n    4 \u00d7 waiting for element to be visible, enabled and stable\n      - element is visible, enabled and stable\n      - scrolling into view if needed\n      - done scrolling\n      - <html>\u2026</html> intercepts pointer events\n    - retrying click action\n      - waiting 500ms\n",
            "elapsed_ms": 2000.1707849999948
          },
          {
            "pair": 2,
            "case": "rotated_clipped_click",
            "index": 21,
            "warmup": false,
            "ok": false,
            "error": "TimeoutError: locator.click: Timeout 2000ms exceeded.\nCall log:\n  - waiting for locator('#target')\n    - locator resolved to <button id=\"target\">Geometry</button>\n  - attempting click action\n    2 \u00d7 waiting for element to be visible, enabled and stable\n      - element is visible, enabled and stable\n      - scrolling into view if needed\n      - done scrolling\n      - <html>\u2026</html> intercepts pointer events\n    - retrying click action\n    - waiting 20ms\n    2 \u00d7 waiting for element to be visible, enabled and stable\n      - element is visible, enabled and stable\n      - scrolling into view if needed\n      - done scrolling\n      - <html>\u2026</html> intercepts pointer events\n    - retrying click action\n      - waiting 100ms\n    4 \u00d7 waiting for element to be visible, enabled and stable\n      - element is visible, enabled and stable\n      - scrolling into view if needed\n      - done scrolling\n      - <html>\u2026</html> intercepts pointer events\n    - retrying click action\n      - waiting 500ms\n",
            "elapsed_ms": 1999.7276929999935
          },
          {
            "pair": 2,
            "case": "rotated_clipped_click",
            "index": 22,
            "warmup": false,
            "ok": false,
            "error": "TimeoutError: locator.click: Timeout 2000ms exceeded.\nCall log:\n  - waiting for locator('#target')\n    - locator resolved to <button id=\"target\">Geometry</button>\n  - attempting click action\n    2 \u00d7 waiting for element to be visible, enabled and stable\n      - element is visible, enabled and stable\n      - scrolling into view if needed\n      - done scrolling\n      - <html>\u2026</html> intercepts pointer events\n    - retrying click action\n    - waiting 20ms\n    2 \u00d7 waiting for element to be visible, enabled and stable\n      - element is visible, enabled and stable\n      - scrolling into view if needed\n      - done scrolling\n      - <html>\u2026</html> intercepts pointer events\n    - retrying click action\n      - waiting 100ms\n    4 \u00d7 waiting for element to be visible, enabled and stable\n      - element is visible, enabled and stable\n      - scrolling into view if needed\n      - done scrolling\n      - <html>\u2026</html> intercepts pointer events\n    - retrying click action\n      - waiting 500ms\n",
            "elapsed_ms": 1999.4152419999882
          },
          {
            "pair": 2,
            "case": "rotated_clipped_click",
            "index": 23,
            "warmup": false,
            "ok": false,
            "error": "Error: operation exceeded 2000ms watchdog",
            "elapsed_ms": 2000.2455639999826
          },
          {
            "pair": 2,
            "case": "rotated_clipped_click",
            "index": 24,
            "warmup": false,
            "ok": false,
            "error": "Error: operation exceeded 2000ms watchdog",
            "elapsed_ms": 2000.6952359999996
          },
          {
            "pair": 2,
            "case": "rotated_clipped_click",
            "index": 25,
            "warmup": false,
            "ok": false,
            "error": "Error: operation exceeded 2000ms watchdog",
            "elapsed_ms": 2000.3550580000156
          },
          {
            "pair": 2,
            "case": "rotated_clipped_click",
            "index": 26,
            "warmup": false,
            "ok": false,
            "error": "Error: operation exceeded 2000ms watchdog",
            "elapsed_ms": 2000.0269750000152
          },
          {
            "pair": 2,
            "case": "rotated_clipped_click",
            "index": 27,
            "warmup": false,
            "ok": false,
            "error": "Error: operation exceeded 2000ms watchdog",
            "elapsed_ms": 2000.3735779999988
          },
          {
            "pair": 2,
            "case": "rotated_clipped_click",
            "index": 28,
            "warmup": false,
            "ok": false,
            "error": "Error: operation exceeded 2000ms watchdog",
            "elapsed_ms": 1999.7103690000076
          },
          {
            "pair": 2,
            "case": "rotated_clipped_click",
            "index": 29,
            "warmup": false,
            "ok": false,
            "error": "TimeoutError: locator.click: Timeout 2000ms exceeded.\nCall log:\n  - waiting for locator('#target')\n    - locator resolved to <button id=\"target\">Geometry</button>\n  - attempting click action\n    2 \u00d7 waiting for element to be visible, enabled and stable\n      - element is visible, enabled and stable\n      - scrolling into view if needed\n      - done scrolling\n      - <html>\u2026</html> intercepts pointer events\n    - retrying click action\n    - waiting 20ms\n    2 \u00d7 waiting for element to be visible, enabled and stable\n      - element is visible, enabled and stable\n      - scrolling into view if needed\n      - done scrolling\n      - <html>\u2026</html> intercepts pointer events\n    - retrying click action\n      - waiting 100ms\n    4 \u00d7 waiting for element to be visible, enabled and stable\n      - element is visible, enabled and stable\n      - scrolling into view if needed\n      - done scrolling\n      - <html>\u2026</html> intercepts pointer events\n    - retrying click action\n      - waiting 500ms\n",
            "elapsed_ms": 1999.0910839999851
          },
          {
            "pair": 2,
            "case": "rotated_clipped_click",
            "index": 30,
            "warmup": false,
            "ok": false,
            "error": "Error: operation exceeded 2000ms watchdog",
            "elapsed_ms": 1999.813342999987
          },
          {
            "pair": 2,
            "case": "rotated_clipped_click",
            "index": 31,
            "warmup": false,
            "ok": false,
            "error": "TimeoutError: locator.click: Timeout 2000ms exceeded.\nCall log:\n  - waiting for locator('#target')\n    - locator resolved to <button id=\"target\">Geometry</button>\n  - attempting click action\n    2 \u00d7 waiting for element to be visible, enabled and stable\n      - element is visible, enabled and stable\n      - scrolling into view if needed\n      - done scrolling\n      - <html>\u2026</html> intercepts pointer events\n    - retrying click action\n    - waiting 20ms\n    2 \u00d7 waiting for element to be visible, enabled and stable\n      - element is visible, enabled and stable\n      - scrolling into view if needed\n      - done scrolling\n      - <html>\u2026</html> intercepts pointer events\n    - retrying click action\n      - waiting 100ms\n    4 \u00d7 waiting for element to be visible, enabled and stable\n      - element is visible, enabled and stable\n      - scrolling into view if needed\n      - done scrolling\n      - <html>\u2026</html> intercepts pointer events\n    - retrying click action\n      - waiting 500ms\n",
            "elapsed_ms": 1999.898395999975
          },
          {
            "pair": 2,
            "case": "rotated_clipped_click",
            "index": 32,
            "warmup": false,
            "ok": false,
            "error": "TimeoutError: locator.click: Timeout 2000ms exceeded.\nCall log:\n  - waiting for locator('#target')\n    - locator resolved to <button id=\"target\">Geometry</button>\n  - attempting click action\n    2 \u00d7 waiting for element to be visible, enabled and stable\n      - element is visible, enabled and stable\n      - scrolling into view if needed\n      - done scrolling\n      - <html>\u2026</html> intercepts pointer events\n    - retrying click action\n    - waiting 20ms\n    2 \u00d7 waiting for element to be visible, enabled and stable\n      - element is visible, enabled and stable\n      - scrolling into view if needed\n      - done scrolling\n      - <html>\u2026</html> intercepts pointer events\n    - retrying click action\n      - waiting 100ms\n    4 \u00d7 waiting for element to be visible, enabled and stable\n      - element is visible, enabled and stable\n      - scrolling into view if needed\n      - done scrolling\n      - <html>\u2026</html> intercepts pointer events\n    - retrying click action\n      - waiting 500ms\n",
            "elapsed_ms": 1999.299149999977
          },
          {
            "pair": 2,
            "case": "rotated_clipped_click",
            "index": 33,
            "warmup": false,
            "ok": false,
            "error": "Error: operation exceeded 2000ms watchdog",
            "elapsed_ms": 1999.4408059999987
          },
          {
            "pair": 2,
            "case": "rotated_clipped_click",
            "index": 34,
            "warmup": false,
            "ok": false,
            "error": "Error: operation exceeded 2000ms watchdog",
            "elapsed_ms": 2000.5339070000045
          },
          {
            "pair": 2,
            "case": "rotated_clipped_click",
            "index": 35,
            "warmup": false,
            "ok": false,
            "error": "Error: operation exceeded 2000ms watchdog",
            "elapsed_ms": 2000.411660999991
          },
          {
            "pair": 2,
            "case": "rotated_clipped_click",
            "index": 36,
            "warmup": false,
            "ok": false,
            "error": "Error: operation exceeded 2000ms watchdog",
            "elapsed_ms": 1999.233894999983
          },
          {
            "pair": 2,
            "case": "rotated_clipped_click",
            "index": 37,
            "warmup": false,
            "ok": false,
            "error": "Error: operation exceeded 2000ms watchdog",
            "elapsed_ms": 1999.8868239999865
          },
          {
            "pair": 2,
            "case": "rotated_clipped_click",
            "index": 38,
            "warmup": false,
            "ok": false,
            "error": "Error: operation exceeded 2000ms watchdog",
            "elapsed_ms": 2000.988212999975
          },
          {
            "pair": 2,
            "case": "rotated_clipped_click",
            "index": 39,
            "warmup": false,
            "ok": false,
            "error": "Error: operation exceeded 2000ms watchdog",
            "elapsed_ms": 2000.3448639999842
          },
          {
            "pair": 2,
            "case": "rotated_clipped_click",
            "index": 40,
            "warmup": false,
            "ok": false,
            "error": "TimeoutError: locator.click: Timeout 2000ms exceeded.\nCall log:\n  - waiting for locator('#target')\n    - locator resolved to <button id=\"target\">Geometry</button>\n  - attempting click action\n    2 \u00d7 waiting for element to be visible, enabled and stable\n      - element is visible, enabled and stable\n      - scrolling into view if needed\n      - done scrolling\n      - <html>\u2026</html> intercepts pointer events\n    - retrying click action\n    - waiting 20ms\n    2 \u00d7 waiting for element to be visible, enabled and stable\n      - element is visible, enabled and stable\n      - scrolling into view if needed\n      - done scrolling\n      - <html>\u2026</html> intercepts pointer events\n    - retrying click action\n      - waiting 100ms\n    4 \u00d7 waiting for element to be visible, enabled and stable\n      - element is visible, enabled and stable\n      - scrolling into view if needed\n      - done scrolling\n      - <html>\u2026</html> intercepts pointer events\n    - retrying click action\n      - waiting 500ms\n",
            "elapsed_ms": 1999.5503810000082
          },
          {
            "pair": 2,
            "case": "rotated_clipped_click",
            "index": 41,
            "warmup": false,
            "ok": false,
            "error": "TimeoutError: locator.click: Timeout 2000ms exceeded.\nCall log:\n  - waiting for locator('#target')\n    - locator resolved to <button id=\"target\">Geometry</button>\n  - attempting click action\n    2 \u00d7 waiting for element to be visible, enabled and stable\n      - element is visible, enabled and stable\n      - scrolling into view if needed\n      - done scrolling\n      - <html>\u2026</html> intercepts pointer events\n    - retrying click action\n    - waiting 20ms\n    2 \u00d7 waiting for element to be visible, enabled and stable\n      - element is visible, enabled and stable\n      - scrolling into view if needed\n      - done scrolling\n      - <html>\u2026</html> intercepts pointer events\n    - retrying click action\n      - waiting 100ms\n    4 \u00d7 waiting for element to be visible, enabled and stable\n      - element is visible, enabled and stable\n      - scrolling into view if needed\n      - done scrolling\n      - <html>\u2026</html> intercepts pointer events\n    - retrying click action\n      - waiting 500ms\n",
            "elapsed_ms": 1998.9422950000153
          },
          {
            "pair": 2,
            "case": "rotated_clipped_click",
            "index": 42,
            "warmup": false,
            "ok": false,
            "error": "TimeoutError: locator.click: Timeout 2000ms exceeded.\nCall log:\n  - waiting for locator('#target')\n    - locator resolved to <button id=\"target\">Geometry</button>\n  - attempting click action\n    2 \u00d7 waiting for element to be visible, enabled and stable\n      - element is visible, enabled and stable\n      - scrolling into view if needed\n      - done scrolling\n      - <html>\u2026</html> intercepts pointer events\n    - retrying click action\n    - waiting 20ms\n    2 \u00d7 waiting for element to be visible, enabled and stable\n      - element is visible, enabled and stable\n      - scrolling into view if needed\n      - done scrolling\n      - <html>\u2026</html> intercepts pointer events\n    - retrying click action\n      - waiting 100ms\n    4 \u00d7 waiting for element to be visible, enabled and stable\n      - element is visible, enabled and stable\n      - scrolling into view if needed\n      - done scrolling\n      - <html>\u2026</html> intercepts pointer events\n    - retrying click action\n      - waiting 500ms\n",
            "elapsed_ms": 1999.3983930000104
          },
          {
            "pair": 2,
            "case": "rotated_clipped_click",
            "index": 43,
            "warmup": false,
            "ok": false,
            "error": "TimeoutError: locator.click: Timeout 2000ms exceeded.\nCall log:\n  - waiting for locator('#target')\n    - locator resolved to <button id=\"target\">Geometry</button>\n  - attempting click action\n    2 \u00d7 waiting for element to be visible, enabled and stable\n      - element is visible, enabled and stable\n      - scrolling into view if needed\n      - done scrolling\n      - <html>\u2026</html> intercepts pointer events\n    - retrying click action\n    - waiting 20ms\n    2 \u00d7 waiting for element to be visible, enabled and stable\n      - element is visible, enabled and stable\n      - scrolling into view if needed\n      - done scrolling\n      - <html>\u2026</html> intercepts pointer events\n    - retrying click action\n      - waiting 100ms\n    4 \u00d7 waiting for element to be visible, enabled and stable\n      - element is visible, enabled and stable\n      - scrolling into view if needed\n      - done scrolling\n      - <html>\u2026</html> intercepts pointer events\n    - retrying click action\n      - waiting 500ms\n",
            "elapsed_ms": 2000.3750270000019
          },
          {
            "pair": 2,
            "case": "rotated_clipped_click",
            "index": 44,
            "warmup": false,
            "ok": false,
            "error": "TimeoutError: locator.click: Timeout 2000ms exceeded.\nCall log:\n  - waiting for locator('#target')\n    - locator resolved to <button id=\"target\">Geometry</button>\n  - attempting click action\n    2 \u00d7 waiting for element to be visible, enabled and stable\n      - element is visible, enabled and stable\n      - scrolling into view if needed\n      - done scrolling\n      - <html>\u2026</html> intercepts pointer events\n    - retrying click action\n    - waiting 20ms\n    2 \u00d7 waiting for element to be visible, enabled and stable\n      - element is visible, enabled and stable\n      - scrolling into view if needed\n      - done scrolling\n      - <html>\u2026</html> intercepts pointer events\n    - retrying click action\n      - waiting 100ms\n    4 \u00d7 waiting for element to be visible, enabled and stable\n      - element is visible, enabled and stable\n      - scrolling into view if needed\n      - done scrolling\n      - <html>\u2026</html> intercepts pointer events\n    - retrying click action\n      - waiting 500ms\n",
            "elapsed_ms": 1999.712451999978
          },
          {
            "pair": 2,
            "case": "rotated_clipped_click",
            "index": 45,
            "warmup": false,
            "ok": false,
            "error": "TimeoutError: locator.click: Timeout 2000ms exceeded.\nCall log:\n  - waiting for locator('#target')\n    - locator resolved to <button id=\"target\">Geometry</button>\n  - attempting click action\n    2 \u00d7 waiting for element to be visible, enabled and stable\n      - element is visible, enabled and stable\n      - scrolling into view if needed\n      - done scrolling\n      - <html>\u2026</html> intercepts pointer events\n    - retrying click action\n    - waiting 20ms\n    2 \u00d7 waiting for element to be visible, enabled and stable\n      - element is visible, enabled and stable\n      - scrolling into view if needed\n      - done scrolling\n      - <html>\u2026</html> intercepts pointer events\n    - retrying click action\n      - waiting 100ms\n    4 \u00d7 waiting for element to be visible, enabled and stable\n      - element is visible, enabled and stable\n      - scrolling into view if needed\n      - done scrolling\n      - <html>\u2026</html> intercepts pointer events\n    - retrying click action\n      - waiting 500ms\n",
            "elapsed_ms": 2000.3643509999965
          },
          {
            "pair": 2,
            "case": "rotated_clipped_click",
            "index": 46,
            "warmup": false,
            "ok": false,
            "error": "TimeoutError: locator.click: Timeout 2000ms exceeded.\nCall log:\n  - waiting for locator('#target')\n    - locator resolved to <button id=\"target\">Geometry</button>\n  - attempting click action\n    2 \u00d7 waiting for element to be visible, enabled and stable\n      - element is visible, enabled and stable\n      - scrolling into view if needed\n      - done scrolling\n      - <html>\u2026</html> intercepts pointer events\n    - retrying click action\n    - waiting 20ms\n    2 \u00d7 waiting for element to be visible, enabled and stable\n      - element is visible, enabled and stable\n      - scrolling into view if needed\n      - done scrolling\n      - <html>\u2026</html> intercepts pointer events\n    - retrying click action\n      - waiting 100ms\n    4 \u00d7 waiting for element to be visible, enabled and stable\n      - element is visible, enabled and stable\n      - scrolling into view if needed\n      - done scrolling\n      - <html>\u2026</html> intercepts pointer events\n    - retrying click action\n      - waiting 500ms\n",
            "elapsed_ms": 1999.0415800000192
          },
          {
            "pair": 2,
            "case": "rotated_clipped_click",
            "index": 47,
            "warmup": false,
            "ok": false,
            "error": "Error: operation exceeded 2000ms watchdog",
            "elapsed_ms": 1999.8574779999908
          },
          {
            "pair": 2,
            "case": "rotated_clipped_click",
            "index": 48,
            "warmup": false,
            "ok": false,
            "error": "TimeoutError: locator.click: Timeout 2000ms exceeded.\nCall log:\n  - waiting for locator('#target')\n    - locator resolved to <button id=\"target\">Geometry</button>\n  - attempting click action\n    2 \u00d7 waiting for element to be visible, enabled and stable\n      - element is visible, enabled and stable\n      - scrolling into view if needed\n      - done scrolling\n      - <html>\u2026</html> intercepts pointer events\n    - retrying click action\n    - waiting 20ms\n    2 \u00d7 waiting for element to be visible, enabled and stable\n      - element is visible, enabled and stable\n      - scrolling into view if needed\n      - done scrolling\n      - <html>\u2026</html> intercepts pointer events\n    - retrying click action\n      - waiting 100ms\n    4 \u00d7 waiting for element to be visible, enabled and stable\n      - element is visible, enabled and stable\n      - scrolling into view if needed\n      - done scrolling\n      - <html>\u2026</html> intercepts pointer events\n    - retrying click action\n      - waiting 500ms\n",
            "elapsed_ms": 1999.7788439999858
          },
          {
            "pair": 2,
            "case": "rotated_clipped_click",
            "index": 49,
            "warmup": false,
            "ok": false,
            "error": "Error: operation exceeded 2000ms watchdog",
            "elapsed_ms": 2000.5496170000115
          },
          {
            "pair": 2,
            "case": "rotated_clipped_click",
            "index": 50,
            "warmup": false,
            "ok": false,
            "error": "TimeoutError: locator.click: Timeout 2000ms exceeded.\nCall log:\n  - waiting for locator('#target')\n    - locator resolved to <button id=\"target\">Geometry</button>\n  - attempting click action\n    2 \u00d7 waiting for element to be visible, enabled and stable\n      - element is visible, enabled and stable\n      - scrolling into view if needed\n      - done scrolling\n      - <html>\u2026</html> intercepts pointer events\n    - retrying click action\n    - waiting 20ms\n    2 \u00d7 waiting for element to be visible, enabled and stable\n      - element is visible, enabled and stable\n      - scrolling into view if needed\n      - done scrolling\n      - <html>\u2026</html> intercepts pointer events\n    - retrying click action\n      - waiting 100ms\n    4 \u00d7 waiting for element to be visible, enabled and stable\n      - element is visible, enabled and stable\n      - scrolling into view if needed\n      - done scrolling\n      - <html>\u2026</html> intercepts pointer events\n    - retrying click action\n      - waiting 500ms\n",
            "elapsed_ms": 1999.787341999996
          },
          {
            "pair": 2,
            "case": "mock_return",
            "index": 0,
            "warmup": true,
            "ok": false,
            "error": "Error: network postcondition failed: {\"responses\":[[200,\"network\"],[200,\"network\"]],\"nativeFetch\":true,\"nativeXHR\":true}",
            "elapsed_ms": 21.023893999983557
          },
          {
            "pair": 2,
            "case": "mock_return",
            "index": 1,
            "warmup": false,
            "ok": false,
            "error": "Error: network postcondition failed: {\"responses\":[[200,\"network\"],[200,\"network\"]],\"nativeFetch\":true,\"nativeXHR\":true}",
            "elapsed_ms": 25.15518099995097
          },
          {
            "pair": 2,
            "case": "mock_return",
            "index": 2,
            "warmup": false,
            "ok": false,
            "error": "Error: network postcondition failed: {\"responses\":[[200,\"network\"],[200,\"network\"]],\"nativeFetch\":true,\"nativeXHR\":true}",
            "elapsed_ms": 20.034029000031296
          },
          {
            "pair": 2,
            "case": "mock_return",
            "index": 3,
            "warmup": false,
            "ok": false,
            "error": "Error: network postcondition failed: {\"responses\":[[200,\"network\"],[200,\"network\"]],\"nativeFetch\":true,\"nativeXHR\":true}",
            "elapsed_ms": 22.48869399999967
          },
          {
            "pair": 2,
            "case": "mock_return",
            "index": 4,
            "warmup": false,
            "ok": false,
            "error": "Error: network postcondition failed: {\"responses\":[[200,\"network\"],[200,\"network\"]],\"nativeFetch\":true,\"nativeXHR\":true}",
            "elapsed_ms": 20.847613999969326
          },
          {
            "pair": 2,
            "case": "mock_return",
            "index": 5,
            "warmup": false,
            "ok": false,
            "error": "Error: network postcondition failed: {\"responses\":[[200,\"network\"],[200,\"network\"]],\"nativeFetch\":true,\"nativeXHR\":true}",
            "elapsed_ms": 22.27478700003121
          },
          {
            "pair": 2,
            "case": "mock_return",
            "index": 6,
            "warmup": false,
            "ok": false,
            "error": "Error: network postcondition failed: {\"responses\":[[200,\"network\"],[200,\"network\"]],\"nativeFetch\":true,\"nativeXHR\":true}",
            "elapsed_ms": 21.784189000027254
          },
          {
            "pair": 2,
            "case": "mock_return",
            "index": 7,
            "warmup": false,
            "ok": false,
            "error": "Error: network postcondition failed: {\"responses\":[[200,\"network\"],[200,\"network\"]],\"nativeFetch\":true,\"nativeXHR\":true}",
            "elapsed_ms": 34.843231999955606
          },
          {
            "pair": 2,
            "case": "mock_return",
            "index": 8,
            "warmup": false,
            "ok": false,
            "error": "Error: network postcondition failed: {\"responses\":[[200,\"network\"],[200,\"network\"]],\"nativeFetch\":true,\"nativeXHR\":true}",
            "elapsed_ms": 19.25351499998942
          },
          {
            "pair": 2,
            "case": "mock_return",
            "index": 9,
            "warmup": false,
            "ok": false,
            "error": "Error: network postcondition failed: {\"responses\":[[200,\"network\"],[200,\"network\"]],\"nativeFetch\":true,\"nativeXHR\":true}",
            "elapsed_ms": 25.030193999991752
          },
          {
            "pair": 2,
            "case": "mock_return",
            "index": 10,
            "warmup": false,
            "ok": false,
            "error": "Error: network postcondition failed: {\"responses\":[[200,\"network\"],[200,\"network\"]],\"nativeFetch\":true,\"nativeXHR\":true}",
            "elapsed_ms": 24.349408000009134
          },
          {
            "pair": 2,
            "case": "mock_return",
            "index": 11,
            "warmup": false,
            "ok": false,
            "error": "Error: network postcondition failed: {\"responses\":[[200,\"network\"],[200,\"network\"]],\"nativeFetch\":true,\"nativeXHR\":true}",
            "elapsed_ms": 22.42132700001821
          },
          {
            "pair": 2,
            "case": "mock_return",
            "index": 12,
            "warmup": false,
            "ok": false,
            "error": "Error: network postcondition failed: {\"responses\":[[200,\"network\"],[200,\"network\"]],\"nativeFetch\":true,\"nativeXHR\":true}",
            "elapsed_ms": 19.75692799995886
          },
          {
            "pair": 2,
            "case": "mock_return",
            "index": 13,
            "warmup": false,
            "ok": false,
            "error": "Error: network postcondition failed: {\"responses\":[[200,\"network\"],[200,\"network\"]],\"nativeFetch\":true,\"nativeXHR\":true}",
            "elapsed_ms": 21.22060000000056
          },
          {
            "pair": 2,
            "case": "mock_return",
            "index": 14,
            "warmup": false,
            "ok": false,
            "error": "Error: network postcondition failed: {\"responses\":[[200,\"network\"],[200,\"network\"]],\"nativeFetch\":true,\"nativeXHR\":true}",
            "elapsed_ms": 38.12441000004765
          },
          {
            "pair": 2,
            "case": "mock_return",
            "index": 15,
            "warmup": false,
            "ok": false,
            "error": "Error: network postcondition failed: {\"responses\":[[200,\"network\"],[200,\"network\"]],\"nativeFetch\":true,\"nativeXHR\":true}",
            "elapsed_ms": 20.540011000004597
          },
          {
            "pair": 2,
            "case": "mock_return",
            "index": 16,
            "warmup": false,
            "ok": false,
            "error": "Error: network postcondition failed: {\"responses\":[[200,\"network\"],[200,\"network\"]],\"nativeFetch\":true,\"nativeXHR\":true}",
            "elapsed_ms": 24.217991000041366
          },
          {
            "pair": 2,
            "case": "mock_return",
            "index": 17,
            "warmup": false,
            "ok": false,
            "error": "Error: network postcondition failed: {\"responses\":[[200,\"network\"],[200,\"network\"]],\"nativeFetch\":true,\"nativeXHR\":true}",
            "elapsed_ms": 21.491642999986652
          },
          {
            "pair": 2,
            "case": "mock_return",
            "index": 18,
            "warmup": false,
            "ok": false,
            "error": "Error: network postcondition failed: {\"responses\":[[200,\"network\"],[200,\"network\"]],\"nativeFetch\":true,\"nativeXHR\":true}",
            "elapsed_ms": 25.223750000004657
          },
          {
            "pair": 2,
            "case": "mock_return",
            "index": 19,
            "warmup": false,
            "ok": false,
            "error": "Error: network postcondition failed: {\"responses\":[[200,\"network\"],[200,\"network\"]],\"nativeFetch\":true,\"nativeXHR\":true}",
            "elapsed_ms": 23.75326700002188
          },
          {
            "pair": 2,
            "case": "mock_return",
            "index": 20,
            "warmup": false,
            "ok": false,
            "error": "Error: network postcondition failed: {\"responses\":[[200,\"network\"],[200,\"network\"]],\"nativeFetch\":true,\"nativeXHR\":true}",
            "elapsed_ms": 21.047034999995958
          },
          {
            "pair": 2,
            "case": "mock_return",
            "index": 21,
            "warmup": false,
            "ok": false,
            "error": "Error: network postcondition failed: {\"responses\":[[200,\"network\"],[200,\"network\"]],\"nativeFetch\":true,\"nativeXHR\":true}",
            "elapsed_ms": 43.49313900002744
          },
          {
            "pair": 2,
            "case": "mock_return",
            "index": 22,
            "warmup": false,
            "ok": false,
            "error": "Error: network postcondition failed: {\"responses\":[[200,\"network\"],[200,\"network\"]],\"nativeFetch\":true,\"nativeXHR\":true}",
            "elapsed_ms": 20.700591999979224
          },
          {
            "pair": 2,
            "case": "mock_return",
            "index": 23,
            "warmup": false,
            "ok": false,
            "error": "Error: network postcondition failed: {\"responses\":[[200,\"network\"],[200,\"network\"]],\"nativeFetch\":true,\"nativeXHR\":true}",
            "elapsed_ms": 21.883743999991566
          },
          {
            "pair": 2,
            "case": "mock_return",
            "index": 24,
            "warmup": false,
            "ok": false,
            "error": "Error: network postcondition failed: {\"responses\":[[200,\"network\"],[200,\"network\"]],\"nativeFetch\":true,\"nativeXHR\":true}",
            "elapsed_ms": 21.420226000016555
          },
          {
            "pair": 2,
            "case": "mock_return",
            "index": 25,
            "warmup": false,
            "ok": false,
            "error": "Error: network postcondition failed: {\"responses\":[[200,\"network\"],[200,\"network\"]],\"nativeFetch\":true,\"nativeXHR\":true}",
            "elapsed_ms": 21.549625999992713
          },
          {
            "pair": 2,
            "case": "mock_return",
            "index": 26,
            "warmup": false,
            "ok": false,
            "error": "Error: network postcondition failed: {\"responses\":[[200,\"network\"],[200,\"network\"]],\"nativeFetch\":true,\"nativeXHR\":true}",
            "elapsed_ms": 21.491188000014517
          },
          {
            "pair": 2,
            "case": "mock_return",
            "index": 27,
            "warmup": false,
            "ok": false,
            "error": "Error: network postcondition failed: {\"responses\":[[200,\"network\"],[200,\"network\"]],\"nativeFetch\":true,\"nativeXHR\":true}",
            "elapsed_ms": 22.992305999970995
          },
          {
            "pair": 2,
            "case": "mock_return",
            "index": 28,
            "warmup": false,
            "ok": false,
            "error": "Error: network postcondition failed: {\"responses\":[[200,\"network\"],[200,\"network\"]],\"nativeFetch\":true,\"nativeXHR\":true}",
            "elapsed_ms": 40.97195300000021
          },
          {
            "pair": 2,
            "case": "mock_return",
            "index": 29,
            "warmup": false,
            "ok": false,
            "error": "Error: network postcondition failed: {\"responses\":[[200,\"network\"],[200,\"network\"]],\"nativeFetch\":true,\"nativeXHR\":true}",
            "elapsed_ms": 20.233087999979034
          },
          {
            "pair": 2,
            "case": "mock_return",
            "index": 30,
            "warmup": false,
            "ok": false,
            "error": "Error: network postcondition failed: {\"responses\":[[200,\"network\"],[200,\"network\"]],\"nativeFetch\":true,\"nativeXHR\":true}",
            "elapsed_ms": 19.9448600000469
          },
          {
            "pair": 2,
            "case": "mock_return",
            "index": 31,
            "warmup": false,
            "ok": false,
            "error": "Error: network postcondition failed: {\"responses\":[[200,\"network\"],[200,\"network\"]],\"nativeFetch\":true,\"nativeXHR\":true}",
            "elapsed_ms": 20.05329700000584
          },
          {
            "pair": 2,
            "case": "mock_return",
            "index": 32,
            "warmup": false,
            "ok": false,
            "error": "Error: network postcondition failed: {\"responses\":[[200,\"network\"],[200,\"network\"]],\"nativeFetch\":true,\"nativeXHR\":true}",
            "elapsed_ms": 24.485455000016373
          },
          {
            "pair": 2,
            "case": "mock_return",
            "index": 33,
            "warmup": false,
            "ok": false,
            "error": "Error: network postcondition failed: {\"responses\":[[200,\"network\"],[200,\"network\"]],\"nativeFetch\":true,\"nativeXHR\":true}",
            "elapsed_ms": 18.539561999961734
          },
          {
            "pair": 2,
            "case": "mock_return",
            "index": 34,
            "warmup": false,
            "ok": false,
            "error": "Error: network postcondition failed: {\"responses\":[[200,\"network\"],[200,\"network\"]],\"nativeFetch\":true,\"nativeXHR\":true}",
            "elapsed_ms": 21.276076000009198
          },
          {
            "pair": 2,
            "case": "mock_return",
            "index": 35,
            "warmup": false,
            "ok": false,
            "error": "Error: network postcondition failed: {\"responses\":[[200,\"network\"],[200,\"network\"]],\"nativeFetch\":true,\"nativeXHR\":true}",
            "elapsed_ms": 45.213774999952875
          },
          {
            "pair": 2,
            "case": "mock_return",
            "index": 36,
            "warmup": false,
            "ok": false,
            "error": "Error: network postcondition failed: {\"responses\":[[200,\"network\"],[200,\"network\"]],\"nativeFetch\":true,\"nativeXHR\":true}",
            "elapsed_ms": 20.641829999978654
          },
          {
            "pair": 2,
            "case": "mock_return",
            "index": 37,
            "warmup": false,
            "ok": false,
            "error": "Error: network postcondition failed: {\"responses\":[[200,\"network\"],[200,\"network\"]],\"nativeFetch\":true,\"nativeXHR\":true}",
            "elapsed_ms": 21.26315600000089
          },
          {
            "pair": 2,
            "case": "mock_return",
            "index": 38,
            "warmup": false,
            "ok": false,
            "error": "Error: network postcondition failed: {\"responses\":[[200,\"network\"],[200,\"network\"]],\"nativeFetch\":true,\"nativeXHR\":true}",
            "elapsed_ms": 21.05247600004077
          },
          {
            "pair": 2,
            "case": "mock_return",
            "index": 39,
            "warmup": false,
            "ok": false,
            "error": "Error: network postcondition failed: {\"responses\":[[200,\"network\"],[200,\"network\"]],\"nativeFetch\":true,\"nativeXHR\":true}",
            "elapsed_ms": 21.346051000000443
          },
          {
            "pair": 2,
            "case": "mock_return",
            "index": 40,
            "warmup": false,
            "ok": false,
            "error": "Error: network postcondition failed: {\"responses\":[[200,\"network\"],[200,\"network\"]],\"nativeFetch\":true,\"nativeXHR\":true}",
            "elapsed_ms": 21.890316000033636
          },
          {
            "pair": 2,
            "case": "mock_return",
            "index": 41,
            "warmup": false,
            "ok": false,
            "error": "Error: network postcondition failed: {\"responses\":[[200,\"network\"],[200,\"network\"]],\"nativeFetch\":true,\"nativeXHR\":true}",
            "elapsed_ms": 20.544510000036098
          },
          {
            "pair": 2,
            "case": "mock_return",
            "index": 42,
            "warmup": false,
            "ok": false,
            "error": "Error: network postcondition failed: {\"responses\":[[200,\"network\"],[200,\"network\"]],\"nativeFetch\":true,\"nativeXHR\":true}",
            "elapsed_ms": 49.654255000001285
          },
          {
            "pair": 2,
            "case": "mock_return",
            "index": 43,
            "warmup": false,
            "ok": false,
            "error": "Error: network postcondition failed: {\"responses\":[[200,\"network\"],[200,\"network\"]],\"nativeFetch\":true,\"nativeXHR\":true}",
            "elapsed_ms": 24.396422999969218
          },
          {
            "pair": 2,
            "case": "mock_return",
            "index": 44,
            "warmup": false,
            "ok": false,
            "error": "Error: network postcondition failed: {\"responses\":[[200,\"network\"],[200,\"network\"]],\"nativeFetch\":true,\"nativeXHR\":true}",
            "elapsed_ms": 20.779162999999244
          },
          {
            "pair": 2,
            "case": "mock_return",
            "index": 45,
            "warmup": false,
            "ok": false,
            "error": "Error: network postcondition failed: {\"responses\":[[200,\"network\"],[200,\"network\"]],\"nativeFetch\":true,\"nativeXHR\":true}",
            "elapsed_ms": 29.223320999997668
          },
          {
            "pair": 2,
            "case": "mock_return",
            "index": 46,
            "warmup": false,
            "ok": false,
            "error": "Error: network postcondition failed: {\"responses\":[[200,\"network\"],[200,\"network\"]],\"nativeFetch\":true,\"nativeXHR\":true}",
            "elapsed_ms": 19.788005999987945
          },
          {
            "pair": 2,
            "case": "mock_return",
            "index": 47,
            "warmup": false,
            "ok": false,
            "error": "Error: network postcondition failed: {\"responses\":[[200,\"network\"],[200,\"network\"]],\"nativeFetch\":true,\"nativeXHR\":true}",
            "elapsed_ms": 36.31870699999854
          },
          {
            "pair": 2,
            "case": "mock_return",
            "index": 48,
            "warmup": false,
            "ok": false,
            "error": "Error: network postcondition failed: {\"responses\":[[200,\"network\"],[200,\"network\"]],\"nativeFetch\":true,\"nativeXHR\":true}",
            "elapsed_ms": 20.43467399996007
          },
          {
            "pair": 2,
            "case": "mock_return",
            "index": 49,
            "warmup": false,
            "ok": false,
            "error": "Error: network postcondition failed: {\"responses\":[[200,\"network\"],[200,\"network\"]],\"nativeFetch\":true,\"nativeXHR\":true}",
            "elapsed_ms": 35.613400000031106
          },
          {
            "pair": 2,
            "case": "mock_return",
            "index": 50,
            "warmup": false,
            "ok": false,
            "error": "Error: network postcondition failed: {\"responses\":[[200,\"network\"],[200,\"network\"]],\"nativeFetch\":true,\"nativeXHR\":true}",
            "elapsed_ms": 33.3294519999763
          }
        ]
      }
    }
  }
]
