2026-10-09T21:22:06.5469377Z Current runner version: '2.337.0'
2026-10-09T21:22:06.5489721Z ##[group]Runner Image Provisioner
2026-10-09T21:22:06.5490393Z Hosted Compute Agent
2026-10-09T21:22:06.5491042Z Version: 20261002.596
2026-10-09T21:22:06.5491560Z Commit: c3d12f3313a95f25162a1503be624f3b0617f8c0
2026-10-09T21:22:06.5492270Z Build Date: 2026-10-02T22:28:27Z
2026-10-09T21:22:06.5492857Z Worker ID: {54ab2f2d-e664-4ef3-8633-cb5c016c172d}
2026-10-09T21:22:06.5493419Z Region: westus3
2026-10-09T21:22:06.5493945Z Cloud: Azure
2026-10-09T21:22:06.5494391Z ##[endgroup]
2026-10-09T21:22:06.5495910Z ##[group]Operating System
2026-10-09T21:22:06.5496486Z Ubuntu
2026-10-09T21:22:06.5496920Z 24.04.5
2026-10-09T21:22:06.5497447Z LTS
2026-10-09T21:22:06.5498034Z ##[endgroup]
2026-10-09T21:22:06.5498626Z ##[group]Runner Image
2026-10-09T21:22:06.5499175Z Image: ubuntu-24.04
2026-10-09T21:22:06.5499644Z Version: 20261004.327.1
2026-10-09T21:22:06.5500743Z Included Software: https://github.com/actions/runner-images/blob/ubuntu24/20261004.327/images/ubuntu/Ubuntu2404-Readme.md
2026-10-09T21:22:06.5502022Z Image Release: https://github.com/actions/runner-images/releases/tag/ubuntu24%2F20261004.327
2026-10-09T21:22:06.5502838Z ##[endgroup]
2026-10-09T21:22:06.5503789Z ##[group]GITHUB_TOKEN Permissions
2026-10-09T21:22:06.5505303Z Contents: read
2026-10-09T21:22:06.5505785Z Metadata: read
2026-10-09T21:22:06.5506382Z ##[endgroup]
2026-10-09T21:22:06.5508270Z Secret source: Actions
2026-10-09T21:22:06.5509164Z Cache mode: write
2026-10-09T21:22:06.5509736Z Prepare workflow directory
2026-10-09T21:22:06.6782339Z Prepare all required actions
2026-10-09T21:22:06.6821053Z Getting action download info
2026-10-09T21:22:06.9804251Z Download action repository 'actions/checkout@v5' (SHA:fbc6f3992d24b796d5a048ff273f7fcc4a7b6c09)
2026-10-09T21:22:07.2204025Z Download action repository 'dtolnay/rust-toolchain@stable' (SHA:686976e191b89faba57d3206551f0f330d8cb249)
2026-10-09T21:22:07.4619587Z Download action repository 'Swatinem/rust-cache@v2' (SHA:6323deb102c322ba6fcbdcafc7e3dddab59af2b6)
2026-10-09T21:22:08.2361378Z Download action repository 'browser-actions/setup-chrome@v2' (SHA:48ad923757ca74d66703209fe939badbdf80f2f4)
2026-10-09T21:22:08.6660226Z Download action repository 'browser-actions/setup-firefox@v1' (SHA:0bc507ddf224827e3b1af68e014d5e42ab93e795)
2026-10-09T21:22:09.1323001Z Download action repository 'actions/upload-artifact@v4' (SHA:ea165f8d65b6e75b540449e92b4886f43607fa02)
2026-10-09T21:22:09.3956142Z Complete job name: fmt / clippy / test
2026-10-09T21:22:09.4517277Z ##[group]Run actions/checkout@v5
2026-10-09T21:22:09.4517702Z with:
2026-10-09T21:22:09.4518029Z   repository: rsasaki0109/rustwright
2026-10-09T21:22:09.4520160Z   token: ***
2026-10-09T21:22:09.4520341Z   ssh-strict: true
2026-10-09T21:22:09.4520519Z   ssh-user: git
2026-10-09T21:22:09.4520717Z   persist-credentials: true
2026-10-09T21:22:09.4520923Z   clean: true
2026-10-09T21:22:09.4521114Z   sparse-checkout-cone-mode: true
2026-10-09T21:22:09.4521341Z   fetch-depth: 1
2026-10-09T21:22:09.4521543Z   fetch-tags: false
2026-10-09T21:22:09.4521740Z   show-progress: true
2026-10-09T21:22:09.4521923Z   lfs: false
2026-10-09T21:22:09.4522092Z   submodules: false
2026-10-09T21:22:09.4522271Z   set-safe-directory: true
2026-10-09T21:22:09.4522479Z   allow-unsafe-pr-checkout: false
2026-10-09T21:22:09.4522996Z env:
2026-10-09T21:22:09.4523166Z   CARGO_TERM_COLOR: always
2026-10-09T21:22:09.4523358Z   RUST_BACKTRACE: 1
2026-10-09T21:22:09.4523535Z ##[endgroup]
2026-10-09T21:22:09.5386758Z Syncing repository: rsasaki0109/rustwright
2026-10-09T21:22:09.5388514Z ##[group]Getting Git version info
2026-10-09T21:22:09.5389026Z Working directory is '/home/runner/work/rustwright/rustwright'
2026-10-09T21:22:09.5389771Z [command]/usr/bin/git version
2026-10-09T21:22:09.5447333Z git version 2.55.0
2026-10-09T21:22:09.5462952Z ##[endgroup]
2026-10-09T21:22:09.5474044Z Temporarily overriding HOME='/home/runner/work/_temp/ce4c5992-9bc0-41ec-ac91-d43fe79c99a0' before making global git config changes
2026-10-09T21:22:09.5475450Z Adding repository directory to the temporary git global config as a safe directory
2026-10-09T21:22:09.5478502Z [command]/usr/bin/git config --global --add safe.directory /home/runner/work/rustwright/rustwright
2026-10-09T21:22:09.5539465Z Deleting the contents of '/home/runner/work/rustwright/rustwright'
2026-10-09T21:22:09.5540161Z ##[group]Initializing the repository
2026-10-09T21:22:09.5540490Z [command]/usr/bin/git init /home/runner/work/rustwright/rustwright
2026-10-09T21:22:09.5638709Z hint: Using 'master' as the name for the initial branch. This default branch name
2026-10-09T21:22:09.5639464Z hint: will change to "main" in Git 3.0. To configure the initial branch name
2026-10-09T21:22:09.5640134Z hint: to use in all of your new repositories, which will suppress this warning,
2026-10-09T21:22:09.5640635Z hint: call:
2026-10-09T21:22:09.5640905Z hint:
2026-10-09T21:22:09.5641289Z hint: 	git config --global init.defaultBranch <name>
2026-10-09T21:22:09.5641710Z hint:
2026-10-09T21:22:09.5642109Z hint: Names commonly chosen instead of 'master' are 'main', 'trunk' and
2026-10-09T21:22:09.5642767Z hint: 'development'. The just-created branch can be renamed via this command:
2026-10-09T21:22:09.5643267Z hint:
2026-10-09T21:22:09.5643540Z hint: 	git branch -m <name>
2026-10-09T21:22:09.5643843Z hint:
2026-10-09T21:22:09.5644272Z hint: Disable this message with "git config set advice.defaultBranchName false"
2026-10-09T21:22:09.5645015Z Initialized empty Git repository in /home/runner/work/rustwright/rustwright/.git/
2026-10-09T21:22:09.5647390Z [command]/usr/bin/git remote add origin https://github.com/rsasaki0109/rustwright
2026-10-09T21:22:09.5690176Z ##[endgroup]
2026-10-09T21:22:09.5690762Z ##[group]Disabling automatic garbage collection
2026-10-09T21:22:09.5693913Z [command]/usr/bin/git config --local gc.auto 0
2026-10-09T21:22:09.5719448Z ##[endgroup]
2026-10-09T21:22:09.5720006Z ##[group]Setting up auth
2026-10-09T21:22:09.5724703Z [command]/usr/bin/git config --local --name-only --get-regexp core\.sshCommand
2026-10-09T21:22:09.5750041Z [command]/usr/bin/git submodule foreach --recursive sh -c "git config --local --name-only --get-regexp 'core\.sshCommand' && git config --local --unset-all 'core.sshCommand' || :"
2026-10-09T21:22:09.6139860Z [command]/usr/bin/git config --local --name-only --get-regexp http\.https\:\/\/github\.com\/\.extraheader
2026-10-09T21:22:09.6168974Z [command]/usr/bin/git submodule foreach --recursive sh -c "git config --local --name-only --get-regexp 'http\.https\:\/\/github\.com\/\.extraheader' && git config --local --unset-all 'http.https://github.com/.extraheader' || :"
2026-10-09T21:22:09.6375038Z [command]/usr/bin/git config --local --name-only --get-regexp ^includeIf\.gitdir:
2026-10-09T21:22:09.6412774Z [command]/usr/bin/git submodule foreach --recursive git config --local --show-origin --name-only --get-regexp remote.origin.url
2026-10-09T21:22:09.6606766Z [command]/usr/bin/git config --local http.https://github.com/.extraheader AUTHORIZATION: basic ***
2026-10-09T21:22:09.6640945Z ##[endgroup]
2026-10-09T21:22:09.6641475Z ##[group]Fetching the repository
2026-10-09T21:22:09.6648557Z [command]/usr/bin/git -c protocol.version=2 fetch --no-tags --prune --no-recurse-submodules --depth=1 origin +66d98a9fcfa9ee744aae768cb06e472b2cef79d5:refs/remotes/origin/codex/reliability-95-ci
2026-10-09T21:22:11.9651312Z From https://github.com/rsasaki0109/rustwright
2026-10-09T21:22:11.9651973Z  * [new ref]         66d98a9fcfa9ee744aae768cb06e472b2cef79d5 -> origin/codex/reliability-95-ci
2026-10-09T21:22:11.9654508Z ##[endgroup]
2026-10-09T21:22:11.9654856Z ##[group]Determining the checkout info
2026-10-09T21:22:11.9656888Z ##[endgroup]
2026-10-09T21:22:11.9661973Z [command]/usr/bin/git sparse-checkout disable
2026-10-09T21:22:11.9728712Z [command]/usr/bin/git config --local --unset-all extensions.worktreeConfig
2026-10-09T21:22:11.9740083Z ##[group]Checking out the ref
2026-10-09T21:22:11.9744245Z [command]/usr/bin/git checkout --progress --force -B codex/reliability-95-ci refs/remotes/origin/codex/reliability-95-ci
2026-10-09T21:22:12.1899390Z Switched to a new branch 'codex/reliability-95-ci'
2026-10-09T21:22:12.1903022Z branch 'codex/reliability-95-ci' set up to track 'origin/codex/reliability-95-ci'.
2026-10-09T21:22:12.1921596Z ##[endgroup]
2026-10-09T21:22:12.1961361Z [command]/usr/bin/git log -1 --format=%H
2026-10-09T21:22:12.1983970Z 66d98a9fcfa9ee744aae768cb06e472b2cef79d5
2026-10-09T21:22:12.2278773Z ##[group]Run dtolnay/rust-toolchain@stable
2026-10-09T21:22:12.2279061Z with:
2026-10-09T21:22:12.2279243Z   components: rustfmt, clippy
2026-10-09T21:22:12.2279451Z   toolchain: stable
2026-10-09T21:22:12.2279624Z env:
2026-10-09T21:22:12.2279792Z   CARGO_TERM_COLOR: always
2026-10-09T21:22:12.2279985Z   RUST_BACKTRACE: 1
2026-10-09T21:22:12.2280153Z ##[endgroup]
2026-10-09T21:22:12.2330649Z ##[start-action display=Parse toolchain version;id=__dtolnay_rust-toolchain.parse]
2026-10-09T21:22:12.2374380Z ##[group]Run if [[ -z $toolchain ]]; then
2026-10-09T21:22:12.2374716Z [36;1mif [[ -z $toolchain ]]; then[0m
2026-10-09T21:22:12.2375171Z [36;1m  # GitHub does not enforce `required: true` inputs itself. https://github.com/actions/runner/issues/1070[0m
2026-10-09T21:22:12.2375635Z [36;1m  echo "'toolchain' is a required input" >&2[0m
2026-10-09T21:22:12.2375894Z [36;1m  exit 1[0m
2026-10-09T21:22:12.2376212Z [36;1melif [[ $toolchain =~ ^stable' '[0-9]+' '(year|month|week|day)s?' 'ago$ ]]; then[0m
2026-10-09T21:22:12.2376565Z [36;1m  if [[ Linux == macOS ]]; then[0m
2026-10-09T21:22:12.2377006Z [36;1m    echo "toolchain=1.$((($(date -v-$(sed 's/stable \([0-9]*\) \(.\).*/\1\2/' <<< $toolchain) +%s)/60/60/24-16569)/7/6))" >> $GITHUB_OUTPUT[0m
2026-10-09T21:22:12.2377408Z [36;1m  else[0m
2026-10-09T21:22:12.2377737Z [36;1m    echo "toolchain=1.$((($(date --date "${toolchain#stable }" +%s)/60/60/24-16569)/7/6))" >> $GITHUB_OUTPUT[0m
2026-10-09T21:22:12.2378231Z [36;1m  fi[0m
2026-10-09T21:22:12.2378489Z [36;1melif [[ $toolchain =~ ^stable' 'minus' '[0-9]+' 'releases?$ ]]; then[0m
2026-10-09T21:22:12.2378922Z [36;1m  echo "toolchain=1.$((($(date +%s)/60/60/24-16569)/7/6-${toolchain//[^0-9]/}))" >> $GITHUB_OUTPUT[0m
2026-10-09T21:22:12.2379290Z [36;1melif [[ $toolchain =~ ^1\.[0-9]+$ ]]; then[0m
2026-10-09T21:22:12.2379699Z [36;1m  echo "toolchain=1.$((i=${toolchain#1.}, c=($(date +%s)/60/60/24-16569)/7/6, i+9*i*(10*i<=c)+90*i*(100*i<=c)))" >> $GITHUB_OUTPUT[0m
2026-10-09T21:22:12.2380100Z [36;1melse[0m
2026-10-09T21:22:12.2380281Z [36;1m  delimiter=EOF[0m
2026-10-09T21:22:12.2380539Z [36;1m  while [[ $toolchain == *$delimiter* ]]; do delimiter+=_; done[0m
2026-10-09T21:22:12.2380948Z [36;1m  printf 'toolchain<<%s\n%s\n%s\n' "$delimiter" "$toolchain" "$delimiter" >> $GITHUB_OUTPUT[0m
2026-10-09T21:22:12.2381282Z [36;1mfi[0m
2026-10-09T21:22:12.2591360Z shell: /usr/bin/bash --noprofile --norc -e -o pipefail {0}
2026-10-09T21:22:12.2591663Z env:
2026-10-09T21:22:12.2591857Z   CARGO_TERM_COLOR: always
2026-10-09T21:22:12.2592066Z   RUST_BACKTRACE: 1
2026-10-09T21:22:12.2592256Z   toolchain: stable
2026-10-09T21:22:12.2592424Z ##[endgroup]
2026-10-09T21:22:12.2704882Z ##[end-action id=__dtolnay_rust-toolchain.parse;outcome=success;conclusion=success;duration_ms=37]
2026-10-09T21:22:12.2708487Z ##[start-action display=Set $CARGO_HOME;id=__dtolnay_rust-toolchain.__run]
2026-10-09T21:22:12.2734950Z ##[group]Run echo CARGO_HOME=${CARGO_HOME:-"$HOME/.cargo"} >> $GITHUB_ENV
2026-10-09T21:22:12.2735396Z [36;1mecho CARGO_HOME=${CARGO_HOME:-"$HOME/.cargo"} >> $GITHUB_ENV[0m
2026-10-09T21:22:12.2783020Z shell: /usr/bin/bash --noprofile --norc -e -o pipefail {0}
2026-10-09T21:22:12.2783320Z env:
2026-10-09T21:22:12.2783496Z   CARGO_TERM_COLOR: always
2026-10-09T21:22:12.2783693Z   RUST_BACKTRACE: 1
2026-10-09T21:22:12.2783868Z ##[endgroup]
2026-10-09T21:22:12.2854433Z ##[end-action id=__dtolnay_rust-toolchain.__run;outcome=success;conclusion=success;duration_ms=14]
2026-10-09T21:22:12.2856278Z ##[start-action display=Install rustup if needed;id=__dtolnay_rust-toolchain.__run_2]
2026-10-09T21:22:12.2877193Z ##[group]Run if ! command -v rustup &>/dev/null; then
2026-10-09T21:22:12.2877493Z [36;1mif ! command -v rustup &>/dev/null; then[0m
2026-10-09T21:22:12.2878411Z [36;1m  curl --proto '=https' --tlsv1.2 --retry 10 --retry-connrefused --location --silent --show-error --fail https://sh.rustup.rs | sh -s -- --default-toolchain none -y[0m
2026-10-09T21:22:12.2879286Z [36;1m  echo "$CARGO_HOME/bin" >> $GITHUB_PATH[0m
2026-10-09T21:22:12.2879537Z [36;1mfi[0m
2026-10-09T21:22:12.2926534Z shell: /usr/bin/bash --noprofile --norc -e -o pipefail {0}
2026-10-09T21:22:12.2926812Z env:
2026-10-09T21:22:12.2926994Z   CARGO_TERM_COLOR: always
2026-10-09T21:22:12.2927192Z   RUST_BACKTRACE: 1
2026-10-09T21:22:12.2927376Z   CARGO_HOME: /home/runner/.cargo
2026-10-09T21:22:12.2927581Z ##[endgroup]
2026-10-09T21:22:12.2996216Z ##[end-action id=__dtolnay_rust-toolchain.__run_2;outcome=success;conclusion=success;duration_ms=13]
2026-10-09T21:22:12.2998302Z ##[start-action display=Install rustup if needed on windows;id=__dtolnay_rust-toolchain.__run_3]
2026-10-09T21:22:12.3003486Z ##[end-action id=__dtolnay_rust-toolchain.__run_3;outcome=skipped;conclusion=skipped;duration_ms=0]
2026-10-09T21:22:12.3014628Z ##[start-action display=rustup toolchain install stable;id=__dtolnay_rust-toolchain.__run_4]
2026-10-09T21:22:12.3030387Z ##[group]Run set -f  # split targets and components on commas and whitespace, without glob expansion
2026-10-09T21:22:12.3030932Z [36;1mset -f  # split targets and components on commas and whitespace, without glob expansion[0m
2026-10-09T21:22:12.3031281Z [36;1mflags=()[0m
2026-10-09T21:22:12.3031514Z [36;1mfor t in ${targets//,/ }; do flags+=(--target "$t"); done[0m
2026-10-09T21:22:12.3031844Z [36;1mfor c in ${components//,/ }; do flags+=(--component "$c"); done[0m
2026-10-09T21:22:12.3032240Z [36;1mif [[ $toolchain == nightly && -n $components ]]; then flags+=(--allow-downgrade); fi[0m
2026-10-09T21:22:12.3032580Z [36;1mlog=$(mktemp)[0m
2026-10-09T21:22:12.3032778Z [36;1mtrap 'rm -f "$log"' EXIT[0m
2026-10-09T21:22:12.3033000Z [36;1mfor attempt in 1 2 3 4 5; do[0m
2026-10-09T21:22:12.3033449Z [36;1m  if rustup toolchain install "$toolchain" "${flags[@]}" --profile minimal --no-self-update --force-non-host 2>&1 | tee "$log"; then[0m
2026-10-09T21:22:12.3033885Z [36;1m    break[0m
2026-10-09T21:22:12.3034058Z [36;1m  else[0m
2026-10-09T21:22:12.3034226Z [36;1m    status=$?[0m
2026-10-09T21:22:12.3034404Z [36;1m  fi[0m
2026-10-09T21:22:12.3034653Z [36;1m  if [[ $attempt == 5 ]] || ! grep -Fq 'checksum failed for ' "$log" \[0m
2026-10-09T21:22:12.3035090Z [36;1m      || ! grep -Fq 'this is likely due to an ongoing update of the official release server' "$log"; then[0m
2026-10-09T21:22:12.3035448Z [36;1m    exit "$status"[0m
2026-10-09T21:22:12.3035640Z [36;1m  fi[0m
2026-10-09T21:22:12.3035926Z [36;1m  echo "Retrying rustup toolchain install in 30 seconds (retry $attempt of 4)" >&2[0m
2026-10-09T21:22:12.3036253Z [36;1m  sleep 30[0m
2026-10-09T21:22:12.3036430Z [36;1mdone[0m
2026-10-09T21:22:12.3083608Z shell: /usr/bin/bash --noprofile --norc -e -o pipefail {0}
2026-10-09T21:22:12.3083895Z env:
2026-10-09T21:22:12.3084075Z   CARGO_TERM_COLOR: always
2026-10-09T21:22:12.3084278Z   RUST_BACKTRACE: 1
2026-10-09T21:22:12.3084475Z   CARGO_HOME: /home/runner/.cargo
2026-10-09T21:22:12.3084677Z   toolchain: stable
2026-10-09T21:22:12.3084861Z   targets: 
2026-10-09T21:22:12.3085035Z   components: rustfmt, clippy
2026-10-09T21:22:12.3085245Z   RUSTUP_PERMIT_COPY_RENAME: 1
2026-10-09T21:22:12.3085442Z ##[endgroup]
2026-10-09T21:22:12.4925641Z info: syncing channel updates for stable-x86_64-unknown-linux-gnu
2026-10-09T21:22:12.6119953Z info: latest update on 2026-10-01 for version 1.99.0 (b940084d7 2026-09-28)
2026-10-09T21:22:12.6228351Z info: component clippy is up to date
2026-10-09T21:22:12.6228812Z info: component rustfmt is up to date
2026-10-09T21:22:12.6234742Z 
2026-10-09T21:22:12.6312045Z   stable-x86_64-unknown-linux-gnu unchanged - rustc 1.99.0 (b940084d7 2026-09-28)
2026-10-09T21:22:12.6312630Z 
2026-10-09T21:22:12.6352618Z ##[end-action id=__dtolnay_rust-toolchain.__run_4;outcome=success;conclusion=success;duration_ms=333]
2026-10-09T21:22:12.6357618Z ##[start-action display=rustup default stable;id=__dtolnay_rust-toolchain.__run_5]
2026-10-09T21:22:12.6373445Z ##[group]Run rustup default "$toolchain" --force-non-host
2026-10-09T21:22:12.6373947Z [36;1mrustup default "$toolchain" --force-non-host[0m
2026-10-09T21:22:12.6430014Z shell: /usr/bin/bash --noprofile --norc -e -o pipefail {0}
2026-10-09T21:22:12.6430299Z env:
2026-10-09T21:22:12.6430473Z   CARGO_TERM_COLOR: always
2026-10-09T21:22:12.6430672Z   RUST_BACKTRACE: 1
2026-10-09T21:22:12.6430871Z   CARGO_HOME: /home/runner/.cargo
2026-10-09T21:22:12.6431089Z   toolchain: stable
2026-10-09T21:22:12.6431265Z ##[endgroup]
2026-10-09T21:22:12.6532889Z info: using existing install for stable-x86_64-unknown-linux-gnu
2026-10-09T21:22:12.6554854Z info: default toolchain set to stable-x86_64-unknown-linux-gnu
2026-10-09T21:22:12.6555084Z 
2026-10-09T21:22:12.6619984Z   stable-x86_64-unknown-linux-gnu unchanged - rustc 1.99.0 (b940084d7 2026-09-28)
2026-10-09T21:22:12.6620272Z 
2026-10-09T21:22:12.6637604Z ##[end-action id=__dtolnay_rust-toolchain.__run_5;outcome=success;conclusion=success;duration_ms=27]
2026-10-09T21:22:12.6640707Z ##[start-action display=Create cachekey;id=__dtolnay_rust-toolchain.rustc-version]
2026-10-09T21:22:12.6655969Z ##[group]Run DATE=$(rustc +"$toolchain" --version --verbose | sed -ne 's/^commit-date: \(20[0-9][0-9]\)-\([01][0-9]\)-\([0-3][0-9]\)$/\1\2\3/p')
2026-10-09T21:22:12.6656671Z [36;1mDATE=$(rustc +"$toolchain" --version --verbose | sed -ne 's/^commit-date: \(20[0-9][0-9]\)-\([01][0-9]\)-\([0-3][0-9]\)$/\1\2\3/p')[0m
2026-10-09T21:22:12.6657212Z [36;1mHASH=$(rustc +"$toolchain" --version --verbose | sed -ne 's/^commit-hash: //p')[0m
2026-10-09T21:22:12.6657617Z [36;1mecho "cachekey=$(echo $DATE$HASH | head -c12)" >> $GITHUB_OUTPUT[0m
2026-10-09T21:22:12.6709438Z shell: /usr/bin/bash --noprofile --norc -e -o pipefail {0}
2026-10-09T21:22:12.6709723Z env:
2026-10-09T21:22:12.6709897Z   CARGO_TERM_COLOR: always
2026-10-09T21:22:12.6710091Z   RUST_BACKTRACE: 1
2026-10-09T21:22:12.6710273Z   CARGO_HOME: /home/runner/.cargo
2026-10-09T21:22:12.6710481Z   toolchain: stable
2026-10-09T21:22:12.6710654Z ##[endgroup]
2026-10-09T21:22:12.7023608Z ##[end-action id=__dtolnay_rust-toolchain.rustc-version;outcome=success;conclusion=success;duration_ms=38]
2026-10-09T21:22:12.7025980Z ##[start-action display=Disable incremental compilation;id=__dtolnay_rust-toolchain.__run_6]
2026-10-09T21:22:12.7065902Z ##[group]Run if [ -z "${CARGO_INCREMENTAL+set}" ]; then
2026-10-09T21:22:12.7066223Z [36;1mif [ -z "${CARGO_INCREMENTAL+set}" ]; then[0m
2026-10-09T21:22:12.7066500Z [36;1m  echo CARGO_INCREMENTAL=0 >> $GITHUB_ENV[0m
2026-10-09T21:22:12.7066731Z [36;1mfi[0m
2026-10-09T21:22:12.7121861Z shell: /usr/bin/bash --noprofile --norc -e -o pipefail {0}
2026-10-09T21:22:12.7122143Z env:
2026-10-09T21:22:12.7122337Z   CARGO_TERM_COLOR: always
2026-10-09T21:22:12.7122539Z   RUST_BACKTRACE: 1
2026-10-09T21:22:12.7122730Z   CARGO_HOME: /home/runner/.cargo
2026-10-09T21:22:12.7122935Z ##[endgroup]
2026-10-09T21:22:12.7193366Z ##[end-action id=__dtolnay_rust-toolchain.__run_6;outcome=success;conclusion=success;duration_ms=16]
2026-10-09T21:22:12.7195063Z ##[start-action display=Enable colors in Cargo output;id=__dtolnay_rust-toolchain.__run_7]
2026-10-09T21:22:12.7209705Z ##[group]Run if [ -z "${CARGO_TERM_COLOR+set}" ]; then
2026-10-09T21:22:12.7210002Z [36;1mif [ -z "${CARGO_TERM_COLOR+set}" ]; then[0m
2026-10-09T21:22:12.7210277Z [36;1m  echo CARGO_TERM_COLOR=always >> $GITHUB_ENV[0m
2026-10-09T21:22:12.7210525Z [36;1mfi[0m
2026-10-09T21:22:12.7257796Z shell: /usr/bin/bash --noprofile --norc -e -o pipefail {0}
2026-10-09T21:22:12.7258318Z env:
2026-10-09T21:22:12.7258488Z   CARGO_TERM_COLOR: always
2026-10-09T21:22:12.7258686Z   RUST_BACKTRACE: 1
2026-10-09T21:22:12.7258874Z   CARGO_HOME: /home/runner/.cargo
2026-10-09T21:22:12.7259238Z   CARGO_INCREMENTAL: 0
2026-10-09T21:22:12.7259427Z ##[endgroup]
2026-10-09T21:22:12.7326931Z ##[end-action id=__dtolnay_rust-toolchain.__run_7;outcome=success;conclusion=success;duration_ms=13]
2026-10-09T21:22:12.7329762Z ##[start-action display=Enable Cargo sparse registry;id=__dtolnay_rust-toolchain.__run_8]
2026-10-09T21:22:12.7345511Z ##[group]Run # implemented in 1.66, stabilized in 1.68, made default in 1.70
2026-10-09T21:22:12.7345933Z [36;1m# implemented in 1.66, stabilized in 1.68, made default in 1.70[0m
2026-10-09T21:22:12.7346495Z [36;1mif [ -z "${CARGO_REGISTRIES_CRATES_IO_PROTOCOL+set}" -o -f "/home/runner/work/_temp"/.implicit_cargo_registries_crates_io_protocol ]; then[0m
2026-10-09T21:22:12.7347062Z [36;1m  if rustc +"$toolchain" --version --verbose | grep -q '^release: 1\.6[89]\.'; then[0m
2026-10-09T21:22:12.7347522Z [36;1m    touch "/home/runner/work/_temp"/.implicit_cargo_registries_crates_io_protocol || true[0m
2026-10-09T21:22:12.7348164Z [36;1m    echo CARGO_REGISTRIES_CRATES_IO_PROTOCOL=sparse >> $GITHUB_ENV[0m
2026-10-09T21:22:12.7348575Z [36;1m  elif rustc +"$toolchain" --version --verbose | grep -q '^release: 1\.6[67]\.'; then[0m
2026-10-09T21:22:12.7349025Z [36;1m    touch "/home/runner/work/_temp"/.implicit_cargo_registries_crates_io_protocol || true[0m
2026-10-09T21:22:12.7349438Z [36;1m    echo CARGO_REGISTRIES_CRATES_IO_PROTOCOL=git >> $GITHUB_ENV[0m
2026-10-09T21:22:12.7349725Z [36;1m  fi[0m
2026-10-09T21:22:12.7349893Z [36;1mfi[0m
2026-10-09T21:22:12.7398214Z shell: /usr/bin/bash --noprofile --norc -e -o pipefail {0}
2026-10-09T21:22:12.7398491Z env:
2026-10-09T21:22:12.7398665Z   CARGO_TERM_COLOR: always
2026-10-09T21:22:12.7398860Z   RUST_BACKTRACE: 1
2026-10-09T21:22:12.7399047Z   CARGO_HOME: /home/runner/.cargo
2026-10-09T21:22:12.7399259Z   CARGO_INCREMENTAL: 0
2026-10-09T21:22:12.7399445Z   toolchain: stable
2026-10-09T21:22:12.7399611Z ##[endgroup]
2026-10-09T21:22:12.7678959Z ##[end-action id=__dtolnay_rust-toolchain.__run_8;outcome=success;conclusion=success;duration_ms=34]
2026-10-09T21:22:12.7682306Z ##[start-action display=Work around spurious network errors in curl 8.0;id=__dtolnay_rust-toolchain.__run_9]
2026-10-09T21:22:12.7698156Z ##[group]Run # https://rust-lang.zulipchat.com/#narrow/stream/246057-t-cargo/topic/timeout.20investigation
2026-10-09T21:22:12.7698776Z [36;1m# https://rust-lang.zulipchat.com/#narrow/stream/246057-t-cargo/topic/timeout.20investigation[0m
2026-10-09T21:22:12.7699280Z [36;1mif rustc +"$toolchain" --version --verbose | grep -q '^release: 1\.7[01]\.'; then[0m
2026-10-09T21:22:12.7699677Z [36;1m  echo CARGO_HTTP_MULTIPLEXING=false >> $GITHUB_ENV[0m
2026-10-09T21:22:12.7699944Z [36;1mfi[0m
2026-10-09T21:22:12.7753024Z shell: /usr/bin/bash --noprofile --norc -e -o pipefail {0}
2026-10-09T21:22:12.7753322Z env:
2026-10-09T21:22:12.7753498Z   CARGO_TERM_COLOR: always
2026-10-09T21:22:12.7753693Z   RUST_BACKTRACE: 1
2026-10-09T21:22:12.7753880Z   CARGO_HOME: /home/runner/.cargo
2026-10-09T21:22:12.7754097Z   CARGO_INCREMENTAL: 0
2026-10-09T21:22:12.7754274Z   toolchain: stable
2026-10-09T21:22:12.7754443Z ##[endgroup]
2026-10-09T21:22:12.7930789Z ##[end-action id=__dtolnay_rust-toolchain.__run_9;outcome=success;conclusion=success;duration_ms=24]
2026-10-09T21:22:12.7934387Z ##[start-action display=rustc +stable --version --verbose;id=__dtolnay_rust-toolchain.__run_10]
2026-10-09T21:22:12.7949476Z ##[group]Run rustc +"$toolchain" --version --verbose
2026-10-09T21:22:12.7949775Z [36;1mrustc +"$toolchain" --version --verbose[0m
2026-10-09T21:22:12.7999549Z shell: /usr/bin/bash --noprofile --norc -e -o pipefail {0}
2026-10-09T21:22:12.7999832Z env:
2026-10-09T21:22:12.8000015Z   CARGO_TERM_COLOR: always
2026-10-09T21:22:12.8000211Z   RUST_BACKTRACE: 1
2026-10-09T21:22:12.8000402Z   CARGO_HOME: /home/runner/.cargo
2026-10-09T21:22:12.8000611Z   CARGO_INCREMENTAL: 0
2026-10-09T21:22:12.8000792Z   toolchain: stable
2026-10-09T21:22:12.8000960Z ##[endgroup]
2026-10-09T21:22:12.8157042Z rustc 1.99.0 (b940084d7 2026-09-28)
2026-10-09T21:22:12.8157427Z binary: rustc
2026-10-09T21:22:12.8157766Z commit-hash: b940084d7eb6a299eb4bfeb8e34901bc051e7ac4
2026-10-09T21:22:12.8158287Z commit-date: 2026-09-28
2026-10-09T21:22:12.8158585Z host: x86_64-unknown-linux-gnu
2026-10-09T21:22:12.8158897Z release: 1.99.0
2026-10-09T21:22:12.8159188Z LLVM version: 23.1.1
2026-10-09T21:22:12.8174921Z ##[end-action id=__dtolnay_rust-toolchain.__run_10;outcome=success;conclusion=success;duration_ms=23]
2026-10-09T21:22:12.8351294Z ##[group]Run Swatinem/rust-cache@v2
2026-10-09T21:22:12.8351531Z with:
2026-10-09T21:22:12.8351702Z   prefix-key: v0-rust
2026-10-09T21:22:12.8351890Z   add-job-id-key: true
2026-10-09T21:22:12.8352090Z   add-rust-environment-hash-key: true
2026-10-09T21:22:12.8352311Z   cache-targets: true
2026-10-09T21:22:12.8352497Z   cache-all-crates: false
2026-10-09T21:22:12.8352695Z   cache-workspace-crates: false
2026-10-09T21:22:12.8352896Z   save-if: true
2026-10-09T21:22:12.8353068Z   cache-provider: github
2026-10-09T21:22:12.8353267Z   cache-bin: true
2026-10-09T21:22:12.8353435Z   lookup-only: false
2026-10-09T21:22:12.8353610Z   cmd-format: {0}
2026-10-09T21:22:12.8353767Z env:
2026-10-09T21:22:12.8353925Z   CARGO_TERM_COLOR: always
2026-10-09T21:22:12.8354110Z   RUST_BACKTRACE: 1
2026-10-09T21:22:12.8354290Z   CARGO_HOME: /home/runner/.cargo
2026-10-09T21:22:12.8354499Z   CARGO_INCREMENTAL: 0
2026-10-09T21:22:12.8354674Z ##[endgroup]
2026-10-09T21:22:13.3148062Z ##[group]Cache Configuration
2026-10-09T21:22:13.3148460Z Cache Provider:
2026-10-09T21:22:13.3148749Z     github
2026-10-09T21:22:13.3149000Z Workspaces:
2026-10-09T21:22:13.3149316Z     /home/runner/work/rustwright/rustwright
2026-10-09T21:22:13.3149684Z Cache Paths:
2026-10-09T21:22:13.3149872Z     /home/runner/.cargo/bin
2026-10-09T21:22:13.3150086Z     /home/runner/.cargo/.crates.toml
2026-10-09T21:22:13.3150318Z     /home/runner/.cargo/.crates2.json
2026-10-09T21:22:13.3150540Z     /home/runner/.cargo/registry
2026-10-09T21:22:13.3150764Z     /home/runner/.cargo/git
2026-10-09T21:22:13.3150984Z     /home/runner/work/rustwright/rustwright/target
2026-10-09T21:22:13.3151224Z Restore Key:
2026-10-09T21:22:13.3151499Z     v0-rust-check-Linux-x64-2c4d122c
2026-10-09T21:22:13.3151713Z Cache Key:
2026-10-09T21:22:13.3151920Z     v0-rust-check-Linux-x64-2c4d122c-f6e92162
2026-10-09T21:22:13.3152170Z .. Prefix:
2026-10-09T21:22:13.3152344Z   - v0-rust-check-Linux-x64
2026-10-09T21:22:13.3152544Z .. Environment considered:
2026-10-09T21:22:13.3152748Z   - Rust Versions:
2026-10-09T21:22:13.3153015Z     - 1.99.0 x86_64-unknown-linux-gnu b940084d7eb6a299eb4bfeb8e34901bc051e7ac4
2026-10-09T21:22:13.3153329Z   - CARGO_HOME
2026-10-09T21:22:13.3153509Z   - CARGO_INCREMENTAL
2026-10-09T21:22:13.3153714Z   - CARGO_TERM_COLOR
2026-10-09T21:22:13.3153896Z   - RUST_BACKTRACE
2026-10-09T21:22:13.3154174Z .. Lockfiles considered:
2026-10-09T21:22:13.3154454Z   - /home/runner/work/rustwright/rustwright/Cargo.lock
2026-10-09T21:22:13.3154839Z   - /home/runner/work/rustwright/rustwright/crates/rustwright-bidi/Cargo.toml
2026-10-09T21:22:13.3155264Z   - /home/runner/work/rustwright/rustwright/crates/rustwright-browser/Cargo.toml
2026-10-09T21:22:13.3155677Z   - /home/runner/work/rustwright/rustwright/crates/rustwright-cdp/Cargo.toml
2026-10-09T21:22:13.3156072Z   - /home/runner/work/rustwright/rustwright/crates/rustwright-common/Cargo.toml
2026-10-09T21:22:13.3156464Z   - /home/runner/work/rustwright/rustwright/crates/rustwright-core/Cargo.toml
2026-10-09T21:22:13.3156898Z   - /home/runner/work/rustwright/rustwright/crates/rustwright-test-macros/Cargo.toml
2026-10-09T21:22:13.3157310Z   - /home/runner/work/rustwright/rustwright/crates/rustwright-test/Cargo.toml
2026-10-09T21:22:13.3157684Z   - /home/runner/work/rustwright/rustwright/crates/rustwright/Cargo.toml
2026-10-09T21:22:13.3158387Z   - /home/runner/work/rustwright/rustwright/docs/ci/results/firefox-network-idle/local/release/consumer/.cargo/config.toml
2026-10-09T21:22:13.3159035Z   - /home/runner/work/rustwright/rustwright/docs/ci/results/reliability-95/local/distribution/consumer/.cargo/config.toml
2026-10-09T21:22:13.3159923Z   - /home/runner/work/rustwright/rustwright/docs/ci/results/remote-20261009/followup-local/consumer/.cargo/config.toml
2026-10-09T21:22:13.3160590Z   - /home/runner/work/rustwright/rustwright/docs/ci/results/required-browser/release/consumer/.cargo/config.toml
2026-10-09T21:22:13.3161702Z   - /home/runner/work/rustwright/rustwright/docs/release/results/local-package/consumer/.cargo/config.toml
2026-10-09T21:22:13.3162223Z   - /home/runner/work/rustwright/rustwright/examples/Cargo.toml
2026-10-09T21:22:13.3162562Z   - /home/runner/work/rustwright/rustwright/tests/Cargo.toml
2026-10-09T21:22:13.3163031Z ##[endgroup]
2026-10-09T21:22:13.3163183Z 
2026-10-09T21:22:13.3163277Z ... Restoring cache ...
2026-10-09T21:22:13.5074957Z No cache found.
2026-10-09T21:22:13.5184437Z ##[group]Run cargo fmt --all -- --check
2026-10-09T21:22:13.5184711Z [36;1mcargo fmt --all -- --check[0m
2026-10-09T21:22:13.5241231Z shell: /usr/bin/bash -e {0}
2026-10-09T21:22:13.5241444Z env:
2026-10-09T21:22:13.5241611Z   CARGO_TERM_COLOR: always
2026-10-09T21:22:13.5241805Z   RUST_BACKTRACE: 1
2026-10-09T21:22:13.5241985Z   CARGO_HOME: /home/runner/.cargo
2026-10-09T21:22:13.5242195Z   CARGO_INCREMENTAL: 0
2026-10-09T21:22:13.5242374Z   CACHE_ON_FAILURE: false
2026-10-09T21:22:13.5242562Z ##[endgroup]
2026-10-09T21:22:14.3040244Z ##[group]Run cargo clippy --workspace --all-targets -- -D warnings
2026-10-09T21:22:14.3040643Z [36;1mcargo clippy --workspace --all-targets -- -D warnings[0m
2026-10-09T21:22:14.3095305Z shell: /usr/bin/bash -e {0}
2026-10-09T21:22:14.3095517Z env:
2026-10-09T21:22:14.3095684Z   CARGO_TERM_COLOR: always
2026-10-09T21:22:14.3095876Z   RUST_BACKTRACE: 1
2026-10-09T21:22:14.3096056Z   CARGO_HOME: /home/runner/.cargo
2026-10-09T21:22:14.3096262Z   CARGO_INCREMENTAL: 0
2026-10-09T21:22:14.3096454Z   CACHE_ON_FAILURE: false
2026-10-09T21:22:14.3096641Z ##[endgroup]
2026-10-09T21:22:14.5651384Z [1m[92m    Updating[0m crates.io index
2026-10-09T21:22:14.7731848Z [1m[92m Downloading[0m crates ...
2026-10-09T21:22:14.8237081Z [1m[92m  Downloaded[0m const-oid v0.10.2
2026-10-09T21:22:14.8264714Z [1m[92m  Downloaded[0m data-encoding v2.11.1
2026-10-09T21:22:14.8271844Z [1m[92m  Downloaded[0m futures-core v0.3.34
2026-10-09T21:22:14.8362939Z [1m[92m  Downloaded[0m crypto-common v0.2.2
2026-10-09T21:22:14.8398466Z [1m[92m  Downloaded[0m futures-task v0.3.34
2026-10-09T21:22:14.8432651Z [1m[92m  Downloaded[0m block-buffer v0.12.1
2026-10-09T21:22:14.8442222Z [1m[92m  Downloaded[0m errno v0.3.14
2026-10-09T21:22:14.8481191Z [1m[92m  Downloaded[0m cpufeatures v0.3.1
2026-10-09T21:22:14.8513830Z [1m[92m  Downloaded[0m futures-macro v0.3.34
2026-10-09T21:22:14.8529402Z [1m[92m  Downloaded[0m futures-sink v0.3.34
2026-10-09T21:22:14.8536014Z [1m[92m  Downloaded[0m sha1 v0.11.0
2026-10-09T21:22:14.8612548Z [1m[92m  Downloaded[0m tokio-macros v2.7.2
2026-10-09T21:22:14.8737167Z [1m[92m  Downloaded[0m signal-hook-registry v1.4.8
2026-10-09T21:22:14.8795387Z [1m[92m  Downloaded[0m itoa v1.0.18
2026-10-09T21:22:14.8808342Z [1m[92m  Downloaded[0m hybrid-array v0.4.15
2026-10-09T21:22:14.8827316Z [1m[92m  Downloaded[0m pin-project-lite v0.2.17
2026-10-09T21:22:14.8876093Z [1m[92m  Downloaded[0m cfg-if v1.0.5
2026-10-09T21:22:14.8888628Z [1m[92m  Downloaded[0m slab v0.4.12
2026-10-09T21:22:14.8898190Z [1m[92m  Downloaded[0m tokio-tungstenite v0.30.0
2026-10-09T21:22:14.8915205Z [1m[92m  Downloaded[0m zmij v1.0.23
2026-10-09T21:22:14.8929406Z [1m[92m  Downloaded[0m digest v0.11.3
2026-10-09T21:22:14.8948120Z [1m[92m  Downloaded[0m once_cell v1.21.4
2026-10-09T21:22:14.8971300Z [1m[92m  Downloaded[0m chacha20 v0.10.2
2026-10-09T21:22:14.8993165Z [1m[92m  Downloaded[0m rand_core v0.10.1
2026-10-09T21:22:14.9005897Z [1m[92m  Downloaded[0m thiserror-impl v2.0.20
2026-10-09T21:22:14.9018396Z [1m[92m  Downloaded[0m thiserror v2.0.20
2026-10-09T21:22:14.9078183Z [1m[92m  Downloaded[0m tracing-attributes v0.1.31
2026-10-09T21:22:14.9101043Z [1m[92m  Downloaded[0m log v0.4.34
2026-10-09T21:22:14.9121253Z [1m[92m  Downloaded[0m quote v1.0.47
2026-10-09T21:22:14.9150036Z [1m[92m  Downloaded[0m serde_derive v1.0.229
2026-10-09T21:22:14.9175140Z [1m[92m  Downloaded[0m unicode-ident v1.0.26
2026-10-09T21:22:14.9198254Z [1m[92m  Downloaded[0m httparse v1.10.1
2026-10-09T21:22:14.9220127Z [1m[92m  Downloaded[0m serde_core v1.0.229
2026-10-09T21:22:14.9242240Z [1m[92m  Downloaded[0m getrandom v0.4.3
2026-10-09T21:22:14.9273052Z [1m[92m  Downloaded[0m proc-macro2 v1.0.107
2026-10-09T21:22:14.9296666Z [1m[92m  Downloaded[0m socket2 v0.6.5
2026-10-09T21:22:14.9311142Z [1m[92m  Downloaded[0m tracing-core v0.1.36
2026-10-09T21:22:14.9332670Z [1m[92m  Downloaded[0m base64 v0.22.1
2026-10-09T21:22:14.9362969Z [1m[92m  Downloaded[0m bytes v1.12.1
2026-10-09T21:22:14.9391293Z [1m[92m  Downloaded[0m tungstenite v0.30.0
2026-10-09T21:22:14.9419837Z [1m[92m  Downloaded[0m serde v1.0.229
2026-10-09T21:22:14.9447516Z [1m[92m  Downloaded[0m memchr v2.8.3
2026-10-09T21:22:14.9492099Z [1m[92m  Downloaded[0m typenum v1.20.1
2026-10-09T21:22:14.9520170Z [1m[92m  Downloaded[0m rand v0.10.2
2026-10-09T21:22:14.9550762Z [1m[92m  Downloaded[0m mio v1.2.3
2026-10-09T21:22:14.9600489Z [1m[92m  Downloaded[0m http v1.5.0
2026-10-09T21:22:14.9630001Z [1m[92m  Downloaded[0m serde_json v1.0.151
2026-10-09T21:22:14.9689929Z [1m[92m  Downloaded[0m futures-util v0.3.34
2026-10-09T21:22:14.9798301Z [1m[92m  Downloaded[0m syn v2.0.119
2026-10-09T21:22:14.9883919Z [1m[92m  Downloaded[0m syn v3.0.6
2026-10-09T21:22:14.9970169Z [1m[92m  Downloaded[0m tracing v0.1.44
2026-10-09T21:22:15.0100882Z [1m[92m  Downloaded[0m libc v0.2.189
2026-10-09T21:22:15.0458566Z [1m[92m  Downloaded[0m tokio v1.53.1
2026-10-09T21:22:15.1551177Z [1m[92m   Compiling[0m proc-macro2 v1.0.107
2026-10-09T21:22:15.1551706Z [1m[92m   Compiling[0m quote v1.0.47
2026-10-09T21:22:15.1552733Z [1m[92m   Compiling[0m unicode-ident v1.0.26
2026-10-09T21:22:15.1553149Z [1m[92m   Compiling[0m libc v0.2.189
2026-10-09T21:22:15.7356676Z [1m[92m    Checking[0m typenum v1.20.1
2026-10-09T21:22:16.3790444Z [1m[92m    Checking[0m hybrid-array v0.4.15
2026-10-09T21:22:16.4323846Z [1m[92m    Checking[0m itoa v1.0.18
2026-10-09T21:22:16.5239119Z [1m[92m    Checking[0m cfg-if v1.0.5
2026-10-09T21:22:16.5430963Z [1m[92m   Compiling[0m serde_core v1.0.229
2026-10-09T21:22:16.6927211Z [1m[92m    Checking[0m rand_core v0.10.1
2026-10-09T21:22:16.7271508Z [1m[92m    Checking[0m cpufeatures v0.3.1
2026-10-09T21:22:16.7579294Z [1m[92m   Compiling[0m zmij v1.0.23
2026-10-09T21:22:16.7939824Z [1m[92m   Compiling[0m getrandom v0.4.3
2026-10-09T21:22:16.9746386Z [1m[92m    Checking[0m block-buffer v0.12.1
2026-10-09T21:22:17.0302237Z [1m[92m    Checking[0m crypto-common v0.2.2
2026-10-09T21:22:17.1650421Z [1m[92m   Compiling[0m syn v3.0.6
2026-10-09T21:22:17.1939550Z [1m[92m   Compiling[0m thiserror v2.0.20
2026-10-09T21:22:17.3334813Z [1m[92m    Checking[0m pin-project-lite v0.2.17
2026-10-09T21:22:17.3619076Z [1m[92m    Checking[0m bytes v1.12.1
2026-10-09T21:22:17.4310465Z [1m[92m   Compiling[0m httparse v1.10.1
2026-10-09T21:22:17.6314777Z [1m[92m    Checking[0m const-oid v0.10.2
2026-10-09T21:22:17.6689082Z [1m[92m   Compiling[0m serde_json v1.0.151
2026-10-09T21:22:17.6998411Z [1m[92m    Checking[0m digest v0.11.3
2026-10-09T21:22:17.7808701Z [1m[92m   Compiling[0m syn v2.0.119
2026-10-09T21:22:17.8221060Z [1m[92m    Checking[0m errno v0.3.14
2026-10-09T21:22:18.2112054Z [1m[92m    Checking[0m chacha20 v0.10.2
2026-10-09T21:22:18.2715595Z [1m[92m    Checking[0m memchr v2.8.3
2026-10-09T21:22:18.4039389Z [1m[92m    Checking[0m rand v0.10.2
2026-10-09T21:22:18.8709338Z [1m[92m    Checking[0m signal-hook-registry v1.4.8
2026-10-09T21:22:18.9396409Z [1m[92m    Checking[0m sha1 v0.11.0
2026-10-09T21:22:19.0551414Z [1m[92m    Checking[0m http v1.5.0
2026-10-09T21:22:19.0689156Z [1m[92m    Checking[0m socket2 v0.6.5
2026-10-09T21:22:19.2659407Z [1m[92m    Checking[0m mio v1.2.3
2026-10-09T21:22:19.4489385Z [1m[92m    Checking[0m slab v0.4.12
2026-10-09T21:22:19.4917706Z [1m[92m    Checking[0m futures-sink v0.3.34
2026-10-09T21:22:19.5169939Z [1m[92m    Checking[0m data-encoding v2.11.1
2026-10-09T21:22:19.5208906Z [1m[92m    Checking[0m futures-task v0.3.34
2026-10-09T21:22:19.5841676Z [1m[92m    Checking[0m log v0.4.34
2026-10-09T21:22:19.6479756Z [1m[92m   Compiling[0m serde v1.0.229
2026-10-09T21:22:19.6697393Z [1m[92m    Checking[0m once_cell v1.21.4
2026-10-09T21:22:19.7709729Z [1m[92m    Checking[0m futures-core v0.3.34
2026-10-09T21:22:19.7769193Z [1m[92m    Checking[0m tracing-core v0.1.36
2026-10-09T21:22:19.8260066Z [1m[92m    Checking[0m rustwright-common v0.1.0 (/home/runner/work/rustwright/rustwright/crates/rustwright-common)
2026-10-09T21:22:19.9092893Z [1m[92m   Compiling[0m thiserror-impl v2.0.20
2026-10-09T21:22:19.9684178Z [1m[92m   Compiling[0m tokio-macros v2.7.2
2026-10-09T21:22:20.4370570Z [1m[92m   Compiling[0m futures-macro v0.3.34
2026-10-09T21:22:20.5329175Z [1m[92m    Checking[0m tokio v1.53.1
2026-10-09T21:22:20.6749985Z [1m[92m    Checking[0m tungstenite v0.30.0
2026-10-09T21:22:20.8899617Z [1m[92m    Checking[0m futures-util v0.3.34
2026-10-09T21:22:20.9809673Z [1m[92m   Compiling[0m serde_derive v1.0.229
2026-10-09T21:22:21.1029104Z [1m[92m   Compiling[0m tracing-attributes v0.1.31
2026-10-09T21:22:21.8779148Z [1m[92m    Checking[0m tracing v0.1.44
2026-10-09T21:22:21.9759388Z [1m[92m    Checking[0m base64 v0.22.1
2026-10-09T21:22:22.1249652Z [1m[92m   Compiling[0m rustwright-test-macros v0.1.0 (/home/runner/work/rustwright/rustwright/crates/rustwright-test-macros)
2026-10-09T21:22:23.2370278Z [1m[92m    Checking[0m tokio-tungstenite v0.30.0
2026-10-09T21:22:23.3277593Z [1m[92m    Checking[0m rustwright-cdp v0.1.0 (/home/runner/work/rustwright/rustwright/crates/rustwright-cdp)
2026-10-09T21:22:24.3237619Z [1m[92m    Checking[0m rustwright-browser v0.1.0 (/home/runner/work/rustwright/rustwright/crates/rustwright-browser)
2026-10-09T21:22:24.5333982Z [1m[92m    Checking[0m rustwright-core v0.1.0 (/home/runner/work/rustwright/rustwright/crates/rustwright-core)
2026-10-09T21:22:24.5335437Z [1m[92m    Checking[0m rustwright-bidi v0.1.0 (/home/runner/work/rustwright/rustwright/crates/rustwright-bidi)
2026-10-09T21:22:25.8054273Z [1m[92m    Checking[0m rustwright v0.1.0 (/home/runner/work/rustwright/rustwright/crates/rustwright)
2026-10-09T21:22:25.9669779Z [1m[92m    Checking[0m rustwright-test v0.1.0 (/home/runner/work/rustwright/rustwright/crates/rustwright-test)
2026-10-09T21:22:25.9671275Z [1m[92m    Checking[0m rustwright-integration-tests v0.1.0 (/home/runner/work/rustwright/rustwright/tests)
2026-10-09T21:22:26.0618763Z [1m[92m    Checking[0m rustwright-examples v0.1.0 (/home/runner/work/rustwright/rustwright/examples)
2026-10-09T21:22:28.1878847Z [1m[92m    Finished[0m `dev` profile [unoptimized + debuginfo] target(s) in 13.82s
2026-10-09T21:22:28.2284224Z ##[group]Run browser-actions/setup-chrome@v2
2026-10-09T21:22:28.2284481Z with:
2026-10-09T21:22:28.2284653Z   chrome-version: stable
2026-10-09T21:22:28.2284858Z   install-dependencies: true
2026-10-09T21:22:28.2285064Z   install-chromedriver: false
2026-10-09T21:22:28.2285254Z   no-sudo: false
2026-10-09T21:22:28.2285414Z env:
2026-10-09T21:22:28.2285574Z   CARGO_TERM_COLOR: always
2026-10-09T21:22:28.2285762Z   RUST_BACKTRACE: 1
2026-10-09T21:22:28.2285953Z   CARGO_HOME: /home/runner/.cargo
2026-10-09T21:22:28.2286165Z   CARGO_INCREMENTAL: 0
2026-10-09T21:22:28.2286346Z   CACHE_ON_FAILURE: false
2026-10-09T21:22:28.2286525Z ##[endgroup]
2026-10-09T21:22:28.2879885Z Installing dependencies
2026-10-09T21:22:28.2925784Z [command]/usr/bin/sudo apt-get update
2026-10-09T21:22:28.3601141Z Get:1 file:/etc/apt/apt-mirrors.txt Mirrorlist [144 B]
2026-10-09T21:22:28.4034387Z Hit:2 http://azure.archive.ubuntu.com/ubuntu noble InRelease
2026-10-09T21:22:28.4050041Z Get:3 http://azure.archive.ubuntu.com/ubuntu noble-updates InRelease [126 kB]
2026-10-09T21:22:28.4101536Z Get:6 https://packages.microsoft.com/ubuntu/24.04/prod noble InRelease [3600 B]
2026-10-09T21:22:28.4217023Z Get:4 http://azure.archive.ubuntu.com/ubuntu noble-backports InRelease [126 kB]
2026-10-09T21:22:28.4238771Z Get:5 http://azure.archive.ubuntu.com/ubuntu noble-security InRelease [126 kB]
2026-10-09T21:22:28.5120320Z Get:7 https://packages.microsoft.com/ubuntu/24.04/prod noble/main armhf Packages [12.3 kB]
2026-10-09T21:22:28.5307056Z Get:8 https://packages.microsoft.com/ubuntu/24.04/prod noble/main amd64 Packages [531 kB]
2026-10-09T21:22:28.5449641Z Get:9 https://packages.microsoft.com/ubuntu/24.04/prod noble/main arm64 Packages [475 kB]
2026-10-09T21:22:28.5528320Z Get:10 http://azure.archive.ubuntu.com/ubuntu noble-updates/main amd64 Packages [1375 kB]
2026-10-09T21:22:28.5583646Z Get:11 http://azure.archive.ubuntu.com/ubuntu noble-updates/main Translation-en [306 kB]
2026-10-09T21:22:28.5630168Z Get:18 https://packages.microsoft.com/ubuntu/24.04/prod noble/main all Packages [640 B]
2026-10-09T21:22:28.5925542Z Get:12 http://azure.archive.ubuntu.com/ubuntu noble-updates/universe amd64 Packages [1702 kB]
2026-10-09T21:22:28.6333131Z Get:13 http://azure.archive.ubuntu.com/ubuntu noble-updates/universe Translation-en [342 kB]
2026-10-09T21:22:28.7080670Z Get:14 http://azure.archive.ubuntu.com/ubuntu noble-updates/restricted amd64 Packages [1761 kB]
2026-10-09T21:22:28.8292114Z Get:15 http://azure.archive.ubuntu.com/ubuntu noble-updates/restricted Translation-en [401 kB]
2026-10-09T21:22:28.9174922Z Get:16 http://azure.archive.ubuntu.com/ubuntu noble-updates/multiverse amd64 Packages [55.0 kB]
2026-10-09T21:22:28.9279192Z Get:17 http://azure.archive.ubuntu.com/ubuntu noble-updates/multiverse Translation-en [14.3 kB]
2026-10-09T21:22:28.9341347Z Get:19 http://azure.archive.ubuntu.com/ubuntu noble-security/main amd64 Packages [1121 kB]
2026-10-09T21:22:28.9514168Z Get:20 http://azure.archive.ubuntu.com/ubuntu noble-security/main Translation-en [228 kB]
2026-10-09T21:22:29.0144720Z Get:21 http://azure.archive.ubuntu.com/ubuntu noble-security/universe amd64 Packages [1220 kB]
2026-10-09T21:22:29.0320402Z Get:22 http://azure.archive.ubuntu.com/ubuntu noble-security/universe Translation-en [245 kB]
2026-10-09T21:22:29.0326237Z Get:23 http://azure.archive.ubuntu.com/ubuntu noble-security/restricted amd64 Packages [1669 kB]
2026-10-09T21:22:29.0413757Z Get:24 http://azure.archive.ubuntu.com/ubuntu noble-security/restricted Translation-en [383 kB]
2026-10-09T21:22:29.0466833Z Get:25 http://azure.archive.ubuntu.com/ubuntu noble-security/multiverse amd64 Packages [49.8 kB]
2026-10-09T21:22:29.0509975Z Get:26 http://azure.archive.ubuntu.com/ubuntu noble-security/multiverse Translation-en [12.4 kB]
2026-10-09T21:22:36.3646163Z Fetched 12.3 MB in 1s (11.5 MB/s)
2026-10-09T21:22:37.0198520Z Reading package lists...
2026-10-09T21:22:37.0318911Z [command]/usr/bin/sudo apt-get install --yes --no-install-recommends libasound2t64 libatk-bridge2.0-0t64 libatk1.0-0t64 libcairo2 libcups2t64 libdbus-1-3 libexpat1 libgbm1 libglib2.0-0t64 libnss3 libpango-1.0-0 libxcomposite1 libxdamage1 libxfixes3 libxkbcommon0 libxrandr2
2026-10-09T21:22:37.0494964Z Reading package lists...
2026-10-09T21:22:37.2276486Z Building dependency tree...
2026-10-09T21:22:37.2281893Z Reading state information...
2026-10-09T21:22:37.3834678Z libasound2t64 is already the newest version (1.2.11-1ubuntu0.3).
2026-10-09T21:22:37.3835029Z libasound2t64 set to manually installed.
2026-10-09T21:22:37.3835345Z libatk-bridge2.0-0t64 is already the newest version (2.52.0-1build1).
2026-10-09T21:22:37.3835668Z libatk-bridge2.0-0t64 set to manually installed.
2026-10-09T21:22:37.3835962Z libatk1.0-0t64 is already the newest version (2.52.0-1build1).
2026-10-09T21:22:37.3836243Z libatk1.0-0t64 set to manually installed.
2026-10-09T21:22:37.3836753Z libcairo2 is already the newest version (1.18.0-3build1).
2026-10-09T21:22:37.3837029Z libcairo2 set to manually installed.
2026-10-09T21:22:37.3837317Z libcups2t64 is already the newest version (2.4.7-1.2ubuntu7.14).
2026-10-09T21:22:37.3837602Z libcups2t64 set to manually installed.
2026-10-09T21:22:37.3837870Z libdbus-1-3 is already the newest version (1.14.10-4ubuntu4.1).
2026-10-09T21:22:37.3838284Z libdbus-1-3 set to manually installed.
2026-10-09T21:22:37.3838547Z libexpat1 is already the newest version (2.6.1-2ubuntu0.6).
2026-10-09T21:22:37.3838923Z libexpat1 set to manually installed.
2026-10-09T21:22:37.3839303Z libgbm1 is already the newest version (25.2.8-0ubuntu0.24.04.4).
2026-10-09T21:22:37.3839707Z libgbm1 set to manually installed.
2026-10-09T21:22:37.3840107Z libglib2.0-0t64 is already the newest version (2.80.0-6ubuntu3.9).
2026-10-09T21:22:37.3840528Z libglib2.0-0t64 set to manually installed.
2026-10-09T21:22:37.3840917Z libnss3 is already the newest version (2:3.98-1ubuntu0.2).
2026-10-09T21:22:37.3841336Z libnss3 set to manually installed.
2026-10-09T21:22:37.3841737Z libpango-1.0-0 is already the newest version (1.52.1+ds-1build1).
2026-10-09T21:22:37.3842166Z libpango-1.0-0 set to manually installed.
2026-10-09T21:22:37.3842592Z libxcomposite1 is already the newest version (1:0.4.5-1build3).
2026-10-09T21:22:37.3843033Z libxcomposite1 set to manually installed.
2026-10-09T21:22:37.3843446Z libxdamage1 is already the newest version (1:1.1.6-1build1).
2026-10-09T21:22:37.3843857Z libxdamage1 set to manually installed.
2026-10-09T21:22:37.3844251Z libxfixes3 is already the newest version (1:6.0.0-2build1).
2026-10-09T21:22:37.3844645Z libxfixes3 set to manually installed.
2026-10-09T21:22:37.3845045Z libxkbcommon0 is already the newest version (1.6.0-1build1).
2026-10-09T21:22:37.3845460Z libxkbcommon0 set to manually installed.
2026-10-09T21:22:37.3845856Z libxrandr2 is already the newest version (2:1.5.2-2build1).
2026-10-09T21:22:37.3846263Z libxrandr2 set to manually installed.
2026-10-09T21:22:37.3846935Z 0 upgraded, 0 newly installed, 0 to remove and 23 not upgraded.
2026-10-09T21:22:37.3851903Z Setup chrome stable
2026-10-09T21:22:37.3861885Z Attempting to download chrome stable...
2026-10-09T21:22:37.4290250Z Acquiring chrome stable from https://storage.googleapis.com/chrome-for-testing-public/155.0.8059.39/linux64/chrome-linux64.zip
2026-10-09T21:22:38.6631873Z Installing chrome...
2026-10-09T21:22:38.6657805Z [command]/usr/bin/unzip -o -q /home/runner/work/_temp/3d26618b-7154-41ed-93b9-017f0bf40713
2026-10-09T21:22:44.3684497Z Successfully Installed chrome to /opt/hostedtoolcache/setup-chrome/chrome/stable/x64
2026-10-09T21:22:44.3691643Z [command]/opt/hostedtoolcache/setup-chrome/chrome/stable/x64/chrome --version
2026-10-09T21:22:44.4121411Z Google Chrome for Testing 155.0.8059.39 
2026-10-09T21:22:44.4160899Z Successfully setup chrome 155.0.8059.39
2026-10-09T21:22:44.4727092Z ##[group]Run browser-actions/setup-firefox@v1
2026-10-09T21:22:44.4727351Z with:
2026-10-09T21:22:44.4727541Z   firefox-version: 157.0.1
2026-10-09T21:22:44.4727724Z env:
2026-10-09T21:22:44.4727881Z   CARGO_TERM_COLOR: always
2026-10-09T21:22:44.4728306Z   RUST_BACKTRACE: 1
2026-10-09T21:22:44.4728489Z   CARGO_HOME: /home/runner/.cargo
2026-10-09T21:22:44.4728702Z   CARGO_INCREMENTAL: 0
2026-10-09T21:22:44.4728899Z   CACHE_ON_FAILURE: false
2026-10-09T21:22:44.4729087Z ##[endgroup]
2026-10-09T21:22:44.5299546Z Setup firefox 157.0.1 (en-US)
2026-10-09T21:22:44.5304343Z Attempting to download firefox 157.0.1...
2026-10-09T21:22:44.5306064Z This is the version number:157
2026-10-09T21:22:44.5306523Z Acquiring 157.0.1 from https://ftp.mozilla.org/pub/firefox/releases/157.0.1/linux-x86_64/en-US/firefox-157.0.1.tar.xz
2026-10-09T21:22:44.8867453Z Extracting Firefox...
2026-10-09T21:22:44.9014384Z [command]/usr/bin/tar xJ --strip-components=1 --warning=no-unknown-keyword --overwrite -C /home/runner/work/_temp/0f5c8224-e793-46b7-a748-9a12dcf7db10 -f /home/runner/work/_temp/e795fbb6-1ebc-4513-81ae-74351da1f84c
2026-10-09T21:22:49.2036756Z Successfully extracted firefox 157.0.1 to /home/runner/work/_temp/0f5c8224-e793-46b7-a748-9a12dcf7db10
2026-10-09T21:22:49.2037351Z Adding to the cache ...
2026-10-09T21:22:51.2109330Z Successfully cached firefox 157.0.1 to /opt/hostedtoolcache/firefox/157.0.1/x64
2026-10-09T21:22:51.2115652Z [command]/opt/hostedtoolcache/firefox/157.0.1/x64/firefox --version
2026-10-09T21:22:51.2168410Z [3336] Sandbox: CanCreateUserNamespace() unshare(CLONE_NEWPID): EPERM
2026-10-09T21:22:51.2449212Z Mozilla Firefox 157.0.1
2026-10-09T21:22:51.2462701Z Successfully setup firefox version 157.0.1
2026-10-09T21:22:51.2785516Z ##[group]Run "/opt/hostedtoolcache/firefox/157.0.1/x64/firefox" --version
2026-10-09T21:22:51.2785955Z [36;1m"/opt/hostedtoolcache/firefox/157.0.1/x64/firefox" --version[0m
2026-10-09T21:22:51.2841395Z shell: /usr/bin/bash -e {0}
2026-10-09T21:22:51.2841601Z env:
2026-10-09T21:22:51.2841765Z   CARGO_TERM_COLOR: always
2026-10-09T21:22:51.2841965Z   RUST_BACKTRACE: 1
2026-10-09T21:22:51.2842165Z   CARGO_HOME: /home/runner/.cargo
2026-10-09T21:22:51.2842375Z   CARGO_INCREMENTAL: 0
2026-10-09T21:22:51.2842562Z   CACHE_ON_FAILURE: false
2026-10-09T21:22:51.2842749Z ##[endgroup]
2026-10-09T21:22:51.2934520Z [3341] Sandbox: CanCreateUserNamespace() unshare(CLONE_NEWPID): EPERM
2026-10-09T21:22:51.3084221Z Mozilla Firefox 157.0.1
2026-10-09T21:22:51.3135411Z ##[group]Run python3 scripts/ci/chrome_linux_sandbox.py
2026-10-09T21:22:51.3135739Z [36;1mpython3 scripts/ci/chrome_linux_sandbox.py[0m
2026-10-09T21:22:51.3187095Z shell: /usr/bin/bash -e {0}
2026-10-09T21:22:51.3187309Z env:
2026-10-09T21:22:51.3187475Z   CARGO_TERM_COLOR: always
2026-10-09T21:22:51.3187671Z   RUST_BACKTRACE: 1
2026-10-09T21:22:51.3187850Z   CARGO_HOME: /home/runner/.cargo
2026-10-09T21:22:51.3188155Z   CARGO_INCREMENTAL: 0
2026-10-09T21:22:51.3188333Z   CACHE_ON_FAILURE: false
2026-10-09T21:22:51.3188625Z   RUSTWRIGHT_CHROME: /opt/hostedtoolcache/setup-chrome/chrome/stable/x64/chrome
2026-10-09T21:22:51.3188948Z ##[endgroup]
2026-10-09T21:22:52.0730365Z Chrome before: {"phase": "before", "command": ["/opt/hostedtoolcache/setup-chrome/chrome/stable/x64/chrome", "--no-first-run", "--no-default-browser-check", "--user-data-dir=/home/runner/work/rustwright/rustwright/target/ci/linux-sandbox/before-profile-io7cu5qc", "--headless=new", "--disable-gpu", "--hide-scrollbars", "--mute-audio", "--dump-dom", "--timeout=10000", "http://127.0.0.1:34167/"], "exit_code": -6, "timed_out": false, "stdout": "/home/runner/work/rustwright/rustwright/target/ci/linux-sandbox/before-stdout.log", "stderr": "/home/runner/work/rustwright/rustwright/target/ci/linux-sandbox/before-stderr.log", "capture_timeout_ms": 10000, "outer_timeout_seconds": 25, "capture_scope": "fixture DOM/title observed; internal capture can stop loading and does not prove full load-event completion", "document_rendered": false, "passed": false}
2026-10-09T21:22:52.0736528Z [3349:3349:1009/212251.601317:FATAL:content/browser/zygote_host/zygote_host_impl_linux.cc:130] No usable sandbox! If you are running on Ubuntu 23.10+ or another Linux distro that has disabled unprivileged user namespaces with AppArmor, see https://chromium.googlesource.com/chromium/src/+/main/docs/security/apparmor-userns-restrictions.md. Otherwise see https://chromium.googlesource.com/chromium/src/+/main/docs/linux/suid_sandbox_development.md for more information on developing with the (older) SUID sandbox. If you want to live dangerously and need an immediate workaround, you can try using --no-sandbox.
2026-10-09T21:22:52.0740022Z [1009/212251.609183:ERROR:third_party/crashpad/crashpad/util/file/file_io_posix.cc:145] open /sys/devices/system/cpu/cpu0/cpufreq/scaling_cur_freq: No such file or directory (2)
2026-10-09T21:22:52.0740936Z [1009/212251.609219:ERROR:third_party/crashpad/crashpad/util/file/file_io_posix.cc:145] open /sys/devices/system/cpu/cpu0/cpufreq/scaling_max_freq: No such file or directory (2)
2026-10-09T21:22:52.0741503Z Received signal 6
2026-10-09T21:22:52.0741816Z #0 0x562ebd7bdfc3 (/opt/hostedtoolcache/setup-chrome/chrome/stable/x64/chrome+0x6aecfc2)
2026-10-09T21:22:52.0742520Z #1 0x562ec278c174 (/opt/hostedtoolcache/setup-chrome/chrome/stable/x64/chrome+0xbabb173)
2026-10-09T21:22:52.0742911Z #2 0x7f622d245330 (/usr/lib/x86_64-linux-gnu/libc.so.6+0x4532f)
2026-10-09T21:22:52.0743226Z #3 0x7f622d24527e (/usr/lib/x86_64-linux-gnu/libc.so.6+0x4527d)
2026-10-09T21:22:52.0743519Z #4 0x7f622d2288ff (/usr/lib/x86_64-linux-gnu/libc.so.6+0x288fe)
2026-10-09T21:22:52.0743874Z #5 0x562ec2782ed5 (/opt/hostedtoolcache/setup-chrome/chrome/stable/x64/chrome+0xbab1ed4)
2026-10-09T21:22:52.0744431Z #6 0x562ec2742b8d (/opt/hostedtoolcache/setup-chrome/chrome/stable/x64/chrome+0xba71b8c)
2026-10-09T21:22:52.0744863Z #7 0x562ec2742add (/opt/hostedtoolcache/setup-chrome/chrome/stable/x64/chrome+0xba71adc)
2026-10-09T21:22:52.0745292Z #8 0x562ebd487c12 (/opt/hostedtoolcache/setup-chrome/chrome/stable/x64/chrome+0x67b6c11)
2026-10-09T21:22:52.0745727Z #9 0x562ebcbae829 (/opt/hostedtoolcache/setup-chrome/chrome/stable/x64/chrome+0x5edd828)
2026-10-09T21:22:52.0746179Z #10 0x562ebc6e6f58 (/opt/hostedtoolcache/setup-chrome/chrome/stable/x64/chrome+0x5a15f57)
2026-10-09T21:22:52.0746616Z #11 0x562ec1c5574f (/opt/hostedtoolcache/setup-chrome/chrome/stable/x64/chrome+0xaf8474e)
2026-10-09T21:22:52.0747194Z #12 0x562ebcbf790c (/opt/hostedtoolcache/setup-chrome/chrome/stable/x64/chrome+0x5f2690b)
2026-10-09T21:22:52.0747646Z #13 0x562ebcbf7060 (/opt/hostedtoolcache/setup-chrome/chrome/stable/x64/chrome+0x5f2605f)
2026-10-09T21:22:52.0748215Z #14 0x7f622d22a1ca (/usr/lib/x86_64-linux-gnu/libc.so.6+0x2a1c9)
2026-10-09T21:22:52.0748525Z #15 0x7f622d22a28b (/usr/lib/x86_64-linux-gnu/libc.so.6+0x2a28a)
2026-10-09T21:22:52.0748889Z #16 0x562ebda7736a (/opt/hostedtoolcache/setup-chrome/chrome/stable/x64/chrome+0x6da6369)
2026-10-09T21:22:52.0749298Z   r8: 00002c680013c263  r9: 0000000000000001 r10: 0000000000000008 r11: 0000000000000246
2026-10-09T21:22:52.0749689Z  r12: 0000000000000006 r13: 00002c680013c000 r14: 0000000000000016 r15: 00007fff1b7cd5a8
2026-10-09T21:22:52.0750076Z   di: 0000000000000d15  si: 0000000000000d15  bp: 00007fff1b7ccf20  bx: 0000000000000d15
2026-10-09T21:22:52.0750452Z   dx: 0000000000000006  ax: 0000000000000000  cx: 00007f622d29ec0c  sp: 00007fff1b7ccee0
2026-10-09T21:22:52.0750836Z   ip: 00007f622d29ec0c efl: 0000000000000246 cgf: 002b000000000033 erf: 0000000000000000
2026-10-09T21:22:52.0751176Z  trp: 0000000000000000 msk: 0000000000000000 cr2: 0000000000000000
2026-10-09T21:22:52.0751436Z [end of stack trace]
2026-10-09T21:22:52.0751549Z 
2026-10-09T21:22:53.3262597Z Chrome after-configuration: {"phase": "after-configuration", "command": ["/opt/hostedtoolcache/setup-chrome/chrome/stable/x64/chrome", "--no-first-run", "--no-default-browser-check", "--user-data-dir=/home/runner/work/rustwright/rustwright/target/ci/linux-sandbox/after-configuration-profile-ra0nnu6j", "--headless=new", "--disable-gpu", "--hide-scrollbars", "--mute-audio", "--dump-dom", "--timeout=10000", "http://127.0.0.1:39203/"], "exit_code": 0, "timed_out": false, "stdout": "/home/runner/work/rustwright/rustwright/target/ci/linux-sandbox/after-configuration-stdout.log", "stderr": "/home/runner/work/rustwright/rustwright/target/ci/linux-sandbox/after-configuration-stderr.log", "capture_timeout_ms": 10000, "outer_timeout_seconds": 25, "capture_scope": "fixture DOM/title observed; internal capture can stop loading and does not prove full load-event completion", "document_rendered": true, "passed": true}
2026-10-09T21:22:53.3265418Z [3378:3400:1009/212252.475131:ERROR:dbus/bus.cc:405] Failed to connect to the bus: Could not parse server address: Unknown address type (examples of valid types are "tcp" and on UNIX "unix")
2026-10-09T21:22:53.3266291Z [3378:3400:1009/212252.475635:ERROR:dbus/bus.cc:405] Failed to connect to the bus: Could not parse server address: Unknown address type (examples of valid types are "tcp" and on UNIX "unix")
2026-10-09T21:22:53.3267146Z [3378:3400:1009/212252.475649:ERROR:dbus/bus.cc:405] Failed to connect to the bus: Could not parse server address: Unknown address type (examples of valid types are "tcp" and on UNIX "unix")
2026-10-09T21:22:53.3268476Z [3378:3400:1009/212252.475751:ERROR:dbus/bus.cc:405] Failed to connect to the bus: Could not parse server address: Unknown address type (examples of valid types are "tcp" and on UNIX "unix")
2026-10-09T21:22:53.3269318Z [3378:3400:1009/212252.495893:ERROR:dbus/bus.cc:405] Failed to connect to the bus: Could not parse server address: Unknown address type (examples of valid types are "tcp" and on UNIX "unix")
2026-10-09T21:22:53.3270168Z [3378:3378:1009/212252.593523:ERROR:dbus/object_proxy.cc:572] Failed to call method: org.freedesktop.DBus.NameHasOwner: object_path= /org/freedesktop/DBus: unknown error type: 
2026-10-09T21:22:53.3270994Z [3378:3378:1009/212252.593811:ERROR:dbus/object_proxy.cc:572] Failed to call method: org.freedesktop.DBus.NameHasOwner: object_path= /org/freedesktop/DBus: unknown error type: 
2026-10-09T21:22:53.3271828Z [3378:3378:1009/212252.593888:ERROR:dbus/object_proxy.cc:572] Failed to call method: org.freedesktop.DBus.NameHasOwner: object_path= /org/freedesktop/DBus: unknown error type: 
2026-10-09T21:22:53.3272832Z [3378:3400:1009/212252.595839:ERROR:dbus/bus.cc:405] Failed to connect to the bus: Could not parse server address: Unknown address type (examples of valid types are "tcp" and on UNIX "unix")
2026-10-09T21:22:53.3273693Z [3378:3400:1009/212252.595891:ERROR:dbus/bus.cc:405] Failed to connect to the bus: Could not parse server address: Unknown address type (examples of valid types are "tcp" and on UNIX "unix")
2026-10-09T21:22:53.3274523Z [3378:3378:1009/212252.615784:ERROR:dbus/object_proxy.cc:572] Failed to call method: org.freedesktop.DBus.NameHasOwner: object_path= /org/freedesktop/DBus: unknown error type: 
2026-10-09T21:22:53.3275355Z [3378:3400:1009/212252.615959:ERROR:dbus/bus.cc:405] Failed to connect to the bus: Could not parse server address: Unknown address type (examples of valid types are "tcp" and on UNIX "unix")
2026-10-09T21:22:53.3276176Z [3378:3378:1009/212252.634287:ERROR:dbus/object_proxy.cc:572] Failed to call method: org.freedesktop.DBus.NameHasOwner: object_path= /org/freedesktop/DBus: unknown error type: 
2026-10-09T21:22:53.3276984Z [3378:3378:1009/212252.640760:ERROR:dbus/object_proxy.cc:572] Failed to call method: org.freedesktop.DBus.NameHasOwner: object_path= /org/freedesktop/DBus: unknown error type: 
2026-10-09T21:22:53.3277799Z [3378:3400:1009/212252.640828:ERROR:dbus/bus.cc:405] Failed to connect to the bus: Could not parse server address: Unknown address type (examples of valid types are "tcp" and on UNIX "unix")
2026-10-09T21:22:53.3278750Z [3378:3378:1009/212252.641938:ERROR:dbus/object_proxy.cc:572] Failed to call method: org.freedesktop.DBus.NameHasOwner: object_path= /org/freedesktop/DBus: unknown error type: 
2026-10-09T21:22:53.3279957Z [3378:3378:1009/212252.654068:ERROR:dbus/object_proxy.cc:572] Failed to call method: org.freedesktop.DBus.Properties.GetAll: object_path= /org/freedesktop/UPower/devices/DisplayDevice: org.freedesktop.DBus.Error.ServiceUnknown: The name org.freedesktop.UPower was not provided by any .service files
2026-10-09T21:22:53.3281124Z [3378:3378:1009/212252.656391:ERROR:dbus/object_proxy.cc:572] Failed to call method: org.freedesktop.DBus.NameHasOwner: object_path= /org/freedesktop/DBus: unknown error type: 
2026-10-09T21:22:53.3282000Z [3378:3400:1009/212252.656455:ERROR:dbus/bus.cc:405] Failed to connect to the bus: Could not parse server address: Unknown address type (examples of valid types are "tcp" and on UNIX "unix")
2026-10-09T21:22:53.3282834Z [3378:3378:1009/212252.670716:ERROR:dbus/object_proxy.cc:572] Failed to call method: org.freedesktop.DBus.NameHasOwner: object_path= /org/freedesktop/DBus: unknown error type: 
2026-10-09T21:22:53.3283658Z [3378:3400:1009/212252.670782:ERROR:dbus/bus.cc:405] Failed to connect to the bus: Could not parse server address: Unknown address type (examples of valid types are "tcp" and on UNIX "unix")
2026-10-09T21:22:53.3284486Z [3378:3378:1009/212252.678548:ERROR:dbus/object_proxy.cc:572] Failed to call method: org.freedesktop.DBus.NameHasOwner: object_path= /org/freedesktop/DBus: unknown error type: 
2026-10-09T21:22:53.3285778Z [3378:3378:1009/212252.679967:ERROR:dbus/object_proxy.cc:572] Failed to call method: org.freedesktop.NetworkManager.GetDevices: object_path= /org/freedesktop/NetworkManager: org.freedesktop.DBus.Error.ServiceUnknown: The name org.freedesktop.NetworkManager was not provided by any .service files
2026-10-09T21:22:53.3286561Z 
2026-10-09T21:22:53.3586979Z ##[group]Run cargo test --locked --workspace -- --test-threads=1
2026-10-09T21:22:53.3587355Z [36;1mcargo test --locked --workspace -- --test-threads=1[0m
2026-10-09T21:22:53.3648371Z shell: /usr/bin/bash -e {0}
2026-10-09T21:22:53.3648584Z env:
2026-10-09T21:22:53.3648760Z   CARGO_TERM_COLOR: always
2026-10-09T21:22:53.3648960Z   RUST_BACKTRACE: 1
2026-10-09T21:22:53.3649153Z   CARGO_HOME: /home/runner/.cargo
2026-10-09T21:22:53.3649361Z   CARGO_INCREMENTAL: 0
2026-10-09T21:22:53.3649601Z   CACHE_ON_FAILURE: false
2026-10-09T21:22:53.3650031Z   CHROME_DEVEL_SANDBOX: /usr/local/lib/rustwright-ci/155.0.8059.39/chrome-sandbox
2026-10-09T21:22:53.3650474Z   RUSTWRIGHT_CHROME: /opt/hostedtoolcache/setup-chrome/chrome/stable/x64/chrome
2026-10-09T21:22:53.3651089Z   RUSTWRIGHT_FIREFOX: /opt/hostedtoolcache/firefox/157.0.1/x64/firefox
2026-10-09T21:22:53.3651417Z   RUSTWRIGHT_RETRIES: 0
2026-10-09T21:22:53.3651601Z   RUSTWRIGHT_HEADLESS: 1
2026-10-09T21:22:53.3651832Z   RUSTWRIGHT_REQUIRE_BROWSERS: 1
2026-10-09T21:22:53.3652038Z ##[endgroup]
2026-10-09T21:22:53.4424854Z [1m[92m   Compiling[0m itoa v1.0.18
2026-10-09T21:22:53.4425359Z [1m[92m   Compiling[0m libc v0.2.189
2026-10-09T21:22:53.4425895Z [1m[92m   Compiling[0m typenum v1.20.1
2026-10-09T21:22:53.4436711Z [1m[92m   Compiling[0m cfg-if v1.0.5
2026-10-09T21:22:53.4691407Z [1m[92m   Compiling[0m serde_core v1.0.229
2026-10-09T21:22:53.5505743Z [1m[92m   Compiling[0m rand_core v0.10.1
2026-10-09T21:22:53.6390771Z [1m[92m   Compiling[0m cpufeatures v0.3.1
2026-10-09T21:22:53.6629242Z [1m[92m   Compiling[0m zmij v1.0.23
2026-10-09T21:22:53.9550421Z [1m[92m   Compiling[0m pin-project-lite v0.2.17
2026-10-09T21:22:53.9891782Z [1m[92m   Compiling[0m const-oid v0.10.2
2026-10-09T21:22:54.0988088Z [1m[92m   Compiling[0m hybrid-array v0.4.15
2026-10-09T21:22:54.1586496Z [1m[92m   Compiling[0m bytes v1.12.1
2026-10-09T21:22:54.2216485Z [1m[92m   Compiling[0m memchr v2.8.3
2026-10-09T21:22:54.4671292Z [1m[92m   Compiling[0m block-buffer v0.12.1
2026-10-09T21:22:54.5399410Z [1m[92m   Compiling[0m crypto-common v0.2.2
2026-10-09T21:22:54.6427186Z [1m[92m   Compiling[0m errno v0.3.14
2026-10-09T21:22:54.7031838Z [1m[92m   Compiling[0m getrandom v0.4.3
2026-10-09T21:22:54.8057848Z [1m[92m   Compiling[0m chacha20 v0.10.2
2026-10-09T21:22:54.8089253Z [1m[92m   Compiling[0m thiserror v2.0.20
2026-10-09T21:22:54.8522016Z [1m[92m   Compiling[0m signal-hook-registry v1.4.8
2026-10-09T21:22:55.0120293Z [1m[92m   Compiling[0m digest v0.11.3
2026-10-09T21:22:55.0461972Z [1m[92m   Compiling[0m rand v0.10.2
2026-10-09T21:22:55.1015790Z [1m[92m   Compiling[0m serde_json v1.0.151
2026-10-09T21:22:55.1867331Z [1m[92m   Compiling[0m sha1 v0.11.0
2026-10-09T21:22:55.3151624Z [1m[92m   Compiling[0m httparse v1.10.1
2026-10-09T21:22:55.4201127Z [1m[92m   Compiling[0m http v1.5.0
2026-10-09T21:22:55.5905332Z [1m[92m   Compiling[0m mio v1.2.3
2026-10-09T21:22:55.7819700Z [1m[92m   Compiling[0m socket2 v0.6.5
2026-10-09T21:22:56.0239458Z [1m[92m   Compiling[0m slab v0.4.12
2026-10-09T21:22:56.1125807Z [1m[92m   Compiling[0m futures-sink v0.3.34
2026-10-09T21:22:56.1478197Z [1m[92m   Compiling[0m data-encoding v2.11.1
2026-10-09T21:22:56.1599055Z [1m[92m   Compiling[0m futures-task v0.3.34
2026-10-09T21:22:56.2444058Z [1m[92m   Compiling[0m log v0.4.34
2026-10-09T21:22:56.2470586Z [1m[92m   Compiling[0m futures-core v0.3.34
2026-10-09T21:22:56.3080246Z [1m[92m   Compiling[0m once_cell v1.21.4
2026-10-09T21:22:56.3369804Z [1m[92m   Compiling[0m futures-util v0.3.34
2026-10-09T21:22:56.3567430Z [1m[92m   Compiling[0m tokio v1.53.1
2026-10-09T21:22:56.4230103Z [1m[92m   Compiling[0m tracing-core v0.1.36
2026-10-09T21:22:56.8080909Z [1m[92m   Compiling[0m tungstenite v0.30.0
2026-10-09T21:22:56.8459551Z [1m[92m   Compiling[0m serde v1.0.229
2026-10-09T21:22:57.2711416Z [1m[92m   Compiling[0m tracing v0.1.44
2026-10-09T21:22:57.4032724Z [1m[92m   Compiling[0m rustwright-common v0.1.0 (/home/runner/work/rustwright/rustwright/crates/rustwright-common)
2026-10-09T21:22:57.5199327Z [1m[92m   Compiling[0m base64 v0.22.1
2026-10-09T21:22:57.6562330Z [1m[92m   Compiling[0m rustwright-test-macros v0.1.0 (/home/runner/work/rustwright/rustwright/crates/rustwright-test-macros)
2026-10-09T21:22:59.1351092Z [1m[92m   Compiling[0m tokio-tungstenite v0.30.0
2026-10-09T21:22:59.2639758Z [1m[92m   Compiling[0m rustwright-cdp v0.1.0 (/home/runner/work/rustwright/rustwright/crates/rustwright-cdp)
2026-10-09T21:23:00.2015453Z [1m[92m   Compiling[0m rustwright-browser v0.1.0 (/home/runner/work/rustwright/rustwright/crates/rustwright-browser)
2026-10-09T21:23:00.4179265Z [1m[92m   Compiling[0m rustwright-bidi v0.1.0 (/home/runner/work/rustwright/rustwright/crates/rustwright-bidi)
2026-10-09T21:23:00.5917788Z [1m[92m   Compiling[0m rustwright-core v0.1.0 (/home/runner/work/rustwright/rustwright/crates/rustwright-core)
2026-10-09T21:23:03.4789857Z [1m[92m   Compiling[0m rustwright v0.1.0 (/home/runner/work/rustwright/rustwright/crates/rustwright)
2026-10-09T21:23:03.6559799Z [1m[92m   Compiling[0m rustwright-test v0.1.0 (/home/runner/work/rustwright/rustwright/crates/rustwright-test)
2026-10-09T21:23:04.0120023Z [1m[92m   Compiling[0m rustwright-examples v0.1.0 (/home/runner/work/rustwright/rustwright/examples)
2026-10-09T21:23:04.0121380Z [1m[92m   Compiling[0m rustwright-integration-tests v0.1.0 (/home/runner/work/rustwright/rustwright/tests)
2026-10-09T21:23:38.4263183Z [1m[92m    Finished[0m `test` profile [unoptimized + debuginfo] target(s) in 45.04s
2026-10-09T21:23:38.5118827Z [1m[92m     Running[0m unittests src/lib.rs (target/debug/deps/rustwright-8953fa963d53eda2)
2026-10-09T21:23:38.5128402Z 
2026-10-09T21:23:38.5128645Z running 0 tests
2026-10-09T21:23:38.5128775Z 
2026-10-09T21:23:38.5129000Z test result: ok. 0 passed; 0 failed; 0 ignored; 0 measured; 0 filtered out; finished in 0.00s
2026-10-09T21:23:38.5129407Z 
2026-10-09T21:23:38.5130549Z [1m[92m     Running[0m unittests src/lib.rs (target/debug/deps/rustwright_bidi-0263bc3f974006f6)
2026-10-09T21:23:38.5141086Z 
2026-10-09T21:23:38.5141270Z running 111 tests
2026-10-09T21:23:38.5200149Z test browser::creation_tests::cancelled_after_reply_before_handoff_removes_context ... ok
2026-10-09T21:23:38.5244169Z test browser::creation_tests::cancelled_context_before_creation_reply_is_removed ... ok
2026-10-09T21:23:38.5257209Z test browser::creation_tests::cancelled_creation_with_silent_peer_releases_local_waiter_after_grace ... ok
2026-10-09T21:23:38.5294350Z test browser::creation_tests::cancelled_default_page_before_creation_reply_is_closed ... ok
2026-10-09T21:23:38.5354955Z test browser::creation_tests::cancelled_initialization_outside_runtime_thread_cleans_up ... ok
2026-10-09T21:23:38.5393619Z test browser::creation_tests::cancelled_page_before_creation_reply_is_closed ... ok
2026-10-09T21:23:38.5846257Z test browser::creation_tests::cancelled_page_initialization_closes_created_page ... ok
2026-10-09T21:23:38.5902363Z test browser::creation_tests::failed_page_initialization_closes_created_page ... ok
2026-10-09T21:23:38.5954314Z test browser::frame_helper_cache_tests::destroyed_frame_is_not_treated_as_an_initialized_document ... ok
2026-10-09T21:23:38.6013705Z test browser::frame_helper_cache_tests::late_injection_reply_does_not_initialize_a_replacement_document ... ok
2026-10-09T21:23:38.6088850Z test browser::frame_helper_cache_tests::live_frame_reuses_its_document_helper_without_reinjection ... ok
2026-10-09T21:23:38.6148219Z test browser::frame_helper_cache_tests::same_frame_id_in_a_new_document_gets_its_helper_again ... ok
2026-10-09T21:23:43.6631941Z test browser::interception_tests::acknowledged_late_removal_is_reconciled_before_a_new_route ... ok
2026-10-09T21:23:43.7099315Z test browser::interception_tests::canceled_pre_ack_event_continues_instead_of_being_lost ... ok
2026-10-09T21:23:43.7571068Z test browser::interception_tests::canceled_reconciliation_restores_previous_committed_rules ... ok
2026-10-09T21:23:43.7674519Z test browser::interception_tests::canceled_registration_reclaims_the_late_id ... ok
2026-10-09T21:23:43.8580758Z test browser::interception_tests::cancellation_after_old_phase_removal_preserves_previous_rules ... ok
2026-10-09T21:23:43.8938958Z test browser::interception_tests::clear_continues_after_waiter_cancellation ... ok
2026-10-09T21:23:43.9798680Z test browser::interception_tests::closing_during_unacknowledged_add_closes_remote_and_removes_helper ... ok
2026-10-09T21:23:44.0153118Z test browser::interception_tests::concurrent_registration_does_not_return_before_ack ... ok
2026-10-09T21:23:44.1448592Z test browser::interception_tests::context_close_marks_every_page_closed_before_waiting_for_late_add ... ok
2026-10-09T21:23:44.1950027Z test browser::interception_tests::descendant_events_use_owned_ids_and_foreign_intercepts_are_untouched ... ok
2026-10-09T21:23:44.2214116Z test browser::interception_tests::discovered_handles_share_routes_and_keep_registration_alive ... ok
2026-10-09T21:23:44.2689956Z test browser::interception_tests::failed_broader_registration_keeps_previous_phases_usable ... ok
2026-10-09T21:23:44.2818480Z test browser::interception_tests::failed_drop_retirement_is_reused_by_discovered_handle ... ok
2026-10-09T21:23:44.2862296Z test browser::interception_tests::failed_phase_expansion_preserves_existing_registration ... ok
2026-10-09T21:23:44.2985625Z test browser::interception_tests::final_handle_drop_outside_runtime_uses_its_origin_runtime ... ok
2026-10-09T21:23:44.3107117Z test browser::interception_tests::final_routed_page_handle_drop_removes_registration ... ok
2026-10-09T21:23:44.3148995Z test browser::interception_tests::page_close_retires_routes_while_handle_is_retained ... ok
2026-10-09T21:23:44.4230973Z test browser::interception_tests::persistent_drop_rejection_exits_after_explicit_browser_close ... ok
2026-10-09T21:23:44.4750945Z test browser::interception_tests::previous_routes_keep_dispatching_while_broader_allocation_is_unacknowledged ... ok
2026-10-09T21:23:44.4917530Z test browser::interception_tests::queued_unobserved_registration_handoff_is_rolled_back ... ok
2026-10-09T21:23:44.4958851Z test browser::interception_tests::rejected_registration_is_retryable ... ok
2026-10-09T21:23:44.4999322Z test browser::interception_tests::removal_error_is_typed_and_retains_the_id ... ok
2026-10-09T21:23:44.7572918Z test browser::interception_tests::repeated_canceled_upgrades_do_not_retain_historical_intercept_ids ... ok
2026-10-09T21:23:44.8025292Z test browser::interception_tests::retiring_intercept_continues_blocked_requests_until_ack ... ok
2026-10-09T21:23:44.8070187Z test browser::interception_tests::route_removal_failure_does_not_skip_native_close_or_helper_cleanup ... ok
2026-10-09T21:23:44.8141848Z test browser::interception_tests::user_context_close_retires_only_owned_routes ... ok
2026-10-09T21:23:44.8565786Z test browser::navigation_tests::cancelled_history_releases_command_and_next_traversal_recovers ... ok
2026-10-09T21:23:44.8581572Z test browser::navigation_tests::connection_shutdown_wakes_history_waiter ... ok
2026-10-09T21:23:44.8598666Z test browser::navigation_tests::context_destruction_wakes_history_even_with_command_acknowledgment_held ... ok
2026-10-09T21:23:44.9118372Z test browser::navigation_tests::history_deadline_covers_lifecycle_and_releases_pending_command ... ok
2026-10-09T21:23:44.9649662Z test browser::navigation_tests::history_timeout_includes_subscription_acknowledgment ... ok
2026-10-09T21:23:45.0487422Z test browser::navigation_tests::lifecycle_before_command_acknowledgment_is_not_lost ... ok
2026-10-09T21:23:45.0504711Z test browser::navigation_tests::missing_history_entry_preserves_typed_protocol_error ... ok
2026-10-09T21:23:45.1023499Z test browser::navigation_tests::reload_waits_for_complete_and_uses_one_explicit_deadline ... ok
2026-10-09T21:23:45.1857431Z test browser::navigation_tests::same_document_history_and_fragment_commits_share_one_subscription ... ok
2026-10-09T21:23:45.2499940Z test browser::navigation_tests::stale_foreign_and_wrong_navigation_loads_do_not_finish_history ... ok
2026-10-09T21:23:45.2927173Z test browser::navigation_tests::subscription_setup_survives_cancellation_without_duplicate_registration ... ok
2026-10-09T21:23:45.3675584Z test browser::network_subscription_tests::cancelled_monitoring_retains_events_received_before_subscription_acknowledgment ... ok
2026-10-09T21:23:45.4419109Z test browser::network_subscription_tests::cancelled_monitoring_setup_finishes_with_one_reused_pump ... ok
2026-10-09T21:23:45.4746917Z test browser::network_subscription_tests::cancelling_subscription_waiter_keeps_acknowledgment_owned ... ok
2026-10-09T21:23:45.4765836Z test browser::network_subscription_tests::closing_one_page_alias_stops_all_diagnostics_without_a_destroy_event ... ok
2026-10-09T21:23:45.5092592Z test browser::network_subscription_tests::concurrent_session_subscription_waits_for_the_same_successful_handshake ... ok
2026-10-09T21:23:45.5834516Z test browser::network_subscription_tests::monitoring_retains_events_received_before_subscription_acknowledgment ... ok
2026-10-09T21:23:45.6258661Z test browser::network_subscription_tests::rejected_monitoring_setup_can_retry_without_installing_a_failed_pump ... ok
2026-10-09T21:23:45.6587550Z test browser::network_subscription_tests::rejected_subscription_preserves_error_and_queued_caller_retries ... ok
2026-10-09T21:23:45.6604551Z test browser::network_subscription_tests::retained_page_diagnostics_stop_on_browser_close_without_remote_events ... ok
2026-10-09T21:23:45.6619549Z test browser::network_subscription_tests::silent_subscription_has_a_bounded_local_waiter ... ok
2026-10-09T21:23:45.6630274Z test browser::shutdown_tests::browser_close_bounds_silent_end_and_closes_retained_connection ... ok
2026-10-09T21:23:45.6663040Z test browser::shutdown_tests::cancelled_browser_close_closes_retained_connection ... ok
2026-10-09T21:23:45.6735041Z test browser::shutdown_tests::cancelled_context_close_before_reply_removes_retained_helper ... ok
2026-10-09T21:23:45.6772732Z test browser::shutdown_tests::cancelled_context_close_bounds_silent_remote_waiter ... ok
2026-10-09T21:23:45.6843873Z test browser::shutdown_tests::cancelled_context_close_during_helper_removal_finishes ... ok
2026-10-09T21:23:45.6914030Z test browser::shutdown_tests::cancelled_page_close_during_helper_removal_closes_page ... ok
2026-10-09T21:23:45.6959327Z test browser::shutdown_tests::concurrent_and_repeated_context_close_remove_helper_once ... ok
2026-10-09T21:23:45.7028095Z test browser::shutdown_tests::concurrent_context_cleanup_error_does_not_skip_other_helpers ... ok
2026-10-09T21:23:45.7071965Z test browser::shutdown_tests::failed_helper_removal_is_retried_after_context_is_gone ... ok
2026-10-09T21:23:45.7114470Z test browser::shutdown_tests::page_helper_cleanup_error_is_returned_and_clone_retries ... ok
2026-10-09T21:23:45.7156940Z test browser::shutdown_tests::remote_context_error_is_returned_and_retry_cleans_helper ... ok
2026-10-09T21:23:45.7162731Z test connection::tests::cancelled_request_is_removed ... ok
2026-10-09T21:23:45.7168353Z test connection::tests::protocol_error_preserves_command_details ... ok
2026-10-09T21:23:45.7286119Z test connection::tests::timed_out_request_is_removed ... ok
2026-10-09T21:23:45.9830320Z test connection::transport_lifetime_tests::explicit_close_interrupts_blocked_write_and_close ... ok
2026-10-09T21:23:45.9836954Z test connection::transport_lifetime_tests::last_clone_drop_releases_inner_and_socket ... ok
2026-10-09T21:23:45.9846173Z test connection::transport_lifetime_tests::peer_loss_releases_waiters_and_inner ... ok
2026-10-09T21:23:46.2407749Z test connection::transport_lifetime_tests::reader_failure_interrupts_blocked_write_and_close ... ok
2026-10-09T21:23:46.2413186Z test connection::transport_lifetime_tests::writer_failure_releases_idle_reader_and_socket ... ok
2026-10-09T21:23:46.2858228Z test lifecycle_tests::cancelling_helper_registration_still_releases_the_remote_script ... ok
2026-10-09T21:23:46.2938570Z test lifecycle_tests::closing_one_context_preserves_other_context_helpers ... ok
2026-10-09T21:23:46.2979005Z test lifecycle_tests::context_close_releases_helpers_even_while_page_handles_are_retained ... ok
2026-10-09T21:23:46.3037095Z test lifecycle_tests::dropping_the_last_page_handle_releases_its_helper_registration ... ok
2026-10-09T21:23:46.3328587Z test lifecycle_tests::repeated_discovery_reuses_the_page_helper_registration ... ok
2026-10-09T21:23:46.3380048Z test network::interception_queue_tests::deferred_allocation_events_have_a_separate_bounded_queue ... ok
2026-10-09T21:23:46.3382848Z test network_idle::tests::actual_broadcast_lag_invalidates_the_live_pump_and_releases_waiters ... ok
2026-10-09T21:23:46.3384890Z test network_idle::tests::already_quiet_page_still_observes_a_fresh_window_per_call ... ok
2026-10-09T21:23:46.3386886Z test network_idle::tests::committed_new_document_preserves_incoming_request_and_new_subresources ... ok
2026-10-09T21:23:46.3389085Z test network_idle::tests::completed_historical_start_and_non_http_activity_do_not_create_pending_work ... ok
2026-10-09T21:23:46.3391275Z test network_idle::tests::delayed_old_document_commit_cannot_retire_a_started_new_navigation ... ok
2026-10-09T21:23:46.3393282Z test network_idle::tests::descendant_requests_count_and_destroying_subtree_preserves_other_work ... ok
2026-10-09T21:23:46.3394733Z test network_idle::tests::discovered_incomplete_lost_and_closed_are_explicit_errors ... ok
2026-10-09T21:23:46.3396430Z test network_idle::tests::headers_leave_body_pending_and_errors_start_quiet_window ... ok
2026-10-09T21:23:46.3398172Z test network_idle::tests::incoming_document_before_navigation_started_survives_the_old_commit ... ok
2026-10-09T21:23:46.8892710Z test network_idle::tests::protocol_tests::cancelling_new_page_during_setup_closes_allocation_and_does_not_poison_retry ... ok
2026-10-09T21:23:47.4137254Z test network_idle::tests::protocol_tests::concurrent_idle_setup_survives_cancel_and_reuses_one_acknowledged_pump ... ok
2026-10-09T21:23:47.9235029Z test network_idle::tests::protocol_tests::discovered_handles_reuse_created_observer_and_unobserved_pages_are_rejected ... ok
2026-10-09T21:23:47.9273514Z test network_idle::tests::protocol_tests::dropped_last_observer_aborts_its_pump_without_a_registry_cycle ... ok
2026-10-09T21:23:48.0298675Z test network_idle::tests::protocol_tests::held_snapshot_overflow_fails_setup_instead_of_claiming_idle ... ok
2026-10-09T21:23:48.0339550Z test network_idle::tests::protocol_tests::local_page_close_releases_idle_pump_without_a_remote_destroy_event ... ok
2026-10-09T21:23:48.1234933Z test network_idle::tests::protocol_tests::page_close_and_disconnect_wake_pending_waiters ... ok
2026-10-09T21:23:49.4217045Z test network_idle::tests::protocol_tests::public_creation_waits_for_ack_and_retains_early_nested_requests ... ok
2026-10-09T21:23:49.9296621Z test network_idle::tests::protocol_tests::rejected_setup_closes_unexposed_page_and_next_creation_retries ... ok
2026-10-09T21:23:50.4329039Z test network_idle::tests::protocol_tests::silent_idle_setup_has_a_finite_budget_and_a_late_ack_does_not_poison_retry ... ok
2026-10-09T21:23:50.4422942Z test network_idle::tests::repeated_document_and_request_churn_retains_only_live_ownership ... ok
2026-10-09T21:23:50.4426140Z test network_idle::tests::request_delivered_after_triggering_command_ack_interrupts_fresh_window ... ok
2026-10-09T21:23:50.4427838Z test network_idle::tests::stale_redirect_terminal_and_duplicates_cannot_finish_new_hop ... ok
2026-10-09T21:23:50.4431181Z test network_idle::tests::timeout_and_cancel_leave_shared_state_and_interrupted_quiet_window_intact ... ok
2026-10-09T21:23:50.4432355Z test session::tests::converts_arrays_and_objects ... ok
2026-10-09T21:23:50.4432820Z test session::tests::converts_scalars ... ok
2026-10-09T21:23:50.4433336Z test session::tests::evaluation_exceptions_preserve_the_browser_message ... ok
2026-10-09T21:23:50.4438350Z test session::tests::successful_null_and_undefined_are_distinct_from_exceptions ... ok
2026-10-09T21:23:50.4438689Z 
2026-10-09T21:23:50.4439148Z test result: ok. 111 passed; 0 failed; 0 ignored; 0 measured; 0 filtered out; finished in 11.93s
2026-10-09T21:23:50.4439433Z 
2026-10-09T21:23:50.4439919Z [1m[92m     Running[0m unittests src/lib.rs (target/debug/deps/rustwright_browser-5f7de59dfe103c9f)
2026-10-09T21:23:50.4450389Z 
2026-10-09T21:23:50.4450502Z running 11 tests
2026-10-09T21:23:50.4454518Z test firefox::tests::detects_snap_wrapper_scripts ... ok
2026-10-09T21:23:50.4546821Z test firefox::tests::firefox_startup_cancellation_reaps_child_and_preserves_caller_profile ... ok
2026-10-09T21:23:50.7142920Z test firefox::tests::firefox_startup_timeout_reaps_child_and_preserves_caller_profile ... ok
2026-10-09T21:23:50.7276824Z test launch::startup_tests::chrome_early_exit_removes_ephemeral_profile_but_preserves_error_log ... ok
2026-10-09T21:23:50.7414816Z test launch::startup_tests::chrome_ready_child_and_profile_transfer_to_returned_owner ... ok
2026-10-09T21:23:50.7499797Z test launch::startup_tests::chrome_startup_cancellation_reaps_child_and_removes_ephemeral_profile ... ok
2026-10-09T21:23:51.0090761Z test launch::startup_tests::chrome_startup_timeout_preserves_caller_profile ... ok
2026-10-09T21:23:51.2670735Z test launch::startup_tests::chrome_startup_timeout_reaps_child_and_removes_ephemeral_profile ... ok
2026-10-09T21:23:51.2671417Z test launch::tests::build_args_includes_profile_and_headless_flags ... ok
2026-10-09T21:23:51.2671979Z test launch::tests::parses_devtools_active_port_file ... ok
2026-10-09T21:23:51.2672454Z test launch::tests::rejects_malformed_active_port_file ... ok
2026-10-09T21:23:51.2672767Z 
2026-10-09T21:23:51.2673061Z test result: ok. 11 passed; 0 failed; 0 ignored; 0 measured; 0 filtered out; finished in 0.82s
2026-10-09T21:23:51.2673486Z 
2026-10-09T21:23:51.2676419Z [1m[92m     Running[0m unittests src/lib.rs (target/debug/deps/rustwright_cdp-def6d2eaee8ec917)
2026-10-09T21:23:51.2685580Z 
2026-10-09T21:23:51.2685691Z running 17 tests
2026-10-09T21:23:51.2697263Z test connection::tests::cancelled_request_is_removed ... ok
2026-10-09T21:23:51.2706963Z test connection::tests::context_destruction_is_scoped_to_both_session_and_context ... ok
2026-10-09T21:23:51.2718641Z test connection::tests::detachment_fails_only_its_sessions_pending_requests ... ok
2026-10-09T21:23:51.2722774Z test connection::tests::protocol_error_preserves_command_details ... ok
2026-10-09T21:23:51.2841679Z test connection::tests::timed_out_request_is_removed ... ok
2026-10-09T21:23:51.5388157Z test connection::transport_lifetime_tests::explicit_close_interrupts_blocked_write_and_close ... ok
2026-10-09T21:23:51.5395671Z test connection::transport_lifetime_tests::last_clone_drop_releases_inner_and_socket ... ok
2026-10-09T21:23:51.5406126Z test connection::transport_lifetime_tests::peer_loss_releases_waiters_and_inner ... ok
2026-10-09T21:23:51.7957495Z test connection::transport_lifetime_tests::reader_failure_interrupts_blocked_write_and_close ... ok
2026-10-09T21:23:51.7962498Z test connection::transport_lifetime_tests::repeated_close_emits_one_disconnection_marker ... ok
2026-10-09T21:23:51.7966911Z test connection::transport_lifetime_tests::writer_failure_releases_idle_reader_and_socket ... ok
2026-10-09T21:23:51.7967826Z test http::tests::decodes_chunked_bodies ... ok
2026-10-09T21:23:51.7968831Z test http::tests::detects_complete_chunked_bodies ... ok
2026-10-09T21:23:51.7969315Z test http::tests::endpoint_parses_default_port ... ok
2026-10-09T21:23:51.7969939Z test http::tests::missing_content_length_is_none ... ok
2026-10-09T21:23:51.7970870Z test http::tests::parses_content_length_case_insensitively ... ok
2026-10-09T21:23:51.7971559Z test protocol::page::tests::frame_urls_include_separately_reported_fragments ... ok
2026-10-09T21:23:51.7971937Z 
2026-10-09T21:23:51.7972226Z test result: ok. 17 passed; 0 failed; 0 ignored; 0 measured; 0 filtered out; finished in 0.53s
2026-10-09T21:23:51.7972627Z 
2026-10-09T21:23:51.7976045Z [1m[92m     Running[0m unittests src/lib.rs (target/debug/deps/rustwright_common-536c9a04ebab6705)
2026-10-09T21:23:51.7985141Z 
2026-10-09T21:23:51.7985267Z running 7 tests
2026-10-09T21:23:51.7986576Z test route::tests::glob_matches_wildcards ... ok
2026-10-09T21:23:51.7987501Z test route::tests::route_uses_glob_when_wildcards_present ... ok
2026-10-09T21:23:51.7988121Z test route::tests::substring_matches_when_no_wildcards ... ok
2026-10-09T21:23:51.7988813Z test selectors::tests::describes_selectors_for_errors ... ok
2026-10-09T21:23:51.7989692Z test selectors::tests::serializes_css_specs ... ok
2026-10-09T21:23:51.7990341Z test selectors::tests::serializes_role_specs ... ok
2026-10-09T21:23:51.7990920Z test selectors::tests::serializes_text_specs ... ok
2026-10-09T21:23:51.7991158Z 
2026-10-09T21:23:51.7991455Z test result: ok. 7 passed; 0 failed; 0 ignored; 0 measured; 0 filtered out; finished in 0.00s
2026-10-09T21:23:51.7991860Z 
2026-10-09T21:23:51.7993917Z [1m[92m     Running[0m unittests src/lib.rs (target/debug/deps/rustwright_core-3b15cbb49ab49d59)
2026-10-09T21:23:51.8002940Z 
2026-10-09T21:23:51.8003080Z running 61 tests
2026-10-09T21:23:56.8162243Z test browser::shutdown_tests::cancelled_owned_shutdown_has_bounded_forced_process_and_socket_cleanup ... ok
2026-10-09T21:23:56.8714084Z test browser::shutdown_tests::cancelled_owned_shutdown_keeps_worker_alive_until_acknowledgement ... ok
2026-10-09T21:23:56.9263056Z test browser::shutdown_tests::concurrent_owned_shutdown_does_not_interrupt_graceful_command ... ok
2026-10-09T21:23:56.9395185Z test browser::shutdown_tests::externally_owned_process_survives_repeated_disconnect ... ok
2026-10-09T21:23:57.0238424Z test context::discovery_tests::context_closure_during_target_proof_remains_context_closed ... ok
2026-10-09T21:23:57.0256432Z test context::discovery_tests::detached_session_on_existing_target_remains_an_initialization_error ... ok
2026-10-09T21:23:57.0273274Z test context::discovery_tests::near_match_missing_target_message_is_not_accepted_as_proof ... ok
2026-10-09T21:23:57.0289962Z test context::discovery_tests::ordinary_initialization_protocol_error_is_not_reinterpreted_as_closure ... ok
2026-10-09T21:23:57.0306629Z test context::discovery_tests::socket_loss_during_target_proof_remains_browser_closed ... ok
2026-10-09T21:23:57.0323684Z test context::discovery_tests::target_proof_protocol_error_is_not_hidden ... ok
2026-10-09T21:23:57.1347243Z test context::discovery_tests::vanished_popup_during_initialization_keeps_waiting_until_deadline ... ok
2026-10-09T21:23:57.1367392Z test context::discovery_tests::vanished_target_during_page_enable_is_skipped_after_browser_proof ... ok
2026-10-09T21:23:57.1379239Z test context::shutdown_tests::cancelled_attachment_wait_still_disposes ... ok
2026-10-09T21:23:57.1804473Z test context::shutdown_tests::cancelled_disposal_wait_still_waits_for_acknowledgement ... ok
2026-10-09T21:23:57.2231439Z test context::shutdown_tests::concurrent_close_waits_for_disposal_acknowledgement ... ok
2026-10-09T21:23:57.2243399Z test context::shutdown_tests::default_context_close_keeps_foreign_context_and_connection_open ... ok
2026-10-09T21:23:57.2255410Z test context::shutdown_tests::disposal_failure_is_visible_and_replayed_without_duplicate_command ... ok
2026-10-09T21:24:02.2284655Z test context::shutdown_tests::stalled_attachment_still_attempts_disposal_and_replays_timeout ... ok
2026-10-09T21:24:07.2303584Z test context::shutdown_tests::stalled_disposal_has_bounded_replayed_error_without_waiter_leak ... ok
2026-10-09T21:24:07.2734203Z test context::tests::cancelled_page_wait_detaches_partial_initialization ... ok
2026-10-09T21:24:07.2776833Z test context::tests::disconnect_releases_registry_with_retained_handles ... ok
2026-10-09T21:24:07.2793092Z test context::tests::discovery_returns_initialization_errors_and_detaches_the_session ... ok
2026-10-09T21:24:07.3449916Z test context::tests::explicit_close_releases_registry_without_discovery ... ok
2026-10-09T21:24:07.3893886Z test context::tests::external_detach_releases_registry_with_retained_handles ... ok
2026-10-09T21:24:07.4920015Z test context::tests::page_wait_deadline_includes_stalled_discovery ... ok
2026-10-09T21:24:07.5943241Z test context::tests::page_wait_timeout_detaches_partial_initialization ... ok
2026-10-09T21:24:07.6370251Z test context::tests::popup_created_during_discovery_is_not_lost ... ok
2026-10-09T21:24:07.6418232Z test creation_tests::cancelled_after_reply_before_handoff_removes_context ... ok
2026-10-09T21:24:07.6465418Z test creation_tests::cancelled_context_before_creation_reply_is_removed ... ok
2026-10-09T21:24:07.6480178Z test creation_tests::cancelled_creation_with_silent_peer_releases_local_waiter_after_grace ... ok
2026-10-09T21:24:07.6527484Z test creation_tests::cancelled_default_page_before_creation_reply_is_closed ... ok
2026-10-09T21:24:07.6578786Z test creation_tests::cancelled_discovery_before_attach_reply_detaches_without_closing_existing_page ... ok
2026-10-09T21:24:07.6632396Z test creation_tests::cancelled_initialization_outside_runtime_thread_cleans_up ... ok
2026-10-09T21:24:07.6683032Z test creation_tests::cancelled_page_before_creation_reply_is_closed ... ok
2026-10-09T21:24:07.7134828Z test creation_tests::cancelled_page_initialization_closes_created_page ... ok
2026-10-09T21:24:07.7186966Z test creation_tests::failed_page_initialization_closes_created_page ... ok
2026-10-09T21:24:07.7187654Z test diagnostics::tests::formats_epoch_timestamps ... ok
2026-10-09T21:24:07.7188382Z test geometry::tests::clips_both_axes_before_selecting_the_center ... ok
2026-10-09T21:24:07.7191348Z test geometry::tests::limits_search_for_many_inline_fragments ... ok
2026-10-09T21:24:07.7192522Z test geometry::tests::prioritizes_distinct_fragments_and_accepts_reversed_winding ... ok
2026-10-09T21:24:07.7193461Z test geometry::tests::projection_round_trips_affine_and_perspective_quads ... ok
2026-10-09T21:24:07.7194152Z test geometry::tests::rejects_nonfinite_degenerate_and_offscreen_quads ... ok
2026-10-09T21:24:07.7194892Z test geometry::tests::rotated_clipping_keeps_candidates_in_the_visible_triangle ... ok
2026-10-09T21:24:07.7195651Z test geometry::tests::searches_edges_when_a_central_band_is_covered ... ok
2026-10-09T21:24:07.7196758Z test geometry::tests::searches_the_actual_overflow_strip_after_scrolling_an_oversized_control ... ok
2026-10-09T21:24:07.7197499Z test locator::tests::detached_pre_input_probes_can_retry_but_input_never_retries ... ok
2026-10-09T21:24:07.7199339Z test network_idle::tests::colliding_ids_and_duplicate_terminal_events_preserve_the_last_request_window ... ok
2026-10-09T21:24:07.7200219Z test network_idle::tests::new_main_document_discards_old_requests_but_preserves_its_pending_navigation ... ok
2026-10-09T21:24:07.7201080Z test network_idle::tests::redirects_and_document_transfers_do_not_create_phantom_requests ... ok
2026-10-09T21:24:07.7201890Z test network_idle::tests::removing_frames_and_sessions_preserves_other_pending_frames ... ok
2026-10-09T21:24:07.7202647Z test page::tests::detaching_a_session_removes_descendants_and_preserves_siblings ... ok
2026-10-09T21:24:07.7203462Z test page::tests::document_completion_transfers_to_its_new_session_without_duplicates ... ok
2026-10-09T21:24:07.7204085Z test page::tests::empty_input_becomes_about_blank ... ok
2026-10-09T21:24:07.7204663Z test page::tests::leaves_explicit_schemes_alone ... ok
2026-10-09T21:24:07.7205145Z test page::tests::maps_common_keys ... ok
2026-10-09T21:24:07.7207187Z test page::tests::network_ids_and_har_bodies_are_isolated_between_sessions ... ok
2026-10-09T21:24:07.7208279Z test page::tests::new_documents_discard_old_load_states_and_ignore_late_old_events ... ok
2026-10-09T21:24:07.7209242Z test page::tests::prefixes_bare_hosts_with_https ... ok
2026-10-09T21:24:07.7209987Z test page::tests::same_document_and_bfcache_commits_do_not_wait_for_nonexistent_load_events ... ok
2026-10-09T21:24:07.7212616Z test shutdown::shutdown_tests::cancelled_waiter_does_not_cancel_single_worker_or_late_result ... ok
2026-10-09T21:24:07.7540821Z test shutdown::shutdown_tests::worker_panic_wakes_all_waiters_with_failure ... ok
2026-10-09T21:24:07.7541264Z 
2026-10-09T21:24:07.7541770Z test result: ok. 61 passed; 0 failed; 0 ignored; 0 measured; 0 filtered out; finished in 15.95s
2026-10-09T21:24:07.7542059Z 
2026-10-09T21:24:07.7559766Z [1m[92m     Running[0m unittests compat_report.rs (target/debug/examples/compat_report-5eb78d217f14a1e8)
2026-10-09T21:24:07.7568394Z 
2026-10-09T21:24:07.7568510Z running 4 tests
2026-10-09T21:24:07.7570847Z test tests::cli_rejects_missing_values_unknown_flags_and_invalid_modes ... ok
2026-10-09T21:24:07.7571645Z test tests::cli_selects_firefox_and_preserves_all_requested_sites ... ok
2026-10-09T21:24:07.7572458Z test tests::http_denial_and_error_pages_are_not_successful_document_observations ... ok
2026-10-09T21:24:07.7573353Z test tests::proxy_validation_preserves_cert_checks_and_user_profiles ... ok
2026-10-09T21:24:07.7573742Z 
2026-10-09T21:24:07.7574049Z test result: ok. 4 passed; 0 failed; 0 ignored; 0 measured; 0 filtered out; finished in 0.00s
2026-10-09T21:24:07.7574390Z 
2026-10-09T21:24:07.7575148Z [1m[92m     Running[0m advanced.rs (target/debug/deps/advanced-d7f62d24c09fdb45)
2026-10-09T21:24:07.7584718Z 
2026-10-09T21:24:07.7584836Z running 9 tests
2026-10-09T21:24:09.9360962Z test aborts_blocked_requests ... ok
2026-10-09T21:24:10.5081065Z test downloads_to_configured_path ... ok
2026-10-09T21:24:11.1110539Z test exports_har ... ok
2026-10-09T21:24:11.7480349Z test fulfills_mocked_requests ... ok
2026-10-09T21:24:12.2407453Z test interacts_with_cross_origin_iframe ... ok
2026-10-09T21:24:12.8472098Z test modifies_request_headers ... ok
2026-10-09T21:24:13.4336555Z test modifies_response_headers ... ok
2026-10-09T21:24:13.9932491Z test records_a_chrome_trace ... ok
2026-10-09T21:24:14.5838207Z test uploads_files_to_input ... ok
2026-10-09T21:24:14.5838527Z 
2026-10-09T21:24:14.5838754Z test result: ok. 9 passed; 0 failed; 0 ignored; 0 measured; 0 filtered out; finished in 6.83s
2026-10-09T21:24:14.5839148Z 
2026-10-09T21:24:14.5842228Z [1m[92m     Running[0m bidi.rs (target/debug/deps/bidi-04ac2302dfdfe7ad)
2026-10-09T21:24:14.5853882Z 
2026-10-09T21:24:14.5854055Z running 9 tests
2026-10-09T21:24:16.8317520Z test firefox_bidi_cookies_and_storage ... ok
2026-10-09T21:24:18.4530239Z test firefox_bidi_frames ... ok
2026-10-09T21:24:21.0780552Z test firefox_bidi_init_script ... ok
2026-10-09T21:24:22.7817393Z test firefox_bidi_isolated_user_context ... ok
2026-10-09T21:24:24.3101593Z test firefox_bidi_locators_interact ... ok
2026-10-09T21:24:26.0387384Z test firefox_bidi_modifies_headers ... ok
2026-10-09T21:24:27.6080808Z test firefox_bidi_navigates_and_evaluates ... ok
2026-10-09T21:24:29.4768651Z test firefox_bidi_network_monitoring ... ok
2026-10-09T21:24:31.2476792Z test firefox_bidi_request_interception ... ok
2026-10-09T21:24:31.2477226Z 
2026-10-09T21:24:31.2477658Z test result: ok. 9 passed; 0 failed; 0 ignored; 0 measured; 0 filtered out; finished in 16.66s
2026-10-09T21:24:31.2478261Z 
2026-10-09T21:24:31.2480006Z [1m[92m     Running[0m diagnostics.rs (target/debug/deps/diagnostics-1bab974ba57cb796)
2026-10-09T21:24:31.2492014Z 
2026-10-09T21:24:31.2492467Z running 3 tests
2026-10-09T21:24:31.8025288Z test capture_console_messages_and_errors ... ok
2026-10-09T21:24:32.4542853Z test expose_cookies_navigations_and_network ... ok
2026-10-09T21:24:32.8512895Z test expose_launch_diagnostics ... ok
2026-10-09T21:24:32.8513202Z 
2026-10-09T21:24:32.8513523Z test result: ok. 3 passed; 0 failed; 0 ignored; 0 measured; 0 filtered out; finished in 1.60s
2026-10-09T21:24:32.8514009Z 
2026-10-09T21:24:32.8515972Z [1m[92m     Running[0m features.rs (target/debug/deps/features-950fde9910b40d69)
2026-10-09T21:24:32.8527682Z 
2026-10-09T21:24:32.8527809Z running 8 tests
2026-10-09T21:24:33.3868439Z test auto_dismisses_dialogs ... ok
2026-10-09T21:24:34.0959107Z test check_and_select ... ok
2026-10-09T21:24:34.8135224Z test history_and_wait_for_url ... ok
2026-10-09T21:24:35.4292097Z test hover_scroll_and_wheel ... ok
2026-10-09T21:24:36.2928354Z test locator_collections ... ok
2026-10-09T21:24:36.8910312Z test semantic_locators ... ok
2026-10-09T21:24:37.4180511Z test storage_state_round_trips_local_storage ... ok
2026-10-09T21:24:37.9216893Z test viewport_is_configurable ... ok
2026-10-09T21:24:37.9217497Z 
2026-10-09T21:24:37.9218647Z test result: ok. 8 passed; 0 failed; 0 ignored; 0 measured; 0 filtered out; finished in 5.07s
2026-10-09T21:24:37.9219299Z 
2026-10-09T21:24:37.9220384Z [1m[92m     Running[0m http_actionability.rs (target/debug/deps/http_actionability-29c123c702273c59)
2026-10-09T21:24:37.9234002Z 
2026-10-09T21:24:37.9241429Z running 12 tests
2026-10-09T21:24:39.0139868Z test chrome_blocked_prepare_timeout ... ok
2026-10-09T21:24:40.1256767Z test chrome_disabled_aria_ancestor ... ok
2026-10-09T21:24:41.4631539Z test chrome_disabled_fieldset ... ok
2026-10-09T21:24:42.4496444Z test chrome_disabled_timeout ... ok
2026-10-09T21:24:43.5786547Z test chrome_move_on_hover ... ok
2026-10-09T21:24:44.7293874Z test chrome_transient_overlay ... ok
2026-10-09T21:24:46.4840936Z test firefox_blocked_prepare_timeout ... ok
2026-10-09T21:24:48.6891501Z test firefox_disabled_aria_ancestor ... ok
2026-10-09T21:24:51.0127741Z test firefox_disabled_fieldset ... ok
2026-10-09T21:24:53.0560488Z test firefox_disabled_timeout ... ok
2026-10-09T21:24:55.2347194Z test firefox_move_on_hover ... ok
2026-10-09T21:24:57.7795732Z test firefox_transient_overlay ... ok
2026-10-09T21:24:57.7796045Z 
2026-10-09T21:24:57.7796389Z test result: ok. 12 passed; 0 failed; 0 ignored; 0 measured; 0 filtered out; finished in 19.86s
2026-10-09T21:24:57.7796863Z 
2026-10-09T21:24:57.7799389Z [1m[92m     Running[0m http_bidi_navigation.rs (target/debug/deps/http_bidi_navigation-9c62027c9e696531)
2026-10-09T21:24:57.7811175Z 
2026-10-09T21:24:57.7811296Z running 7 tests
2026-10-09T21:24:58.3273561Z test chrome_history_boundary_and_closed_errors ... ok
2026-10-09T21:24:59.3086989Z test chrome_history_commits_and_loads ... ok
2026-10-09T21:25:00.0911277Z test chrome_reload_waits_for_resources ... ok
2026-10-09T21:25:01.9981585Z test firefox_history_boundary_and_closed_errors ... ok
2026-10-09T21:25:04.7588506Z test firefox_history_commits_and_loads ... ok
2026-10-09T21:25:06.9341655Z test firefox_reload_deadline_cancellation_and_recovery ... ok
2026-10-09T21:25:08.7857047Z test firefox_reload_waits_for_resources ... ok
2026-10-09T21:25:08.7857370Z 
2026-10-09T21:25:08.7857701Z test result: ok. 7 passed; 0 failed; 0 ignored; 0 measured; 0 filtered out; finished in 11.00s
2026-10-09T21:25:08.7858364Z 
2026-10-09T21:25:08.7860888Z [1m[92m     Running[0m http_clipped_control.rs (target/debug/deps/http_clipped_control-d6300406bb73ff71)
2026-10-09T21:25:08.7872585Z 
2026-10-09T21:25:08.7872713Z running 10 tests
2026-10-09T21:25:09.3908366Z test chrome_fixed_control_escapes_clip ... ok
2026-10-09T21:25:10.0095433Z test chrome_narrow_overflow_control ... ok
2026-10-09T21:25:10.6210746Z test chrome_nested_overflow_control ... ok
2026-10-09T21:25:11.2695913Z test chrome_overflow_hidden_control ... ok
2026-10-09T21:25:11.8488374Z test chrome_scrolled_overflow_control ... ok
2026-10-09T21:25:13.4726396Z test firefox_fixed_control_escapes_clip ... ok
2026-10-09T21:25:15.2529201Z test firefox_narrow_overflow_control ... ok
2026-10-09T21:25:17.0516942Z test firefox_nested_overflow_control ... ok
2026-10-09T21:25:18.7070750Z test firefox_overflow_hidden_control ... ok
2026-10-09T21:25:20.5073404Z test firefox_scrolled_overflow_control ... ok
2026-10-09T21:25:20.5073747Z 
2026-10-09T21:25:20.5074069Z test result: ok. 10 passed; 0 failed; 0 ignored; 0 measured; 0 filtered out; finished in 11.72s
2026-10-09T21:25:20.5074894Z 
2026-10-09T21:25:20.5076882Z [1m[92m     Running[0m http_compat.rs (target/debug/deps/http_compat-2c6ee37085c5fb88)
2026-10-09T21:25:20.5088806Z 
2026-10-09T21:25:20.5088941Z running 24 tests
2026-10-09T21:25:21.1008105Z test chrome_cancelled_wait_recovers ... ok
2026-10-09T21:25:21.6998252Z test chrome_closing_page_wakes_wait ... ok
2026-10-09T21:25:22.4334937Z test chrome_delayed_and_absent_elements ... ok
2026-10-09T21:25:23.0192932Z test chrome_disconnect_wakes_wait ... ok
2026-10-09T21:25:23.6191436Z test chrome_frame_click ... ok
2026-10-09T21:25:24.2282684Z test chrome_frame_hover_and_keyboard ... ok
2026-10-09T21:25:24.7852183Z test chrome_frame_reload ... ok
2026-10-09T21:25:25.9816444Z test chrome_isolated_popup_ownership ... ok
2026-10-09T21:25:27.0904866Z test chrome_isolated_storage ... ok
2026-10-09T21:25:27.5814752Z test chrome_javascript_exceptions ... ok
2026-10-09T21:25:28.1551819Z test chrome_navigation_and_forms ... ok
2026-10-09T21:25:28.7760271Z test chrome_wait_deadline ... ok
2026-10-09T21:25:30.4121522Z test firefox_cancelled_wait_recovers ... ok
2026-10-09T21:25:32.0834674Z test firefox_closing_page_wakes_wait ... ok
2026-10-09T21:25:34.0317334Z test firefox_delayed_and_absent_elements ... ok
2026-10-09T21:25:35.8374081Z test firefox_disconnect_wakes_wait ... ok
2026-10-09T21:25:37.5063877Z test firefox_frame_click ... ok
2026-10-09T21:25:39.5596608Z test firefox_frame_hover_and_keyboard ... ok
2026-10-09T21:25:41.1716675Z test firefox_frame_reload ... ok
2026-10-09T21:25:43.5664540Z test firefox_isolated_popup_ownership ... ok
2026-10-09T21:25:46.0726363Z test firefox_isolated_storage ... ok
2026-10-09T21:25:47.9933030Z test firefox_javascript_exceptions ... ok
2026-10-09T21:25:49.9930394Z test firefox_navigation_and_forms ... ok
2026-10-09T21:25:51.8461535Z test firefox_wait_deadline ... ok
2026-10-09T21:25:51.8461845Z 
2026-10-09T21:25:51.8462114Z test result: ok. 24 passed; 0 failed; 0 ignored; 0 measured; 0 filtered out; finished in 31.34s
2026-10-09T21:25:51.8462549Z 
2026-10-09T21:25:51.8466288Z [1m[92m     Running[0m http_contexts.rs (target/debug/deps/http_contexts-13d4f11cc14ec1aa)
2026-10-09T21:25:51.8476424Z 
2026-10-09T21:25:51.8476587Z running 10 tests
2026-10-09T21:25:52.2736565Z test browser_disconnect_wakes_a_pending_page_wait ... ok
2026-10-09T21:25:53.1632674Z test cancelled_popup_wait_does_not_stop_future_discovery ... ok
2026-10-09T21:25:53.8689100Z test closed_pages_are_removed_from_the_context_list ... ok
2026-10-09T21:25:54.5521626Z test concurrent_refresh_shares_one_page_session_and_route_state ... ok
2026-10-09T21:25:55.4285505Z test concurrent_waiters_adopt_distinct_popups ... ok
2026-10-09T21:25:56.1393579Z test connected_browser_excludes_another_clients_isolated_context ... ok
2026-10-09T21:25:56.5659205Z test context_close_wakes_a_pending_page_wait ... ok
2026-10-09T21:25:57.3146756Z test default_discovery_does_not_adopt_isolated_pages ... ok
2026-10-09T21:25:58.2674529Z test default_popup_wait_ignores_isolated_target_created_events ... ok
2026-10-09T21:25:59.4747577Z test isolated_popup_wait_ignores_default_and_other_isolated_contexts ... ok
2026-10-09T21:25:59.4752053Z 
2026-10-09T21:25:59.4752774Z [1m[92m     Running[0m http_creation.rs (target/debug/deps/http_creation-4a55bc0e83b1cdc7)
2026-10-09T21:25:59.4753673Z test result: ok. 10 passed; 0 failed; 0 ignored; 0 measured; 0 filtered out; finished in 7.63s
2026-10-09T21:25:59.4760569Z 
2026-10-09T21:25:59.4774275Z 
2026-10-09T21:25:59.4774620Z running 2 tests
2026-10-09T21:26:18.8199458Z test chrome_cancelled_creation_releases_native_resources ... ok
2026-10-09T21:26:35.3168885Z test firefox_cancelled_creation_releases_native_resources ... ok
2026-10-09T21:26:35.3169949Z 
2026-10-09T21:26:35.3170676Z test result: ok. 2 passed; 0 failed; 0 ignored; 0 measured; 0 filtered out; finished in 35.84s
2026-10-09T21:26:35.3171135Z 
2026-10-09T21:26:35.3172615Z [1m[92m     Running[0m http_disconnect.rs (target/debug/deps/http_disconnect-097529e7fde875d3)
2026-10-09T21:26:35.3184316Z 
2026-10-09T21:26:35.3184801Z running 2 tests
2026-10-09T21:26:49.1789583Z test chrome_process_loss_and_manual_restart ... ok
2026-10-09T21:27:32.4555569Z test firefox_process_loss_and_manual_restart ... ok
2026-10-09T21:27:32.4555807Z 
2026-10-09T21:27:32.4556029Z test result: ok. 2 passed; 0 failed; 0 ignored; 0 measured; 0 filtered out; finished in 57.14s
2026-10-09T21:27:32.4556304Z 
2026-10-09T21:27:32.4559268Z [1m[92m     Running[0m http_frame_helpers.rs (target/debug/deps/http_frame_helpers-62d3603d1ab80243)
2026-10-09T21:27:32.4571398Z 
2026-10-09T21:27:32.4572666Z running 2 tests
2026-10-09T21:27:35.1334157Z test firefox_helper_presence_tracks_current_frame_document ... ok
2026-10-09T21:28:56.6301405Z test firefox_same_page_reuses_helpers_across_1000_destroyed_frames ... ok
2026-10-09T21:28:56.6302446Z 
2026-10-09T21:28:56.6303143Z test result: ok. 2 passed; 0 failed; 0 ignored; 0 measured; 0 filtered out; finished in 84.17s
2026-10-09T21:28:56.6303599Z 
2026-10-09T21:28:56.6304487Z [1m[92m     Running[0m http_frames.rs (target/debug/deps/http_frames-7d8d5c9ccbe51a73)
2026-10-09T21:28:56.6316376Z 
2026-10-09T21:28:56.6316508Z running 67 tests
2026-10-09T21:28:58.0059446Z test checkbox_actions_wait_for_the_same_click_checks ... ok
2026-10-09T21:28:58.6448464Z test click_accepts_descendants_and_native_fieldset_legend_exceptions ... ok
2026-10-09T21:28:59.2862095Z test click_deadline_bounds_a_stalled_preparation_promise ... ok
2026-10-09T21:28:59.8906183Z test click_deadline_includes_a_missing_frame ... ok
2026-10-09T21:29:00.7080766Z test click_does_not_intercept_an_overlay_above_the_iframe ... ok
2026-10-09T21:29:01.2883251Z test click_handles_a_one_pixel_target ... ok
2026-10-09T21:29:01.9406307Z test click_maps_an_offscreen_iframe_to_root_viewport_coordinates ... ok
2026-10-09T21:29:02.4236001Z test click_preserves_javascript_and_closed_page_errors ... ok
2026-10-09T21:29:03.2299916Z test click_rechecks_overlay_created_on_hover ... ok
2026-10-09T21:29:03.8935917Z test click_reresolves_target_replaced_on_hover ... ok
2026-10-09T21:29:04.4941705Z test click_scrolls_an_offscreen_target_into_view ... ok
2026-10-09T21:29:05.5009387Z test click_timeout_reports_disabled_and_intercepted_targets_without_clicking ... ok
2026-10-09T21:29:06.3035950Z test click_waits_until_aria_disabled_ancestor_is_enabled ... ok
2026-10-09T21:29:07.1788233Z test click_waits_until_button_is_enabled ... ok
2026-10-09T21:29:07.9779059Z test click_waits_until_button_stops_moving ... ok
2026-10-09T21:29:08.7491680Z test click_waits_until_overlay_disappears ... ok
2026-10-09T21:29:09.5111597Z test click_waits_until_parent_fieldset_is_enabled ... ok
2026-10-09T21:29:10.2462242Z test cross_origin_frame_with_another_port_fills_and_submits ... ok
2026-10-09T21:29:11.0488509Z test cross_site_already_loaded_frame_is_initialized_when_connecting ... ok
2026-10-09T21:29:11.8579807Z test cross_site_click_checks_parent_overlays_and_transformed_scrolled_coordinates ... ok
2026-10-09T21:29:12.6941181Z test cross_site_click_retries_when_its_renderer_detaches_during_preparation ... ok
2026-10-09T21:29:13.4401159Z test cross_site_frame_fills_and_submits ... ok
2026-10-09T21:29:14.3653903Z test cross_site_frame_keeps_working_after_reload_and_swaps_back_to_the_parent_site ... ok
2026-10-09T21:29:15.4733269Z test cross_site_frame_removal_cleans_up_and_a_new_frame_can_be_resolved ... ok
2026-10-09T21:29:16.2457222Z test cross_site_frame_wait_survives_a_process_swap ... ok
2026-10-09T21:29:17.1914242Z test cross_site_isolated_worlds_do_not_replace_default_context_and_errors_propagate ... ok
2026-10-09T21:29:18.0052201Z test cross_site_nested_renderer_click_maps_both_frame_boundaries ... ok
2026-10-09T21:29:18.6433670Z test cross_site_network_block_is_inherited_and_clear_restores_requests ... ok
2026-10-09T21:29:19.2354674Z test cross_site_network_diagnostics_capture_initial_request_and_response_body ... ok
2026-10-09T21:29:19.8979153Z test cross_site_network_diagnostics_capture_mocked_responses_and_blocked_failures ... ok
2026-10-09T21:29:20.5218658Z test cross_site_network_diagnostics_capture_nested_renderer_bodies ... ok
2026-10-09T21:29:21.3211156Z test cross_site_network_diagnostics_follow_reloads_and_repeated_process_swaps ... ok
2026-10-09T21:29:21.9442362Z test cross_site_network_diagnostics_keep_concurrent_parent_and_child_bodies_separate ... ok
2026-10-09T21:29:22.5548653Z test cross_site_network_diagnostics_retain_detached_requests_without_reusing_the_parent_session ... ok
2026-10-09T21:29:23.1981198Z test cross_site_network_existing_child_adds_clears_and_readds_mocks ... ok
2026-10-09T21:29:24.0070380Z test cross_site_network_gate_blocks_the_first_request_on_return_to_parent ... ok
2026-10-09T21:29:24.8441852Z test cross_site_network_gate_changes_the_first_response_header_on_return_to_parent ... ok
2026-10-09T21:29:27.3998564Z test cross_site_network_gate_covers_fetch_and_xhr_on_repeated_returns_without_server_access ... ok
2026-10-09T21:29:28.0680188Z test cross_site_network_gate_restores_the_first_request_when_nested_child_returns_to_outer ... ok
2026-10-09T21:29:28.7993322Z test cross_site_network_gate_resumes_application_debugger_statements_and_clears_cleanly ... ok
2026-10-09T21:29:29.3673779Z test cross_site_network_mock_is_inherited_before_child_scripts_run ... ok
2026-10-09T21:29:30.0025159Z test cross_site_network_mock_overrides_previously_cached_responses ... ok
2026-10-09T21:29:30.6584149Z test cross_site_network_nested_child_inherits_routes_and_clear_reaches_every_renderer ... ok
2026-10-09T21:29:31.2732372Z test cross_site_network_request_headers_apply_to_child_without_losing_original_headers ... ok
2026-10-09T21:29:32.0530007Z test cross_site_network_response_stage_upgrades_existing_and_new_children ... ok
2026-10-09T21:29:32.7099441Z test cross_site_network_route_changes_and_child_attachment_are_serialized ... ok
2026-10-09T21:29:33.4230040Z test cross_site_network_rules_cover_first_script_requests_after_process_swaps ... ok
2026-10-09T21:29:34.2228343Z test cross_site_sibling_sessions_do_not_mix_contexts ... ok
2026-10-09T21:29:34.9663709Z test fills_and_clicks_in_a_frame_added_after_the_action_starts ... ok
2026-10-09T21:29:35.7861678Z test frame_wait_deadline_also_bounds_the_child_element_wait ... ok
2026-10-09T21:29:36.4002567Z test frame_wait_includes_iframe_resolution_in_its_deadline ... ok
2026-10-09T21:29:37.1980251Z test frame_wait_preserves_javascript_errors ... ok
2026-10-09T21:29:37.8009516Z test frame_wait_propagates_closed_page_errors_without_waiting_for_timeout ... ok
2026-10-09T21:29:38.5329418Z test geometry_click_finds_an_uncovered_point_away_from_the_center ... ok
2026-10-09T21:29:39.2100771Z test geometry_click_handles_a_clip_path_with_an_occluded_center ... ok
2026-10-09T21:29:39.7440937Z test geometry_click_handles_a_rotated_element_clipped_by_the_viewport ... ok
2026-10-09T21:29:40.4696030Z test geometry_click_handles_a_transformed_iframe ... ok
2026-10-09T21:29:41.4251756Z test geometry_click_handles_overflow_clipping ... ok
2026-10-09T21:29:42.2599636Z test geometry_click_handles_perspective_transforms ... ok
2026-10-09T21:29:42.9103827Z test geometry_click_selects_an_uncovered_point_on_a_rotated_target ... ok
2026-10-09T21:29:43.5940305Z test geometry_click_uses_an_uncovered_inline_fragment ... ok
2026-10-09T21:29:44.4285794Z test geometry_click_waits_for_transform_changes_with_identical_bounding_rects ... ok
2026-10-09T21:29:45.1184317Z test network_gate_cancelled_updates_finish_before_later_cleanup_or_reconfiguration ... ok
2026-10-09T21:29:45.6715598Z test network_gate_is_inert_for_other_debuggers_after_routes_are_cleared ... ok
2026-10-09T21:29:46.5463813Z test network_gate_keeps_cached_resources_mocked_across_navigation_and_frame_returns ... ok
2026-10-09T21:29:47.2743662Z test waiting_locator_survives_frame_navigation ... ok
2026-10-09T21:29:47.9643639Z test waits_for_the_frame_document_to_load ... ok
2026-10-09T21:29:47.9643968Z 
2026-10-09T21:29:47.9644273Z test result: ok. 67 passed; 0 failed; 0 ignored; 0 measured; 0 filtered out; finished in 51.33s
2026-10-09T21:29:47.9644696Z 
2026-10-09T21:29:47.9648060Z [1m[92m     Running[0m http_intercept_lifecycle.rs (target/debug/deps/http_intercept_lifecycle-e7fc73fecd2557ac)
2026-10-09T21:29:47.9660237Z 
2026-10-09T21:29:47.9660394Z running 4 tests
2026-10-09T21:29:55.1500381Z test firefox_intercept_cancellation_preserves_live_requests_and_prior_rules ... ok
2026-10-09T21:30:00.1671979Z test firefox_phase_expansion_keeps_prior_rules_usable_before_acknowledgment ... ok
2026-10-09T21:30:02.8756522Z test firefox_routing_phases_and_child_frame_requests_remain_functional ... ok
2026-10-09T21:30:14.5751447Z test firefox_shared_handles_drop_and_close_retire_only_owned_intercepts ... ok
2026-10-09T21:30:14.5761590Z 
2026-10-09T21:30:14.5762009Z test result: ok. 4 passed; 0 failed; 0 ignored; 0 measured; 0 filtered out; finished in 26.61s
2026-10-09T21:30:14.5762451Z 
2026-10-09T21:30:14.5766135Z [1m[92m     Running[0m http_navigation.rs (target/debug/deps/http_navigation-419f49d805ec0b26)
2026-10-09T21:30:14.5777666Z 
2026-10-09T21:30:14.5777779Z running 14 tests
2026-10-09T21:30:15.1272326Z test another_document_interrupts_an_older_navigation_waiter ... ok
2026-10-09T21:30:15.6304573Z test browser_disconnect_wakes_pending_waiters ... ok
2026-10-09T21:30:16.1923780Z test cancelled_navigation_does_not_corrupt_the_next_navigation ... ok
2026-10-09T21:30:16.8834871Z test click_navigation_does_not_reuse_the_previous_documents_load ... ok
2026-10-09T21:30:17.4303344Z test closing_a_page_wakes_pending_load_waiters ... ok
2026-10-09T21:30:17.9366969Z test closing_a_page_wakes_pending_url_waiters ... ok
2026-10-09T21:30:18.4208145Z test fragment_navigation_preserves_the_document_load_state ... ok
2026-10-09T21:30:19.1825580Z test goto_timeout_covers_headers_and_document_load_together ... ok
2026-10-09T21:30:19.7940249Z test redirected_goto_reports_the_committed_url ... ok
2026-10-09T21:30:20.4376910Z test reload_waits_for_the_new_document_and_its_resources ... ok
2026-10-09T21:30:21.0476114Z test same_document_history_and_full_document_history_finish ... ok
2026-10-09T21:30:21.9777405Z test timeout_before_commit_allows_a_new_navigation_and_ignores_the_old_response ... ok
2026-10-09T21:30:22.4850816Z test url_wait_observes_a_matching_url_even_if_it_changes_again_immediately ... ok
2026-10-09T21:30:23.0088341Z test url_wait_observes_push_state_and_hash_changes ... ok
2026-10-09T21:30:23.0088734Z 
2026-10-09T21:30:23.0089087Z test result: ok. 14 passed; 0 failed; 0 ignored; 0 measured; 0 filtered out; finished in 8.43s
2026-10-09T21:30:23.0089522Z 
2026-10-09T21:30:23.0092504Z [1m[92m     Running[0m http_network_idle.rs (target/debug/deps/http_network_idle-78dad576fb420eee)
2026-10-09T21:30:23.0102604Z 
2026-10-09T21:30:23.0102723Z running 10 tests
2026-10-09T21:30:24.6801209Z test aborted_fetch_and_cancelled_idle_wait_leave_no_pending_activity ... ok
2026-10-09T21:30:25.6894129Z test closing_during_the_quiet_timer_wakes_the_idle_waiter ... ok
2026-10-09T21:30:27.7504386Z test concurrent_requests_and_a_second_burst_restart_the_quiet_window ... ok
2026-10-09T21:30:30.7890142Z test mocked_blocked_and_redirected_requests_finish_without_stale_counts ... ok
2026-10-09T21:30:32.4791613Z test new_main_document_does_not_wait_for_old_keepalive_or_child_requests ... ok
2026-10-09T21:30:34.1714326Z test remote_frame_fetch_prevents_parent_network_idle ... ok
2026-10-09T21:30:36.1257755Z test remote_frame_reload_and_return_do_not_leave_stale_pending_requests ... ok
2026-10-09T21:30:38.1629951Z test removing_a_same_process_frame_releases_its_pending_requests ... ok
2026-10-09T21:30:39.8463448Z test removing_nested_renderer_frames_releases_the_entire_subtree ... ok
2026-10-09T21:30:41.5902341Z test restarted_fetch_waits_for_the_body_and_a_new_quiet_window ... ok
2026-10-09T21:30:41.5902772Z 
2026-10-09T21:30:41.5903097Z test result: ok. 10 passed; 0 failed; 0 ignored; 0 measured; 0 filtered out; finished in 18.58s
2026-10-09T21:30:41.5903570Z 
2026-10-09T21:30:41.5905683Z [1m[92m     Running[0m http_network_idle_parity.rs (target/debug/deps/http_network_idle_parity-1b2d4a243bda5263)
2026-10-09T21:30:41.5918063Z 
2026-10-09T21:30:41.5918506Z running 26 tests
2026-10-09T21:30:43.9342144Z test chrome_abort ... ok
2026-10-09T21:30:46.2343623Z test chrome_body_timeout_reuse ... ok
2026-10-09T21:30:47.3132443Z test chrome_browser_closure ... ok
2026-10-09T21:30:50.3770102Z test chrome_cancelled_waiter ... ok
2026-10-09T21:30:52.6334229Z test chrome_child_removal ... ok
2026-10-09T21:30:54.8996563Z test chrome_cross_origin_child ... ok
2026-10-09T21:30:57.8979498Z test chrome_document_replacement ... ok
2026-10-09T21:31:00.8465096Z test chrome_foreign_tab ... ok
2026-10-09T21:31:04.4275792Z test chrome_interrupted_quiet ... ok
2026-10-09T21:31:06.7231354Z test chrome_nested_children ... ok
2026-10-09T21:31:07.7287765Z test chrome_page_closure ... ok
2026-10-09T21:31:09.2889545Z test chrome_partial_body ... ok
2026-10-09T21:31:11.5952052Z test chrome_redirects ... ok
2026-10-09T21:31:15.0772347Z test firefox_abort ... ok
2026-10-09T21:31:18.9998925Z test firefox_body_timeout_reuse ... ok
2026-10-09T21:31:21.1078550Z test firefox_browser_closure ... ok
2026-10-09T21:31:25.7369786Z test firefox_cancelled_waiter ... ok
2026-10-09T21:31:29.0297263Z test firefox_child_removal ... ok
2026-10-09T21:31:32.3940022Z test firefox_cross_origin_child ... ok
2026-10-09T21:31:36.8534922Z test firefox_document_replacement ... ok
2026-10-09T21:31:42.0058749Z test firefox_foreign_tab ... ok
2026-10-09T21:31:46.8555858Z test firefox_interrupted_quiet ... ok
2026-10-09T21:31:50.3058837Z test firefox_nested_children ... ok
2026-10-09T21:31:52.6159347Z test firefox_page_closure ... ok
2026-10-09T21:31:55.2515752Z test firefox_partial_body ... ok
2026-10-09T21:31:58.6324854Z test firefox_redirects ... ok
2026-10-09T21:31:58.6325134Z 
2026-10-09T21:31:58.6325476Z test result: ok. 26 passed; 0 failed; 0 ignored; 0 measured; 0 filtered out; finished in 77.04s
2026-10-09T21:31:58.6325757Z 
2026-10-09T21:31:58.6328632Z [1m[92m     Running[0m http_shutdown.rs (target/debug/deps/http_shutdown-f929299cd78f2c79)
2026-10-09T21:31:58.6340429Z 
2026-10-09T21:31:58.6340634Z running 3 tests
2026-10-09T21:32:20.2802040Z test chrome_cancelled_shutdown_completes_native_cleanup ... ok
2026-10-09T21:32:22.5610588Z test firefox_cancelled_monitor_setup_still_waits_for_subscription ... ok
2026-10-09T21:32:41.5186055Z test firefox_cancelled_shutdown_completes_native_cleanup ... ok
2026-10-09T21:32:41.5186460Z 
2026-10-09T21:32:41.5186710Z test result: ok. 3 passed; 0 failed; 0 ignored; 0 measured; 0 filtered out; finished in 42.88s
2026-10-09T21:32:41.5186995Z 
2026-10-09T21:32:41.5190257Z [1m[92m     Running[0m unified.rs (target/debug/deps/unified-e0bbd23e3fa347f5)
2026-10-09T21:32:41.5202269Z 
2026-10-09T21:32:41.5202395Z running 3 tests
2026-10-09T21:32:43.6818624Z test dynamic_backends_in_one_vec ... ok
2026-10-09T21:32:44.5653988Z test same_code_on_chrome ... ok
2026-10-09T21:32:46.1745357Z test same_code_on_firefox ... ok
2026-10-09T21:32:46.1748943Z 
2026-10-09T21:32:46.1749539Z test result: ok. 3 passed; 0 failed; 0 ignored; 0 measured; 0 filtered out; finished in 4.65s
2026-10-09T21:32:46.1750044Z 
2026-10-09T21:32:46.1761797Z [1m[92m     Running[0m vertical_slice.rs (target/debug/deps/vertical_slice-81ac6e39210d5edb)
2026-10-09T21:32:46.1762224Z 
2026-10-09T21:32:46.1767604Z running 5 tests
2026-10-09T21:32:46.9870726Z test isolated_context_has_separate_storage ... ok
2026-10-09T21:32:47.5059863Z test launch_goto_title_and_content ... ok
2026-10-09T21:32:48.0912269Z test locators_fill_click_and_wait ... ok
2026-10-09T21:32:48.6262256Z test screenshot_writes_a_png ... ok
2026-10-09T21:32:49.6600783Z test wait_for_detached_and_load_states ... ok
2026-10-09T21:32:49.6601099Z 
2026-10-09T21:32:49.6602263Z test result: ok. 5 passed; 0 failed; 0 ignored; 0 measured; 0 filtered out; finished in 3.48s
2026-10-09T21:32:49.6602729Z 
2026-10-09T21:32:49.6604292Z [1m[92m     Running[0m unittests src/lib.rs (target/debug/deps/rustwright_test-990eb26711f85471)
2026-10-09T21:32:49.6613217Z 
2026-10-09T21:32:49.6613344Z running 4 tests
2026-10-09T21:32:49.6614816Z test tests::automatic_discovery_absence_skips_both_backends ... ok
2026-10-09T21:32:49.6615671Z test tests::connection_and_context_setup_errors_fail ... ok
2026-10-09T21:32:49.6616657Z test tests::other_browser_setup_errors_fail_both_backends ... ok
2026-10-09T21:32:49.6618474Z test tests::shards_partition_tests ... ok
2026-10-09T21:32:49.6618715Z 
2026-10-09T21:32:49.6619016Z test result: ok. 4 passed; 0 failed; 0 ignored; 0 measured; 0 filtered out; finished in 0.00s
2026-10-09T21:32:49.6619429Z 
2026-10-09T21:32:49.6620069Z [1m[92m     Running[0m tests/expect_retry.rs (target/debug/deps/expect_retry-5393ff18b4b0fb27)
2026-10-09T21:32:49.6629245Z 
2026-10-09T21:32:49.6629369Z running 12 tests
2026-10-09T21:32:50.6096860Z test assertion_deadline_bounds_missing_element_reads ... ok
2026-10-09T21:32:51.3359328Z test backend_errors_are_returned_without_retry ... ok
2026-10-09T21:32:52.0287298Z test matching_conditions_return_without_waiting_for_timeout ... ok
2026-10-09T21:32:53.0263619Z test timeout_reports_last_observed_count ... ok
2026-10-09T21:32:53.6950190Z test waits_for_a_frame_execution_context_before_counting ... ok
2026-10-09T21:32:54.6004043Z test waits_for_delayed_attribute ... ok
2026-10-09T21:32:55.5077991Z test waits_for_delayed_contained_text ... ok
2026-10-09T21:32:56.4294205Z test waits_for_delayed_count ... ok
2026-10-09T21:32:57.3895277Z test waits_for_delayed_text ... ok
2026-10-09T21:32:58.3830088Z test waits_for_element_to_appear ... ok
2026-10-09T21:32:59.2807710Z test waits_for_enabled_button ... ok
2026-10-09T21:33:00.3784923Z test waits_for_visibility_changes ... ok
2026-10-09T21:33:00.3785304Z 
2026-10-09T21:33:00.3785682Z test result: ok. 12 passed; 0 failed; 0 ignored; 0 measured; 0 filtered out; finished in 10.72s
2026-10-09T21:33:00.3786136Z 
2026-10-09T21:33:00.3809062Z [1m[92m     Running[0m tests/runner_startup.rs (target/debug/deps/runner_startup-019dee1091c5e44e)
2026-10-09T21:33:00.3820461Z 
2026-10-09T21:33:00.3820577Z running 5 tests
2026-10-09T21:33:00.4451106Z test browser_exiting_during_startup_fails_the_test ... ok
2026-10-09T21:33:00.4836027Z test missing_explicit_browser_fails_instead_of_falling_back ... ok
2026-10-09T21:33:00.5225688Z test non_executable_browser_fails_the_test ... ok
2026-10-09T21:33:00.5226074Z test runner_probe ... ok
2026-10-09T21:33:00.6078400Z test startup_failure_uses_the_configured_retries ... ok
2026-10-09T21:33:00.6078787Z 
2026-10-09T21:33:00.6079028Z test result: ok. 5 passed; 0 failed; 0 ignored; 0 measured; 0 filtered out; finished in 0.23s
2026-10-09T21:33:00.6079342Z 
2026-10-09T21:33:00.6080858Z [1m[92m     Running[0m tests/smoke.rs (target/debug/deps/smoke-90efb41dcbb0652b)
2026-10-09T21:33:00.6091984Z 
2026-10-09T21:33:00.6092100Z running 3 tests
2026-10-09T21:33:01.3701294Z test assertions_and_matchers ... ok
2026-10-09T21:33:02.0795897Z test opens_a_data_url ... ok
2026-10-09T21:33:02.8169308Z test supports_extra_pages ... ok
2026-10-09T21:33:02.8169531Z 
2026-10-09T21:33:02.8169754Z test result: ok. 3 passed; 0 failed; 0 ignored; 0 measured; 0 filtered out; finished in 2.21s
2026-10-09T21:33:02.8170065Z 
2026-10-09T21:33:02.8173913Z [1m[92m     Running[0m unittests src/lib.rs (target/debug/deps/rustwright_test_macros-0cee4777b848a027)
2026-10-09T21:33:02.8735935Z 
2026-10-09T21:33:02.8736379Z running 0 tests
2026-10-09T21:33:02.8736540Z 
2026-10-09T21:33:02.8777320Z test result: ok. 0 passed; 0 failed; 0 ignored; 0 measured; 0 filtered out; finished in 0.00s
2026-10-09T21:33:02.8777757Z 
2026-10-09T21:33:02.8780566Z [1m[92m   Doc-tests[0m rustwright
2026-10-09T21:33:03.1818957Z 
2026-10-09T21:33:03.1819484Z running 2 tests
2026-10-09T21:33:03.2649753Z test crates/rustwright/src/any.rs - any (line 8) ... ok
2026-10-09T21:33:03.3048246Z test crates/rustwright/src/lib.rs - (line 8) - compile ... ok
2026-10-09T21:33:03.3048632Z 
2026-10-09T21:33:03.3048861Z test result: ok. 2 passed; 0 failed; 0 ignored; 0 measured; 0 filtered out; finished in 0.12s
2026-10-09T21:33:03.3049138Z 
2026-10-09T21:33:03.3113748Z [1m[92m   Doc-tests[0m rustwright_bidi
2026-10-09T21:33:03.4002821Z 
2026-10-09T21:33:03.4003407Z running 1 test
2026-10-09T21:33:03.4350955Z test crates/rustwright-bidi/src/lib.rs - (line 8) - compile ... ok
2026-10-09T21:33:03.4351344Z 
2026-10-09T21:33:03.4351663Z test result: ok. 1 passed; 0 failed; 0 ignored; 0 measured; 0 filtered out; finished in 0.03s
2026-10-09T21:33:03.4352073Z 
2026-10-09T21:33:03.4377591Z [1m[92m   Doc-tests[0m rustwright_browser
2026-10-09T21:33:03.4713534Z 
2026-10-09T21:33:03.4713992Z running 1 test
2026-10-09T21:33:03.5713860Z test crates/rustwright-browser/src/chrome.rs - chrome::Chrome (line 59) ... ok
2026-10-09T21:33:03.5714178Z 
2026-10-09T21:33:03.5714409Z test result: ok. 1 passed; 0 failed; 0 ignored; 0 measured; 0 filtered out; finished in 0.10s
2026-10-09T21:33:03.5714678Z 
2026-10-09T21:33:03.5735336Z [1m[92m   Doc-tests[0m rustwright_cdp
2026-10-09T21:33:03.7216552Z 
2026-10-09T21:33:03.7216995Z running 0 tests
2026-10-09T21:33:03.7217216Z 
2026-10-09T21:33:03.7217454Z test result: ok. 0 passed; 0 failed; 0 ignored; 0 measured; 0 filtered out; finished in 0.00s
2026-10-09T21:33:03.7217775Z 
2026-10-09T21:33:03.7244180Z [1m[92m   Doc-tests[0m rustwright_common
2026-10-09T21:33:03.7440573Z 
2026-10-09T21:33:03.7440939Z running 1 test
2026-10-09T21:33:03.7656543Z test crates/rustwright-common/src/api.rs - api (line 12) - compile ... ok
2026-10-09T21:33:03.7656976Z 
2026-10-09T21:33:03.7657278Z test result: ok. 1 passed; 0 failed; 0 ignored; 0 measured; 0 filtered out; finished in 0.02s
2026-10-09T21:33:03.7657729Z 
2026-10-09T21:33:03.7677366Z [1m[92m   Doc-tests[0m rustwright_core
2026-10-09T21:33:03.8376503Z 
2026-10-09T21:33:03.8377017Z running 2 tests
2026-10-09T21:33:03.8703059Z test crates/rustwright-core/src/browser.rs - browser::Browser::launch (line 46) - compile ... ok
2026-10-09T21:33:03.9344971Z test crates/rustwright-core/src/lib.rs - prelude (line 54) ... ok
2026-10-09T21:33:03.9345280Z 
2026-10-09T21:33:03.9345503Z test result: ok. 2 passed; 0 failed; 0 ignored; 0 measured; 0 filtered out; finished in 0.10s
2026-10-09T21:33:03.9345823Z 
2026-10-09T21:33:03.9367976Z [1m[92m   Doc-tests[0m rustwright_test
2026-10-09T21:33:03.9589086Z 
2026-10-09T21:33:03.9589475Z running 3 tests
2026-10-09T21:33:03.9918131Z test crates/rustwright-test/src/expect.rs - expect (line 7) - compile ... ok
2026-10-09T21:33:04.0237817Z test crates/rustwright-test/src/expect.rs - expect::Expectation::with_timeout (line 50) - compile ... ok
2026-10-09T21:33:04.0574098Z test crates/rustwright-test/src/lib.rs - (line 8) - compile ... ok
2026-10-09T21:33:04.0574385Z 
2026-10-09T21:33:04.0574606Z test result: ok. 3 passed; 0 failed; 0 ignored; 0 measured; 0 filtered out; finished in 0.10s
2026-10-09T21:33:04.0574882Z 
2026-10-09T21:33:04.0595923Z [1m[92m   Doc-tests[0m rustwright_test_macros
2026-10-09T21:33:04.0750656Z 
2026-10-09T21:33:04.0751028Z running 1 test
2026-10-09T21:33:04.0751444Z test crates/rustwright-test-macros/src/lib.rs - rustwright_test (line 14) ... ignored
2026-10-09T21:33:04.0751735Z 
2026-10-09T21:33:04.0751972Z test result: ok. 0 passed; 0 failed; 1 ignored; 0 measured; 0 filtered out; finished in 0.00s
2026-10-09T21:33:04.0752254Z 
2026-10-09T21:33:04.0850218Z ##[group]Run actions/upload-artifact@v4
2026-10-09T21:33:04.0850473Z with:
2026-10-09T21:33:04.0850655Z   name: workspace-chrome-sandbox
2026-10-09T21:33:04.0850878Z   path: target/ci/linux-sandbox/
2026-10-09T21:33:04.0851082Z   if-no-files-found: error
2026-10-09T21:33:04.0851273Z   compression-level: 6
2026-10-09T21:33:04.0851450Z   overwrite: false
2026-10-09T21:33:04.0851622Z   include-hidden-files: false
2026-10-09T21:33:04.0851806Z env:
2026-10-09T21:33:04.0851957Z   CARGO_TERM_COLOR: always
2026-10-09T21:33:04.0852135Z   RUST_BACKTRACE: 1
2026-10-09T21:33:04.0852315Z   CARGO_HOME: /home/runner/.cargo
2026-10-09T21:33:04.0852520Z   CARGO_INCREMENTAL: 0
2026-10-09T21:33:04.0852692Z   CACHE_ON_FAILURE: false
2026-10-09T21:33:04.0852978Z   CHROME_DEVEL_SANDBOX: /usr/local/lib/rustwright-ci/155.0.8059.39/chrome-sandbox
2026-10-09T21:33:04.0853471Z ##[endgroup]
2026-10-09T21:33:04.2189258Z (node:97365) [DEP0040] DeprecationWarning: The `punycode` module is deprecated. Please use a userland alternative instead.
2026-10-09T21:33:04.2189940Z (Use `node --trace-deprecation ...` to show where the warning was created)
2026-10-09T21:33:04.2238292Z With the provided path, there will be 6 files uploaded
2026-10-09T21:33:04.2243582Z Artifact name is valid!
2026-10-09T21:33:04.2244037Z Root directory input is valid!
2026-10-09T21:33:04.5664530Z Beginning upload of artifact content to blob storage
2026-10-09T21:33:04.5871842Z (node:97365) [DEP0169] DeprecationWarning: `url.parse()` behavior is not standardized and prone to errors that have security implications. Use the WHATWG URL API instead. CVEs are not issued for `url.parse()` vulnerabilities.
2026-10-09T21:33:04.7924887Z Uploaded bytes 3621
2026-10-09T21:33:04.8474647Z Finished uploading artifact content to blob storage!
2026-10-09T21:33:04.8475417Z SHA256 digest of uploaded artifact zip is dee0ad510d7de02c823f6d0f7950ac563abd05506790c0f87cdcde842e2534ab
2026-10-09T21:33:04.8476398Z Finalizing artifact upload
2026-10-09T21:33:05.0948204Z Artifact workspace-chrome-sandbox.zip successfully finalized. Artifact ID 11646910230
2026-10-09T21:33:05.0949153Z Artifact workspace-chrome-sandbox has been successfully uploaded! Final size is 3621 bytes. Artifact ID is 11646910230
2026-10-09T21:33:05.0954334Z Artifact download URL: https://github.com/rsasaki0109/rustwright/actions/runs/37990278021/artifacts/11646910230
2026-10-09T21:33:05.1112390Z Post job cleanup.
2026-10-09T21:33:05.2053425Z ##[group]Cache Configuration
2026-10-09T21:33:05.2053806Z Cache Provider:
2026-10-09T21:33:05.2054085Z     github
2026-10-09T21:33:05.2054326Z Workspaces:
2026-10-09T21:33:05.2054605Z     /home/runner/work/rustwright/rustwright
2026-10-09T21:33:05.2054973Z Cache Paths:
2026-10-09T21:33:05.2055239Z     /home/runner/.cargo/bin
2026-10-09T21:33:05.2055560Z     /home/runner/.cargo/.crates.toml
2026-10-09T21:33:05.2055917Z     /home/runner/.cargo/.crates2.json
2026-10-09T21:33:05.2056347Z     /home/runner/.cargo/registry
2026-10-09T21:33:05.2056661Z     /home/runner/.cargo/git
2026-10-09T21:33:05.2056995Z     /home/runner/work/rustwright/rustwright/target
2026-10-09T21:33:05.2057355Z Restore Key:
2026-10-09T21:33:05.2057585Z     v0-rust-check-Linux-x64-2c4d122c
2026-10-09T21:33:05.2057857Z Cache Key:
2026-10-09T21:33:05.2058285Z     v0-rust-check-Linux-x64-2c4d122c-f6e92162
2026-10-09T21:33:05.2058638Z .. Prefix:
2026-10-09T21:33:05.2058957Z   - v0-rust-check-Linux-x64
2026-10-09T21:33:05.2059170Z .. Environment considered:
2026-10-09T21:33:05.2059368Z   - Rust Versions:
2026-10-09T21:33:05.2059636Z     - 1.99.0 x86_64-unknown-linux-gnu b940084d7eb6a299eb4bfeb8e34901bc051e7ac4
2026-10-09T21:33:05.2059938Z   - CARGO_HOME
2026-10-09T21:33:05.2060105Z   - CARGO_INCREMENTAL
2026-10-09T21:33:05.2060281Z   - CARGO_TERM_COLOR
2026-10-09T21:33:05.2060448Z   - RUST_BACKTRACE
2026-10-09T21:33:05.2060622Z .. Lockfiles considered:
2026-10-09T21:33:05.2060852Z   - /home/runner/work/rustwright/rustwright/Cargo.lock
2026-10-09T21:33:05.2061199Z   - /home/runner/work/rustwright/rustwright/crates/rustwright-bidi/Cargo.toml
2026-10-09T21:33:05.2061613Z   - /home/runner/work/rustwright/rustwright/crates/rustwright-browser/Cargo.toml
2026-10-09T21:33:05.2062018Z   - /home/runner/work/rustwright/rustwright/crates/rustwright-cdp/Cargo.toml
2026-10-09T21:33:05.2062453Z   - /home/runner/work/rustwright/rustwright/crates/rustwright-common/Cargo.toml
2026-10-09T21:33:05.2062855Z   - /home/runner/work/rustwright/rustwright/crates/rustwright-core/Cargo.toml
2026-10-09T21:33:05.2063273Z   - /home/runner/work/rustwright/rustwright/crates/rustwright-test-macros/Cargo.toml
2026-10-09T21:33:05.2063682Z   - /home/runner/work/rustwright/rustwright/crates/rustwright-test/Cargo.toml
2026-10-09T21:33:05.2064054Z   - /home/runner/work/rustwright/rustwright/crates/rustwright/Cargo.toml
2026-10-09T21:33:05.2064562Z   - /home/runner/work/rustwright/rustwright/docs/ci/results/firefox-network-idle/local/release/consumer/.cargo/config.toml
2026-10-09T21:33:05.2065532Z   - /home/runner/work/rustwright/rustwright/docs/ci/results/reliability-95/local/distribution/consumer/.cargo/config.toml
2026-10-09T21:33:05.2066157Z   - /home/runner/work/rustwright/rustwright/docs/ci/results/remote-20261009/followup-local/consumer/.cargo/config.toml
2026-10-09T21:33:05.2066743Z   - /home/runner/work/rustwright/rustwright/docs/ci/results/required-browser/release/consumer/.cargo/config.toml
2026-10-09T21:33:05.2067310Z   - /home/runner/work/rustwright/rustwright/docs/release/results/local-package/consumer/.cargo/config.toml
2026-10-09T21:33:05.2067758Z   - /home/runner/work/rustwright/rustwright/examples/Cargo.toml
2026-10-09T21:33:05.2068325Z   - /home/runner/work/rustwright/rustwright/tests/Cargo.toml
2026-10-09T21:33:05.2068742Z ##[endgroup]
2026-10-09T21:33:05.2068844Z 
2026-10-09T21:33:05.4352658Z ... Cleaning /home/runner/work/rustwright/rustwright/target ...
2026-10-09T21:33:05.7645526Z ... Cleaning cargo registry (cache-all-crates: false) ...
2026-10-09T21:33:06.0159678Z ... Cleaning cargo/bin ...
2026-10-09T21:33:06.0178408Z ... Cleaning cargo git cache ...
2026-10-09T21:33:06.0181272Z ... Saving cache ...
2026-10-09T21:33:06.0320575Z [command]/usr/bin/tar --posix -cf cache.tzst --exclude cache.tzst -P -C /home/runner/work/rustwright/rustwright --files-from manifest.txt --use-compress-program zstdmt
2026-10-09T21:33:07.7904726Z Sent 36503552 of 86655217 (42.1%), 34.8 MBs/sec
2026-10-09T21:33:08.6709723Z Sent 86655217 of 86655217 (100.0%), 43.9 MBs/sec
2026-10-09T21:33:08.9493049Z Post job cleanup.
2026-10-09T21:33:09.0155211Z [command]/usr/bin/git version
2026-10-09T21:33:09.0191255Z git version 2.55.0
2026-10-09T21:33:09.0224090Z Temporarily overriding HOME='/home/runner/work/_temp/181e77be-8fe5-47de-bc5c-c5d3d03cb5ba' before making global git config changes
2026-10-09T21:33:09.0224840Z Adding repository directory to the temporary git global config as a safe directory
2026-10-09T21:33:09.0228840Z [command]/usr/bin/git config --global --add safe.directory /home/runner/work/rustwright/rustwright
2026-10-09T21:33:09.0261266Z [command]/usr/bin/git config --local --name-only --get-regexp core\.sshCommand
2026-10-09T21:33:09.0289470Z [command]/usr/bin/git submodule foreach --recursive sh -c "git config --local --name-only --get-regexp 'core\.sshCommand' && git config --local --unset-all 'core.sshCommand' || :"
2026-10-09T21:33:09.0510773Z [command]/usr/bin/git config --local --name-only --get-regexp http\.https\:\/\/github\.com\/\.extraheader
2026-10-09T21:33:09.0534447Z http.https://github.com/.extraheader
2026-10-09T21:33:09.0543485Z [command]/usr/bin/git config --local --unset-all http.https://github.com/.extraheader
2026-10-09T21:33:09.0572998Z [command]/usr/bin/git submodule foreach --recursive sh -c "git config --local --name-only --get-regexp 'http\.https\:\/\/github\.com\/\.extraheader' && git config --local --unset-all 'http.https://github.com/.extraheader' || :"
2026-10-09T21:33:09.0793773Z [command]/usr/bin/git config --local --name-only --get-regexp ^includeIf\.gitdir:
2026-10-09T21:33:09.0850812Z [command]/usr/bin/git submodule foreach --recursive git config --local --show-origin --name-only --get-regexp remote.origin.url
2026-10-09T21:33:09.1193195Z Cleaning up orphan processes
2026-10-09T21:33:09.1474197Z ##[warning]Node.js 20 is deprecated. The following actions target Node.js 20 but are being forced to run on Node.js 24: actions/upload-artifact@v4. For more information see: https://github.blog/changelog/2025-09-19-deprecation-of-node-20-on-github-actions-runners/
