[1m[92m    Updating[0m crates.io index
[1m[92m Downloading[0m crates ...
[1m[92m  Downloaded[0m serde v1.0.229
[1m[92m  Downloaded[0m cfg-if v1.0.5
[1m[92m  Downloaded[0m futures-sink v0.3.34
[1m[92m  Downloaded[0m socket2 v0.6.5
[1m[92m  Downloaded[0m proc-macro2 v1.0.107
[1m[92m  Downloaded[0m block-buffer v0.12.1
[1m[92m  Downloaded[0m windows-link v0.2.1
[1m[92m  Downloaded[0m cpufeatures v0.3.1
[1m[92m  Downloaded[0m data-encoding v2.11.1
[1m[92m  Downloaded[0m sha1 v0.11.0
[1m[92m  Downloaded[0m futures-core v0.3.34
[1m[92m  Downloaded[0m hybrid-array v0.4.15
[1m[92m  Downloaded[0m itoa v1.0.18
[1m[92m  Downloaded[0m futures-macro v0.3.34
[1m[92m  Downloaded[0m crypto-common v0.2.2
[1m[92m  Downloaded[0m futures-task v0.3.34
[1m[92m  Downloaded[0m tokio-macros v2.7.2
[1m[92m  Downloaded[0m rand_core v0.10.1
[1m[92m  Downloaded[0m digest v0.11.3
[1m[92m  Downloaded[0m zmij v1.0.23
[1m[92m  Downloaded[0m quote v1.0.47
[1m[92m  Downloaded[0m chacha20 v0.10.2
[1m[92m  Downloaded[0m httparse v1.10.1
[1m[92m  Downloaded[0m thiserror v2.0.20
[1m[92m  Downloaded[0m pin-project-lite v0.2.17
[1m[92m  Downloaded[0m thiserror-impl v2.0.20
[1m[92m  Downloaded[0m slab v0.4.12
[1m[92m  Downloaded[0m once_cell v1.21.4
[1m[92m  Downloaded[0m log v0.4.34
[1m[92m  Downloaded[0m tokio-tungstenite v0.30.0
[1m[92m  Downloaded[0m tracing-core v0.1.36
[1m[92m  Downloaded[0m const-oid v0.10.2
[1m[92m  Downloaded[0m getrandom v0.4.3
[1m[92m  Downloaded[0m unicode-ident v1.0.26
[1m[92m  Downloaded[0m tracing-attributes v0.1.31
[1m[92m  Downloaded[0m serde_derive v1.0.229
[1m[92m  Downloaded[0m bytes v1.12.1
[1m[92m  Downloaded[0m tungstenite v0.30.0
[1m[92m  Downloaded[0m base64 v0.22.1
[1m[92m  Downloaded[0m rand v0.10.2
[1m[92m  Downloaded[0m serde_core v1.0.229
[1m[92m  Downloaded[0m memchr v2.8.3
[1m[92m  Downloaded[0m mio v1.2.3
[1m[92m  Downloaded[0m http v1.5.0
[1m[92m  Downloaded[0m typenum v1.20.1
[1m[92m  Downloaded[0m serde_json v1.0.151
[1m[92m  Downloaded[0m futures-util v0.3.34
[1m[92m  Downloaded[0m syn v3.0.6
[1m[92m  Downloaded[0m syn v2.0.119
[1m[92m  Downloaded[0m tracing v0.1.44
[1m[92m  Downloaded[0m tokio v1.53.1
[1m[92m  Downloaded[0m windows-sys v0.61.2
[1m[92m   Compiling[0m proc-macro2 v1.0.107
[1m[92m   Compiling[0m quote v1.0.47
[1m[92m   Compiling[0m unicode-ident v1.0.26
[1m[92m   Compiling[0m typenum v1.20.1
[1m[92m   Compiling[0m cfg-if v1.0.5
[1m[92m   Compiling[0m serde_core v1.0.229
[1m[92m   Compiling[0m hybrid-array v0.4.15
[1m[92m   Compiling[0m itoa v1.0.18
[1m[92m   Compiling[0m cpufeatures v0.3.1
[1m[92m   Compiling[0m getrandom v0.4.3
[1m[92m   Compiling[0m rand_core v0.10.1
[1m[92m   Compiling[0m windows-link v0.2.1
[1m[92m   Compiling[0m windows-sys v0.61.2
[1m[92m   Compiling[0m block-buffer v0.12.1
[1m[92m   Compiling[0m crypto-common v0.2.2
[1m[92m   Compiling[0m pin-project-lite v0.2.17
[1m[92m   Compiling[0m thiserror v2.0.20
[1m[92m   Compiling[0m syn v3.0.6
[1m[92m   Compiling[0m httparse v1.10.1
[1m[92m   Compiling[0m zmij v1.0.23
[1m[92m   Compiling[0m const-oid v0.10.2
[1m[92m   Compiling[0m bytes v1.12.1
[1m[92m   Compiling[0m digest v0.11.3
[1m[92m   Compiling[0m chacha20 v0.10.2
[1m[92m   Compiling[0m serde_json v1.0.151
[1m[92m   Compiling[0m rand v0.10.2
[1m[92m   Compiling[0m mio v1.2.3
[1m[92m   Compiling[0m socket2 v0.6.5
[1m[92m   Compiling[0m http v1.5.0
[1m[92m   Compiling[0m sha1 v0.11.0
[1m[92m   Compiling[0m syn v2.0.119
[1m[92m   Compiling[0m data-encoding v2.11.1
[1m[92m   Compiling[0m thiserror-impl v2.0.20
[1m[92m   Compiling[0m futures-macro v0.3.34
[1m[92m   Compiling[0m tokio-macros v2.7.2
[1m[92m   Compiling[0m slab v0.4.12
[1m[92m   Compiling[0m log v0.4.34
[1m[92m   Compiling[0m once_cell v1.21.4
[1m[92m   Compiling[0m memchr v2.8.3
[1m[92m   Compiling[0m serde v1.0.229
[1m[92m   Compiling[0m futures-core v0.3.34
[1m[92m   Compiling[0m futures-task v0.3.34
[1m[92m   Compiling[0m futures-sink v0.3.34
[1m[92m   Compiling[0m futures-util v0.3.34
[1m[92m   Compiling[0m tracing-core v0.1.36
[1m[92m   Compiling[0m tungstenite v0.30.0
[1m[92m   Compiling[0m tokio v1.53.1
[1m[92m   Compiling[0m serde_derive v1.0.229
[1m[92m   Compiling[0m rustwright-common v0.1.0 (D:\a\rustwright\rustwright\crates\rustwright-common)
[1m[92m   Compiling[0m tracing-attributes v0.1.31
[1m[92m   Compiling[0m base64 v0.22.1
[1m[92m   Compiling[0m tracing v0.1.44
[1m[92m   Compiling[0m tokio-tungstenite v0.30.0
[1m[92m   Compiling[0m rustwright-cdp v0.1.0 (D:\a\rustwright\rustwright\crates\rustwright-cdp)
[1m[92m   Compiling[0m rustwright-browser v0.1.0 (D:\a\rustwright\rustwright\crates\rustwright-browser)
[1m[93mwarning[0m[1m[97m: function `find_on_path` is never used[0m
   [1m[96m--> [0mcrates\rustwright-browser\src\discovery.rs:179:8
    [1m[96m|[0m
[1m[96m179[0m [1m[96m|[0m pub fn find_on_path(name: &str) -> Vec<PathBuf> {
    [1m[96m|[0m        [1m[93m^^^^^^^^^^^^[0m
    [1m[96m|[0m
    [1m[96m= [0m[1m[97mnote[0m: `#[warn(dead_code)]` (part of `#[warn(unused)]`) on by default

[1m[93mwarning[0m[1m[97m: function `executable_name` is never used[0m
   [1m[96m--> [0mcrates\rustwright-browser\src\discovery.rs:197:4
    [1m[96m|[0m
[1m[96m197[0m [1m[96m|[0m fn executable_name(name: &str) -> String {
    [1m[96m|[0m    [1m[93m^^^^^^^^^^^^^^^[0m

[1m[92m   Compiling[0m rustwright-core v0.1.0 (D:\a\rustwright\rustwright\crates\rustwright-core)
[1m[92m   Compiling[0m rustwright-bidi v0.1.0 (D:\a\rustwright\rustwright\crates\rustwright-bidi)
[1m[93mwarning[0m: `rustwright-browser` (lib) generated 2 warnings
[1m[92m   Compiling[0m rustwright v0.1.0 (D:\a\rustwright\rustwright\crates\rustwright)
[1m[92m   Compiling[0m rustwright-integration-tests v0.1.0 (D:\a\rustwright\rustwright\tests)
[1m[92m    Finished[0m `test` profile [unoptimized + debuginfo] target(s) in 36.11s
[1m[92m     Running[0m http_compat.rs (target\debug\deps\http_compat-17acb0564202cfb7.exe)

running 24 tests
test chrome_cancelled_wait_recovers ... Chrome version: Chrome/155.0.8059.39

thread 'chrome_cancelled_wait_recovers' (4540) panicked at tests\http_compat.rs:161:10:
called `Result::unwrap()` on an `Err` value: Chrome(Navigation("net::ERR_ABORTED"))
stack backtrace:
   0: std::panicking::panic_handler
             at /rustc/b940084d7eb6a299eb4bfeb8e34901bc051e7ac4/library\std\src\panicking.rs:679
   1: core::panicking::panic_fmt
             at /rustc/b940084d7eb6a299eb4bfeb8e34901bc051e7ac4/library\core\src\panicking.rs:80
   2: core::result::unwrap_failed
             at /rustc/b940084d7eb6a299eb4bfeb8e34901bc051e7ac4/library\core\src\result.rs:1871
   3: enum2$<core::result::Result<tuple$<>,enum2$<rustwright::any::AnyError> > >::unwrap
             at /rustc/b940084d7eb6a299eb4bfeb8e34901bc051e7ac4/library\core\src\result.rs:1232
   4: http_compat::open::async_fn$0
             at .\http_compat.rs:161
   5: http_compat::cancelled_wait_recovers::async_fn$0
             at .\http_compat.rs:384
   6: http_compat::chrome_cancelled_wait_recovers::async_block$0
             at .\http_compat.rs:169
   7: core::future::future::impl$1::poll<ref_mut$<dyn$<core::future::future::Future<assoc$<Output,tuple$<> > > > > >
             at /rustc/b940084d7eb6a299eb4bfeb8e34901bc051e7ac4/library\core\src\future\future.rs:133
   8: core::future::future::impl$1::poll<ref_mut$<core::pin::Pin<ref_mut$<dyn$<core::future::future::Future<assoc$<Output,tuple$<> > > > > > > >
             at /rustc/b940084d7eb6a299eb4bfeb8e34901bc051e7ac4/library\core\src\future\future.rs:133
   9: tokio::runtime::scheduler::current_thread::impl$9::block_on::closure$0::closure$0::closure$0<core::pin::Pin<ref_mut$<core::pin::Pin<ref_mut$<dyn$<core::future::future::Future<assoc$<Output,tuple$<> > > > > > > > >
             at C:\Users\runneradmin\.cargo\registry\src\index.crates.io-1949cf8c6b5b557f\tokio-1.53.1\src\runtime\scheduler\current_thread\mod.rs:830
  10: tokio::task::coop::with_budget
             at C:\Users\runneradmin\.cargo\registry\src\index.crates.io-1949cf8c6b5b557f\tokio-1.53.1\src\task\coop\mod.rs:167
  11: tokio::task::coop::budget
             at C:\Users\runneradmin\.cargo\registry\src\index.crates.io-1949cf8c6b5b557f\tokio-1.53.1\src\task\coop\mod.rs:133
  12: tokio::runtime::scheduler::current_thread::impl$9::block_on::closure$0::closure$0<core::pin::Pin<ref_mut$<core::pin::Pin<ref_mut$<dyn$<core::future::future::Future<assoc$<Output,tuple$<> > > > > > > > >
             at C:\Users\runneradmin\.cargo\registry\src\index.crates.io-1949cf8c6b5b557f\tokio-1.53.1\src\runtime\scheduler\current_thread\mod.rs:830
  13: tokio::runtime::scheduler::current_thread::Context::enter<enum2$<core::task::poll::Poll<tuple$<> > >,tokio::runtime::scheduler::current_thread::impl$9::block_on::closure$0::closure_env$0<core::pin::Pin<ref_mut$<core::pin::Pin<ref_mut$<dyn$<core::future::fu
             at C:\Users\runneradmin\.cargo\registry\src\index.crates.io-1949cf8c6b5b557f\tokio-1.53.1\src\runtime\scheduler\current_thread\mod.rs:488
  14: tokio::runtime::scheduler::current_thread::impl$9::block_on::closure$0<core::pin::Pin<ref_mut$<core::pin::Pin<ref_mut$<dyn$<core::future::future::Future<assoc$<Output,tuple$<> > > > > > > > >
             at C:\Users\runneradmin\.cargo\registry\src\index.crates.io-1949cf8c6b5b557f\tokio-1.53.1\src\runtime\scheduler\current_thread\mod.rs:829
  15: tokio::runtime::scheduler::current_thread::impl$9::enter::closure$0<tokio::runtime::scheduler::current_thread::impl$9::block_on::closure_env$0<core::pin::Pin<ref_mut$<core::pin::Pin<ref_mut$<dyn$<core::future::future::Future<assoc$<Output,tuple$<> > > > > 
             at C:\Users\runneradmin\.cargo\registry\src\index.crates.io-1949cf8c6b5b557f\tokio-1.53.1\src\runtime\scheduler\current_thread\mod.rs:906
  16: tokio::runtime::context::scoped::Scoped<enum2$<tokio::runtime::scheduler::Context> >::set<enum2$<tokio::runtime::scheduler::Context>,tokio::runtime::scheduler::current_thread::impl$9::enter::closure_env$0<tokio::runtime::scheduler::current_thread::impl$9::
             at C:\Users\runneradmin\.cargo\registry\src\index.crates.io-1949cf8c6b5b557f\tokio-1.53.1\src\runtime\context\scoped.rs:40
  17: tokio::runtime::context::set_scheduler::closure$0<tuple$<alloc::boxed::Box<tokio::runtime::scheduler::current_thread::Core,alloc::alloc::Global>,enum2$<core::option::Option<tuple$<> > > >,tokio::runtime::scheduler::current_thread::impl$9::enter::closure_en
             at C:\Users\runneradmin\.cargo\registry\src\index.crates.io-1949cf8c6b5b557f\tokio-1.53.1\src\runtime\context.rs:187
  18: std::thread::local::LocalKey<tokio::runtime::context::Context>::try_with<tokio::runtime::context::Context,tokio::runtime::context::set_scheduler::closure_env$0<tuple$<alloc::boxed::Box<tokio::runtime::scheduler::current_thread::Core,alloc::alloc::Global>,e
             at /rustc/b940084d7eb6a299eb4bfeb8e34901bc051e7ac4/library\std\src\thread\local.rs:463
  19: std::thread::local::LocalKey<tokio::runtime::context::Context>::with<tokio::runtime::context::Context,tokio::runtime::context::set_scheduler::closure_env$0<tuple$<alloc::boxed::Box<tokio::runtime::scheduler::current_thread::Core,alloc::alloc::Global>,enum2
             at /rustc/b940084d7eb6a299eb4bfeb8e34901bc051e7ac4/library\std\src\thread\local.rs:427
  20: tokio::runtime::context::set_scheduler<tuple$<alloc::boxed::Box<tokio::runtime::scheduler::current_thread::Core,alloc::alloc::Global>,enum2$<core::option::Option<tuple$<> > > >,tokio::runtime::scheduler::current_thread::impl$9::enter::closure_env$0<tokio::
             at C:\Users\runneradmin\.cargo\registry\src\index.crates.io-1949cf8c6b5b557f\tokio-1.53.1\src\runtime\context.rs:187
  21: tokio::runtime::scheduler::current_thread::CoreGuard::enter<tokio::runtime::scheduler::current_thread::impl$9::block_on::closure_env$0<core::pin::Pin<ref_mut$<core::pin::Pin<ref_mut$<dyn$<core::future::future::Future<assoc$<Output,tuple$<> > > > > > > > >,
             at C:\Users\runneradmin\.cargo\registry\src\index.crates.io-1949cf8c6b5b557f\tokio-1.53.1\src\runtime\scheduler\current_thread\mod.rs:906
  22: tokio::runtime::scheduler::current_thread::CoreGuard::block_on<core::pin::Pin<ref_mut$<core::pin::Pin<ref_mut$<dyn$<core::future::future::Future<assoc$<Output,tuple$<> > > > > > > > >
             at C:\Users\runneradmin\.cargo\registry\src\index.crates.io-1949cf8c6b5b557f\tokio-1.53.1\src\runtime\scheduler\current_thread\mod.rs:817
  23: tokio::runtime::scheduler::current_thread::impl$0::block_on::closure$0<core::pin::Pin<ref_mut$<dyn$<core::future::future::Future<assoc$<Output,tuple$<> > > > > > >
             at C:\Users\runneradmin\.cargo\registry\src\index.crates.io-1949cf8c6b5b557f\tokio-1.53.1\src\runtime\scheduler\current_thread\mod.rs:218
  24: tokio::runtime::context::runtime::enter_runtime<tokio::runtime::scheduler::current_thread::impl$0::block_on::closure_env$0<core::pin::Pin<ref_mut$<dyn$<core::future::future::Future<assoc$<Output,tuple$<> > > > > > >,tuple$<> >
             at C:\Users\runneradmin\.cargo\registry\src\index.crates.io-1949cf8c6b5b557f\tokio-1.53.1\src\runtime\context\runtime.rs:65
  25: tokio::runtime::scheduler::current_thread::CurrentThread::block_on<core::pin::Pin<ref_mut$<dyn$<core::future::future::Future<assoc$<Output,tuple$<> > > > > > >
             at C:\Users\runneradmin\.cargo\registry\src\index.crates.io-1949cf8c6b5b557f\tokio-1.53.1\src\runtime\scheduler\current_thread\mod.rs:206
  26: tokio::runtime::runtime::Runtime::block_on_inner<core::pin::Pin<ref_mut$<dyn$<core::future::future::Future<assoc$<Output,tuple$<> > > > > > >
             at C:\Users\runneradmin\.cargo\registry\src\index.crates.io-1949cf8c6b5b557f\tokio-1.53.1\src\runtime\runtime.rs:374
  27: tokio::runtime::runtime::Runtime::block_on<core::pin::Pin<ref_mut$<dyn$<core::future::future::Future<assoc$<Output,tuple$<> > > > > > >
             at C:\Users\runneradmin\.cargo\registry\src\index.crates.io-1949cf8c6b5b557f\tokio-1.53.1\src\runtime\runtime.rs:343
  28: http_compat::chrome_cancelled_wait_recovers
             at .\http_compat.rs:169
  29: http_compat::chrome_cancelled_wait_recovers::closure$0
             at .\http_compat.rs:168
  30: core::ops::function::FnOnce::call_once<http_compat::chrome_cancelled_wait_recovers::closure_env$0,tuple$<> >
             at /rustc/b940084d7eb6a299eb4bfeb8e34901bc051e7ac4/library\core\src\ops\function.rs:250
  31: core::ops::function::FnOnce::call_once
             at /rustc/b940084d7eb6a299eb4bfeb8e34901bc051e7ac4/library\core\src\ops\function.rs:250
note: Some details are omitted, run with `RUST_BACKTRACE=full` for a verbose backtrace.
FAILED
test chrome_closing_page_wakes_wait ... Chrome version: Chrome/155.0.8059.39

thread 'chrome_closing_page_wakes_wait' (2764) panicked at tests\http_compat.rs:161:10:
called `Result::unwrap()` on an `Err` value: Chrome(Navigation("net::ERR_ABORTED"))
stack backtrace:
   0: std::panicking::panic_handler
             at /rustc/b940084d7eb6a299eb4bfeb8e34901bc051e7ac4/library\std\src\panicking.rs:679
   1: core::panicking::panic_fmt
             at /rustc/b940084d7eb6a299eb4bfeb8e34901bc051e7ac4/library\core\src\panicking.rs:80
   2: core::result::unwrap_failed
             at /rustc/b940084d7eb6a299eb4bfeb8e34901bc051e7ac4/library\core\src\result.rs:1871
   3: enum2$<core::result::Result<tuple$<>,enum2$<rustwright::any::AnyError> > >::unwrap
             at /rustc/b940084d7eb6a299eb4bfeb8e34901bc051e7ac4/library\core\src\result.rs:1232
   4: http_compat::open::async_fn$0
             at .\http_compat.rs:161
   5: http_compat::closing_page_wakes_wait::async_fn$0
             at .\http_compat.rs:333
   6: http_compat::chrome_closing_page_wakes_wait::async_block$0
             at .\http_compat.rs:169
   7: core::future::future::impl$1::poll<ref_mut$<dyn$<core::future::future::Future<assoc$<Output,tuple$<> > > > > >
             at /rustc/b940084d7eb6a299eb4bfeb8e34901bc051e7ac4/library\core\src\future\future.rs:133
   8: core::future::future::impl$1::poll<ref_mut$<core::pin::Pin<ref_mut$<dyn$<core::future::future::Future<assoc$<Output,tuple$<> > > > > > > >
             at /rustc/b940084d7eb6a299eb4bfeb8e34901bc051e7ac4/library\core\src\future\future.rs:133
   9: tokio::runtime::scheduler::current_thread::impl$9::block_on::closure$0::closure$0::closure$0<core::pin::Pin<ref_mut$<core::pin::Pin<ref_mut$<dyn$<core::future::future::Future<assoc$<Output,tuple$<> > > > > > > > >
             at C:\Users\runneradmin\.cargo\registry\src\index.crates.io-1949cf8c6b5b557f\tokio-1.53.1\src\runtime\scheduler\current_thread\mod.rs:830
  10: tokio::task::coop::with_budget
             at C:\Users\runneradmin\.cargo\registry\src\index.crates.io-1949cf8c6b5b557f\tokio-1.53.1\src\task\coop\mod.rs:167
  11: tokio::task::coop::budget
             at C:\Users\runneradmin\.cargo\registry\src\index.crates.io-1949cf8c6b5b557f\tokio-1.53.1\src\task\coop\mod.rs:133
  12: tokio::runtime::scheduler::current_thread::impl$9::block_on::closure$0::closure$0<core::pin::Pin<ref_mut$<core::pin::Pin<ref_mut$<dyn$<core::future::future::Future<assoc$<Output,tuple$<> > > > > > > > >
             at C:\Users\runneradmin\.cargo\registry\src\index.crates.io-1949cf8c6b5b557f\tokio-1.53.1\src\runtime\scheduler\current_thread\mod.rs:830
  13: tokio::runtime::scheduler::current_thread::Context::enter<enum2$<core::task::poll::Poll<tuple$<> > >,tokio::runtime::scheduler::current_thread::impl$9::block_on::closure$0::closure_env$0<core::pin::Pin<ref_mut$<core::pin::Pin<ref_mut$<dyn$<core::future::fu
             at C:\Users\runneradmin\.cargo\registry\src\index.crates.io-1949cf8c6b5b557f\tokio-1.53.1\src\runtime\scheduler\current_thread\mod.rs:488
  14: tokio::runtime::scheduler::current_thread::impl$9::block_on::closure$0<core::pin::Pin<ref_mut$<core::pin::Pin<ref_mut$<dyn$<core::future::future::Future<assoc$<Output,tuple$<> > > > > > > > >
             at C:\Users\runneradmin\.cargo\registry\src\index.crates.io-1949cf8c6b5b557f\tokio-1.53.1\src\runtime\scheduler\current_thread\mod.rs:829
  15: tokio::runtime::scheduler::current_thread::impl$9::enter::closure$0<tokio::runtime::scheduler::current_thread::impl$9::block_on::closure_env$0<core::pin::Pin<ref_mut$<core::pin::Pin<ref_mut$<dyn$<core::future::future::Future<assoc$<Output,tuple$<> > > > > 
             at C:\Users\runneradmin\.cargo\registry\src\index.crates.io-1949cf8c6b5b557f\tokio-1.53.1\src\runtime\scheduler\current_thread\mod.rs:906
  16: tokio::runtime::context::scoped::Scoped<enum2$<tokio::runtime::scheduler::Context> >::set<enum2$<tokio::runtime::scheduler::Context>,tokio::runtime::scheduler::current_thread::impl$9::enter::closure_env$0<tokio::runtime::scheduler::current_thread::impl$9::
             at C:\Users\runneradmin\.cargo\registry\src\index.crates.io-1949cf8c6b5b557f\tokio-1.53.1\src\runtime\context\scoped.rs:40
  17: tokio::runtime::context::set_scheduler::closure$0<tuple$<alloc::boxed::Box<tokio::runtime::scheduler::current_thread::Core,alloc::alloc::Global>,enum2$<core::option::Option<tuple$<> > > >,tokio::runtime::scheduler::current_thread::impl$9::enter::closure_en
             at C:\Users\runneradmin\.cargo\registry\src\index.crates.io-1949cf8c6b5b557f\tokio-1.53.1\src\runtime\context.rs:187
  18: std::thread::local::LocalKey<tokio::runtime::context::Context>::try_with<tokio::runtime::context::Context,tokio::runtime::context::set_scheduler::closure_env$0<tuple$<alloc::boxed::Box<tokio::runtime::scheduler::current_thread::Core,alloc::alloc::Global>,e
             at /rustc/b940084d7eb6a299eb4bfeb8e34901bc051e7ac4/library\std\src\thread\local.rs:463
  19: std::thread::local::LocalKey<tokio::runtime::context::Context>::with<tokio::runtime::context::Context,tokio::runtime::context::set_scheduler::closure_env$0<tuple$<alloc::boxed::Box<tokio::runtime::scheduler::current_thread::Core,alloc::alloc::Global>,enum2
             at /rustc/b940084d7eb6a299eb4bfeb8e34901bc051e7ac4/library\std\src\thread\local.rs:427
  20: tokio::runtime::context::set_scheduler<tuple$<alloc::boxed::Box<tokio::runtime::scheduler::current_thread::Core,alloc::alloc::Global>,enum2$<core::option::Option<tuple$<> > > >,tokio::runtime::scheduler::current_thread::impl$9::enter::closure_env$0<tokio::
             at C:\Users\runneradmin\.cargo\registry\src\index.crates.io-1949cf8c6b5b557f\tokio-1.53.1\src\runtime\context.rs:187
  21: tokio::runtime::scheduler::current_thread::CoreGuard::enter<tokio::runtime::scheduler::current_thread::impl$9::block_on::closure_env$0<core::pin::Pin<ref_mut$<core::pin::Pin<ref_mut$<dyn$<core::future::future::Future<assoc$<Output,tuple$<> > > > > > > > >,
             at C:\Users\runneradmin\.cargo\registry\src\index.crates.io-1949cf8c6b5b557f\tokio-1.53.1\src\runtime\scheduler\current_thread\mod.rs:906
  22: tokio::runtime::scheduler::current_thread::CoreGuard::block_on<core::pin::Pin<ref_mut$<core::pin::Pin<ref_mut$<dyn$<core::future::future::Future<assoc$<Output,tuple$<> > > > > > > > >
             at C:\Users\runneradmin\.cargo\registry\src\index.crates.io-1949cf8c6b5b557f\tokio-1.53.1\src\runtime\scheduler\current_thread\mod.rs:817
  23: tokio::runtime::scheduler::current_thread::impl$0::block_on::closure$0<core::pin::Pin<ref_mut$<dyn$<core::future::future::Future<assoc$<Output,tuple$<> > > > > > >
             at C:\Users\runneradmin\.cargo\registry\src\index.crates.io-1949cf8c6b5b557f\tokio-1.53.1\src\runtime\scheduler\current_thread\mod.rs:218
  24: tokio::runtime::context::runtime::enter_runtime<tokio::runtime::scheduler::current_thread::impl$0::block_on::closure_env$0<core::pin::Pin<ref_mut$<dyn$<core::future::future::Future<assoc$<Output,tuple$<> > > > > > >,tuple$<> >
             at C:\Users\runneradmin\.cargo\registry\src\index.crates.io-1949cf8c6b5b557f\tokio-1.53.1\src\runtime\context\runtime.rs:65
  25: tokio::runtime::scheduler::current_thread::CurrentThread::block_on<core::pin::Pin<ref_mut$<dyn$<core::future::future::Future<assoc$<Output,tuple$<> > > > > > >
             at C:\Users\runneradmin\.cargo\registry\src\index.crates.io-1949cf8c6b5b557f\tokio-1.53.1\src\runtime\scheduler\current_thread\mod.rs:206
  26: tokio::runtime::runtime::Runtime::block_on_inner<core::pin::Pin<ref_mut$<dyn$<core::future::future::Future<assoc$<Output,tuple$<> > > > > > >
             at C:\Users\runneradmin\.cargo\registry\src\index.crates.io-1949cf8c6b5b557f\tokio-1.53.1\src\runtime\runtime.rs:374
  27: tokio::runtime::runtime::Runtime::block_on<core::pin::Pin<ref_mut$<dyn$<core::future::future::Future<assoc$<Output,tuple$<> > > > > > >
             at C:\Users\runneradmin\.cargo\registry\src\index.crates.io-1949cf8c6b5b557f\tokio-1.53.1\src\runtime\runtime.rs:343
  28: http_compat::chrome_closing_page_wakes_wait
             at .\http_compat.rs:169
  29: http_compat::chrome_closing_page_wakes_wait::closure$0
             at .\http_compat.rs:168
  30: core::ops::function::FnOnce::call_once<http_compat::chrome_closing_page_wakes_wait::closure_env$0,tuple$<> >
             at /rustc/b940084d7eb6a299eb4bfeb8e34901bc051e7ac4/library\core\src\ops\function.rs:250
  31: core::ops::function::FnOnce::call_once
             at /rustc/b940084d7eb6a299eb4bfeb8e34901bc051e7ac4/library\core\src\ops\function.rs:250
note: Some details are omitted, run with `RUST_BACKTRACE=full` for a verbose backtrace.
FAILED
test chrome_delayed_and_absent_elements ... Chrome version: Chrome/155.0.8059.39

thread 'chrome_delayed_and_absent_elements' (6112) panicked at tests\http_compat.rs:161:10:
called `Result::unwrap()` on an `Err` value: Chrome(Navigation("net::ERR_ABORTED"))
stack backtrace:
   0: std::panicking::panic_handler
             at /rustc/b940084d7eb6a299eb4bfeb8e34901bc051e7ac4/library\std\src\panicking.rs:679
   1: core::panicking::panic_fmt
             at /rustc/b940084d7eb6a299eb4bfeb8e34901bc051e7ac4/library\core\src\panicking.rs:80
   2: core::result::unwrap_failed
             at /rustc/b940084d7eb6a299eb4bfeb8e34901bc051e7ac4/library\core\src\result.rs:1871
   3: enum2$<core::result::Result<tuple$<>,enum2$<rustwright::any::AnyError> > >::unwrap
             at /rustc/b940084d7eb6a299eb4bfeb8e34901bc051e7ac4/library\core\src\result.rs:1232
   4: http_compat::open::async_fn$0
             at .\http_compat.rs:161
   5: http_compat::delayed_and_absent_elements::async_fn$0
             at .\http_compat.rs:356
   6: http_compat::chrome_delayed_and_absent_elements::async_block$0
             at .\http_compat.rs:169
   7: core::future::future::impl$1::poll<ref_mut$<dyn$<core::future::future::Future<assoc$<Output,tuple$<> > > > > >
             at /rustc/b940084d7eb6a299eb4bfeb8e34901bc051e7ac4/library\core\src\future\future.rs:133
   8: core::future::future::impl$1::poll<ref_mut$<core::pin::Pin<ref_mut$<dyn$<core::future::future::Future<assoc$<Output,tuple$<> > > > > > > >
             at /rustc/b940084d7eb6a299eb4bfeb8e34901bc051e7ac4/library\core\src\future\future.rs:133
   9: tokio::runtime::scheduler::current_thread::impl$9::block_on::closure$0::closure$0::closure$0<core::pin::Pin<ref_mut$<core::pin::Pin<ref_mut$<dyn$<core::future::future::Future<assoc$<Output,tuple$<> > > > > > > > >
             at C:\Users\runneradmin\.cargo\registry\src\index.crates.io-1949cf8c6b5b557f\tokio-1.53.1\src\runtime\scheduler\current_thread\mod.rs:830
  10: tokio::task::coop::with_budget
             at C:\Users\runneradmin\.cargo\registry\src\index.crates.io-1949cf8c6b5b557f\tokio-1.53.1\src\task\coop\mod.rs:167
  11: tokio::task::coop::budget
             at C:\Users\runneradmin\.cargo\registry\src\index.crates.io-1949cf8c6b5b557f\tokio-1.53.1\src\task\coop\mod.rs:133
  12: tokio::runtime::scheduler::current_thread::impl$9::block_on::closure$0::closure$0<core::pin::Pin<ref_mut$<core::pin::Pin<ref_mut$<dyn$<core::future::future::Future<assoc$<Output,tuple$<> > > > > > > > >
             at C:\Users\runneradmin\.cargo\registry\src\index.crates.io-1949cf8c6b5b557f\tokio-1.53.1\src\runtime\scheduler\current_thread\mod.rs:830
  13: tokio::runtime::scheduler::current_thread::Context::enter<enum2$<core::task::poll::Poll<tuple$<> > >,tokio::runtime::scheduler::current_thread::impl$9::block_on::closure$0::closure_env$0<core::pin::Pin<ref_mut$<core::pin::Pin<ref_mut$<dyn$<core::future::fu
             at C:\Users\runneradmin\.cargo\registry\src\index.crates.io-1949cf8c6b5b557f\tokio-1.53.1\src\runtime\scheduler\current_thread\mod.rs:488
  14: tokio::runtime::scheduler::current_thread::impl$9::block_on::closure$0<core::pin::Pin<ref_mut$<core::pin::Pin<ref_mut$<dyn$<core::future::future::Future<assoc$<Output,tuple$<> > > > > > > > >
             at C:\Users\runneradmin\.cargo\registry\src\index.crates.io-1949cf8c6b5b557f\tokio-1.53.1\src\runtime\scheduler\current_thread\mod.rs:829
  15: tokio::runtime::scheduler::current_thread::impl$9::enter::closure$0<tokio::runtime::scheduler::current_thread::impl$9::block_on::closure_env$0<core::pin::Pin<ref_mut$<core::pin::Pin<ref_mut$<dyn$<core::future::future::Future<assoc$<Output,tuple$<> > > > > 
             at C:\Users\runneradmin\.cargo\registry\src\index.crates.io-1949cf8c6b5b557f\tokio-1.53.1\src\runtime\scheduler\current_thread\mod.rs:906
  16: tokio::runtime::context::scoped::Scoped<enum2$<tokio::runtime::scheduler::Context> >::set<enum2$<tokio::runtime::scheduler::Context>,tokio::runtime::scheduler::current_thread::impl$9::enter::closure_env$0<tokio::runtime::scheduler::current_thread::impl$9::
             at C:\Users\runneradmin\.cargo\registry\src\index.crates.io-1949cf8c6b5b557f\tokio-1.53.1\src\runtime\context\scoped.rs:40
  17: tokio::runtime::context::set_scheduler::closure$0<tuple$<alloc::boxed::Box<tokio::runtime::scheduler::current_thread::Core,alloc::alloc::Global>,enum2$<core::option::Option<tuple$<> > > >,tokio::runtime::scheduler::current_thread::impl$9::enter::closure_en
             at C:\Users\runneradmin\.cargo\registry\src\index.crates.io-1949cf8c6b5b557f\tokio-1.53.1\src\runtime\context.rs:187
  18: std::thread::local::LocalKey<tokio::runtime::context::Context>::try_with<tokio::runtime::context::Context,tokio::runtime::context::set_scheduler::closure_env$0<tuple$<alloc::boxed::Box<tokio::runtime::scheduler::current_thread::Core,alloc::alloc::Global>,e
             at /rustc/b940084d7eb6a299eb4bfeb8e34901bc051e7ac4/library\std\src\thread\local.rs:463
  19: std::thread::local::LocalKey<tokio::runtime::context::Context>::with<tokio::runtime::context::Context,tokio::runtime::context::set_scheduler::closure_env$0<tuple$<alloc::boxed::Box<tokio::runtime::scheduler::current_thread::Core,alloc::alloc::Global>,enum2
             at /rustc/b940084d7eb6a299eb4bfeb8e34901bc051e7ac4/library\std\src\thread\local.rs:427
  20: tokio::runtime::context::set_scheduler<tuple$<alloc::boxed::Box<tokio::runtime::scheduler::current_thread::Core,alloc::alloc::Global>,enum2$<core::option::Option<tuple$<> > > >,tokio::runtime::scheduler::current_thread::impl$9::enter::closure_env$0<tokio::
             at C:\Users\runneradmin\.cargo\registry\src\index.crates.io-1949cf8c6b5b557f\tokio-1.53.1\src\runtime\context.rs:187
  21: tokio::runtime::scheduler::current_thread::CoreGuard::enter<tokio::runtime::scheduler::current_thread::impl$9::block_on::closure_env$0<core::pin::Pin<ref_mut$<core::pin::Pin<ref_mut$<dyn$<core::future::future::Future<assoc$<Output,tuple$<> > > > > > > > >,
             at C:\Users\runneradmin\.cargo\registry\src\index.crates.io-1949cf8c6b5b557f\tokio-1.53.1\src\runtime\scheduler\current_thread\mod.rs:906
  22: tokio::runtime::scheduler::current_thread::CoreGuard::block_on<core::pin::Pin<ref_mut$<core::pin::Pin<ref_mut$<dyn$<core::future::future::Future<assoc$<Output,tuple$<> > > > > > > > >
             at C:\Users\runneradmin\.cargo\registry\src\index.crates.io-1949cf8c6b5b557f\tokio-1.53.1\src\runtime\scheduler\current_thread\mod.rs:817
  23: tokio::runtime::scheduler::current_thread::impl$0::block_on::closure$0<core::pin::Pin<ref_mut$<dyn$<core::future::future::Future<assoc$<Output,tuple$<> > > > > > >
             at C:\Users\runneradmin\.cargo\registry\src\index.crates.io-1949cf8c6b5b557f\tokio-1.53.1\src\runtime\scheduler\current_thread\mod.rs:218
  24: tokio::runtime::context::runtime::enter_runtime<tokio::runtime::scheduler::current_thread::impl$0::block_on::closure_env$0<core::pin::Pin<ref_mut$<dyn$<core::future::future::Future<assoc$<Output,tuple$<> > > > > > >,tuple$<> >
             at C:\Users\runneradmin\.cargo\registry\src\index.crates.io-1949cf8c6b5b557f\tokio-1.53.1\src\runtime\context\runtime.rs:65
  25: tokio::runtime::scheduler::current_thread::CurrentThread::block_on<core::pin::Pin<ref_mut$<dyn$<core::future::future::Future<assoc$<Output,tuple$<> > > > > > >
             at C:\Users\runneradmin\.cargo\registry\src\index.crates.io-1949cf8c6b5b557f\tokio-1.53.1\src\runtime\scheduler\current_thread\mod.rs:206
  26: tokio::runtime::runtime::Runtime::block_on_inner<core::pin::Pin<ref_mut$<dyn$<core::future::future::Future<assoc$<Output,tuple$<> > > > > > >
             at C:\Users\runneradmin\.cargo\registry\src\index.crates.io-1949cf8c6b5b557f\tokio-1.53.1\src\runtime\runtime.rs:374
  27: tokio::runtime::runtime::Runtime::block_on<core::pin::Pin<ref_mut$<dyn$<core::future::future::Future<assoc$<Output,tuple$<> > > > > > >
             at C:\Users\runneradmin\.cargo\registry\src\index.crates.io-1949cf8c6b5b557f\tokio-1.53.1\src\runtime\runtime.rs:343
  28: http_compat::chrome_delayed_and_absent_elements
             at .\http_compat.rs:169
  29: http_compat::chrome_delayed_and_absent_elements::closure$0
             at .\http_compat.rs:168
  30: core::ops::function::FnOnce::call_once<http_compat::chrome_delayed_and_absent_elements::closure_env$0,tuple$<> >
             at /rustc/b940084d7eb6a299eb4bfeb8e34901bc051e7ac4/library\core\src\ops\function.rs:250
  31: core::ops::function::FnOnce::call_once
             at /rustc/b940084d7eb6a299eb4bfeb8e34901bc051e7ac4/library\core\src\ops\function.rs:250
note: Some details are omitted, run with `RUST_BACKTRACE=full` for a verbose backtrace.
FAILED
test chrome_disconnect_wakes_wait ... Chrome version: Chrome/155.0.8059.39
ok
test chrome_frame_click ... Chrome version: Chrome/155.0.8059.39

thread 'chrome_frame_click' (1064) panicked at tests\http_compat.rs:161:10:
called `Result::unwrap()` on an `Err` value: Chrome(Navigation("net::ERR_ABORTED"))
stack backtrace:
   0: std::panicking::panic_handler
             at /rustc/b940084d7eb6a299eb4bfeb8e34901bc051e7ac4/library\std\src\panicking.rs:679
   1: core::panicking::panic_fmt
             at /rustc/b940084d7eb6a299eb4bfeb8e34901bc051e7ac4/library\core\src\panicking.rs:80
   2: core::result::unwrap_failed
             at /rustc/b940084d7eb6a299eb4bfeb8e34901bc051e7ac4/library\core\src\result.rs:1871
   3: enum2$<core::result::Result<tuple$<>,enum2$<rustwright::any::AnyError> > >::unwrap
             at /rustc/b940084d7eb6a299eb4bfeb8e34901bc051e7ac4/library\core\src\result.rs:1232
   4: http_compat::open::async_fn$0
             at .\http_compat.rs:161
   5: http_compat::frame_click::async_fn$0
             at .\http_compat.rs:272
   6: http_compat::chrome_frame_click::async_block$0
             at .\http_compat.rs:169
   7: core::future::future::impl$1::poll<ref_mut$<dyn$<core::future::future::Future<assoc$<Output,tuple$<> > > > > >
             at /rustc/b940084d7eb6a299eb4bfeb8e34901bc051e7ac4/library\core\src\future\future.rs:133
   8: core::future::future::impl$1::poll<ref_mut$<core::pin::Pin<ref_mut$<dyn$<core::future::future::Future<assoc$<Output,tuple$<> > > > > > > >
             at /rustc/b940084d7eb6a299eb4bfeb8e34901bc051e7ac4/library\core\src\future\future.rs:133
   9: tokio::runtime::scheduler::current_thread::impl$9::block_on::closure$0::closure$0::closure$0<core::pin::Pin<ref_mut$<core::pin::Pin<ref_mut$<dyn$<core::future::future::Future<assoc$<Output,tuple$<> > > > > > > > >
             at C:\Users\runneradmin\.cargo\registry\src\index.crates.io-1949cf8c6b5b557f\tokio-1.53.1\src\runtime\scheduler\current_thread\mod.rs:830
  10: tokio::task::coop::with_budget
             at C:\Users\runneradmin\.cargo\registry\src\index.crates.io-1949cf8c6b5b557f\tokio-1.53.1\src\task\coop\mod.rs:167
  11: tokio::task::coop::budget
             at C:\Users\runneradmin\.cargo\registry\src\index.crates.io-1949cf8c6b5b557f\tokio-1.53.1\src\task\coop\mod.rs:133
  12: tokio::runtime::scheduler::current_thread::impl$9::block_on::closure$0::closure$0<core::pin::Pin<ref_mut$<core::pin::Pin<ref_mut$<dyn$<core::future::future::Future<assoc$<Output,tuple$<> > > > > > > > >
             at C:\Users\runneradmin\.cargo\registry\src\index.crates.io-1949cf8c6b5b557f\tokio-1.53.1\src\runtime\scheduler\current_thread\mod.rs:830
  13: tokio::runtime::scheduler::current_thread::Context::enter<enum2$<core::task::poll::Poll<tuple$<> > >,tokio::runtime::scheduler::current_thread::impl$9::block_on::closure$0::closure_env$0<core::pin::Pin<ref_mut$<core::pin::Pin<ref_mut$<dyn$<core::future::fu
             at C:\Users\runneradmin\.cargo\registry\src\index.crates.io-1949cf8c6b5b557f\tokio-1.53.1\src\runtime\scheduler\current_thread\mod.rs:488
  14: tokio::runtime::scheduler::current_thread::impl$9::block_on::closure$0<core::pin::Pin<ref_mut$<core::pin::Pin<ref_mut$<dyn$<core::future::future::Future<assoc$<Output,tuple$<> > > > > > > > >
             at C:\Users\runneradmin\.cargo\registry\src\index.crates.io-1949cf8c6b5b557f\tokio-1.53.1\src\runtime\scheduler\current_thread\mod.rs:829
  15: tokio::runtime::scheduler::current_thread::impl$9::enter::closure$0<tokio::runtime::scheduler::current_thread::impl$9::block_on::closure_env$0<core::pin::Pin<ref_mut$<core::pin::Pin<ref_mut$<dyn$<core::future::future::Future<assoc$<Output,tuple$<> > > > > 
             at C:\Users\runneradmin\.cargo\registry\src\index.crates.io-1949cf8c6b5b557f\tokio-1.53.1\src\runtime\scheduler\current_thread\mod.rs:906
  16: tokio::runtime::context::scoped::Scoped<enum2$<tokio::runtime::scheduler::Context> >::set<enum2$<tokio::runtime::scheduler::Context>,tokio::runtime::scheduler::current_thread::impl$9::enter::closure_env$0<tokio::runtime::scheduler::current_thread::impl$9::
             at C:\Users\runneradmin\.cargo\registry\src\index.crates.io-1949cf8c6b5b557f\tokio-1.53.1\src\runtime\context\scoped.rs:40
  17: tokio::runtime::context::set_scheduler::closure$0<tuple$<alloc::boxed::Box<tokio::runtime::scheduler::current_thread::Core,alloc::alloc::Global>,enum2$<core::option::Option<tuple$<> > > >,tokio::runtime::scheduler::current_thread::impl$9::enter::closure_en
             at C:\Users\runneradmin\.cargo\registry\src\index.crates.io-1949cf8c6b5b557f\tokio-1.53.1\src\runtime\context.rs:187
  18: std::thread::local::LocalKey<tokio::runtime::context::Context>::try_with<tokio::runtime::context::Context,tokio::runtime::context::set_scheduler::closure_env$0<tuple$<alloc::boxed::Box<tokio::runtime::scheduler::current_thread::Core,alloc::alloc::Global>,e
             at /rustc/b940084d7eb6a299eb4bfeb8e34901bc051e7ac4/library\std\src\thread\local.rs:463
  19: std::thread::local::LocalKey<tokio::runtime::context::Context>::with<tokio::runtime::context::Context,tokio::runtime::context::set_scheduler::closure_env$0<tuple$<alloc::boxed::Box<tokio::runtime::scheduler::current_thread::Core,alloc::alloc::Global>,enum2
             at /rustc/b940084d7eb6a299eb4bfeb8e34901bc051e7ac4/library\std\src\thread\local.rs:427
  20: tokio::runtime::context::set_scheduler<tuple$<alloc::boxed::Box<tokio::runtime::scheduler::current_thread::Core,alloc::alloc::Global>,enum2$<core::option::Option<tuple$<> > > >,tokio::runtime::scheduler::current_thread::impl$9::enter::closure_env$0<tokio::
             at C:\Users\runneradmin\.cargo\registry\src\index.crates.io-1949cf8c6b5b557f\tokio-1.53.1\src\runtime\context.rs:187
  21: tokio::runtime::scheduler::current_thread::CoreGuard::enter<tokio::runtime::scheduler::current_thread::impl$9::block_on::closure_env$0<core::pin::Pin<ref_mut$<core::pin::Pin<ref_mut$<dyn$<core::future::future::Future<assoc$<Output,tuple$<> > > > > > > > >,
             at C:\Users\runneradmin\.cargo\registry\src\index.crates.io-1949cf8c6b5b557f\tokio-1.53.1\src\runtime\scheduler\current_thread\mod.rs:906
  22: tokio::runtime::scheduler::current_thread::CoreGuard::block_on<core::pin::Pin<ref_mut$<core::pin::Pin<ref_mut$<dyn$<core::future::future::Future<assoc$<Output,tuple$<> > > > > > > > >
             at C:\Users\runneradmin\.cargo\registry\src\index.crates.io-1949cf8c6b5b557f\tokio-1.53.1\src\runtime\scheduler\current_thread\mod.rs:817
  23: tokio::runtime::scheduler::current_thread::impl$0::block_on::closure$0<core::pin::Pin<ref_mut$<dyn$<core::future::future::Future<assoc$<Output,tuple$<> > > > > > >
             at C:\Users\runneradmin\.cargo\registry\src\index.crates.io-1949cf8c6b5b557f\tokio-1.53.1\src\runtime\scheduler\current_thread\mod.rs:218
  24: tokio::runtime::context::runtime::enter_runtime<tokio::runtime::scheduler::current_thread::impl$0::block_on::closure_env$0<core::pin::Pin<ref_mut$<dyn$<core::future::future::Future<assoc$<Output,tuple$<> > > > > > >,tuple$<> >
             at C:\Users\runneradmin\.cargo\registry\src\index.crates.io-1949cf8c6b5b557f\tokio-1.53.1\src\runtime\context\runtime.rs:65
  25: tokio::runtime::scheduler::current_thread::CurrentThread::block_on<core::pin::Pin<ref_mut$<dyn$<core::future::future::Future<assoc$<Output,tuple$<> > > > > > >
             at C:\Users\runneradmin\.cargo\registry\src\index.crates.io-1949cf8c6b5b557f\tokio-1.53.1\src\runtime\scheduler\current_thread\mod.rs:206
  26: tokio::runtime::runtime::Runtime::block_on_inner<core::pin::Pin<ref_mut$<dyn$<core::future::future::Future<assoc$<Output,tuple$<> > > > > > >
             at C:\Users\runneradmin\.cargo\registry\src\index.crates.io-1949cf8c6b5b557f\tokio-1.53.1\src\runtime\runtime.rs:374
  27: tokio::runtime::runtime::Runtime::block_on<core::pin::Pin<ref_mut$<dyn$<core::future::future::Future<assoc$<Output,tuple$<> > > > > > >
             at C:\Users\runneradmin\.cargo\registry\src\index.crates.io-1949cf8c6b5b557f\tokio-1.53.1\src\runtime\runtime.rs:343
  28: http_compat::chrome_frame_click
             at .\http_compat.rs:169
  29: http_compat::chrome_frame_click::closure$0
             at .\http_compat.rs:168
  30: core::ops::function::FnOnce::call_once<http_compat::chrome_frame_click::closure_env$0,tuple$<> >
             at /rustc/b940084d7eb6a299eb4bfeb8e34901bc051e7ac4/library\core\src\ops\function.rs:250
  31: core::ops::function::FnOnce::call_once
             at /rustc/b940084d7eb6a299eb4bfeb8e34901bc051e7ac4/library\core\src\ops\function.rs:250
note: Some details are omitted, run with `RUST_BACKTRACE=full` for a verbose backtrace.
FAILED
test chrome_frame_hover_and_keyboard ... Chrome version: Chrome/155.0.8059.39

thread 'chrome_frame_hover_and_keyboard' (5752) panicked at tests\http_compat.rs:161:10:
called `Result::unwrap()` on an `Err` value: Chrome(Navigation("net::ERR_ABORTED"))
stack backtrace:
   0: std::panicking::panic_handler
             at /rustc/b940084d7eb6a299eb4bfeb8e34901bc051e7ac4/library\std\src\panicking.rs:679
   1: core::panicking::panic_fmt
             at /rustc/b940084d7eb6a299eb4bfeb8e34901bc051e7ac4/library\core\src\panicking.rs:80
   2: core::result::unwrap_failed
             at /rustc/b940084d7eb6a299eb4bfeb8e34901bc051e7ac4/library\core\src\result.rs:1871
   3: enum2$<core::result::Result<tuple$<>,enum2$<rustwright::any::AnyError> > >::unwrap
             at /rustc/b940084d7eb6a299eb4bfeb8e34901bc051e7ac4/library\core\src\result.rs:1232
   4: http_compat::open::async_fn$0
             at .\http_compat.rs:161
   5: http_compat::frame_hover_and_keyboard::async_fn$0
             at .\http_compat.rs:523
   6: http_compat::chrome_frame_hover_and_keyboard::async_block$0
             at .\http_compat.rs:169
   7: core::future::future::impl$1::poll<ref_mut$<dyn$<core::future::future::Future<assoc$<Output,tuple$<> > > > > >
             at /rustc/b940084d7eb6a299eb4bfeb8e34901bc051e7ac4/library\core\src\future\future.rs:133
   8: core::future::future::impl$1::poll<ref_mut$<core::pin::Pin<ref_mut$<dyn$<core::future::future::Future<assoc$<Output,tuple$<> > > > > > > >
             at /rustc/b940084d7eb6a299eb4bfeb8e34901bc051e7ac4/library\core\src\future\future.rs:133
   9: tokio::runtime::scheduler::current_thread::impl$9::block_on::closure$0::closure$0::closure$0<core::pin::Pin<ref_mut$<core::pin::Pin<ref_mut$<dyn$<core::future::future::Future<assoc$<Output,tuple$<> > > > > > > > >
             at C:\Users\runneradmin\.cargo\registry\src\index.crates.io-1949cf8c6b5b557f\tokio-1.53.1\src\runtime\scheduler\current_thread\mod.rs:830
  10: tokio::task::coop::with_budget
             at C:\Users\runneradmin\.cargo\registry\src\index.crates.io-1949cf8c6b5b557f\tokio-1.53.1\src\task\coop\mod.rs:167
  11: tokio::task::coop::budget
             at C:\Users\runneradmin\.cargo\registry\src\index.crates.io-1949cf8c6b5b557f\tokio-1.53.1\src\task\coop\mod.rs:133
  12: tokio::runtime::scheduler::current_thread::impl$9::block_on::closure$0::closure$0<core::pin::Pin<ref_mut$<core::pin::Pin<ref_mut$<dyn$<core::future::future::Future<assoc$<Output,tuple$<> > > > > > > > >
             at C:\Users\runneradmin\.cargo\registry\src\index.crates.io-1949cf8c6b5b557f\tokio-1.53.1\src\runtime\scheduler\current_thread\mod.rs:830
  13: tokio::runtime::scheduler::current_thread::Context::enter<enum2$<core::task::poll::Poll<tuple$<> > >,tokio::runtime::scheduler::current_thread::impl$9::block_on::closure$0::closure_env$0<core::pin::Pin<ref_mut$<core::pin::Pin<ref_mut$<dyn$<core::future::fu
             at C:\Users\runneradmin\.cargo\registry\src\index.crates.io-1949cf8c6b5b557f\tokio-1.53.1\src\runtime\scheduler\current_thread\mod.rs:488
  14: tokio::runtime::scheduler::current_thread::impl$9::block_on::closure$0<core::pin::Pin<ref_mut$<core::pin::Pin<ref_mut$<dyn$<core::future::future::Future<assoc$<Output,tuple$<> > > > > > > > >
             at C:\Users\runneradmin\.cargo\registry\src\index.crates.io-1949cf8c6b5b557f\tokio-1.53.1\src\runtime\scheduler\current_thread\mod.rs:829
  15: tokio::runtime::scheduler::current_thread::impl$9::enter::closure$0<tokio::runtime::scheduler::current_thread::impl$9::block_on::closure_env$0<core::pin::Pin<ref_mut$<core::pin::Pin<ref_mut$<dyn$<core::future::future::Future<assoc$<Output,tuple$<> > > > > 
             at C:\Users\runneradmin\.cargo\registry\src\index.crates.io-1949cf8c6b5b557f\tokio-1.53.1\src\runtime\scheduler\current_thread\mod.rs:906
  16: tokio::runtime::context::scoped::Scoped<enum2$<tokio::runtime::scheduler::Context> >::set<enum2$<tokio::runtime::scheduler::Context>,tokio::runtime::scheduler::current_thread::impl$9::enter::closure_env$0<tokio::runtime::scheduler::current_thread::impl$9::
             at C:\Users\runneradmin\.cargo\registry\src\index.crates.io-1949cf8c6b5b557f\tokio-1.53.1\src\runtime\context\scoped.rs:40
  17: tokio::runtime::context::set_scheduler::closure$0<tuple$<alloc::boxed::Box<tokio::runtime::scheduler::current_thread::Core,alloc::alloc::Global>,enum2$<core::option::Option<tuple$<> > > >,tokio::runtime::scheduler::current_thread::impl$9::enter::closure_en
             at C:\Users\runneradmin\.cargo\registry\src\index.crates.io-1949cf8c6b5b557f\tokio-1.53.1\src\runtime\context.rs:187
  18: std::thread::local::LocalKey<tokio::runtime::context::Context>::try_with<tokio::runtime::context::Context,tokio::runtime::context::set_scheduler::closure_env$0<tuple$<alloc::boxed::Box<tokio::runtime::scheduler::current_thread::Core,alloc::alloc::Global>,e
             at /rustc/b940084d7eb6a299eb4bfeb8e34901bc051e7ac4/library\std\src\thread\local.rs:463
  19: std::thread::local::LocalKey<tokio::runtime::context::Context>::with<tokio::runtime::context::Context,tokio::runtime::context::set_scheduler::closure_env$0<tuple$<alloc::boxed::Box<tokio::runtime::scheduler::current_thread::Core,alloc::alloc::Global>,enum2
             at /rustc/b940084d7eb6a299eb4bfeb8e34901bc051e7ac4/library\std\src\thread\local.rs:427
  20: tokio::runtime::context::set_scheduler<tuple$<alloc::boxed::Box<tokio::runtime::scheduler::current_thread::Core,alloc::alloc::Global>,enum2$<core::option::Option<tuple$<> > > >,tokio::runtime::scheduler::current_thread::impl$9::enter::closure_env$0<tokio::
             at C:\Users\runneradmin\.cargo\registry\src\index.crates.io-1949cf8c6b5b557f\tokio-1.53.1\src\runtime\context.rs:187
  21: tokio::runtime::scheduler::current_thread::CoreGuard::enter<tokio::runtime::scheduler::current_thread::impl$9::block_on::closure_env$0<core::pin::Pin<ref_mut$<core::pin::Pin<ref_mut$<dyn$<core::future::future::Future<assoc$<Output,tuple$<> > > > > > > > >,
             at C:\Users\runneradmin\.cargo\registry\src\index.crates.io-1949cf8c6b5b557f\tokio-1.53.1\src\runtime\scheduler\current_thread\mod.rs:906
  22: tokio::runtime::scheduler::current_thread::CoreGuard::block_on<core::pin::Pin<ref_mut$<core::pin::Pin<ref_mut$<dyn$<core::future::future::Future<assoc$<Output,tuple$<> > > > > > > > >
             at C:\Users\runneradmin\.cargo\registry\src\index.crates.io-1949cf8c6b5b557f\tokio-1.53.1\src\runtime\scheduler\current_thread\mod.rs:817
  23: tokio::runtime::scheduler::current_thread::impl$0::block_on::closure$0<core::pin::Pin<ref_mut$<dyn$<core::future::future::Future<assoc$<Output,tuple$<> > > > > > >
             at C:\Users\runneradmin\.cargo\registry\src\index.crates.io-1949cf8c6b5b557f\tokio-1.53.1\src\runtime\scheduler\current_thread\mod.rs:218
  24: tokio::runtime::context::runtime::enter_runtime<tokio::runtime::scheduler::current_thread::impl$0::block_on::closure_env$0<core::pin::Pin<ref_mut$<dyn$<core::future::future::Future<assoc$<Output,tuple$<> > > > > > >,tuple$<> >
             at C:\Users\runneradmin\.cargo\registry\src\index.crates.io-1949cf8c6b5b557f\tokio-1.53.1\src\runtime\context\runtime.rs:65
  25: tokio::runtime::scheduler::current_thread::CurrentThread::block_on<core::pin::Pin<ref_mut$<dyn$<core::future::future::Future<assoc$<Output,tuple$<> > > > > > >
             at C:\Users\runneradmin\.cargo\registry\src\index.crates.io-1949cf8c6b5b557f\tokio-1.53.1\src\runtime\scheduler\current_thread\mod.rs:206
  26: tokio::runtime::runtime::Runtime::block_on_inner<core::pin::Pin<ref_mut$<dyn$<core::future::future::Future<assoc$<Output,tuple$<> > > > > > >
             at C:\Users\runneradmin\.cargo\registry\src\index.crates.io-1949cf8c6b5b557f\tokio-1.53.1\src\runtime\runtime.rs:374
  27: tokio::runtime::runtime::Runtime::block_on<core::pin::Pin<ref_mut$<dyn$<core::future::future::Future<assoc$<Output,tuple$<> > > > > > >
             at C:\Users\runneradmin\.cargo\registry\src\index.crates.io-1949cf8c6b5b557f\tokio-1.53.1\src\runtime\runtime.rs:343
  28: http_compat::chrome_frame_hover_and_keyboard
             at .\http_compat.rs:169
  29: http_compat::chrome_frame_hover_and_keyboard::closure$0
             at .\http_compat.rs:168
  30: core::ops::function::FnOnce::call_once<http_compat::chrome_frame_hover_and_keyboard::closure_env$0,tuple$<> >
             at /rustc/b940084d7eb6a299eb4bfeb8e34901bc051e7ac4/library\core\src\ops\function.rs:250
  31: core::ops::function::FnOnce::call_once
             at /rustc/b940084d7eb6a299eb4bfeb8e34901bc051e7ac4/library\core\src\ops\function.rs:250
note: Some details are omitted, run with `RUST_BACKTRACE=full` for a verbose backtrace.
FAILED
test chrome_frame_reload ... Chrome version: Chrome/155.0.8059.39

thread 'chrome_frame_reload' (2848) panicked at tests\http_compat.rs:161:10:
called `Result::unwrap()` on an `Err` value: Chrome(Navigation("net::ERR_ABORTED"))
stack backtrace:
   0: std::panicking::panic_handler
             at /rustc/b940084d7eb6a299eb4bfeb8e34901bc051e7ac4/library\std\src\panicking.rs:679
   1: core::panicking::panic_fmt
             at /rustc/b940084d7eb6a299eb4bfeb8e34901bc051e7ac4/library\core\src\panicking.rs:80
   2: core::result::unwrap_failed
             at /rustc/b940084d7eb6a299eb4bfeb8e34901bc051e7ac4/library\core\src\result.rs:1871
   3: enum2$<core::result::Result<tuple$<>,enum2$<rustwright::any::AnyError> > >::unwrap
             at /rustc/b940084d7eb6a299eb4bfeb8e34901bc051e7ac4/library\core\src\result.rs:1232
   4: http_compat::open::async_fn$0
             at .\http_compat.rs:161
   5: http_compat::frame_reload::async_fn$0
             at .\http_compat.rs:297
   6: http_compat::chrome_frame_reload::async_block$0
             at .\http_compat.rs:169
   7: core::future::future::impl$1::poll<ref_mut$<dyn$<core::future::future::Future<assoc$<Output,tuple$<> > > > > >
             at /rustc/b940084d7eb6a299eb4bfeb8e34901bc051e7ac4/library\core\src\future\future.rs:133
   8: core::future::future::impl$1::poll<ref_mut$<core::pin::Pin<ref_mut$<dyn$<core::future::future::Future<assoc$<Output,tuple$<> > > > > > > >
             at /rustc/b940084d7eb6a299eb4bfeb8e34901bc051e7ac4/library\core\src\future\future.rs:133
   9: tokio::runtime::scheduler::current_thread::impl$9::block_on::closure$0::closure$0::closure$0<core::pin::Pin<ref_mut$<core::pin::Pin<ref_mut$<dyn$<core::future::future::Future<assoc$<Output,tuple$<> > > > > > > > >
             at C:\Users\runneradmin\.cargo\registry\src\index.crates.io-1949cf8c6b5b557f\tokio-1.53.1\src\runtime\scheduler\current_thread\mod.rs:830
  10: tokio::task::coop::with_budget
             at C:\Users\runneradmin\.cargo\registry\src\index.crates.io-1949cf8c6b5b557f\tokio-1.53.1\src\task\coop\mod.rs:167
  11: tokio::task::coop::budget
             at C:\Users\runneradmin\.cargo\registry\src\index.crates.io-1949cf8c6b5b557f\tokio-1.53.1\src\task\coop\mod.rs:133
  12: tokio::runtime::scheduler::current_thread::impl$9::block_on::closure$0::closure$0<core::pin::Pin<ref_mut$<core::pin::Pin<ref_mut$<dyn$<core::future::future::Future<assoc$<Output,tuple$<> > > > > > > > >
             at C:\Users\runneradmin\.cargo\registry\src\index.crates.io-1949cf8c6b5b557f\tokio-1.53.1\src\runtime\scheduler\current_thread\mod.rs:830
  13: tokio::runtime::scheduler::current_thread::Context::enter<enum2$<core::task::poll::Poll<tuple$<> > >,tokio::runtime::scheduler::current_thread::impl$9::block_on::closure$0::closure_env$0<core::pin::Pin<ref_mut$<core::pin::Pin<ref_mut$<dyn$<core::future::fu
             at C:\Users\runneradmin\.cargo\registry\src\index.crates.io-1949cf8c6b5b557f\tokio-1.53.1\src\runtime\scheduler\current_thread\mod.rs:488
  14: tokio::runtime::scheduler::current_thread::impl$9::block_on::closure$0<core::pin::Pin<ref_mut$<core::pin::Pin<ref_mut$<dyn$<core::future::future::Future<assoc$<Output,tuple$<> > > > > > > > >
             at C:\Users\runneradmin\.cargo\registry\src\index.crates.io-1949cf8c6b5b557f\tokio-1.53.1\src\runtime\scheduler\current_thread\mod.rs:829
  15: tokio::runtime::scheduler::current_thread::impl$9::enter::closure$0<tokio::runtime::scheduler::current_thread::impl$9::block_on::closure_env$0<core::pin::Pin<ref_mut$<core::pin::Pin<ref_mut$<dyn$<core::future::future::Future<assoc$<Output,tuple$<> > > > > 
             at C:\Users\runneradmin\.cargo\registry\src\index.crates.io-1949cf8c6b5b557f\tokio-1.53.1\src\runtime\scheduler\current_thread\mod.rs:906
  16: tokio::runtime::context::scoped::Scoped<enum2$<tokio::runtime::scheduler::Context> >::set<enum2$<tokio::runtime::scheduler::Context>,tokio::runtime::scheduler::current_thread::impl$9::enter::closure_env$0<tokio::runtime::scheduler::current_thread::impl$9::
             at C:\Users\runneradmin\.cargo\registry\src\index.crates.io-1949cf8c6b5b557f\tokio-1.53.1\src\runtime\context\scoped.rs:40
  17: tokio::runtime::context::set_scheduler::closure$0<tuple$<alloc::boxed::Box<tokio::runtime::scheduler::current_thread::Core,alloc::alloc::Global>,enum2$<core::option::Option<tuple$<> > > >,tokio::runtime::scheduler::current_thread::impl$9::enter::closure_en
             at C:\Users\runneradmin\.cargo\registry\src\index.crates.io-1949cf8c6b5b557f\tokio-1.53.1\src\runtime\context.rs:187
  18: std::thread::local::LocalKey<tokio::runtime::context::Context>::try_with<tokio::runtime::context::Context,tokio::runtime::context::set_scheduler::closure_env$0<tuple$<alloc::boxed::Box<tokio::runtime::scheduler::current_thread::Core,alloc::alloc::Global>,e
             at /rustc/b940084d7eb6a299eb4bfeb8e34901bc051e7ac4/library\std\src\thread\local.rs:463
  19: std::thread::local::LocalKey<tokio::runtime::context::Context>::with<tokio::runtime::context::Context,tokio::runtime::context::set_scheduler::closure_env$0<tuple$<alloc::boxed::Box<tokio::runtime::scheduler::current_thread::Core,alloc::alloc::Global>,enum2
             at /rustc/b940084d7eb6a299eb4bfeb8e34901bc051e7ac4/library\std\src\thread\local.rs:427
  20: tokio::runtime::context::set_scheduler<tuple$<alloc::boxed::Box<tokio::runtime::scheduler::current_thread::Core,alloc::alloc::Global>,enum2$<core::option::Option<tuple$<> > > >,tokio::runtime::scheduler::current_thread::impl$9::enter::closure_env$0<tokio::
             at C:\Users\runneradmin\.cargo\registry\src\index.crates.io-1949cf8c6b5b557f\tokio-1.53.1\src\runtime\context.rs:187
  21: tokio::runtime::scheduler::current_thread::CoreGuard::enter<tokio::runtime::scheduler::current_thread::impl$9::block_on::closure_env$0<core::pin::Pin<ref_mut$<core::pin::Pin<ref_mut$<dyn$<core::future::future::Future<assoc$<Output,tuple$<> > > > > > > > >,
             at C:\Users\runneradmin\.cargo\registry\src\index.crates.io-1949cf8c6b5b557f\tokio-1.53.1\src\runtime\scheduler\current_thread\mod.rs:906
  22: tokio::runtime::scheduler::current_thread::CoreGuard::block_on<core::pin::Pin<ref_mut$<core::pin::Pin<ref_mut$<dyn$<core::future::future::Future<assoc$<Output,tuple$<> > > > > > > > >
             at C:\Users\runneradmin\.cargo\registry\src\index.crates.io-1949cf8c6b5b557f\tokio-1.53.1\src\runtime\scheduler\current_thread\mod.rs:817
  23: tokio::runtime::scheduler::current_thread::impl$0::block_on::closure$0<core::pin::Pin<ref_mut$<dyn$<core::future::future::Future<assoc$<Output,tuple$<> > > > > > >
             at C:\Users\runneradmin\.cargo\registry\src\index.crates.io-1949cf8c6b5b557f\tokio-1.53.1\src\runtime\scheduler\current_thread\mod.rs:218
  24: tokio::runtime::context::runtime::enter_runtime<tokio::runtime::scheduler::current_thread::impl$0::block_on::closure_env$0<core::pin::Pin<ref_mut$<dyn$<core::future::future::Future<assoc$<Output,tuple$<> > > > > > >,tuple$<> >
             at C:\Users\runneradmin\.cargo\registry\src\index.crates.io-1949cf8c6b5b557f\tokio-1.53.1\src\runtime\context\runtime.rs:65
  25: tokio::runtime::scheduler::current_thread::CurrentThread::block_on<core::pin::Pin<ref_mut$<dyn$<core::future::future::Future<assoc$<Output,tuple$<> > > > > > >
             at C:\Users\runneradmin\.cargo\registry\src\index.crates.io-1949cf8c6b5b557f\tokio-1.53.1\src\runtime\scheduler\current_thread\mod.rs:206
  26: tokio::runtime::runtime::Runtime::block_on_inner<core::pin::Pin<ref_mut$<dyn$<core::future::future::Future<assoc$<Output,tuple$<> > > > > > >
             at C:\Users\runneradmin\.cargo\registry\src\index.crates.io-1949cf8c6b5b557f\tokio-1.53.1\src\runtime\runtime.rs:374
  27: tokio::runtime::runtime::Runtime::block_on<core::pin::Pin<ref_mut$<dyn$<core::future::future::Future<assoc$<Output,tuple$<> > > > > > >
             at C:\Users\runneradmin\.cargo\registry\src\index.crates.io-1949cf8c6b5b557f\tokio-1.53.1\src\runtime\runtime.rs:343
  28: http_compat::chrome_frame_reload
             at .\http_compat.rs:169
  29: http_compat::chrome_frame_reload::closure$0
             at .\http_compat.rs:168
  30: core::ops::function::FnOnce::call_once<http_compat::chrome_frame_reload::closure_env$0,tuple$<> >
             at /rustc/b940084d7eb6a299eb4bfeb8e34901bc051e7ac4/library\core\src\ops\function.rs:250
  31: core::ops::function::FnOnce::call_once
             at /rustc/b940084d7eb6a299eb4bfeb8e34901bc051e7ac4/library\core\src\ops\function.rs:250
note: Some details are omitted, run with `RUST_BACKTRACE=full` for a verbose backtrace.
FAILED
test chrome_isolated_popup_ownership ... Chrome version: Chrome/155.0.8059.39

thread 'chrome_isolated_popup_ownership' (5700) panicked at tests\http_compat.rs:161:10:
called `Result::unwrap()` on an `Err` value: Chrome(Navigation("net::ERR_ABORTED"))
stack backtrace:
   0: std::panicking::panic_handler
             at /rustc/b940084d7eb6a299eb4bfeb8e34901bc051e7ac4/library\std\src\panicking.rs:679
   1: core::panicking::panic_fmt
             at /rustc/b940084d7eb6a299eb4bfeb8e34901bc051e7ac4/library\core\src\panicking.rs:80
   2: core::result::unwrap_failed
             at /rustc/b940084d7eb6a299eb4bfeb8e34901bc051e7ac4/library\core\src\result.rs:1871
   3: enum2$<core::result::Result<tuple$<>,enum2$<rustwright::any::AnyError> > >::unwrap
             at /rustc/b940084d7eb6a299eb4bfeb8e34901bc051e7ac4/library\core\src\result.rs:1232
   4: http_compat::open::async_fn$0
             at .\http_compat.rs:161
   5: http_compat::isolated_popup_ownership::async_fn$0
             at .\http_compat.rs:470
   6: http_compat::chrome_isolated_popup_ownership::async_block$0
             at .\http_compat.rs:169
   7: core::future::future::impl$1::poll<ref_mut$<dyn$<core::future::future::Future<assoc$<Output,tuple$<> > > > > >
             at /rustc/b940084d7eb6a299eb4bfeb8e34901bc051e7ac4/library\core\src\future\future.rs:133
   8: core::future::future::impl$1::poll<ref_mut$<core::pin::Pin<ref_mut$<dyn$<core::future::future::Future<assoc$<Output,tuple$<> > > > > > > >
             at /rustc/b940084d7eb6a299eb4bfeb8e34901bc051e7ac4/library\core\src\future\future.rs:133
   9: tokio::runtime::scheduler::current_thread::impl$9::block_on::closure$0::closure$0::closure$0<core::pin::Pin<ref_mut$<core::pin::Pin<ref_mut$<dyn$<core::future::future::Future<assoc$<Output,tuple$<> > > > > > > > >
             at C:\Users\runneradmin\.cargo\registry\src\index.crates.io-1949cf8c6b5b557f\tokio-1.53.1\src\runtime\scheduler\current_thread\mod.rs:830
  10: tokio::task::coop::with_budget
             at C:\Users\runneradmin\.cargo\registry\src\index.crates.io-1949cf8c6b5b557f\tokio-1.53.1\src\task\coop\mod.rs:167
  11: tokio::task::coop::budget
             at C:\Users\runneradmin\.cargo\registry\src\index.crates.io-1949cf8c6b5b557f\tokio-1.53.1\src\task\coop\mod.rs:133
  12: tokio::runtime::scheduler::current_thread::impl$9::block_on::closure$0::closure$0<core::pin::Pin<ref_mut$<core::pin::Pin<ref_mut$<dyn$<core::future::future::Future<assoc$<Output,tuple$<> > > > > > > > >
             at C:\Users\runneradmin\.cargo\registry\src\index.crates.io-1949cf8c6b5b557f\tokio-1.53.1\src\runtime\scheduler\current_thread\mod.rs:830
  13: tokio::runtime::scheduler::current_thread::Context::enter<enum2$<core::task::poll::Poll<tuple$<> > >,tokio::runtime::scheduler::current_thread::impl$9::block_on::closure$0::closure_env$0<core::pin::Pin<ref_mut$<core::pin::Pin<ref_mut$<dyn$<core::future::fu
             at C:\Users\runneradmin\.cargo\registry\src\index.crates.io-1949cf8c6b5b557f\tokio-1.53.1\src\runtime\scheduler\current_thread\mod.rs:488
  14: tokio::runtime::scheduler::current_thread::impl$9::block_on::closure$0<core::pin::Pin<ref_mut$<core::pin::Pin<ref_mut$<dyn$<core::future::future::Future<assoc$<Output,tuple$<> > > > > > > > >
             at C:\Users\runneradmin\.cargo\registry\src\index.crates.io-1949cf8c6b5b557f\tokio-1.53.1\src\runtime\scheduler\current_thread\mod.rs:829
  15: tokio::runtime::scheduler::current_thread::impl$9::enter::closure$0<tokio::runtime::scheduler::current_thread::impl$9::block_on::closure_env$0<core::pin::Pin<ref_mut$<core::pin::Pin<ref_mut$<dyn$<core::future::future::Future<assoc$<Output,tuple$<> > > > > 
             at C:\Users\runneradmin\.cargo\registry\src\index.crates.io-1949cf8c6b5b557f\tokio-1.53.1\src\runtime\scheduler\current_thread\mod.rs:906
  16: tokio::runtime::context::scoped::Scoped<enum2$<tokio::runtime::scheduler::Context> >::set<enum2$<tokio::runtime::scheduler::Context>,tokio::runtime::scheduler::current_thread::impl$9::enter::closure_env$0<tokio::runtime::scheduler::current_thread::impl$9::
             at C:\Users\runneradmin\.cargo\registry\src\index.crates.io-1949cf8c6b5b557f\tokio-1.53.1\src\runtime\context\scoped.rs:40
  17: tokio::runtime::context::set_scheduler::closure$0<tuple$<alloc::boxed::Box<tokio::runtime::scheduler::current_thread::Core,alloc::alloc::Global>,enum2$<core::option::Option<tuple$<> > > >,tokio::runtime::scheduler::current_thread::impl$9::enter::closure_en
             at C:\Users\runneradmin\.cargo\registry\src\index.crates.io-1949cf8c6b5b557f\tokio-1.53.1\src\runtime\context.rs:187
  18: std::thread::local::LocalKey<tokio::runtime::context::Context>::try_with<tokio::runtime::context::Context,tokio::runtime::context::set_scheduler::closure_env$0<tuple$<alloc::boxed::Box<tokio::runtime::scheduler::current_thread::Core,alloc::alloc::Global>,e
             at /rustc/b940084d7eb6a299eb4bfeb8e34901bc051e7ac4/library\std\src\thread\local.rs:463
  19: std::thread::local::LocalKey<tokio::runtime::context::Context>::with<tokio::runtime::context::Context,tokio::runtime::context::set_scheduler::closure_env$0<tuple$<alloc::boxed::Box<tokio::runtime::scheduler::current_thread::Core,alloc::alloc::Global>,enum2
             at /rustc/b940084d7eb6a299eb4bfeb8e34901bc051e7ac4/library\std\src\thread\local.rs:427
  20: tokio::runtime::context::set_scheduler<tuple$<alloc::boxed::Box<tokio::runtime::scheduler::current_thread::Core,alloc::alloc::Global>,enum2$<core::option::Option<tuple$<> > > >,tokio::runtime::scheduler::current_thread::impl$9::enter::closure_env$0<tokio::
             at C:\Users\runneradmin\.cargo\registry\src\index.crates.io-1949cf8c6b5b557f\tokio-1.53.1\src\runtime\context.rs:187
  21: tokio::runtime::scheduler::current_thread::CoreGuard::enter<tokio::runtime::scheduler::current_thread::impl$9::block_on::closure_env$0<core::pin::Pin<ref_mut$<core::pin::Pin<ref_mut$<dyn$<core::future::future::Future<assoc$<Output,tuple$<> > > > > > > > >,
             at C:\Users\runneradmin\.cargo\registry\src\index.crates.io-1949cf8c6b5b557f\tokio-1.53.1\src\runtime\scheduler\current_thread\mod.rs:906
  22: tokio::runtime::scheduler::current_thread::CoreGuard::block_on<core::pin::Pin<ref_mut$<core::pin::Pin<ref_mut$<dyn$<core::future::future::Future<assoc$<Output,tuple$<> > > > > > > > >
             at C:\Users\runneradmin\.cargo\registry\src\index.crates.io-1949cf8c6b5b557f\tokio-1.53.1\src\runtime\scheduler\current_thread\mod.rs:817
  23: tokio::runtime::scheduler::current_thread::impl$0::block_on::closure$0<core::pin::Pin<ref_mut$<dyn$<core::future::future::Future<assoc$<Output,tuple$<> > > > > > >
             at C:\Users\runneradmin\.cargo\registry\src\index.crates.io-1949cf8c6b5b557f\tokio-1.53.1\src\runtime\scheduler\current_thread\mod.rs:218
  24: tokio::runtime::context::runtime::enter_runtime<tokio::runtime::scheduler::current_thread::impl$0::block_on::closure_env$0<core::pin::Pin<ref_mut$<dyn$<core::future::future::Future<assoc$<Output,tuple$<> > > > > > >,tuple$<> >
             at C:\Users\runneradmin\.cargo\registry\src\index.crates.io-1949cf8c6b5b557f\tokio-1.53.1\src\runtime\context\runtime.rs:65
  25: tokio::runtime::scheduler::current_thread::CurrentThread::block_on<core::pin::Pin<ref_mut$<dyn$<core::future::future::Future<assoc$<Output,tuple$<> > > > > > >
             at C:\Users\runneradmin\.cargo\registry\src\index.crates.io-1949cf8c6b5b557f\tokio-1.53.1\src\runtime\scheduler\current_thread\mod.rs:206
  26: tokio::runtime::runtime::Runtime::block_on_inner<core::pin::Pin<ref_mut$<dyn$<core::future::future::Future<assoc$<Output,tuple$<> > > > > > >
             at C:\Users\runneradmin\.cargo\registry\src\index.crates.io-1949cf8c6b5b557f\tokio-1.53.1\src\runtime\runtime.rs:374
  27: tokio::runtime::runtime::Runtime::block_on<core::pin::Pin<ref_mut$<dyn$<core::future::future::Future<assoc$<Output,tuple$<> > > > > > >
             at C:\Users\runneradmin\.cargo\registry\src\index.crates.io-1949cf8c6b5b557f\tokio-1.53.1\src\runtime\runtime.rs:343
  28: http_compat::chrome_isolated_popup_ownership
             at .\http_compat.rs:169
  29: http_compat::chrome_isolated_popup_ownership::closure$0
             at .\http_compat.rs:168
  30: core::ops::function::FnOnce::call_once<http_compat::chrome_isolated_popup_ownership::closure_env$0,tuple$<> >
             at /rustc/b940084d7eb6a299eb4bfeb8e34901bc051e7ac4/library\core\src\ops\function.rs:250
  31: core::ops::function::FnOnce::call_once
             at /rustc/b940084d7eb6a299eb4bfeb8e34901bc051e7ac4/library\core\src\ops\function.rs:250
note: Some details are omitted, run with `RUST_BACKTRACE=full` for a verbose backtrace.
FAILED
test chrome_isolated_storage ... Chrome version: Chrome/155.0.8059.39

thread 'chrome_isolated_storage' (2776) panicked at tests\http_compat.rs:161:10:
called `Result::unwrap()` on an `Err` value: Chrome(Navigation("net::ERR_ABORTED"))
stack backtrace:
   0: std::panicking::panic_handler
             at /rustc/b940084d7eb6a299eb4bfeb8e34901bc051e7ac4/library\std\src\panicking.rs:679
   1: core::panicking::panic_fmt
             at /rustc/b940084d7eb6a299eb4bfeb8e34901bc051e7ac4/library\core\src\panicking.rs:80
   2: core::result::unwrap_failed
             at /rustc/b940084d7eb6a299eb4bfeb8e34901bc051e7ac4/library\core\src\result.rs:1871
   3: enum2$<core::result::Result<tuple$<>,enum2$<rustwright::any::AnyError> > >::unwrap
             at /rustc/b940084d7eb6a299eb4bfeb8e34901bc051e7ac4/library\core\src\result.rs:1232
   4: http_compat::open::async_fn$0
             at .\http_compat.rs:161
   5: http_compat::isolated_storage::async_fn$0
             at .\http_compat.rs:434
   6: http_compat::chrome_isolated_storage::async_block$0
             at .\http_compat.rs:169
   7: core::future::future::impl$1::poll<ref_mut$<dyn$<core::future::future::Future<assoc$<Output,tuple$<> > > > > >
             at /rustc/b940084d7eb6a299eb4bfeb8e34901bc051e7ac4/library\core\src\future\future.rs:133
   8: core::future::future::impl$1::poll<ref_mut$<core::pin::Pin<ref_mut$<dyn$<core::future::future::Future<assoc$<Output,tuple$<> > > > > > > >
             at /rustc/b940084d7eb6a299eb4bfeb8e34901bc051e7ac4/library\core\src\future\future.rs:133
   9: tokio::runtime::scheduler::current_thread::impl$9::block_on::closure$0::closure$0::closure$0<core::pin::Pin<ref_mut$<core::pin::Pin<ref_mut$<dyn$<core::future::future::Future<assoc$<Output,tuple$<> > > > > > > > >
             at C:\Users\runneradmin\.cargo\registry\src\index.crates.io-1949cf8c6b5b557f\tokio-1.53.1\src\runtime\scheduler\current_thread\mod.rs:830
  10: tokio::task::coop::with_budget
             at C:\Users\runneradmin\.cargo\registry\src\index.crates.io-1949cf8c6b5b557f\tokio-1.53.1\src\task\coop\mod.rs:167
  11: tokio::task::coop::budget
             at C:\Users\runneradmin\.cargo\registry\src\index.crates.io-1949cf8c6b5b557f\tokio-1.53.1\src\task\coop\mod.rs:133
  12: tokio::runtime::scheduler::current_thread::impl$9::block_on::closure$0::closure$0<core::pin::Pin<ref_mut$<core::pin::Pin<ref_mut$<dyn$<core::future::future::Future<assoc$<Output,tuple$<> > > > > > > > >
             at C:\Users\runneradmin\.cargo\registry\src\index.crates.io-1949cf8c6b5b557f\tokio-1.53.1\src\runtime\scheduler\current_thread\mod.rs:830
  13: tokio::runtime::scheduler::current_thread::Context::enter<enum2$<core::task::poll::Poll<tuple$<> > >,tokio::runtime::scheduler::current_thread::impl$9::block_on::closure$0::closure_env$0<core::pin::Pin<ref_mut$<core::pin::Pin<ref_mut$<dyn$<core::future::fu
             at C:\Users\runneradmin\.cargo\registry\src\index.crates.io-1949cf8c6b5b557f\tokio-1.53.1\src\runtime\scheduler\current_thread\mod.rs:488
  14: tokio::runtime::scheduler::current_thread::impl$9::block_on::closure$0<core::pin::Pin<ref_mut$<core::pin::Pin<ref_mut$<dyn$<core::future::future::Future<assoc$<Output,tuple$<> > > > > > > > >
             at C:\Users\runneradmin\.cargo\registry\src\index.crates.io-1949cf8c6b5b557f\tokio-1.53.1\src\runtime\scheduler\current_thread\mod.rs:829
  15: tokio::runtime::scheduler::current_thread::impl$9::enter::closure$0<tokio::runtime::scheduler::current_thread::impl$9::block_on::closure_env$0<core::pin::Pin<ref_mut$<core::pin::Pin<ref_mut$<dyn$<core::future::future::Future<assoc$<Output,tuple$<> > > > > 
             at C:\Users\runneradmin\.cargo\registry\src\index.crates.io-1949cf8c6b5b557f\tokio-1.53.1\src\runtime\scheduler\current_thread\mod.rs:906
  16: tokio::runtime::context::scoped::Scoped<enum2$<tokio::runtime::scheduler::Context> >::set<enum2$<tokio::runtime::scheduler::Context>,tokio::runtime::scheduler::current_thread::impl$9::enter::closure_env$0<tokio::runtime::scheduler::current_thread::impl$9::
             at C:\Users\runneradmin\.cargo\registry\src\index.crates.io-1949cf8c6b5b557f\tokio-1.53.1\src\runtime\context\scoped.rs:40
  17: tokio::runtime::context::set_scheduler::closure$0<tuple$<alloc::boxed::Box<tokio::runtime::scheduler::current_thread::Core,alloc::alloc::Global>,enum2$<core::option::Option<tuple$<> > > >,tokio::runtime::scheduler::current_thread::impl$9::enter::closure_en
             at C:\Users\runneradmin\.cargo\registry\src\index.crates.io-1949cf8c6b5b557f\tokio-1.53.1\src\runtime\context.rs:187
  18: std::thread::local::LocalKey<tokio::runtime::context::Context>::try_with<tokio::runtime::context::Context,tokio::runtime::context::set_scheduler::closure_env$0<tuple$<alloc::boxed::Box<tokio::runtime::scheduler::current_thread::Core,alloc::alloc::Global>,e
             at /rustc/b940084d7eb6a299eb4bfeb8e34901bc051e7ac4/library\std\src\thread\local.rs:463
  19: std::thread::local::LocalKey<tokio::runtime::context::Context>::with<tokio::runtime::context::Context,tokio::runtime::context::set_scheduler::closure_env$0<tuple$<alloc::boxed::Box<tokio::runtime::scheduler::current_thread::Core,alloc::alloc::Global>,enum2
             at /rustc/b940084d7eb6a299eb4bfeb8e34901bc051e7ac4/library\std\src\thread\local.rs:427
  20: tokio::runtime::context::set_scheduler<tuple$<alloc::boxed::Box<tokio::runtime::scheduler::current_thread::Core,alloc::alloc::Global>,enum2$<core::option::Option<tuple$<> > > >,tokio::runtime::scheduler::current_thread::impl$9::enter::closure_env$0<tokio::
             at C:\Users\runneradmin\.cargo\registry\src\index.crates.io-1949cf8c6b5b557f\tokio-1.53.1\src\runtime\context.rs:187
  21: tokio::runtime::scheduler::current_thread::CoreGuard::enter<tokio::runtime::scheduler::current_thread::impl$9::block_on::closure_env$0<core::pin::Pin<ref_mut$<core::pin::Pin<ref_mut$<dyn$<core::future::future::Future<assoc$<Output,tuple$<> > > > > > > > >,
             at C:\Users\runneradmin\.cargo\registry\src\index.crates.io-1949cf8c6b5b557f\tokio-1.53.1\src\runtime\scheduler\current_thread\mod.rs:906
  22: tokio::runtime::scheduler::current_thread::CoreGuard::block_on<core::pin::Pin<ref_mut$<core::pin::Pin<ref_mut$<dyn$<core::future::future::Future<assoc$<Output,tuple$<> > > > > > > > >
             at C:\Users\runneradmin\.cargo\registry\src\index.crates.io-1949cf8c6b5b557f\tokio-1.53.1\src\runtime\scheduler\current_thread\mod.rs:817
  23: tokio::runtime::scheduler::current_thread::impl$0::block_on::closure$0<core::pin::Pin<ref_mut$<dyn$<core::future::future::Future<assoc$<Output,tuple$<> > > > > > >
             at C:\Users\runneradmin\.cargo\registry\src\index.crates.io-1949cf8c6b5b557f\tokio-1.53.1\src\runtime\scheduler\current_thread\mod.rs:218
  24: tokio::runtime::context::runtime::enter_runtime<tokio::runtime::scheduler::current_thread::impl$0::block_on::closure_env$0<core::pin::Pin<ref_mut$<dyn$<core::future::future::Future<assoc$<Output,tuple$<> > > > > > >,tuple$<> >
             at C:\Users\runneradmin\.cargo\registry\src\index.crates.io-1949cf8c6b5b557f\tokio-1.53.1\src\runtime\context\runtime.rs:65
  25: tokio::runtime::scheduler::current_thread::CurrentThread::block_on<core::pin::Pin<ref_mut$<dyn$<core::future::future::Future<assoc$<Output,tuple$<> > > > > > >
             at C:\Users\runneradmin\.cargo\registry\src\index.crates.io-1949cf8c6b5b557f\tokio-1.53.1\src\runtime\scheduler\current_thread\mod.rs:206
  26: tokio::runtime::runtime::Runtime::block_on_inner<core::pin::Pin<ref_mut$<dyn$<core::future::future::Future<assoc$<Output,tuple$<> > > > > > >
             at C:\Users\runneradmin\.cargo\registry\src\index.crates.io-1949cf8c6b5b557f\tokio-1.53.1\src\runtime\runtime.rs:374
  27: tokio::runtime::runtime::Runtime::block_on<core::pin::Pin<ref_mut$<dyn$<core::future::future::Future<assoc$<Output,tuple$<> > > > > > >
             at C:\Users\runneradmin\.cargo\registry\src\index.crates.io-1949cf8c6b5b557f\tokio-1.53.1\src\runtime\runtime.rs:343
  28: http_compat::chrome_isolated_storage
             at .\http_compat.rs:169
  29: http_compat::chrome_isolated_storage::closure$0
             at .\http_compat.rs:168
  30: core::ops::function::FnOnce::call_once<http_compat::chrome_isolated_storage::closure_env$0,tuple$<> >
             at /rustc/b940084d7eb6a299eb4bfeb8e34901bc051e7ac4/library\core\src\ops\function.rs:250
  31: core::ops::function::FnOnce::call_once
             at /rustc/b940084d7eb6a299eb4bfeb8e34901bc051e7ac4/library\core\src\ops\function.rs:250
note: Some details are omitted, run with `RUST_BACKTRACE=full` for a verbose backtrace.
FAILED
test chrome_javascript_exceptions ... Chrome version: Chrome/155.0.8059.39

thread 'chrome_javascript_exceptions' (5712) panicked at tests\http_compat.rs:161:10:
called `Result::unwrap()` on an `Err` value: Chrome(Navigation("net::ERR_ABORTED"))
stack backtrace:
   0: std::panicking::panic_handler
             at /rustc/b940084d7eb6a299eb4bfeb8e34901bc051e7ac4/library\std\src\panicking.rs:679
   1: core::panicking::panic_fmt
             at /rustc/b940084d7eb6a299eb4bfeb8e34901bc051e7ac4/library\core\src\panicking.rs:80
   2: core::result::unwrap_failed
             at /rustc/b940084d7eb6a299eb4bfeb8e34901bc051e7ac4/library\core\src\result.rs:1871
   3: enum2$<core::result::Result<tuple$<>,enum2$<rustwright::any::AnyError> > >::unwrap
             at /rustc/b940084d7eb6a299eb4bfeb8e34901bc051e7ac4/library\core\src\result.rs:1232
   4: http_compat::open::async_fn$0
             at .\http_compat.rs:161
   5: http_compat::javascript_exceptions::async_fn$0
             at .\http_compat.rs:214
   6: http_compat::chrome_javascript_exceptions::async_block$0
             at .\http_compat.rs:169
   7: core::future::future::impl$1::poll<ref_mut$<dyn$<core::future::future::Future<assoc$<Output,tuple$<> > > > > >
             at /rustc/b940084d7eb6a299eb4bfeb8e34901bc051e7ac4/library\core\src\future\future.rs:133
   8: core::future::future::impl$1::poll<ref_mut$<core::pin::Pin<ref_mut$<dyn$<core::future::future::Future<assoc$<Output,tuple$<> > > > > > > >
             at /rustc/b940084d7eb6a299eb4bfeb8e34901bc051e7ac4/library\core\src\future\future.rs:133
   9: tokio::runtime::scheduler::current_thread::impl$9::block_on::closure$0::closure$0::closure$0<core::pin::Pin<ref_mut$<core::pin::Pin<ref_mut$<dyn$<core::future::future::Future<assoc$<Output,tuple$<> > > > > > > > >
             at C:\Users\runneradmin\.cargo\registry\src\index.crates.io-1949cf8c6b5b557f\tokio-1.53.1\src\runtime\scheduler\current_thread\mod.rs:830
  10: tokio::task::coop::with_budget
             at C:\Users\runneradmin\.cargo\registry\src\index.crates.io-1949cf8c6b5b557f\tokio-1.53.1\src\task\coop\mod.rs:167
  11: tokio::task::coop::budget
             at C:\Users\runneradmin\.cargo\registry\src\index.crates.io-1949cf8c6b5b557f\tokio-1.53.1\src\task\coop\mod.rs:133
  12: tokio::runtime::scheduler::current_thread::impl$9::block_on::closure$0::closure$0<core::pin::Pin<ref_mut$<core::pin::Pin<ref_mut$<dyn$<core::future::future::Future<assoc$<Output,tuple$<> > > > > > > > >
             at C:\Users\runneradmin\.cargo\registry\src\index.crates.io-1949cf8c6b5b557f\tokio-1.53.1\src\runtime\scheduler\current_thread\mod.rs:830
  13: tokio::runtime::scheduler::current_thread::Context::enter<enum2$<core::task::poll::Poll<tuple$<> > >,tokio::runtime::scheduler::current_thread::impl$9::block_on::closure$0::closure_env$0<core::pin::Pin<ref_mut$<core::pin::Pin<ref_mut$<dyn$<core::future::fu
             at C:\Users\runneradmin\.cargo\registry\src\index.crates.io-1949cf8c6b5b557f\tokio-1.53.1\src\runtime\scheduler\current_thread\mod.rs:488
  14: tokio::runtime::scheduler::current_thread::impl$9::block_on::closure$0<core::pin::Pin<ref_mut$<core::pin::Pin<ref_mut$<dyn$<core::future::future::Future<assoc$<Output,tuple$<> > > > > > > > >
             at C:\Users\runneradmin\.cargo\registry\src\index.crates.io-1949cf8c6b5b557f\tokio-1.53.1\src\runtime\scheduler\current_thread\mod.rs:829
  15: tokio::runtime::scheduler::current_thread::impl$9::enter::closure$0<tokio::runtime::scheduler::current_thread::impl$9::block_on::closure_env$0<core::pin::Pin<ref_mut$<core::pin::Pin<ref_mut$<dyn$<core::future::future::Future<assoc$<Output,tuple$<> > > > > 
             at C:\Users\runneradmin\.cargo\registry\src\index.crates.io-1949cf8c6b5b557f\tokio-1.53.1\src\runtime\scheduler\current_thread\mod.rs:906
  16: tokio::runtime::context::scoped::Scoped<enum2$<tokio::runtime::scheduler::Context> >::set<enum2$<tokio::runtime::scheduler::Context>,tokio::runtime::scheduler::current_thread::impl$9::enter::closure_env$0<tokio::runtime::scheduler::current_thread::impl$9::
             at C:\Users\runneradmin\.cargo\registry\src\index.crates.io-1949cf8c6b5b557f\tokio-1.53.1\src\runtime\context\scoped.rs:40
  17: tokio::runtime::context::set_scheduler::closure$0<tuple$<alloc::boxed::Box<tokio::runtime::scheduler::current_thread::Core,alloc::alloc::Global>,enum2$<core::option::Option<tuple$<> > > >,tokio::runtime::scheduler::current_thread::impl$9::enter::closure_en
             at C:\Users\runneradmin\.cargo\registry\src\index.crates.io-1949cf8c6b5b557f\tokio-1.53.1\src\runtime\context.rs:187
  18: std::thread::local::LocalKey<tokio::runtime::context::Context>::try_with<tokio::runtime::context::Context,tokio::runtime::context::set_scheduler::closure_env$0<tuple$<alloc::boxed::Box<tokio::runtime::scheduler::current_thread::Core,alloc::alloc::Global>,e
             at /rustc/b940084d7eb6a299eb4bfeb8e34901bc051e7ac4/library\std\src\thread\local.rs:463
  19: std::thread::local::LocalKey<tokio::runtime::context::Context>::with<tokio::runtime::context::Context,tokio::runtime::context::set_scheduler::closure_env$0<tuple$<alloc::boxed::Box<tokio::runtime::scheduler::current_thread::Core,alloc::alloc::Global>,enum2
             at /rustc/b940084d7eb6a299eb4bfeb8e34901bc051e7ac4/library\std\src\thread\local.rs:427
  20: tokio::runtime::context::set_scheduler<tuple$<alloc::boxed::Box<tokio::runtime::scheduler::current_thread::Core,alloc::alloc::Global>,enum2$<core::option::Option<tuple$<> > > >,tokio::runtime::scheduler::current_thread::impl$9::enter::closure_env$0<tokio::
             at C:\Users\runneradmin\.cargo\registry\src\index.crates.io-1949cf8c6b5b557f\tokio-1.53.1\src\runtime\context.rs:187
  21: tokio::runtime::scheduler::current_thread::CoreGuard::enter<tokio::runtime::scheduler::current_thread::impl$9::block_on::closure_env$0<core::pin::Pin<ref_mut$<core::pin::Pin<ref_mut$<dyn$<core::future::future::Future<assoc$<Output,tuple$<> > > > > > > > >,
             at C:\Users\runneradmin\.cargo\registry\src\index.crates.io-1949cf8c6b5b557f\tokio-1.53.1\src\runtime\scheduler\current_thread\mod.rs:906
  22: tokio::runtime::scheduler::current_thread::CoreGuard::block_on<core::pin::Pin<ref_mut$<core::pin::Pin<ref_mut$<dyn$<core::future::future::Future<assoc$<Output,tuple$<> > > > > > > > >
             at C:\Users\runneradmin\.cargo\registry\src\index.crates.io-1949cf8c6b5b557f\tokio-1.53.1\src\runtime\scheduler\current_thread\mod.rs:817
  23: tokio::runtime::scheduler::current_thread::impl$0::block_on::closure$0<core::pin::Pin<ref_mut$<dyn$<core::future::future::Future<assoc$<Output,tuple$<> > > > > > >
             at C:\Users\runneradmin\.cargo\registry\src\index.crates.io-1949cf8c6b5b557f\tokio-1.53.1\src\runtime\scheduler\current_thread\mod.rs:218
  24: tokio::runtime::context::runtime::enter_runtime<tokio::runtime::scheduler::current_thread::impl$0::block_on::closure_env$0<core::pin::Pin<ref_mut$<dyn$<core::future::future::Future<assoc$<Output,tuple$<> > > > > > >,tuple$<> >
             at C:\Users\runneradmin\.cargo\registry\src\index.crates.io-1949cf8c6b5b557f\tokio-1.53.1\src\runtime\context\runtime.rs:65
  25: tokio::runtime::scheduler::current_thread::CurrentThread::block_on<core::pin::Pin<ref_mut$<dyn$<core::future::future::Future<assoc$<Output,tuple$<> > > > > > >
             at C:\Users\runneradmin\.cargo\registry\src\index.crates.io-1949cf8c6b5b557f\tokio-1.53.1\src\runtime\scheduler\current_thread\mod.rs:206
  26: tokio::runtime::runtime::Runtime::block_on_inner<core::pin::Pin<ref_mut$<dyn$<core::future::future::Future<assoc$<Output,tuple$<> > > > > > >
             at C:\Users\runneradmin\.cargo\registry\src\index.crates.io-1949cf8c6b5b557f\tokio-1.53.1\src\runtime\runtime.rs:374
  27: tokio::runtime::runtime::Runtime::block_on<core::pin::Pin<ref_mut$<dyn$<core::future::future::Future<assoc$<Output,tuple$<> > > > > > >
             at C:\Users\runneradmin\.cargo\registry\src\index.crates.io-1949cf8c6b5b557f\tokio-1.53.1\src\runtime\runtime.rs:343
  28: http_compat::chrome_javascript_exceptions
             at .\http_compat.rs:169
  29: http_compat::chrome_javascript_exceptions::closure$0
             at .\http_compat.rs:168
  30: core::ops::function::FnOnce::call_once<http_compat::chrome_javascript_exceptions::closure_env$0,tuple$<> >
             at /rustc/b940084d7eb6a299eb4bfeb8e34901bc051e7ac4/library\core\src\ops\function.rs:250
  31: core::ops::function::FnOnce::call_once
             at /rustc/b940084d7eb6a299eb4bfeb8e34901bc051e7ac4/library\core\src\ops\function.rs:250
note: Some details are omitted, run with `RUST_BACKTRACE=full` for a verbose backtrace.
FAILED
test chrome_navigation_and_forms ... Chrome version: Chrome/155.0.8059.39

thread 'chrome_navigation_and_forms' (896) panicked at tests\http_compat.rs:161:10:
called `Result::unwrap()` on an `Err` value: Chrome(Navigation("net::ERR_ABORTED"))
stack backtrace:
   0: std::panicking::panic_handler
             at /rustc/b940084d7eb6a299eb4bfeb8e34901bc051e7ac4/library\std\src\panicking.rs:679
   1: core::panicking::panic_fmt
             at /rustc/b940084d7eb6a299eb4bfeb8e34901bc051e7ac4/library\core\src\panicking.rs:80
   2: core::result::unwrap_failed
             at /rustc/b940084d7eb6a299eb4bfeb8e34901bc051e7ac4/library\core\src\result.rs:1871
   3: enum2$<core::result::Result<tuple$<>,enum2$<rustwright::any::AnyError> > >::unwrap
             at /rustc/b940084d7eb6a299eb4bfeb8e34901bc051e7ac4/library\core\src\result.rs:1232
   4: http_compat::open::async_fn$0
             at .\http_compat.rs:161
   5: http_compat::navigation_and_forms::async_fn$0
             at .\http_compat.rs:179
   6: http_compat::chrome_navigation_and_forms::async_block$0
             at .\http_compat.rs:169
   7: core::future::future::impl$1::poll<ref_mut$<dyn$<core::future::future::Future<assoc$<Output,tuple$<> > > > > >
             at /rustc/b940084d7eb6a299eb4bfeb8e34901bc051e7ac4/library\core\src\future\future.rs:133
   8: core::future::future::impl$1::poll<ref_mut$<core::pin::Pin<ref_mut$<dyn$<core::future::future::Future<assoc$<Output,tuple$<> > > > > > > >
             at /rustc/b940084d7eb6a299eb4bfeb8e34901bc051e7ac4/library\core\src\future\future.rs:133
   9: tokio::runtime::scheduler::current_thread::impl$9::block_on::closure$0::closure$0::closure$0<core::pin::Pin<ref_mut$<core::pin::Pin<ref_mut$<dyn$<core::future::future::Future<assoc$<Output,tuple$<> > > > > > > > >
             at C:\Users\runneradmin\.cargo\registry\src\index.crates.io-1949cf8c6b5b557f\tokio-1.53.1\src\runtime\scheduler\current_thread\mod.rs:830
  10: tokio::task::coop::with_budget
             at C:\Users\runneradmin\.cargo\registry\src\index.crates.io-1949cf8c6b5b557f\tokio-1.53.1\src\task\coop\mod.rs:167
  11: tokio::task::coop::budget
             at C:\Users\runneradmin\.cargo\registry\src\index.crates.io-1949cf8c6b5b557f\tokio-1.53.1\src\task\coop\mod.rs:133
  12: tokio::runtime::scheduler::current_thread::impl$9::block_on::closure$0::closure$0<core::pin::Pin<ref_mut$<core::pin::Pin<ref_mut$<dyn$<core::future::future::Future<assoc$<Output,tuple$<> > > > > > > > >
             at C:\Users\runneradmin\.cargo\registry\src\index.crates.io-1949cf8c6b5b557f\tokio-1.53.1\src\runtime\scheduler\current_thread\mod.rs:830
  13: tokio::runtime::scheduler::current_thread::Context::enter<enum2$<core::task::poll::Poll<tuple$<> > >,tokio::runtime::scheduler::current_thread::impl$9::block_on::closure$0::closure_env$0<core::pin::Pin<ref_mut$<core::pin::Pin<ref_mut$<dyn$<core::future::fu
             at C:\Users\runneradmin\.cargo\registry\src\index.crates.io-1949cf8c6b5b557f\tokio-1.53.1\src\runtime\scheduler\current_thread\mod.rs:488
  14: tokio::runtime::scheduler::current_thread::impl$9::block_on::closure$0<core::pin::Pin<ref_mut$<core::pin::Pin<ref_mut$<dyn$<core::future::future::Future<assoc$<Output,tuple$<> > > > > > > > >
             at C:\Users\runneradmin\.cargo\registry\src\index.crates.io-1949cf8c6b5b557f\tokio-1.53.1\src\runtime\scheduler\current_thread\mod.rs:829
  15: tokio::runtime::scheduler::current_thread::impl$9::enter::closure$0<tokio::runtime::scheduler::current_thread::impl$9::block_on::closure_env$0<core::pin::Pin<ref_mut$<core::pin::Pin<ref_mut$<dyn$<core::future::future::Future<assoc$<Output,tuple$<> > > > > 
             at C:\Users\runneradmin\.cargo\registry\src\index.crates.io-1949cf8c6b5b557f\tokio-1.53.1\src\runtime\scheduler\current_thread\mod.rs:906
  16: tokio::runtime::context::scoped::Scoped<enum2$<tokio::runtime::scheduler::Context> >::set<enum2$<tokio::runtime::scheduler::Context>,tokio::runtime::scheduler::current_thread::impl$9::enter::closure_env$0<tokio::runtime::scheduler::current_thread::impl$9::
             at C:\Users\runneradmin\.cargo\registry\src\index.crates.io-1949cf8c6b5b557f\tokio-1.53.1\src\runtime\context\scoped.rs:40
  17: tokio::runtime::context::set_scheduler::closure$0<tuple$<alloc::boxed::Box<tokio::runtime::scheduler::current_thread::Core,alloc::alloc::Global>,enum2$<core::option::Option<tuple$<> > > >,tokio::runtime::scheduler::current_thread::impl$9::enter::closure_en
             at C:\Users\runneradmin\.cargo\registry\src\index.crates.io-1949cf8c6b5b557f\tokio-1.53.1\src\runtime\context.rs:187
  18: std::thread::local::LocalKey<tokio::runtime::context::Context>::try_with<tokio::runtime::context::Context,tokio::runtime::context::set_scheduler::closure_env$0<tuple$<alloc::boxed::Box<tokio::runtime::scheduler::current_thread::Core,alloc::alloc::Global>,e
             at /rustc/b940084d7eb6a299eb4bfeb8e34901bc051e7ac4/library\std\src\thread\local.rs:463
  19: std::thread::local::LocalKey<tokio::runtime::context::Context>::with<tokio::runtime::context::Context,tokio::runtime::context::set_scheduler::closure_env$0<tuple$<alloc::boxed::Box<tokio::runtime::scheduler::current_thread::Core,alloc::alloc::Global>,enum2
             at /rustc/b940084d7eb6a299eb4bfeb8e34901bc051e7ac4/library\std\src\thread\local.rs:427
  20: tokio::runtime::context::set_scheduler<tuple$<alloc::boxed::Box<tokio::runtime::scheduler::current_thread::Core,alloc::alloc::Global>,enum2$<core::option::Option<tuple$<> > > >,tokio::runtime::scheduler::current_thread::impl$9::enter::closure_env$0<tokio::
             at C:\Users\runneradmin\.cargo\registry\src\index.crates.io-1949cf8c6b5b557f\tokio-1.53.1\src\runtime\context.rs:187
  21: tokio::runtime::scheduler::current_thread::CoreGuard::enter<tokio::runtime::scheduler::current_thread::impl$9::block_on::closure_env$0<core::pin::Pin<ref_mut$<core::pin::Pin<ref_mut$<dyn$<core::future::future::Future<assoc$<Output,tuple$<> > > > > > > > >,
             at C:\Users\runneradmin\.cargo\registry\src\index.crates.io-1949cf8c6b5b557f\tokio-1.53.1\src\runtime\scheduler\current_thread\mod.rs:906
  22: tokio::runtime::scheduler::current_thread::CoreGuard::block_on<core::pin::Pin<ref_mut$<core::pin::Pin<ref_mut$<dyn$<core::future::future::Future<assoc$<Output,tuple$<> > > > > > > > >
             at C:\Users\runneradmin\.cargo\registry\src\index.crates.io-1949cf8c6b5b557f\tokio-1.53.1\src\runtime\scheduler\current_thread\mod.rs:817
  23: tokio::runtime::scheduler::current_thread::impl$0::block_on::closure$0<core::pin::Pin<ref_mut$<dyn$<core::future::future::Future<assoc$<Output,tuple$<> > > > > > >
             at C:\Users\runneradmin\.cargo\registry\src\index.crates.io-1949cf8c6b5b557f\tokio-1.53.1\src\runtime\scheduler\current_thread\mod.rs:218
  24: tokio::runtime::context::runtime::enter_runtime<tokio::runtime::scheduler::current_thread::impl$0::block_on::closure_env$0<core::pin::Pin<ref_mut$<dyn$<core::future::future::Future<assoc$<Output,tuple$<> > > > > > >,tuple$<> >
             at C:\Users\runneradmin\.cargo\registry\src\index.crates.io-1949cf8c6b5b557f\tokio-1.53.1\src\runtime\context\runtime.rs:65
  25: tokio::runtime::scheduler::current_thread::CurrentThread::block_on<core::pin::Pin<ref_mut$<dyn$<core::future::future::Future<assoc$<Output,tuple$<> > > > > > >
             at C:\Users\runneradmin\.cargo\registry\src\index.crates.io-1949cf8c6b5b557f\tokio-1.53.1\src\runtime\scheduler\current_thread\mod.rs:206
  26: tokio::runtime::runtime::Runtime::block_on_inner<core::pin::Pin<ref_mut$<dyn$<core::future::future::Future<assoc$<Output,tuple$<> > > > > > >
             at C:\Users\runneradmin\.cargo\registry\src\index.crates.io-1949cf8c6b5b557f\tokio-1.53.1\src\runtime\runtime.rs:374
  27: tokio::runtime::runtime::Runtime::block_on<core::pin::Pin<ref_mut$<dyn$<core::future::future::Future<assoc$<Output,tuple$<> > > > > > >
             at C:\Users\runneradmin\.cargo\registry\src\index.crates.io-1949cf8c6b5b557f\tokio-1.53.1\src\runtime\runtime.rs:343
  28: http_compat::chrome_navigation_and_forms
             at .\http_compat.rs:169
  29: http_compat::chrome_navigation_and_forms::closure$0
             at .\http_compat.rs:168
  30: core::ops::function::FnOnce::call_once<http_compat::chrome_navigation_and_forms::closure_env$0,tuple$<> >
             at /rustc/b940084d7eb6a299eb4bfeb8e34901bc051e7ac4/library\core\src\ops\function.rs:250
  31: core::ops::function::FnOnce::call_once
             at /rustc/b940084d7eb6a299eb4bfeb8e34901bc051e7ac4/library\core\src\ops\function.rs:250
note: Some details are omitted, run with `RUST_BACKTRACE=full` for a verbose backtrace.
FAILED
test chrome_wait_deadline ... Chrome version: Chrome/155.0.8059.39

thread 'chrome_wait_deadline' (8712) panicked at tests\http_compat.rs:161:10:
called `Result::unwrap()` on an `Err` value: Chrome(Navigation("net::ERR_ABORTED"))
stack backtrace:
   0: std::panicking::panic_handler
             at /rustc/b940084d7eb6a299eb4bfeb8e34901bc051e7ac4/library\std\src\panicking.rs:679
   1: core::panicking::panic_fmt
             at /rustc/b940084d7eb6a299eb4bfeb8e34901bc051e7ac4/library\core\src\panicking.rs:80
   2: core::result::unwrap_failed
             at /rustc/b940084d7eb6a299eb4bfeb8e34901bc051e7ac4/library\core\src\result.rs:1871
   3: enum2$<core::result::Result<tuple$<>,enum2$<rustwright::any::AnyError> > >::unwrap
             at /rustc/b940084d7eb6a299eb4bfeb8e34901bc051e7ac4/library\core\src\result.rs:1232
   4: http_compat::open::async_fn$0
             at .\http_compat.rs:161
   5: http_compat::wait_deadline::async_fn$0
             at .\http_compat.rs:245
   6: http_compat::chrome_wait_deadline::async_block$0
             at .\http_compat.rs:169
   7: core::future::future::impl$1::poll<ref_mut$<dyn$<core::future::future::Future<assoc$<Output,tuple$<> > > > > >
             at /rustc/b940084d7eb6a299eb4bfeb8e34901bc051e7ac4/library\core\src\future\future.rs:133
   8: core::future::future::impl$1::poll<ref_mut$<core::pin::Pin<ref_mut$<dyn$<core::future::future::Future<assoc$<Output,tuple$<> > > > > > > >
             at /rustc/b940084d7eb6a299eb4bfeb8e34901bc051e7ac4/library\core\src\future\future.rs:133
   9: tokio::runtime::scheduler::current_thread::impl$9::block_on::closure$0::closure$0::closure$0<core::pin::Pin<ref_mut$<core::pin::Pin<ref_mut$<dyn$<core::future::future::Future<assoc$<Output,tuple$<> > > > > > > > >
             at C:\Users\runneradmin\.cargo\registry\src\index.crates.io-1949cf8c6b5b557f\tokio-1.53.1\src\runtime\scheduler\current_thread\mod.rs:830
  10: tokio::task::coop::with_budget
             at C:\Users\runneradmin\.cargo\registry\src\index.crates.io-1949cf8c6b5b557f\tokio-1.53.1\src\task\coop\mod.rs:167
  11: tokio::task::coop::budget
             at C:\Users\runneradmin\.cargo\registry\src\index.crates.io-1949cf8c6b5b557f\tokio-1.53.1\src\task\coop\mod.rs:133
  12: tokio::runtime::scheduler::current_thread::impl$9::block_on::closure$0::closure$0<core::pin::Pin<ref_mut$<core::pin::Pin<ref_mut$<dyn$<core::future::future::Future<assoc$<Output,tuple$<> > > > > > > > >
             at C:\Users\runneradmin\.cargo\registry\src\index.crates.io-1949cf8c6b5b557f\tokio-1.53.1\src\runtime\scheduler\current_thread\mod.rs:830
  13: tokio::runtime::scheduler::current_thread::Context::enter<enum2$<core::task::poll::Poll<tuple$<> > >,tokio::runtime::scheduler::current_thread::impl$9::block_on::closure$0::closure_env$0<core::pin::Pin<ref_mut$<core::pin::Pin<ref_mut$<dyn$<core::future::fu
             at C:\Users\runneradmin\.cargo\registry\src\index.crates.io-1949cf8c6b5b557f\tokio-1.53.1\src\runtime\scheduler\current_thread\mod.rs:488
  14: tokio::runtime::scheduler::current_thread::impl$9::block_on::closure$0<core::pin::Pin<ref_mut$<core::pin::Pin<ref_mut$<dyn$<core::future::future::Future<assoc$<Output,tuple$<> > > > > > > > >
             at C:\Users\runneradmin\.cargo\registry\src\index.crates.io-1949cf8c6b5b557f\tokio-1.53.1\src\runtime\scheduler\current_thread\mod.rs:829
  15: tokio::runtime::scheduler::current_thread::impl$9::enter::closure$0<tokio::runtime::scheduler::current_thread::impl$9::block_on::closure_env$0<core::pin::Pin<ref_mut$<core::pin::Pin<ref_mut$<dyn$<core::future::future::Future<assoc$<Output,tuple$<> > > > > 
             at C:\Users\runneradmin\.cargo\registry\src\index.crates.io-1949cf8c6b5b557f\tokio-1.53.1\src\runtime\scheduler\current_thread\mod.rs:906
  16: tokio::runtime::context::scoped::Scoped<enum2$<tokio::runtime::scheduler::Context> >::set<enum2$<tokio::runtime::scheduler::Context>,tokio::runtime::scheduler::current_thread::impl$9::enter::closure_env$0<tokio::runtime::scheduler::current_thread::impl$9::
             at C:\Users\runneradmin\.cargo\registry\src\index.crates.io-1949cf8c6b5b557f\tokio-1.53.1\src\runtime\context\scoped.rs:40
  17: tokio::runtime::context::set_scheduler::closure$0<tuple$<alloc::boxed::Box<tokio::runtime::scheduler::current_thread::Core,alloc::alloc::Global>,enum2$<core::option::Option<tuple$<> > > >,tokio::runtime::scheduler::current_thread::impl$9::enter::closure_en
             at C:\Users\runneradmin\.cargo\registry\src\index.crates.io-1949cf8c6b5b557f\tokio-1.53.1\src\runtime\context.rs:187
  18: std::thread::local::LocalKey<tokio::runtime::context::Context>::try_with<tokio::runtime::context::Context,tokio::runtime::context::set_scheduler::closure_env$0<tuple$<alloc::boxed::Box<tokio::runtime::scheduler::current_thread::Core,alloc::alloc::Global>,e
             at /rustc/b940084d7eb6a299eb4bfeb8e34901bc051e7ac4/library\std\src\thread\local.rs:463
  19: std::thread::local::LocalKey<tokio::runtime::context::Context>::with<tokio::runtime::context::Context,tokio::runtime::context::set_scheduler::closure_env$0<tuple$<alloc::boxed::Box<tokio::runtime::scheduler::current_thread::Core,alloc::alloc::Global>,enum2
             at /rustc/b940084d7eb6a299eb4bfeb8e34901bc051e7ac4/library\std\src\thread\local.rs:427
  20: tokio::runtime::context::set_scheduler<tuple$<alloc::boxed::Box<tokio::runtime::scheduler::current_thread::Core,alloc::alloc::Global>,enum2$<core::option::Option<tuple$<> > > >,tokio::runtime::scheduler::current_thread::impl$9::enter::closure_env$0<tokio::
             at C:\Users\runneradmin\.cargo\registry\src\index.crates.io-1949cf8c6b5b557f\tokio-1.53.1\src\runtime\context.rs:187
  21: tokio::runtime::scheduler::current_thread::CoreGuard::enter<tokio::runtime::scheduler::current_thread::impl$9::block_on::closure_env$0<core::pin::Pin<ref_mut$<core::pin::Pin<ref_mut$<dyn$<core::future::future::Future<assoc$<Output,tuple$<> > > > > > > > >,
             at C:\Users\runneradmin\.cargo\registry\src\index.crates.io-1949cf8c6b5b557f\tokio-1.53.1\src\runtime\scheduler\current_thread\mod.rs:906
  22: tokio::runtime::scheduler::current_thread::CoreGuard::block_on<core::pin::Pin<ref_mut$<core::pin::Pin<ref_mut$<dyn$<core::future::future::Future<assoc$<Output,tuple$<> > > > > > > > >
             at C:\Users\runneradmin\.cargo\registry\src\index.crates.io-1949cf8c6b5b557f\tokio-1.53.1\src\runtime\scheduler\current_thread\mod.rs:817
  23: tokio::runtime::scheduler::current_thread::impl$0::block_on::closure$0<core::pin::Pin<ref_mut$<dyn$<core::future::future::Future<assoc$<Output,tuple$<> > > > > > >
             at C:\Users\runneradmin\.cargo\registry\src\index.crates.io-1949cf8c6b5b557f\tokio-1.53.1\src\runtime\scheduler\current_thread\mod.rs:218
  24: tokio::runtime::context::runtime::enter_runtime<tokio::runtime::scheduler::current_thread::impl$0::block_on::closure_env$0<core::pin::Pin<ref_mut$<dyn$<core::future::future::Future<assoc$<Output,tuple$<> > > > > > >,tuple$<> >
             at C:\Users\runneradmin\.cargo\registry\src\index.crates.io-1949cf8c6b5b557f\tokio-1.53.1\src\runtime\context\runtime.rs:65
  25: tokio::runtime::scheduler::current_thread::CurrentThread::block_on<core::pin::Pin<ref_mut$<dyn$<core::future::future::Future<assoc$<Output,tuple$<> > > > > > >
             at C:\Users\runneradmin\.cargo\registry\src\index.crates.io-1949cf8c6b5b557f\tokio-1.53.1\src\runtime\scheduler\current_thread\mod.rs:206
  26: tokio::runtime::runtime::Runtime::block_on_inner<core::pin::Pin<ref_mut$<dyn$<core::future::future::Future<assoc$<Output,tuple$<> > > > > > >
             at C:\Users\runneradmin\.cargo\registry\src\index.crates.io-1949cf8c6b5b557f\tokio-1.53.1\src\runtime\runtime.rs:374
  27: tokio::runtime::runtime::Runtime::block_on<core::pin::Pin<ref_mut$<dyn$<core::future::future::Future<assoc$<Output,tuple$<> > > > > > >
             at C:\Users\runneradmin\.cargo\registry\src\index.crates.io-1949cf8c6b5b557f\tokio-1.53.1\src\runtime\runtime.rs:343
  28: http_compat::chrome_wait_deadline
             at .\http_compat.rs:169
  29: http_compat::chrome_wait_deadline::closure$0
             at .\http_compat.rs:168
  30: core::ops::function::FnOnce::call_once<http_compat::chrome_wait_deadline::closure_env$0,tuple$<> >
             at /rustc/b940084d7eb6a299eb4bfeb8e34901bc051e7ac4/library\core\src\ops\function.rs:250
  31: core::ops::function::FnOnce::call_once
             at /rustc/b940084d7eb6a299eb4bfeb8e34901bc051e7ac4/library\core\src\ops\function.rs:250
note: Some details are omitted, run with `RUST_BACKTRACE=full` for a verbose backtrace.
FAILED
test firefox_cancelled_wait_recovers ... Firefox version: Some("157.0.1")
ok
test firefox_closing_page_wakes_wait ... Firefox version: Some("157.0.1")
ok
test firefox_delayed_and_absent_elements ... Firefox version: Some("157.0.1")
ok
test firefox_disconnect_wakes_wait ... Firefox version: Some("157.0.1")
ok
test firefox_frame_click ... Firefox version: Some("157.0.1")
ok
test firefox_frame_hover_and_keyboard ... Firefox version: Some("157.0.1")
ok
test firefox_frame_reload ... Firefox version: Some("157.0.1")
ok
test firefox_isolated_popup_ownership ... Firefox version: Some("157.0.1")
ok
test firefox_isolated_storage ... Firefox version: Some("157.0.1")
ok
test firefox_javascript_exceptions ... Firefox version: Some("157.0.1")
ok
test firefox_navigation_and_forms ... Firefox version: Some("157.0.1")
ok
test firefox_wait_deadline ... Firefox version: Some("157.0.1")
ok

failures:

failures:
    chrome_cancelled_wait_recovers
    chrome_closing_page_wakes_wait
    chrome_delayed_and_absent_elements
    chrome_frame_click
    chrome_frame_hover_and_keyboard
    chrome_frame_reload
    chrome_isolated_popup_ownership
    chrome_isolated_storage
    chrome_javascript_exceptions
    chrome_navigation_and_forms
    chrome_wait_deadline

test result: FAILED. 13 passed; 11 failed; 0 ignored; 0 measured; 0 filtered out; finished in 75.01s

[1m[91merror[0m: test failed, to rerun pass `-p rustwright-integration-tests --test http_compat`
