[1m[92m    Updating[0m crates.io index
[1m[92m Downloading[0m crates ...
[1m[92m  Downloaded[0m errno v0.3.14
[1m[92m  Downloaded[0m serde v1.0.229
[1m[92m  Downloaded[0m futures-core v0.3.34
[1m[92m  Downloaded[0m digest v0.11.3
[1m[92m  Downloaded[0m cfg-if v1.0.5
[1m[92m  Downloaded[0m futures-macro v0.3.34
[1m[92m  Downloaded[0m tokio-macros v2.7.2
[1m[92m  Downloaded[0m zmij v1.0.23
[1m[92m  Downloaded[0m base64 v0.22.1
[1m[92m  Downloaded[0m quote v1.0.47
[1m[92m  Downloaded[0m chacha20 v0.10.2
[1m[92m  Downloaded[0m httparse v1.10.1
[1m[92m  Downloaded[0m rand_core v0.10.1
[1m[92m  Downloaded[0m serde_json v1.0.151
[1m[92m  Downloaded[0m thiserror v2.0.20
[1m[92m  Downloaded[0m cpufeatures v0.3.1
[1m[92m  Downloaded[0m futures-sink v0.3.34
[1m[92m  Downloaded[0m sha1 v0.11.0
[1m[92m  Downloaded[0m thiserror-impl v2.0.20
[1m[92m  Downloaded[0m futures-task v0.3.34
[1m[92m  Downloaded[0m crypto-common v0.2.2
[1m[92m  Downloaded[0m tokio-tungstenite v0.30.0
[1m[92m  Downloaded[0m itoa v1.0.18
[1m[92m  Downloaded[0m slab v0.4.12
[1m[92m  Downloaded[0m block-buffer v0.12.1
[1m[92m  Downloaded[0m once_cell v1.21.4
[1m[92m  Downloaded[0m tungstenite v0.30.0
[1m[92m  Downloaded[0m data-encoding v2.11.1
[1m[92m  Downloaded[0m serde_derive v1.0.229
[1m[92m  Downloaded[0m signal-hook-registry v1.4.8
[1m[92m  Downloaded[0m unicode-ident v1.0.26
[1m[92m  Downloaded[0m hybrid-array v0.4.15
[1m[92m  Downloaded[0m pin-project-lite v0.2.17
[1m[92m  Downloaded[0m serde_core v1.0.229
[1m[92m  Downloaded[0m socket2 v0.6.5
[1m[92m  Downloaded[0m tracing-attributes v0.1.31
[1m[92m  Downloaded[0m bytes v1.12.1
[1m[92m  Downloaded[0m getrandom v0.4.3
[1m[92m  Downloaded[0m log v0.4.34
[1m[92m  Downloaded[0m tracing-core v0.1.36
[1m[92m  Downloaded[0m const-oid v0.10.2
[1m[92m  Downloaded[0m memchr v2.8.3
[1m[92m  Downloaded[0m proc-macro2 v1.0.107
[1m[92m  Downloaded[0m typenum v1.20.1
[1m[92m  Downloaded[0m http v1.5.0
[1m[92m  Downloaded[0m mio v1.2.3
[1m[92m  Downloaded[0m rand v0.10.2
[1m[92m  Downloaded[0m futures-util v0.3.34
[1m[92m  Downloaded[0m syn v2.0.119
[1m[92m  Downloaded[0m syn v3.0.6
[1m[92m  Downloaded[0m tracing v0.1.44
[1m[92m  Downloaded[0m libc v0.2.189
[1m[92m  Downloaded[0m tokio v1.53.1
[1m[92m   Compiling[0m proc-macro2 v1.0.107
[1m[92m   Compiling[0m quote v1.0.47
[1m[92m   Compiling[0m unicode-ident v1.0.26
[1m[92m   Compiling[0m libc v0.2.189
[1m[92m   Compiling[0m typenum v1.20.1
[1m[92m   Compiling[0m cfg-if v1.0.5
[1m[92m   Compiling[0m syn v3.0.6
[1m[92m   Compiling[0m serde_core v1.0.229
[1m[92m   Compiling[0m hybrid-array v0.4.15
[1m[92m   Compiling[0m itoa v1.0.18
[1m[92m   Compiling[0m getrandom v0.4.3
[1m[92m   Compiling[0m rand_core v0.10.1
[1m[92m   Compiling[0m crypto-common v0.2.2
[1m[92m   Compiling[0m block-buffer v0.12.1
[1m[92m   Compiling[0m thiserror v2.0.20
[1m[92m   Compiling[0m zmij v1.0.23
[1m[92m   Compiling[0m pin-project-lite v0.2.17
[1m[92m   Compiling[0m httparse v1.10.1
[1m[92m   Compiling[0m const-oid v0.10.2
[1m[92m   Compiling[0m bytes v1.12.1
[1m[92m   Compiling[0m digest v0.11.3
[1m[92m   Compiling[0m chacha20 v0.10.2
[1m[92m   Compiling[0m cpufeatures v0.3.1
[1m[92m   Compiling[0m errno v0.3.14
[1m[92m   Compiling[0m serde_json v1.0.151
[1m[92m   Compiling[0m signal-hook-registry v1.4.8
[1m[92m   Compiling[0m sha1 v0.11.0
[1m[92m   Compiling[0m thiserror-impl v2.0.20
[1m[92m   Compiling[0m futures-macro v0.3.34
[1m[92m   Compiling[0m tokio-macros v2.7.2
[1m[92m   Compiling[0m rand v0.10.2
[1m[92m   Compiling[0m http v1.5.0
[1m[92m   Compiling[0m syn v2.0.119
[1m[92m   Compiling[0m socket2 v0.6.5
[1m[92m   Compiling[0m mio v1.2.3
[1m[92m   Compiling[0m serde v1.0.229
[1m[92m   Compiling[0m slab v0.4.12
[1m[92m   Compiling[0m memchr v2.8.3
[1m[92m   Compiling[0m futures-task v0.3.34
[1m[92m   Compiling[0m futures-sink v0.3.34
[1m[92m   Compiling[0m data-encoding v2.11.1
[1m[92m   Compiling[0m log v0.4.34
[1m[92m   Compiling[0m once_cell v1.21.4
[1m[92m   Compiling[0m futures-core v0.3.34
[1m[92m   Compiling[0m futures-util v0.3.34
[1m[92m   Compiling[0m tracing-core v0.1.36
[1m[92m   Compiling[0m tungstenite v0.30.0
[1m[92m   Compiling[0m tokio v1.53.1
[1m[92m   Compiling[0m tracing-attributes v0.1.31
[1m[92m   Compiling[0m serde_derive v1.0.229
[1m[92m   Compiling[0m tracing v0.1.44
[1m[92m   Compiling[0m rustwright-common v0.1.0 (/Users/runner/work/rustwright/rustwright/crates/rustwright-common)
[1m[92m   Compiling[0m base64 v0.22.1
[1m[92m   Compiling[0m tokio-tungstenite v0.30.0
[1m[92m   Compiling[0m rustwright-cdp v0.1.0 (/Users/runner/work/rustwright/rustwright/crates/rustwright-cdp)
[1m[92m   Compiling[0m rustwright-browser v0.1.0 (/Users/runner/work/rustwright/rustwright/crates/rustwright-browser)
[1m[33mwarning[0m[1m: function `find_on_path` is never used[0m
   [1m[94m--> [0mcrates/rustwright-browser/src/discovery.rs:179:8
    [1m[94m|[0m
[1m[94m179[0m [1m[94m|[0m pub fn find_on_path(name: &str) -> Vec<PathBuf> {
    [1m[94m|[0m        [1m[33m^^^^^^^^^^^^[0m
    [1m[94m|[0m
    [1m[94m= [0m[1mnote[0m: `#[warn(dead_code)]` (part of `#[warn(unused)]`) on by default

[1m[33mwarning[0m[1m: function `executable_name` is never used[0m
   [1m[94m--> [0mcrates/rustwright-browser/src/discovery.rs:197:4
    [1m[94m|[0m
[1m[94m197[0m [1m[94m|[0m fn executable_name(name: &str) -> String {
    [1m[94m|[0m    [1m[33m^^^^^^^^^^^^^^^[0m

[1m[92m   Compiling[0m rustwright-core v0.1.0 (/Users/runner/work/rustwright/rustwright/crates/rustwright-core)
[1m[92m   Compiling[0m rustwright-bidi v0.1.0 (/Users/runner/work/rustwright/rustwright/crates/rustwright-bidi)
[1m[33mwarning[0m: `rustwright-browser` (lib) generated 2 warnings
[1m[92m   Compiling[0m rustwright v0.1.0 (/Users/runner/work/rustwright/rustwright/crates/rustwright)
[1m[92m   Compiling[0m rustwright-integration-tests v0.1.0 (/Users/runner/work/rustwright/rustwright/tests)
[1m[92m    Finished[0m `test` profile [unoptimized + debuginfo] target(s) in 22.48s
[1m[92m     Running[0m http_compat.rs (target/debug/deps/http_compat-560516b5daaad87b)

running 24 tests
test chrome_cancelled_wait_recovers ... Chrome version: Chrome/155.0.8059.39
HTTP compat Chrome stage: new_page start
HTTP compat Chrome new_page timed out: Elapsed(())
Chrome page-creation launch diagnostics: BrowserDiagnostics { product: "Chrome/155.0.8059.39", protocol_version: "1.3", user_agent: "Mozilla/5.0 (Macintosh; Intel Mac OS X 10_15_7) AppleWebKit/537.36 (KHTML, like Gecko) HeadlessChrome/155.0.0.0 Safari/537.36", executable: Some("/Users/runner/hostedtoolcache/setup-chrome/chrome/stable/arm64/Contents/MacOS/Google Chrome for Testing"), launch_args: ["--remote-debugging-port=0", "--no-first-run", "--no-default-browser-check", "--user-data-dir=/var/folders/36/tjdph2t965j8snz9_vkdnw0r0000gn/T/rustwright-2285-1791558336930210000-0", "--headless=new", "--disable-gpu", "--hide-scrollbars", "--mute-audio", "about:blank"], user_data_dir: Some("/var/folders/36/tjdph2t965j8snz9_vkdnw0r0000gn/T/rustwright-2285-1791558336930210000-0"), endpoint: Some("http://127.0.0.1:49182"), pid: Some(2286), ephemeral_profile: true, browser_log: Some("/var/folders/36/tjdph2t965j8snz9_vkdnw0r0000gn/T/rustwright-2285-1791558336930210000-0/rustwright-chrome.log") }
Chrome page-creation pending commands: 0
Chrome stderr (first 16 KiB): Ok("[2299:10629:1009/150538.418340:ERROR:base/apple/mach_port_rendezvous_mac.cc:256] bootstrap_look_up com.google.chrome.for.testing.MachPortRendezvousServer.2286: Permission denied (1100)\n[2299:10629:1009/150538.418971:ERROR:base/memory/shared_memory_switch.cc:261] No rendezvous client, terminating process (parent died?)\n[2300:10642:1009/150538.463950:ERROR:base/apple/mach_port_rendezvous_mac.cc:256] bootstrap_look_up com.google.chrome.for.testing.MachPortRendezvousServer.2286: Permission denied (1100)\n[2300:10642:1009/150538.464250:ERROR:base/memory/shared_memory_switch.cc:261] No rendezvous client, terminating process (parent died?)\n[2302:10673:1009/150538.681282:ERROR:base/apple/mach_port_rendezvous_mac.cc:256] bootstrap_look_up com.google.chrome.for.testing.MachPortRendezvousServer.2286: Unknown service name (1102)\n[2302:10673:1009/150538.681610:ERROR:base/memory/shared_memory_switch.cc:261] No rendezvous client, terminating process (parent died?)\n[2301:10672:1009/150538.683882:ERROR:base/apple/mach_port_rendezvous_mac.cc:256] bootstrap_look_up com.google.chrome.for.testing.MachPortRendezvousServer.2286: Permission denied (1100)\n[2301:10672:1009/150538.684061:ERROR:base/memory/shared_memory_switch.cc:261] No rendezvous client, terminating process (parent died?)\n\nDevTools listening on ws://127.0.0.1:49182/devtools/browser/2987e2b2-4829-4fd7-9851-07a978bfa459\n[2303:10693:1009/150539.122089:ERROR:base/apple/mach_port_rendezvous_mac.cc:256] bootstrap_look_up com.google.chrome.for.testing.MachPortRendezvousServer.2286: Permission denied (1100)\n[2303:10693:1009/150539.122387:ERROR:base/memory/shared_memory_switch.cc:261] No rendezvous client, terminating process (parent died?)\n[2306:10714:1009/150539.346765:ERROR:base/apple/mach_port_rendezvous_mac.cc:256] bootstrap_look_up com.google.chrome.for.testing.MachPortRendezvousServer.2286: Permission denied (1100)\n[2306:10714:1009/150539.347094:ERROR:base/memory/shared_memory_switch.cc:261] No rendezvous client, terminating process (parent died?)\n[2307:10715:1009/150539.346887:ERROR:base/apple/mach_port_rendezvous_mac.cc:256] bootstrap_look_up com.google.chrome.for.testing.MachPortRendezvousServer.2286: Permission denied (1100)\n[2307:10715:1009/150539.347119:ERROR:base/memory/shared_memory_switch.cc:261] No rendezvous client, terminating process (parent died?)\n[2286:10523:1009/150539.454934:ERROR:content/browser/network_service_instance_impl.cc:653] Network service crashed or was terminated, restarting service.\n[2312:10729:1009/150539.549747:ERROR:base/apple/mach_port_rendezvous_mac.cc:256] bootstrap_look_up com.google.chrome.for.testing.MachPortRendezvousServer.2286: Permission denied (1100)\n[2312:10729:1009/150539.550225:ERROR:base/memory/shared_memory_switch.cc:261] No rendezvous client, terminating process (parent died?)\n[2311:10728:1009/150539.577730:ERROR:base/apple/mach_port_rendezvous_mac.cc:256] bootstrap_look_up com.google.chrome.for.testing.MachPortRendezvousServer.2286: Permission denied (1100)\n[2311:10728:1009/150539.578124:ERROR:base/memory/shared_memory_switch.cc:261] No rendezvous client, terminating process (parent died?)\n[2310:10727:1009/150539.593833:ERROR:base/apple/mach_port_rendezvous_mac.cc:256] bootstrap_look_up com.google.chrome.for.testing.MachPortRendezvousServer.2286: Permission denied (1100)\n[2310:10727:1009/150539.594469:ERROR:base/memory/shared_memory_switch.cc:261] No rendezvous client, terminating process (parent died?)\n[2314:10732:1009/150539.593978:ERROR:base/apple/mach_port_rendezvous_mac.cc:256] bootstrap_look_up com.google.chrome.for.testing.MachPortRendezvousServer.2286: Permission denied (1100)\n[2314:10732:1009/150539.594508:ERROR:base/memory/shared_memory_switch.cc:261] No rendezvous client, terminating process (parent died?)\n[2286:10523:1009/150539.597977:ERROR:content/browser/network_service_instance_impl.cc:653] Network service crashed or was terminated, restarting service.\n[2316:10749:1009/150539.687326:ERROR:base/apple/mach_port_rendezvous_mac.cc:256] bootstrap_look_up com.google.chrome.for.testing.MachPortRendezvousServer.2286: Permission denied (1100)\n[2316:10749:1009/150539.688527:ERROR:base/memory/shared_memory_switch.cc:261] No rendezvous client, terminating process (parent died?)\n[2315:10738:1009/150539.693777:ERROR:base/apple/mach_port_rendezvous_mac.cc:256] bootstrap_look_up com.google.chrome.for.testing.MachPortRendezvousServer.2286: Permission denied (1100)\n[2315:10738:1009/150539.694043:ERROR:base/memory/shared_memory_switch.cc:261] No rendezvous client, terminating process (parent died?)\n[2317:10750:1009/150539.694102:ERROR:base/apple/mach_port_rendezvous_mac.cc:256] bootstrap_look_up com.google.chrome.for.testing.MachPortRendezvousServer.2286: Permission denied (1100)\n[2317:10750:1009/150539.695314:ERROR:base/memory/shared_memory_switch.cc:261] No rendezvous client, terminating process (parent died?)\n[2318:10751:1009/150539.697661:ERROR:base/apple/mach_port_rendezvous_mac.cc:256] bootstrap_look_up com.google.chrome.for.testing.MachPortRendezvousServer.2286: Permission denied (1100)\n[2318:10751:1009/150539.698008:ERROR:base/memory/shared_memory_switch.cc:261] No rendezvous client, terminating process (parent died?)\n[2286:10523:1009/150539.706045:ERROR:content/browser/network_service_instance_impl.cc:653] Network service crashed or was terminated, restarting service.\n[2321:10765:1009/150539.790847:ERROR:base/apple/mach_port_rendezvous_mac.cc:256] bootstrap_look_up com.google.chrome.for.testing.MachPortRendezvousServer.2286: Permission denied (1100)\n[2321:10765:1009/150539.791225:ERROR:base/memory/shared_memory_switch.cc:261] No rendezvous client, terminating process (parent died?)\n[2320:10764:1009/150539.816477:ERROR:base/apple/mach_port_rendezvous_mac.cc:256] bootstrap_look_up com.google.chrome.for.testing.MachPortRendezvousServer.2286: Permission denied (1100)\n[2320:10764:1009/150539.816909:ERROR:base/memory/shared_memory_switch.cc:261] No rendezvous client, terminating process (parent died?)\n[2286:10523:1009/150539.818781:ERROR:content/browser/network_service_instance_impl.cc:653] Network service crashed or was terminated, restarting service.\n[2319:10763:1009/150539.822378:ERROR:base/apple/mach_port_rendezvous_mac.cc:256] bootstrap_look_up com.google.chrome.for.testing.MachPortRendezvousServer.2286: Permission denied (1100)\n[2319:10763:1009/150539.822758:ERROR:base/memory/shared_memory_switch.cc:261] No rendezvous client, terminating process (parent died?)\n[2324:10773:1009/150539.871517:ERROR:base/apple/mach_port_rendezvous_mac.cc:256] bootstrap_look_up com.google.chrome.for.testing.MachPortRendezvousServer.2286: Permission denied (1100)\n[2324:10773:1009/150539.871698:ERROR:base/memory/shared_memory_switch.cc:261] No rendezvous client, terminating process (parent died?)\n[2325:10779:1009/150539.880576:ERROR:base/apple/mach_port_rendezvous_mac.cc:256] bootstrap_look_up com.google.chrome.for.testing.MachPortRendezvousServer.2286: Permission denied (1100)\n[2325:10779:1009/150539.880947:ERROR:base/memory/shared_memory_switch.cc:261] No rendezvous client, terminating process (parent died?)\n[2323:10767:1009/150539.881293:ERROR:base/apple/mach_port_rendezvous_mac.cc:256] bootstrap_look_up com.google.chrome.for.testing.MachPortRendezvousServer.2286: Permission denied (1100)\n[2323:10767:1009/150539.882346:ERROR:base/memory/shared_memory_switch.cc:261] No rendezvous client, terminating process (parent died?)\n[2286:10523:1009/150539.882684:ERROR:content/browser/network_service_instance_impl.cc:653] Network service crashed or was terminated, restarting service.\n[2322:10766:1009/150539.887752:ERROR:base/apple/mach_port_rendezvous_mac.cc:256] bootstrap_look_up com.google.chrome.for.testing.MachPortRendezvousServer.2286: Permission denied (1100)\n[2322:10766:1009/150539.888045:ERROR:base/memory/shared_memory_switch.cc:261] No rendezvous client, terminating process (parent died?)\n[2286:10523:1009/150539.893780:ERROR:chrome/browser/component_updater/soda_component_installer.cc:100] On demand update of the SODA component failed with error: 5\n[2326:10780:1009/150539.896860:ERROR:base/apple/mach_port_rendezvous_mac.cc:256] bootstrap_look_up com.google.chrome.for.testing.MachPortRendezvousServer.2286: Permission denied (1100)\n[2326:10780:1009/150539.897089:ERROR:base/memory/shared_memory_switch.cc:261] No rendezvous client, terminating process (parent died?)\n[2327:10784:1009/150539.919090:ERROR:base/apple/mach_port_rendezvous_mac.cc:256] bootstrap_look_up com.google.chrome.for.testing.MachPortRendezvousServer.2286: Permission denied (1100)\n[2327:10784:1009/150539.919282:ERROR:base/memory/shared_memory_switch.cc:261] No rendezvous client, terminating process (parent died?)\n[2328:10793:1009/150539.936203:ERROR:base/apple/mach_port_rendezvous_mac.cc:256] bootstrap_look_up com.google.chrome.for.testing.MachPortRendezvousServer.2286: Permission denied (1100)\n[2328:10793:1009/150539.936481:ERROR:base/memory/shared_memory_switch.cc:261] No rendezvous client, terminating process (parent died?)\n[2286:10523:1009/150539.938227:ERROR:content/browser/network_service_instance_impl.cc:653] Network service crashed or was terminated, restarting service.\n[2286:10523:1009/150539.940983:ERROR:chrome/browser/component_updater/soda_language_pack_component_installer.cc:86] On demand update of the SODA language component failed with error: 5\n[2329:10794:1009/150539.956063:ERROR:base/apple/mach_port_rendezvous_mac.cc:256] bootstrap_look_up com.google.chrome.for.testing.MachPortRendezvousServer.2286: Permission denied (1100)\n[2329:10794:1009/150539.956302:ERROR:base/memory/shared_memory_switch.cc:261] No rendezvous client, terminating process (parent died?)\n[2330:10797:1009/150539.964563:ERROR:base/apple/mach_port_rendezvous_mac.cc:256] bootstrap_look_up com.google.chrome.for.testing.MachPortRendezvousServer.2286: Permission denied (1100)\n[2330:10797:1009/150539.964726:ERROR:base/memory/shared_memory_switch.cc:261] No rendezvous client, terminating process (parent died?)\n[2331:10799:1009/150539.990889:ERROR:base/apple/mach_port_rendezvous_mac.cc:256] bootstrap_look_up com.google.chrome.for.testing.MachPortRendezvousServer.2286: Permission denied (1100)\n[2331:10799:1009/150539.991172:ERROR:base/memory/shared_memory_switch.cc:261] No rendezvous client, terminating process (parent died?)\n[2286:10523:1009/150539.992691:ERROR:content/browser/network_service_instance_impl.cc:653] Network service crashed or was terminated, restarting service.\n[2332:10806:1009/150540.006732:ERROR:base/apple/mach_port_rendezvous_mac.cc:256] bootstrap_look_up com.google.chrome.for.testing.MachPortRendezvousServer.2286: Permission denied (1100)\n[2332:10806:1009/150540.006987:ERROR:base/memory/shared_memory_switch.cc:261] No rendezvous client, terminating process (parent died?)\n[2333:10807:1009/150540.009901:ERROR:base/apple/mach_port_rendezvous_mac.cc:256] bootstrap_look_up com.google.chrome.for.testing.MachPortRendezvousServer.2286: Permission denied (1100)\n[2333:10807:1009/150540.010080:ERROR:base/memory/shared_memory_switch.cc:261] No rendezvous client, terminating process (parent died?)\n[2334:10809:1009/150540.047889:ERROR:base/apple/mach_port_rendezvous_mac.cc:256] bootstrap_look_up com.google.chrome.for.testing.MachPortRendezvousServer.2286: Permission denied (1100)\n[2334:10809:1009/150540.048215:ERROR:base/memory/shared_memory_switch.cc:261] No rendezvous client, terminating process (parent died?)\n[2286:10523:1009/150540.049640:ERROR:content/browser/network_service_instance_impl.cc:653] Network service crashed or was terminated, restarting service.\n[2336:10817:1009/150540.055630:ERROR:base/apple/mach_port_rendezvous_mac.cc:256] bootstrap_look_up com.google.chrome.for.testing.MachPortRendezvousServer.2286: Permission denied (1100)\n[2336:10817:1009/150540.055762:ERROR:base/memory/shared_memory_switch.cc:261] No rendezvous client, terminating process (parent died?)\n[2335:10816:1009/150540.062573:ERROR:base/apple/mach_port_rendezvous_mac.cc:256] bootstrap_look_up com.google.chrome.for.testing.MachPortRendezvousServer.2286: Permission denied (1100)\n[2335:10816:1009/150540.063170:ERROR:base/memory/shared_memory_switch.cc:261] No rendezvous client, terminating process (parent died?)\n[2337:10822:1009/150540.103664:ERROR:base/apple/mach_port_rendezvous_mac.cc:256] bootstrap_look_up com.google.chrome.for.testing.MachPortRendezvousServer.2286: Permission denied (1100)\n[2337:10822:1009/150540.103970:ERROR:base/memory/shared_memory_switch.cc:261] No rendezvous client, terminating process (parent died?)\n[2338:10826:1009/150540.104843:ERROR:base/apple/mach_port_rendezvous_mac.cc:256] bootstrap_look_up com.google.chrome.for.testing.MachPortRendezvousServer.2286: Permission denied (1100)\n[2338:10826:1009/150540.105260:ERROR:base/memory/shared_memory_switch.cc:261] No rendezvous client, terminating process (parent died?)\n[2286:10523:1009/150540.105754:ERROR:content/browser/network_service_instance_impl.cc:653] Network service crashed or was terminated, restarting service.\n[2339:10828:1009/150540.127615:ERROR:base/apple/mach_port_rendezvous_mac.cc:256] bootstrap_look_up com.google.chrome.for.testing.MachPortRendezvousServer.2286: Permission denied (1100)\n[2339:10828:1009/150540.127914:ERROR:base/memory/shared_memory_switch.cc:261] No rendezvous client, terminating process (parent died?)\n[2341:10834:1009/150540.152594:ERROR:base/apple/mach_port_rendezvous_mac.cc:256] bootstrap_look_up com.google.chrome.for.testing.MachPortRendezvousServer.2286: Permission denied (1100)\n[2341:10834:1009/150540.152803:ERROR:base/memory/shared_memory_switch.cc:261] No rendezvous client, terminating process (parent died?)\n[2340:10833:1009/150540.158844:ERROR:base/apple/mach_port_rendezvous_mac.cc:256] bootstrap_look_up com.google.chrome.for.testing.MachPortRendezvousServer.2286: Permission denied (1100)\n[2340:10833:1009/150540.159359:ERROR:base/memory/shared_memory_switch.cc:261] No rendezvous client, terminating process (parent died?)\n[2286:10523:1009/150540.161192:ERROR:content/browser/network_service_instance_impl.cc:653] Network service crashed or was terminated, restarting service.\n[2342:10839:1009/150540.182613:ERROR:base/apple/mach_port_rendezvous_mac.cc:256] bootstrap_look_up com.google.chrome.for.testing.MachPortRendezvousServer.2286: Permission denied (1100)\n[2342:10839:1009/150540.182882:ERROR:base/memory/shared_memory_switch.cc:261] No rendezvous client, terminating process (parent died?)\n[2343:10844:1009/150540.201073:ERROR:base/apple/mach_port_rendezvous_mac.cc:256] bootstrap_look_up com.google.chrome.for.testing.MachPortRendezvousServer.2286: Permission denied (1100)\n[2343:10844:1009/150540.201274:ERROR:base/memory/shared_memory_switch.cc:261] No rendezvous client, terminating process (parent died?)\n[2344:10845:1009/150540.213002:ERROR:base/apple/mach_port_rendezvous_mac.cc:256] bootstrap_look_up com.google.chrome.for.testing.MachPortRendezvousServer.2286: Permission denied (1100)\n[2344:10845:1009/150540.213560:ERROR:base/memory/shared_memory_switch.cc:261] No rendezvous client, terminating process (parent died?)\n[2286:10523:1009/150540.215571:ERROR:content/browser/network_service_instance_impl.cc:653] Network service crashed or was terminated, restarting service.\n[2345:10850:1009/150540.238725:ERROR:base/apple/mach_port_rendezvous_mac.cc:256] bootstrap_look_up com.google.chrome.for.testing.MachPortRendezvousServer.2286: Permission denied (1100)\n[2345:10850:1009/150540.239014:ERROR:base/memory/shared_memory_switch.cc:261] No rendezvous client, terminating process (parent died?)\n[2346:10853:1009/150540.248616:ERROR:base/apple/mach_port_rendezvous_mac.cc:256] bootstrap_look_up com.google.chrome.for.testing.MachPortRendezvousServer.2286: Permission denied (1100)\n[2346:10853:1009/150540.249050:ERROR:base/memory/shared_memory_switch.cc:261] No rendezvous client, terminating process (parent died?)\n[2347:10856:1009/150540.274242:ERROR:base/apple/mach_port_rendezvous_mac.cc:256] bootstrap_look_up com.google.chrome.for.testing.MachPortRendezvousServer.2286: Permission denied (1100)\n[2347:10856:1009/150540.274566:ERROR:base/memory/shared_memory_switch.cc:261] No rendezvous client, terminating process (parent died?)\n[2286:10523:1009/150540.276145:ERROR:content/browser/network_service_instance_impl.cc:653] Network service crashed or was terminated, restarting service.\n[2348:1")
Chrome page-creation probe: endpoint discovery start
Chrome page-creation probe: WebSocket connect start
Chrome page-creation probe sending: Target.getTargets
Chrome page-creation probe Target.getTargets: Ok(Object {"targetInfos": Array [Object {"attached": Bool(false), "browserContextId": String("EAA041C82D6AF9246430DC0392D0F7EB"), "canAccessOpener": Bool(false), "targetId": String("DC58469A305135522E1692AF196B3FE6"), "title": String(""), "type": String("page"), "url": String("about:blank")}, Object {"attached": Bool(false), "browserContextId": String("EAA041C82D6AF9246430DC0392D0F7EB"), "canAccessOpener": Bool(false), "targetId": String("7D22EA1D713CB4004E8CAF077BCC8579"), "title": String(""), "type": String("browser_ui"), "url": String("chrome://omnibox-popup.top-chrome/omnibox_popup_aim.html")}, Object {"attached": Bool(false), "browserContextId": String("EAA041C82D6AF9246430DC0392D0F7EB"), "canAccessOpener": Bool(false), "targetId": String("11284FC6AE0FAE733A21C9781BDF3AC4"), "title": String(""), "type": String("browser_ui"), "url": String("chrome://omnibox-popup.top-chrome/")}]})
Chrome page-creation probe sending: Target.getBrowserContexts
Chrome page-creation probe Target.getBrowserContexts: Ok(Object {"browserContextIds": Array [], "defaultBrowserContextId": String("EAA041C82D6AF9246430DC0392D0F7EB")})
Chrome page-creation probe sending: Target.attachToTarget target=DC58469A305135522E1692AF196B3FE6
Chrome page-creation probe Target.attachToTarget: Ok(Object {"sessionId": String("0C6638EC4120B19A6AF604C1E4297B77")})
Chrome page-creation probe sending: Page.enable target=DC58469A305135522E1692AF196B3FE6
Chrome page-creation probe completion: Err(Elapsed(()))

thread 'chrome_cancelled_wait_recovers' (10522) panicked at tests/http_compat.rs:170:17:
Initial Chrome page creation exceeded 30 seconds: Elapsed(())
stack backtrace:
   0: __rustc::rust_begin_unwind
             at /rustc/b940084d7eb6a299eb4bfeb8e34901bc051e7ac4/library/std/src/panicking.rs:679:5
   1: core::panicking::panic_fmt
             at /rustc/b940084d7eb6a299eb4bfeb8e34901bc051e7ac4/library/core/src/panicking.rs:80:14
   2: http_compat::open::{closure#0}
             at ./http_compat.rs:170:17
   3: http_compat::cancelled_wait_recovers::{closure#0}
             at ./http_compat.rs:408:50
   4: http_compat::chrome_cancelled_wait_recovers::{closure#0}
             at ./http_compat.rs:193:30
   5: <core::pin::Pin<&mut dyn core::future::future::Future<Output = ()>> as core::future::future::Future>::poll
             at /rustc/b940084d7eb6a299eb4bfeb8e34901bc051e7ac4/library/core/src/future/future.rs:133:9
   6: <core::pin::Pin<&mut core::pin::Pin<&mut dyn core::future::future::Future<Output = ()>>> as core::future::future::Future>::poll
             at /rustc/b940084d7eb6a299eb4bfeb8e34901bc051e7ac4/library/core/src/future/future.rs:133:9
   7: <tokio::runtime::scheduler::current_thread::CoreGuard>::block_on::<core::pin::Pin<&mut core::pin::Pin<&mut dyn core::future::future::Future<Output = ()>>>>::{closure#0}::{closure#0}::{closure#0}
             at /Users/runner/.cargo/registry/src/index.crates.io-1949cf8c6b5b557f/tokio-1.53.1/src/runtime/scheduler/current_thread/mod.rs:830:70
   8: tokio::task::coop::with_budget::<core::task::poll::Poll<()>, <tokio::runtime::scheduler::current_thread::CoreGuard>::block_on<core::pin::Pin<&mut core::pin::Pin<&mut dyn core::future::future::Future<Output = ()>>>>::{closure#0}::{closure#0}::{closure#0}>
             at /Users/runner/.cargo/registry/src/index.crates.io-1949cf8c6b5b557f/tokio-1.53.1/src/task/coop/mod.rs:167:5
   9: tokio::task::coop::budget::<core::task::poll::Poll<()>, <tokio::runtime::scheduler::current_thread::CoreGuard>::block_on<core::pin::Pin<&mut core::pin::Pin<&mut dyn core::future::future::Future<Output = ()>>>>::{closure#0}::{closure#0}::{closure#0}>
             at /Users/runner/.cargo/registry/src/index.crates.io-1949cf8c6b5b557f/tokio-1.53.1/src/task/coop/mod.rs:133:5
  10: <tokio::runtime::scheduler::current_thread::CoreGuard>::block_on::<core::pin::Pin<&mut core::pin::Pin<&mut dyn core::future::future::Future<Output = ()>>>>::{closure#0}::{closure#0}
             at /Users/runner/.cargo/registry/src/index.crates.io-1949cf8c6b5b557f/tokio-1.53.1/src/runtime/scheduler/current_thread/mod.rs:830:25
  11: <tokio::runtime::scheduler::current_thread::Context>::enter::<core::task::poll::Poll<()>, <tokio::runtime::scheduler::current_thread::CoreGuard>::block_on<core::pin::Pin<&mut core::pin::Pin<&mut dyn core::future::future::Future<Output = ()>>>>::{closure#0}::{closure#0}>
             at /Users/runner/.cargo/registry/src/index.crates.io-1949cf8c6b5b557f/tokio-1.53.1/src/runtime/scheduler/current_thread/mod.rs:488:19
  12: <tokio::runtime::scheduler::current_thread::CoreGuard>::block_on::<core::pin::Pin<&mut core::pin::Pin<&mut dyn core::future::future::Future<Output = ()>>>>::{closure#0}
             at /Users/runner/.cargo/registry/src/index.crates.io-1949cf8c6b5b557f/tokio-1.53.1/src/runtime/scheduler/current_thread/mod.rs:829:44
  13: <tokio::runtime::scheduler::current_thread::CoreGuard>::enter::<<tokio::runtime::scheduler::current_thread::CoreGuard>::block_on<core::pin::Pin<&mut core::pin::Pin<&mut dyn core::future::future::Future<Output = ()>>>>::{closure#0}, core::option::Option<()>>::{closure#0}
             at /Users/runner/.cargo/registry/src/index.crates.io-1949cf8c6b5b557f/tokio-1.53.1/src/runtime/scheduler/current_thread/mod.rs:906:68
  14: <tokio::runtime::context::scoped::Scoped<tokio::runtime::scheduler::Context>>::set::<<tokio::runtime::scheduler::current_thread::CoreGuard>::enter<<tokio::runtime::scheduler::current_thread::CoreGuard>::block_on<core::pin::Pin<&mut core::pin::Pin<&mut dyn core::future::future::Future<Output = ()>>>>::{closure#0}, core::option::Option<()>>::{closure#0}, (alloc::boxed::Box<tokio::runtime::scheduler::current_thread::Core>, core::option::Option<()>)>
             at /Users/runner/.cargo/registry/src/index.crates.io-1949cf8c6b5b557f/tokio-1.53.1/src/runtime/context/scoped.rs:40:9
  15: tokio::runtime::context::set_scheduler::<(alloc::boxed::Box<tokio::runtime::scheduler::current_thread::Core>, core::option::Option<()>), <tokio::runtime::scheduler::current_thread::CoreGuard>::enter<<tokio::runtime::scheduler::current_thread::CoreGuard>::block_on<core::pin::Pin<&mut core::pin::Pin<&mut dyn core::future::future::Future<Output = ()>>>>::{closure#0}, core::option::Option<()>>::{closure#0}>::{closure#0}
             at /Users/runner/.cargo/registry/src/index.crates.io-1949cf8c6b5b557f/tokio-1.53.1/src/runtime/context.rs:187:38
  16: <std::thread::local::LocalKey<tokio::runtime::context::Context>>::try_with::<tokio::runtime::context::set_scheduler<(alloc::boxed::Box<tokio::runtime::scheduler::current_thread::Core>, core::option::Option<()>), <tokio::runtime::scheduler::current_thread::CoreGuard>::enter<<tokio::runtime::scheduler::current_thread::CoreGuard>::block_on<core::pin::Pin<&mut core::pin::Pin<&mut dyn core::future::future::Future<Output = ()>>>>::{closure#0}, core::option::Option<()>>::{closure#0}>::{closure#0}, (alloc::boxed::Box<tokio::runtime::scheduler::current_thread::Core>, core::option::Option<()>)>
             at /rustc/b940084d7eb6a299eb4bfeb8e34901bc051e7ac4/library/std/src/thread/local.rs:463:12
  17: <std::thread::local::LocalKey<tokio::runtime::context::Context>>::with::<tokio::runtime::context::set_scheduler<(alloc::boxed::Box<tokio::runtime::scheduler::current_thread::Core>, core::option::Option<()>), <tokio::runtime::scheduler::current_thread::CoreGuard>::enter<<tokio::runtime::scheduler::current_thread::CoreGuard>::block_on<core::pin::Pin<&mut core::pin::Pin<&mut dyn core::future::future::Future<Output = ()>>>>::{closure#0}, core::option::Option<()>>::{closure#0}>::{closure#0}, (alloc::boxed::Box<tokio::runtime::scheduler::current_thread::Core>, core::option::Option<()>)>
             at /rustc/b940084d7eb6a299eb4bfeb8e34901bc051e7ac4/library/std/src/thread/local.rs:427:20
  18: tokio::runtime::context::set_scheduler::<(alloc::boxed::Box<tokio::runtime::scheduler::current_thread::Core>, core::option::Option<()>), <tokio::runtime::scheduler::current_thread::CoreGuard>::enter<<tokio::runtime::scheduler::current_thread::CoreGuard>::block_on<core::pin::Pin<&mut core::pin::Pin<&mut dyn core::future::future::Future<Output = ()>>>>::{closure#0}, core::option::Option<()>>::{closure#0}>
             at /Users/runner/.cargo/registry/src/index.crates.io-1949cf8c6b5b557f/tokio-1.53.1/src/runtime/context.rs:187:17
  19: <tokio::runtime::scheduler::current_thread::CoreGuard>::enter::<<tokio::runtime::scheduler::current_thread::CoreGuard>::block_on<core::pin::Pin<&mut core::pin::Pin<&mut dyn core::future::future::Future<Output = ()>>>>::{closure#0}, core::option::Option<()>>
             at /Users/runner/.cargo/registry/src/index.crates.io-1949cf8c6b5b557f/tokio-1.53.1/src/runtime/scheduler/current_thread/mod.rs:906:27
  20: <tokio::runtime::scheduler::current_thread::CoreGuard>::block_on::<core::pin::Pin<&mut core::pin::Pin<&mut dyn core::future::future::Future<Output = ()>>>>
             at /Users/runner/.cargo/registry/src/index.crates.io-1949cf8c6b5b557f/tokio-1.53.1/src/runtime/scheduler/current_thread/mod.rs:817:24
  21: <tokio::runtime::scheduler::current_thread::CurrentThread>::block_on::<core::pin::Pin<&mut dyn core::future::future::Future<Output = ()>>>::{closure#0}
             at /Users/runner/.cargo/registry/src/index.crates.io-1949cf8c6b5b557f/tokio-1.53.1/src/runtime/scheduler/current_thread/mod.rs:218:33
  22: tokio::runtime::context::runtime::enter_runtime::<<tokio::runtime::scheduler::current_thread::CurrentThread>::block_on<core::pin::Pin<&mut dyn core::future::future::Future<Output = ()>>>::{closure#0}, ()>
             at /Users/runner/.cargo/registry/src/index.crates.io-1949cf8c6b5b557f/tokio-1.53.1/src/runtime/context/runtime.rs:65:16
  23: <tokio::runtime::scheduler::current_thread::CurrentThread>::block_on::<core::pin::Pin<&mut dyn core::future::future::Future<Output = ()>>>
             at /Users/runner/.cargo/registry/src/index.crates.io-1949cf8c6b5b557f/tokio-1.53.1/src/runtime/scheduler/current_thread/mod.rs:206:9
  24: <tokio::runtime::runtime::Runtime>::block_on_inner::<core::pin::Pin<&mut dyn core::future::future::Future<Output = ()>>>
             at /Users/runner/.cargo/registry/src/index.crates.io-1949cf8c6b5b557f/tokio-1.53.1/src/runtime/runtime.rs:374:52
  25: <tokio::runtime::runtime::Runtime>::block_on::<core::pin::Pin<&mut dyn core::future::future::Future<Output = ()>>>
             at /Users/runner/.cargo/registry/src/index.crates.io-1949cf8c6b5b557f/tokio-1.53.1/src/runtime/runtime.rs:343:18
  26: http_compat::chrome_cancelled_wait_recovers
             at ./http_compat.rs:193:35
  27: http_compat::chrome_cancelled_wait_recovers::{closure#0}
             at ./http_compat.rs:192:27
  28: <http_compat::chrome_cancelled_wait_recovers::{closure#0} as core::ops::function::FnOnce<()>>::call_once
             at /rustc/b940084d7eb6a299eb4bfeb8e34901bc051e7ac4/library/core/src/ops/function.rs:250:5
  29: <fn() -> core::result::Result<(), alloc::string::String> as core::ops::function::FnOnce<()>>::call_once
             at /rustc/b940084d7eb6a299eb4bfeb8e34901bc051e7ac4/library/core/src/ops/function.rs:250:5
note: Some details are omitted, run with `RUST_BACKTRACE=full` for a verbose backtrace.
FAILED
test chrome_closing_page_wakes_wait ... Chrome version: Chrome/155.0.8059.39
HTTP compat Chrome stage: new_page start
HTTP compat Chrome new_page timed out: Elapsed(())
Chrome page-creation launch diagnostics: BrowserDiagnostics { product: "Chrome/155.0.8059.39", protocol_version: "1.3", user_agent: "Mozilla/5.0 (Macintosh; Intel Mac OS X 10_15_7) AppleWebKit/537.36 (KHTML, like Gecko) HeadlessChrome/155.0.0.0 Safari/537.36", executable: Some("/Users/runner/hostedtoolcache/setup-chrome/chrome/stable/arm64/Contents/MacOS/Google Chrome for Testing"), launch_args: ["--remote-debugging-port=0", "--no-first-run", "--no-default-browser-check", "--user-data-dir=/var/folders/36/tjdph2t965j8snz9_vkdnw0r0000gn/T/rustwright-2285-1791558374781665000-1", "--headless=new", "--disable-gpu", "--hide-scrollbars", "--mute-audio", "about:blank"], user_data_dir: Some("/var/folders/36/tjdph2t965j8snz9_vkdnw0r0000gn/T/rustwright-2285-1791558374781665000-1"), endpoint: Some("http://127.0.0.1:49188"), pid: Some(4760), ephemeral_profile: true, browser_log: Some("/var/folders/36/tjdph2t965j8snz9_vkdnw0r0000gn/T/rustwright-2285-1791558374781665000-1/rustwright-chrome.log") }
Chrome page-creation pending commands: 0
Chrome stderr (first 16 KiB): Ok("[4770:19207:1009/150615.241763:ERROR:base/apple/mach_port_rendezvous_mac.cc:256] bootstrap_look_up com.google.chrome.for.testing.MachPortRendezvousServer.4760: Permission denied (1100)\n[4770:19207:1009/150615.242054:ERROR:base/memory/shared_memory_switch.cc:261] No rendezvous client, terminating process (parent died?)\n[4771:19212:1009/150615.246168:ERROR:base/apple/mach_port_rendezvous_mac.cc:256] bootstrap_look_up com.google.chrome.for.testing.MachPortRendezvousServer.4760: Permission denied (1100)\n[4771:19212:1009/150615.246398:ERROR:base/memory/shared_memory_switch.cc:261] No rendezvous client, terminating process (parent died?)\n\nDevTools listening on ws://127.0.0.1:49188/devtools/browser/dea71e68-a3cc-4c72-8e54-4ad4445a92ff\n[4773:19226:1009/150615.329885:ERROR:base/apple/mach_port_rendezvous_mac.cc:256] bootstrap_look_up com.google.chrome.for.testing.MachPortRendezvousServer.4760: Unknown service name (1102)\n[4773:19226:1009/150615.330169:ERROR:base/memory/shared_memory_switch.cc:261] No rendezvous client, terminating process (parent died?)\n[4772:19224:1009/150615.336429:ERROR:base/apple/mach_port_rendezvous_mac.cc:256] bootstrap_look_up com.google.chrome.for.testing.MachPortRendezvousServer.4760: Permission denied (1100)\n[4772:19224:1009/150615.336738:ERROR:base/memory/shared_memory_switch.cc:261] No rendezvous client, terminating process (parent died?)\n[4774:19242:1009/150615.479329:ERROR:base/apple/mach_port_rendezvous_mac.cc:256] bootstrap_look_up com.google.chrome.for.testing.MachPortRendezvousServer.4760: Permission denied (1100)\n[4774:19242:1009/150615.479670:ERROR:base/memory/shared_memory_switch.cc:261] No rendezvous client, terminating process (parent died?)\n[4775:19247:1009/150615.545266:ERROR:base/apple/mach_port_rendezvous_mac.cc:256] bootstrap_look_up com.google.chrome.for.testing.MachPortRendezvousServer.4760: Permission denied (1100)\n[4775:19247:1009/150615.545526:ERROR:base/memory/shared_memory_switch.cc:261] No rendezvous client, terminating process (parent died?)\n[4776:19248:1009/150615.546917:ERROR:base/apple/mach_port_rendezvous_mac.cc:256] bootstrap_look_up com.google.chrome.for.testing.MachPortRendezvousServer.4760: Permission denied (1100)\n[4776:19248:1009/150615.548159:ERROR:base/memory/shared_memory_switch.cc:261] No rendezvous client, terminating process (parent died?)\n[4760:19106:1009/150615.599416:ERROR:content/browser/network_service_instance_impl.cc:653] Network service crashed or was terminated, restarting service.\n[4779:19259:1009/150615.682872:ERROR:base/apple/mach_port_rendezvous_mac.cc:256] bootstrap_look_up com.google.chrome.for.testing.MachPortRendezvousServer.4760: Permission denied (1100)\n[4779:19259:1009/150615.683283:ERROR:base/memory/shared_memory_switch.cc:261] No rendezvous client, terminating process (parent died?)\n[4778:19258:1009/150615.693150:ERROR:base/apple/mach_port_rendezvous_mac.cc:256] bootstrap_look_up com.google.chrome.for.testing.MachPortRendezvousServer.4760: Permission denied (1100)\n[4778:19258:1009/150615.693457:ERROR:base/memory/shared_memory_switch.cc:261] No rendezvous client, terminating process (parent died?)\n[4777:19257:1009/150615.731526:ERROR:base/apple/mach_port_rendezvous_mac.cc:256] bootstrap_look_up com.google.chrome.for.testing.MachPortRendezvousServer.4760: Permission denied (1100)\n[4777:19257:1009/150615.732546:ERROR:base/memory/shared_memory_switch.cc:261] No rendezvous client, terminating process (parent died?)\n[4760:19106:1009/150615.742023:ERROR:content/browser/network_service_instance_impl.cc:653] Network service crashed or was terminated, restarting service.\n[4780:19265:1009/150615.746888:ERROR:base/apple/mach_port_rendezvous_mac.cc:256] bootstrap_look_up com.google.chrome.for.testing.MachPortRendezvousServer.4760: Permission denied (1100)\n[4780:19265:1009/150615.748073:ERROR:base/memory/shared_memory_switch.cc:261] No rendezvous client, terminating process (parent died?)\n[4782:19276:1009/150615.789158:ERROR:base/apple/mach_port_rendezvous_mac.cc:256] bootstrap_look_up com.google.chrome.for.testing.MachPortRendezvousServer.4760: Permission denied (1100)\n[4782:19276:1009/150615.789341:ERROR:base/memory/shared_memory_switch.cc:261] No rendezvous client, terminating process (parent died?)\n[4781:19266:1009/150615.792054:ERROR:base/apple/mach_port_rendezvous_mac.cc:256] bootstrap_look_up com.google.chrome.for.testing.MachPortRendezvousServer.4760: Permission denied (1100)\n[4781:19266:1009/150615.792868:ERROR:base/memory/shared_memory_switch.cc:261] No rendezvous client, terminating process (parent died?)\n[4783:19277:1009/150615.806963:ERROR:base/apple/mach_port_rendezvous_mac.cc:256] bootstrap_look_up com.google.chrome.for.testing.MachPortRendezvousServer.4760: Permission denied (1100)\n[4783:19277:1009/150615.807254:ERROR:base/memory/shared_memory_switch.cc:261] No rendezvous client, terminating process (parent died?)\n[4784:19278:1009/150615.809269:ERROR:base/apple/mach_port_rendezvous_mac.cc:256] bootstrap_look_up com.google.chrome.for.testing.MachPortRendezvousServer.4760: Permission denied (1100)\n[4784:19278:1009/150615.809548:ERROR:base/memory/shared_memory_switch.cc:261] No rendezvous client, terminating process (parent died?)\n[4785:19282:1009/150615.835211:ERROR:base/apple/mach_port_rendezvous_mac.cc:256] bootstrap_look_up com.google.chrome.for.testing.MachPortRendezvousServer.4760: Permission denied (1100)\n[4785:19282:1009/150615.835371:ERROR:base/memory/shared_memory_switch.cc:261] No rendezvous client, terminating process (parent died?)\n[4760:19106:1009/150615.836806:ERROR:content/browser/network_service_instance_impl.cc:653] Network service crashed or was terminated, restarting service.\n[4786:19292:1009/150615.851996:ERROR:base/apple/mach_port_rendezvous_mac.cc:256] bootstrap_look_up com.google.chrome.for.testing.MachPortRendezvousServer.4760: Permission denied (1100)\n[4786:19292:1009/150615.852304:ERROR:base/memory/shared_memory_switch.cc:261] No rendezvous client, terminating process (parent died?)\n[4787:19293:1009/150615.860061:ERROR:base/apple/mach_port_rendezvous_mac.cc:256] bootstrap_look_up com.google.chrome.for.testing.MachPortRendezvousServer.4760: Permission denied (1100)\n[4787:19293:1009/150615.860390:ERROR:base/memory/shared_memory_switch.cc:261] No rendezvous client, terminating process (parent died?)\n[4788:19295:1009/150615.893956:ERROR:base/apple/mach_port_rendezvous_mac.cc:256] bootstrap_look_up com.google.chrome.for.testing.MachPortRendezvousServer.4760: Permission denied (1100)\n[4788:19295:1009/150615.894244:ERROR:base/memory/shared_memory_switch.cc:261] No rendezvous client, terminating process (parent died?)\n[4760:19106:1009/150615.895961:ERROR:content/browser/network_service_instance_impl.cc:653] Network service crashed or was terminated, restarting service.\n[4760:19106:1009/150615.898269:ERROR:chrome/browser/component_updater/soda_component_installer.cc:100] On demand update of the SODA component failed with error: 5\n[4789:19296:1009/150615.902523:ERROR:base/apple/mach_port_rendezvous_mac.cc:256] bootstrap_look_up com.google.chrome.for.testing.MachPortRendezvousServer.4760: Permission denied (1100)\n[4789:19296:1009/150615.902904:ERROR:base/memory/shared_memory_switch.cc:261] No rendezvous client, terminating process (parent died?)\n[4790:19300:1009/150615.908619:ERROR:base/apple/mach_port_rendezvous_mac.cc:256] bootstrap_look_up com.google.chrome.for.testing.MachPortRendezvousServer.4760: Permission denied (1100)\n[4790:19300:1009/150615.908767:ERROR:base/memory/shared_memory_switch.cc:261] No rendezvous client, terminating process (parent died?)\n[4791:19311:1009/150615.944320:ERROR:base/apple/mach_port_rendezvous_mac.cc:256] bootstrap_look_up com.google.chrome.for.testing.MachPortRendezvousServer.4760: Permission denied (1100)\n[4791:19311:1009/150615.944610:ERROR:base/memory/shared_memory_switch.cc:261] No rendezvous client, terminating process (parent died?)\n[4760:19106:1009/150615.946814:ERROR:content/browser/network_service_instance_impl.cc:653] Network service crashed or was terminated, restarting service.\n[4793:19315:1009/150615.948453:ERROR:base/apple/mach_port_rendezvous_mac.cc:256] bootstrap_look_up com.google.chrome.for.testing.MachPortRendezvousServer.4760: Permission denied (1100)\n[4793:19315:1009/150615.948944:ERROR:base/memory/shared_memory_switch.cc:261] No rendezvous client, terminating process (parent died?)\n[4760:19106:1009/150615.951222:ERROR:chrome/browser/component_updater/soda_language_pack_component_installer.cc:86] On demand update of the SODA language component failed with error: 5\n[4792:19314:1009/150615.955935:ERROR:base/apple/mach_port_rendezvous_mac.cc:256] bootstrap_look_up com.google.chrome.for.testing.MachPortRendezvousServer.4760: Permission denied (1100)\n[4792:19314:1009/150615.956196:ERROR:base/memory/shared_memory_switch.cc:261] No rendezvous client, terminating process (parent died?)\n[4795:19324:1009/150615.995832:ERROR:base/apple/mach_port_rendezvous_mac.cc:256] bootstrap_look_up com.google.chrome.for.testing.MachPortRendezvousServer.4760: Permission denied (1100)\n[4795:19324:1009/150615.996077:ERROR:base/memory/shared_memory_switch.cc:261] No rendezvous client, terminating process (parent died?)\n[4794:19322:1009/150615.997216:ERROR:base/apple/mach_port_rendezvous_mac.cc:256] bootstrap_look_up com.google.chrome.for.testing.MachPortRendezvousServer.4760: Permission denied (1100)\n[4794:19322:1009/150615.997811:ERROR:base/memory/shared_memory_switch.cc:261] No rendezvous client, terminating process (parent died?)\n[4760:19106:1009/150616.000275:ERROR:content/browser/network_service_instance_impl.cc:653] Network service crashed or was terminated, restarting service.\n[4796:19325:1009/150616.028601:ERROR:base/apple/mach_port_rendezvous_mac.cc:256] bootstrap_look_up com.google.chrome.for.testing.MachPortRendezvousServer.4760: Permission denied (1100)\n[4796:19325:1009/150616.028874:ERROR:base/memory/shared_memory_switch.cc:261] No rendezvous client, terminating process (parent died?)\n[4797:19330:1009/150616.040313:ERROR:base/apple/mach_port_rendezvous_mac.cc:256] bootstrap_look_up com.google.chrome.for.testing.MachPortRendezvousServer.4760: Permission denied (1100)\n[4797:19330:1009/150616.040464:ERROR:base/memory/shared_memory_switch.cc:261] No rendezvous client, terminating process (parent died?)\n[4799:19332:1009/150616.047912:ERROR:base/apple/mach_port_rendezvous_mac.cc:256] bootstrap_look_up com.google.chrome.for.testing.MachPortRendezvousServer.4760: Permission denied (1100)\n[4799:19332:1009/150616.048169:ERROR:base/memory/shared_memory_switch.cc:261] No rendezvous client, terminating process (parent died?)\n[4760:19106:1009/150616.049632:ERROR:content/browser/network_service_instance_impl.cc:653] Network service crashed or was terminated, restarting service.\n[4801:19340:1009/150616.085728:ERROR:base/apple/mach_port_rendezvous_mac.cc:256] bootstrap_look_up com.google.chrome.for.testing.MachPortRendezvousServer.4760: Permission denied (1100)\n[4801:19340:1009/150616.086001:ERROR:base/memory/shared_memory_switch.cc:261] No rendezvous client, terminating process (parent died?)\n[4802:19343:1009/150616.086488:ERROR:base/apple/mach_port_rendezvous_mac.cc:256] bootstrap_look_up com.google.chrome.for.testing.MachPortRendezvousServer.4760: Permission denied (1100)\n[4802:19343:1009/150616.086622:ERROR:base/memory/shared_memory_switch.cc:261] No rendezvous client, terminating process (parent died?)\n[4803:19346:1009/150616.101889:ERROR:base/apple/mach_port_rendezvous_mac.cc:256] bootstrap_look_up com.google.chrome.for.testing.MachPortRendezvousServer.4760: Permission denied (1100)\n[4803:19346:1009/150616.102641:ERROR:base/memory/shared_memory_switch.cc:261] No rendezvous client, terminating process (parent died?)\n[4760:19106:1009/150616.105037:ERROR:content/browser/network_service_instance_impl.cc:653] Network service crashed or was terminated, restarting service.\n[4805:19354:1009/150616.134879:ERROR:base/apple/mach_port_rendezvous_mac.cc:256] bootstrap_look_up com.google.chrome.for.testing.MachPortRendezvousServer.4760: Permission denied (1100)\n[4805:19354:1009/150616.135194:ERROR:base/memory/shared_memory_switch.cc:261] No rendezvous client, terminating process (parent died?)\n[4804:19353:1009/150616.141035:ERROR:base/apple/mach_port_rendezvous_mac.cc:256] bootstrap_look_up com.google.chrome.for.testing.MachPortRendezvousServer.4760: Permission denied (1100)\n[4804:19353:1009/150616.141297:ERROR:base/memory/shared_memory_switch.cc:261] No rendezvous client, terminating process (parent died?)\n[4806:19357:1009/150616.159468:ERROR:base/apple/mach_port_rendezvous_mac.cc:256] bootstrap_look_up com.google.chrome.for.testing.MachPortRendezvousServer.4760: Permission denied (1100)\n[4806:19357:1009/150616.159761:ERROR:base/memory/shared_memory_switch.cc:261] No rendezvous client, terminating process (parent died?)\n[4760:19106:1009/150616.161307:ERROR:content/browser/network_service_instance_impl.cc:653] Network service crashed or was terminated, restarting service.\n[4807:19366:1009/150616.181434:ERROR:base/apple/mach_port_rendezvous_mac.cc:256] bootstrap_look_up com.google.chrome.for.testing.MachPortRendezvousServer.4760: Permission denied (1100)\n[4807:19366:1009/150616.181610:ERROR:base/memory/shared_memory_switch.cc:261] No rendezvous client, terminating process (parent died?)\n[4808:19367:1009/150616.195126:ERROR:base/apple/mach_port_rendezvous_mac.cc:256] bootstrap_look_up com.google.chrome.for.testing.MachPortRendezvousServer.4760: Permission denied (1100)\n[4808:19367:1009/150616.195398:ERROR:base/memory/shared_memory_switch.cc:261] No rendezvous client, terminating process (parent died?)\n[4809:19369:1009/150616.212335:ERROR:base/apple/mach_port_rendezvous_mac.cc:256] bootstrap_look_up com.google.chrome.for.testing.MachPortRendezvousServer.4760: Permission denied (1100)\n[4809:19369:1009/150616.212599:ERROR:base/memory/shared_memory_switch.cc:261] No rendezvous client, terminating process (parent died?)\n[4760:19106:1009/150616.214053:ERROR:content/browser/network_service_instance_impl.cc:653] Network service crashed or was terminated, restarting service.\n[4810:19371:1009/150616.228979:ERROR:base/apple/mach_port_rendezvous_mac.cc:256] bootstrap_look_up com.google.chrome.for.testing.MachPortRendezvousServer.4760: Permission denied (1100)\n[4810:19371:1009/150616.229134:ERROR:base/memory/shared_memory_switch.cc:261] No rendezvous client, terminating process (parent died?)\n[4811:19376:1009/150616.250504:ERROR:base/apple/mach_port_rendezvous_mac.cc:256] bootstrap_look_up com.google.chrome.for.testing.MachPortRendezvousServer.4760: Permission denied (1100)\n[4811:19376:1009/150616.251151:ERROR:base/memory/shared_memory_switch.cc:261] No rendezvous client, terminating process (parent died?)\n[4812:19378:1009/150616.270278:ERROR:base/apple/mach_port_rendezvous_mac.cc:256] bootstrap_look_up com.google.chrome.for.testing.MachPortRendezvousServer.4760: Permission denied (1100)\n[4812:19378:1009/150616.270991:ERROR:base/memory/shared_memory_switch.cc:261] No rendezvous client, terminating process (parent died?)\n[4760:19106:1009/150616.273059:ERROR:content/browser/network_service_instance_impl.cc:653] Network service crashed or was terminated, restarting service.\n[4813:19380:1009/150616.284429:ERROR:base/apple/mach_port_rendezvous_mac.cc:256] bootstrap_look_up com.google.chrome.for.testing.MachPortRendezvousServer.4760: Permission denied (1100)\n[4813:19380:1009/150616.284648:ERROR:base/memory/shared_memory_switch.cc:261] No rendezvous client, terminating process (parent died?)\n[4814:19386:1009/150616.310144:ERROR:base/apple/mach_port_rendezvous_mac.cc:256] bootstrap_look_up com.google.chrome.for.testing.MachPortRendezvousServer.4760: Permission denied (1100)\n[4814:19386:1009/150616.310414:ERROR:base/memory/shared_memory_switch.cc:261] No rendezvous client, terminating process (parent died?)\n[4815:19390:1009/150616.325232:ERROR:base/apple/mach_port_rendezvous_mac.cc:256] bootstrap_look_up com.google.chrome.for.testing.MachPortRendezvousServer.4760: Permission denied (1100)\n[4815:19390:1009/150616.325561:ERROR:base/memory/shared_memory_switch.cc:261] No rendezvous client, terminating process (parent died?)\n[4760:19106:1009/150616.327085:ERROR:content/browser/network_service_instance_impl.cc:653] Network service crashed or was terminated, restarting service.\n[4816:1")
Chrome page-creation probe: endpoint discovery start
Chrome page-creation probe: WebSocket connect start
Chrome page-creation probe sending: Target.getTargets
Chrome page-creation probe Target.getTargets: Ok(Object {"targetInfos": Array [Object {"attached": Bool(false), "browserContextId": String("796FDD495E93BA1367754410B1852438"), "canAccessOpener": Bool(false), "targetId": String("6219F0046B24ECB304E140EF18BDBA82"), "title": String(""), "type": String("page"), "url": String("about:blank")}, Object {"attached": Bool(false), "browserContextId": String("796FDD495E93BA1367754410B1852438"), "canAccessOpener": Bool(false), "targetId": String("7FF5585C27A007A78878FDB053CA4718"), "title": String(""), "type": String("browser_ui"), "url": String("chrome://omnibox-popup.top-chrome/omnibox_popup_aim.html")}, Object {"attached": Bool(false), "browserContextId": String("796FDD495E93BA1367754410B1852438"), "canAccessOpener": Bool(false), "targetId": String("C80C37D5A9EE260D505543ED725E729F"), "title": String(""), "type": String("browser_ui"), "url": String("chrome://omnibox-popup.top-chrome/")}]})
Chrome page-creation probe sending: Target.getBrowserContexts
Chrome page-creation probe Target.getBrowserContexts: Ok(Object {"browserContextIds": Array [], "defaultBrowserContextId": String("796FDD495E93BA1367754410B1852438")})
Chrome page-creation probe sending: Target.attachToTarget target=6219F0046B24ECB304E140EF18BDBA82
Chrome page-creation probe Target.attachToTarget: Ok(Object {"sessionId": String("CA414F7D5AA6864E428B84EA2CF905D9")})
Chrome page-creation probe sending: Page.enable target=6219F0046B24ECB304E140EF18BDBA82
Chrome page-creation probe completion: Err(Elapsed(()))

thread 'chrome_closing_page_wakes_wait' (19104) panicked at tests/http_compat.rs:170:17:
Initial Chrome page creation exceeded 30 seconds: Elapsed(())
stack backtrace:
   0: __rustc::rust_begin_unwind
             at /rustc/b940084d7eb6a299eb4bfeb8e34901bc051e7ac4/library/std/src/panicking.rs:679:5
   1: core::panicking::panic_fmt
             at /rustc/b940084d7eb6a299eb4bfeb8e34901bc051e7ac4/library/core/src/panicking.rs:80:14
   2: http_compat::open::{closure#0}
             at ./http_compat.rs:170:17
   3: http_compat::closing_page_wakes_wait::{closure#0}
             at ./http_compat.rs:357:51
   4: http_compat::chrome_closing_page_wakes_wait::{closure#0}
             at ./http_compat.rs:193:30
   5: <core::pin::Pin<&mut dyn core::future::future::Future<Output = ()>> as core::future::future::Future>::poll
             at /rustc/b940084d7eb6a299eb4bfeb8e34901bc051e7ac4/library/core/src/future/future.rs:133:9
   6: <core::pin::Pin<&mut core::pin::Pin<&mut dyn core::future::future::Future<Output = ()>>> as core::future::future::Future>::poll
             at /rustc/b940084d7eb6a299eb4bfeb8e34901bc051e7ac4/library/core/src/future/future.rs:133:9
   7: <tokio::runtime::scheduler::current_thread::CoreGuard>::block_on::<core::pin::Pin<&mut core::pin::Pin<&mut dyn core::future::future::Future<Output = ()>>>>::{closure#0}::{closure#0}::{closure#0}
             at /Users/runner/.cargo/registry/src/index.crates.io-1949cf8c6b5b557f/tokio-1.53.1/src/runtime/scheduler/current_thread/mod.rs:830:70
   8: tokio::task::coop::with_budget::<core::task::poll::Poll<()>, <tokio::runtime::scheduler::current_thread::CoreGuard>::block_on<core::pin::Pin<&mut core::pin::Pin<&mut dyn core::future::future::Future<Output = ()>>>>::{closure#0}::{closure#0}::{closure#0}>
             at /Users/runner/.cargo/registry/src/index.crates.io-1949cf8c6b5b557f/tokio-1.53.1/src/task/coop/mod.rs:167:5
   9: tokio::task::coop::budget::<core::task::poll::Poll<()>, <tokio::runtime::scheduler::current_thread::CoreGuard>::block_on<core::pin::Pin<&mut core::pin::Pin<&mut dyn core::future::future::Future<Output = ()>>>>::{closure#0}::{closure#0}::{closure#0}>
             at /Users/runner/.cargo/registry/src/index.crates.io-1949cf8c6b5b557f/tokio-1.53.1/src/task/coop/mod.rs:133:5
  10: <tokio::runtime::scheduler::current_thread::CoreGuard>::block_on::<core::pin::Pin<&mut core::pin::Pin<&mut dyn core::future::future::Future<Output = ()>>>>::{closure#0}::{closure#0}
             at /Users/runner/.cargo/registry/src/index.crates.io-1949cf8c6b5b557f/tokio-1.53.1/src/runtime/scheduler/current_thread/mod.rs:830:25
  11: <tokio::runtime::scheduler::current_thread::Context>::enter::<core::task::poll::Poll<()>, <tokio::runtime::scheduler::current_thread::CoreGuard>::block_on<core::pin::Pin<&mut core::pin::Pin<&mut dyn core::future::future::Future<Output = ()>>>>::{closure#0}::{closure#0}>
             at /Users/runner/.cargo/registry/src/index.crates.io-1949cf8c6b5b557f/tokio-1.53.1/src/runtime/scheduler/current_thread/mod.rs:488:19
  12: <tokio::runtime::scheduler::current_thread::CoreGuard>::block_on::<core::pin::Pin<&mut core::pin::Pin<&mut dyn core::future::future::Future<Output = ()>>>>::{closure#0}
             at /Users/runner/.cargo/registry/src/index.crates.io-1949cf8c6b5b557f/tokio-1.53.1/src/runtime/scheduler/current_thread/mod.rs:829:44
  13: <tokio::runtime::scheduler::current_thread::CoreGuard>::enter::<<tokio::runtime::scheduler::current_thread::CoreGuard>::block_on<core::pin::Pin<&mut core::pin::Pin<&mut dyn core::future::future::Future<Output = ()>>>>::{closure#0}, core::option::Option<()>>::{closure#0}
             at /Users/runner/.cargo/registry/src/index.crates.io-1949cf8c6b5b557f/tokio-1.53.1/src/runtime/scheduler/current_thread/mod.rs:906:68
  14: <tokio::runtime::context::scoped::Scoped<tokio::runtime::scheduler::Context>>::set::<<tokio::runtime::scheduler::current_thread::CoreGuard>::enter<<tokio::runtime::scheduler::current_thread::CoreGuard>::block_on<core::pin::Pin<&mut core::pin::Pin<&mut dyn core::future::future::Future<Output = ()>>>>::{closure#0}, core::option::Option<()>>::{closure#0}, (alloc::boxed::Box<tokio::runtime::scheduler::current_thread::Core>, core::option::Option<()>)>
             at /Users/runner/.cargo/registry/src/index.crates.io-1949cf8c6b5b557f/tokio-1.53.1/src/runtime/context/scoped.rs:40:9
  15: tokio::runtime::context::set_scheduler::<(alloc::boxed::Box<tokio::runtime::scheduler::current_thread::Core>, core::option::Option<()>), <tokio::runtime::scheduler::current_thread::CoreGuard>::enter<<tokio::runtime::scheduler::current_thread::CoreGuard>::block_on<core::pin::Pin<&mut core::pin::Pin<&mut dyn core::future::future::Future<Output = ()>>>>::{closure#0}, core::option::Option<()>>::{closure#0}>::{closure#0}
             at /Users/runner/.cargo/registry/src/index.crates.io-1949cf8c6b5b557f/tokio-1.53.1/src/runtime/context.rs:187:38
  16: <std::thread::local::LocalKey<tokio::runtime::context::Context>>::try_with::<tokio::runtime::context::set_scheduler<(alloc::boxed::Box<tokio::runtime::scheduler::current_thread::Core>, core::option::Option<()>), <tokio::runtime::scheduler::current_thread::CoreGuard>::enter<<tokio::runtime::scheduler::current_thread::CoreGuard>::block_on<core::pin::Pin<&mut core::pin::Pin<&mut dyn core::future::future::Future<Output = ()>>>>::{closure#0}, core::option::Option<()>>::{closure#0}>::{closure#0}, (alloc::boxed::Box<tokio::runtime::scheduler::current_thread::Core>, core::option::Option<()>)>
             at /rustc/b940084d7eb6a299eb4bfeb8e34901bc051e7ac4/library/std/src/thread/local.rs:463:12
  17: <std::thread::local::LocalKey<tokio::runtime::context::Context>>::with::<tokio::runtime::context::set_scheduler<(alloc::boxed::Box<tokio::runtime::scheduler::current_thread::Core>, core::option::Option<()>), <tokio::runtime::scheduler::current_thread::CoreGuard>::enter<<tokio::runtime::scheduler::current_thread::CoreGuard>::block_on<core::pin::Pin<&mut core::pin::Pin<&mut dyn core::future::future::Future<Output = ()>>>>::{closure#0}, core::option::Option<()>>::{closure#0}>::{closure#0}, (alloc::boxed::Box<tokio::runtime::scheduler::current_thread::Core>, core::option::Option<()>)>
             at /rustc/b940084d7eb6a299eb4bfeb8e34901bc051e7ac4/library/std/src/thread/local.rs:427:20
  18: tokio::runtime::context::set_scheduler::<(alloc::boxed::Box<tokio::runtime::scheduler::current_thread::Core>, core::option::Option<()>), <tokio::runtime::scheduler::current_thread::CoreGuard>::enter<<tokio::runtime::scheduler::current_thread::CoreGuard>::block_on<core::pin::Pin<&mut core::pin::Pin<&mut dyn core::future::future::Future<Output = ()>>>>::{closure#0}, core::option::Option<()>>::{closure#0}>
             at /Users/runner/.cargo/registry/src/index.crates.io-1949cf8c6b5b557f/tokio-1.53.1/src/runtime/context.rs:187:17
  19: <tokio::runtime::scheduler::current_thread::CoreGuard>::enter::<<tokio::runtime::scheduler::current_thread::CoreGuard>::block_on<core::pin::Pin<&mut core::pin::Pin<&mut dyn core::future::future::Future<Output = ()>>>>::{closure#0}, core::option::Option<()>>
             at /Users/runner/.cargo/registry/src/index.crates.io-1949cf8c6b5b557f/tokio-1.53.1/src/runtime/scheduler/current_thread/mod.rs:906:27
  20: <tokio::runtime::scheduler::current_thread::CoreGuard>::block_on::<core::pin::Pin<&mut core::pin::Pin<&mut dyn core::future::future::Future<Output = ()>>>>
             at /Users/runner/.cargo/registry/src/index.crates.io-1949cf8c6b5b557f/tokio-1.53.1/src/runtime/scheduler/current_thread/mod.rs:817:24
  21: <tokio::runtime::scheduler::current_thread::CurrentThread>::block_on::<core::pin::Pin<&mut dyn core::future::future::Future<Output = ()>>>::{closure#0}
             at /Users/runner/.cargo/registry/src/index.crates.io-1949cf8c6b5b557f/tokio-1.53.1/src/runtime/scheduler/current_thread/mod.rs:218:33
  22: tokio::runtime::context::runtime::enter_runtime::<<tokio::runtime::scheduler::current_thread::CurrentThread>::block_on<core::pin::Pin<&mut dyn core::future::future::Future<Output = ()>>>::{closure#0}, ()>
             at /Users/runner/.cargo/registry/src/index.crates.io-1949cf8c6b5b557f/tokio-1.53.1/src/runtime/context/runtime.rs:65:16
  23: <tokio::runtime::scheduler::current_thread::CurrentThread>::block_on::<core::pin::Pin<&mut dyn core::future::future::Future<Output = ()>>>
             at /Users/runner/.cargo/registry/src/index.crates.io-1949cf8c6b5b557f/tokio-1.53.1/src/runtime/scheduler/current_thread/mod.rs:206:9
  24: <tokio::runtime::runtime::Runtime>::block_on_inner::<core::pin::Pin<&mut dyn core::future::future::Future<Output = ()>>>
             at /Users/runner/.cargo/registry/src/index.crates.io-1949cf8c6b5b557f/tokio-1.53.1/src/runtime/runtime.rs:374:52
  25: <tokio::runtime::runtime::Runtime>::block_on::<core::pin::Pin<&mut dyn core::future::future::Future<Output = ()>>>
             at /Users/runner/.cargo/registry/src/index.crates.io-1949cf8c6b5b557f/tokio-1.53.1/src/runtime/runtime.rs:343:18
  26: http_compat::chrome_closing_page_wakes_wait
             at ./http_compat.rs:193:35
  27: http_compat::chrome_closing_page_wakes_wait::{closure#0}
             at ./http_compat.rs:192:27
  28: <http_compat::chrome_closing_page_wakes_wait::{closure#0} as core::ops::function::FnOnce<()>>::call_once
             at /rustc/b940084d7eb6a299eb4bfeb8e34901bc051e7ac4/library/core/src/ops/function.rs:250:5
  29: <fn() -> core::result::Result<(), alloc::string::String> as core::ops::function::FnOnce<()>>::call_once
             at /rustc/b940084d7eb6a299eb4bfeb8e34901bc051e7ac4/library/core/src/ops/function.rs:250:5
note: Some details are omitted, run with `RUST_BACKTRACE=full` for a verbose backtrace.
FAILED
test chrome_delayed_and_absent_elements ... Chrome version: Chrome/155.0.8059.39
HTTP compat Chrome stage: new_page start
HTTP compat Chrome new_page timed out: Elapsed(())
Chrome page-creation launch diagnostics: BrowserDiagnostics { product: "Chrome/155.0.8059.39", protocol_version: "1.3", user_agent: "Mozilla/5.0 (Macintosh; Intel Mac OS X 10_15_7) AppleWebKit/537.36 (KHTML, like Gecko) HeadlessChrome/155.0.0.0 Safari/537.36", executable: Some("/Users/runner/hostedtoolcache/setup-chrome/chrome/stable/arm64/Contents/MacOS/Google Chrome for Testing"), launch_args: ["--remote-debugging-port=0", "--no-first-run", "--no-default-browser-check", "--user-data-dir=/var/folders/36/tjdph2t965j8snz9_vkdnw0r0000gn/T/rustwright-2285-1791558410701402000-2", "--headless=new", "--disable-gpu", "--hide-scrollbars", "--mute-audio", "about:blank"], user_data_dir: Some("/var/folders/36/tjdph2t965j8snz9_vkdnw0r0000gn/T/rustwright-2285-1791558410701402000-2"), endpoint: Some("http://127.0.0.1:49193"), pid: Some(7290), ephemeral_profile: true, browser_log: Some("/var/folders/36/tjdph2t965j8snz9_vkdnw0r0000gn/T/rustwright-2285-1791558410701402000-2/rustwright-chrome.log") }
Chrome page-creation pending commands: 0
Chrome stderr (first 16 KiB): Ok("[7298:27791:1009/150651.124390:ERROR:base/apple/mach_port_rendezvous_mac.cc:256] bootstrap_look_up com.google.chrome.for.testing.MachPortRendezvousServer.7290: Permission denied (1100)\n[7298:27791:1009/150651.124989:ERROR:base/memory/shared_memory_switch.cc:261] No rendezvous client, terminating process (parent died?)\n[7299:27794:1009/150651.124647:ERROR:base/apple/mach_port_rendezvous_mac.cc:256] bootstrap_look_up com.google.chrome.for.testing.MachPortRendezvousServer.7290: Permission denied (1100)\n[7299:27794:1009/150651.125202:ERROR:base/memory/shared_memory_switch.cc:261] No rendezvous client, terminating process (parent died?)\n\nDevTools listening on ws://127.0.0.1:49193/devtools/browser/ec81976a-bdf5-4a4d-a1c8-267214982e4a\n[7300:27820:1009/150651.180223:ERROR:base/apple/mach_port_rendezvous_mac.cc:256] bootstrap_look_up com.google.chrome.for.testing.MachPortRendezvousServer.7290: Permission denied (1100)\n[7300:27820:1009/150651.180404:ERROR:base/memory/shared_memory_switch.cc:261] No rendezvous client, terminating process (parent died?)\n[7301:27821:1009/150651.184610:ERROR:base/apple/mach_port_rendezvous_mac.cc:256] bootstrap_look_up com.google.chrome.for.testing.MachPortRendezvousServer.7290: Unknown service name (1102)\n[7301:27821:1009/150651.184919:ERROR:base/memory/shared_memory_switch.cc:261] No rendezvous client, terminating process (parent died?)\n[7302:27834:1009/150651.334743:ERROR:base/apple/mach_port_rendezvous_mac.cc:256] bootstrap_look_up com.google.chrome.for.testing.MachPortRendezvousServer.7290: Permission denied (1100)\n[7302:27834:1009/150651.335087:ERROR:base/memory/shared_memory_switch.cc:261] No rendezvous client, terminating process (parent died?)\n[7304:27841:1009/150651.399520:ERROR:base/apple/mach_port_rendezvous_mac.cc:256] bootstrap_look_up com.google.chrome.for.testing.MachPortRendezvousServer.7290: Permission denied (1100)\n[7304:27841:1009/150651.401443:ERROR:base/memory/shared_memory_switch.cc:261] No rendezvous client, terminating process (parent died?)\n[7303:27840:1009/150651.401666:ERROR:base/apple/mach_port_rendezvous_mac.cc:256] bootstrap_look_up com.google.chrome.for.testing.MachPortRendezvousServer.7290: Permission denied (1100)\n[7303:27840:1009/150651.404033:ERROR:base/memory/shared_memory_switch.cc:261] No rendezvous client, terminating process (parent died?)\n[7290:27706:1009/150651.458483:ERROR:content/browser/network_service_instance_impl.cc:653] Network service crashed or was terminated, restarting service.\n[7305:27848:1009/150651.544784:ERROR:base/apple/mach_port_rendezvous_mac.cc:256] bootstrap_look_up com.google.chrome.for.testing.MachPortRendezvousServer.7290: Permission denied (1100)\n[7305:27848:1009/150651.545073:ERROR:base/memory/shared_memory_switch.cc:261] No rendezvous client, terminating process (parent died?)\n[7307:27853:1009/150651.551402:ERROR:base/apple/mach_port_rendezvous_mac.cc:256] bootstrap_look_up com.google.chrome.for.testing.MachPortRendezvousServer.7290: Permission denied (1100)\n[7307:27853:1009/150651.551608:ERROR:base/memory/shared_memory_switch.cc:261] No rendezvous client, terminating process (parent died?)\n[7306:27852:1009/150651.554938:ERROR:base/apple/mach_port_rendezvous_mac.cc:256] bootstrap_look_up com.google.chrome.for.testing.MachPortRendezvousServer.7290: Permission denied (1100)\n[7306:27852:1009/150651.555250:ERROR:base/memory/shared_memory_switch.cc:261] No rendezvous client, terminating process (parent died?)\n[7290:27706:1009/150651.560798:ERROR:content/browser/network_service_instance_impl.cc:653] Network service crashed or was terminated, restarting service.\n[7309:27863:1009/150651.615324:ERROR:base/apple/mach_port_rendezvous_mac.cc:256] bootstrap_look_up com.google.chrome.for.testing.MachPortRendezvousServer.7290: Permission denied (1100)\n[7309:27863:1009/150651.615984:ERROR:base/memory/shared_memory_switch.cc:261] No rendezvous client, terminating process (parent died?)\n[7308:27862:1009/150651.635577:ERROR:base/apple/mach_port_rendezvous_mac.cc:256] bootstrap_look_up com.google.chrome.for.testing.MachPortRendezvousServer.7290: Permission denied (1100)\n[7308:27862:1009/150651.635932:ERROR:base/memory/shared_memory_switch.cc:261] No rendezvous client, terminating process (parent died?)\n[7310:27864:1009/150651.638587:ERROR:base/apple/mach_port_rendezvous_mac.cc:256] bootstrap_look_up com.google.chrome.for.testing.MachPortRendezvousServer.7290: Permission denied (1100)\n[7310:27864:1009/150651.638870:ERROR:base/memory/shared_memory_switch.cc:261] No rendezvous client, terminating process (parent died?)\n[7313:27878:1009/150651.679680:ERROR:base/apple/mach_port_rendezvous_mac.cc:256] bootstrap_look_up com.google.chrome.for.testing.MachPortRendezvousServer.7290: Permission denied (1100)\n[7313:27878:1009/150651.679835:ERROR:base/memory/shared_memory_switch.cc:261] No rendezvous client, terminating process (parent died?)\n[7314:27879:1009/150651.681825:ERROR:base/apple/mach_port_rendezvous_mac.cc:256] bootstrap_look_up com.google.chrome.for.testing.MachPortRendezvousServer.7290: Permission denied (1100)\n[7314:27879:1009/150651.682129:ERROR:base/memory/shared_memory_switch.cc:261] No rendezvous client, terminating process (parent died?)\n[7315:27880:1009/150651.693955:ERROR:base/apple/mach_port_rendezvous_mac.cc:256] bootstrap_look_up com.google.chrome.for.testing.MachPortRendezvousServer.7290: Permission denied (1100)\n[7315:27880:1009/150651.694181:ERROR:base/memory/shared_memory_switch.cc:261] No rendezvous client, terminating process (parent died?)\n[7290:27706:1009/150651.701496:ERROR:content/browser/network_service_instance_impl.cc:653] Network service crashed or was terminated, restarting service.\n[7316:27890:1009/150651.761213:ERROR:base/apple/mach_port_rendezvous_mac.cc:256] bootstrap_look_up com.google.chrome.for.testing.MachPortRendezvousServer.7290: Permission denied (1100)\n[7316:27890:1009/150651.763085:ERROR:base/memory/shared_memory_switch.cc:261] No rendezvous client, terminating process (parent died?)\n[7290:27706:1009/150651.767121:ERROR:content/browser/network_service_instance_impl.cc:653] Network service crashed or was terminated, restarting service.\n[7317:27891:1009/150651.770372:ERROR:base/apple/mach_port_rendezvous_mac.cc:256] bootstrap_look_up com.google.chrome.for.testing.MachPortRendezvousServer.7290: Permission denied (1100)\n[7317:27891:1009/150651.772922:ERROR:base/memory/shared_memory_switch.cc:261] No rendezvous client, terminating process (parent died?)\n[7318:27892:1009/150651.778954:ERROR:base/apple/mach_port_rendezvous_mac.cc:256] bootstrap_look_up com.google.chrome.for.testing.MachPortRendezvousServer.7290: Permission denied (1100)\n[7318:27892:1009/150651.779114:ERROR:base/memory/shared_memory_switch.cc:261] No rendezvous client, terminating process (parent died?)\n[7319:27898:1009/150651.807784:ERROR:base/apple/mach_port_rendezvous_mac.cc:256] bootstrap_look_up com.google.chrome.for.testing.MachPortRendezvousServer.7290: Permission denied (1100)\n[7319:27898:1009/150651.811826:ERROR:base/memory/shared_memory_switch.cc:261] No rendezvous client, terminating process (parent died?)\n[7320:27899:1009/150651.807956:ERROR:base/apple/mach_port_rendezvous_mac.cc:256] bootstrap_look_up com.google.chrome.for.testing.MachPortRendezvousServer.7290: Permission denied (1100)\n[7320:27899:1009/150651.812047:ERROR:base/memory/shared_memory_switch.cc:261] No rendezvous client, terminating process (parent died?)\n[7321:27905:1009/150651.826290:ERROR:base/apple/mach_port_rendezvous_mac.cc:256] bootstrap_look_up com.google.chrome.for.testing.MachPortRendezvousServer.7290: Permission denied (1100)\n[7321:27905:1009/150651.826809:ERROR:base/memory/shared_memory_switch.cc:261] No rendezvous client, terminating process (parent died?)\n[7290:27706:1009/150651.828863:ERROR:content/browser/network_service_instance_impl.cc:653] Network service crashed or was terminated, restarting service.\n[7290:27706:1009/150651.829744:ERROR:chrome/browser/component_updater/soda_component_installer.cc:100] On demand update of the SODA component failed with error: 5\n[7323:27907:1009/150651.836721:ERROR:base/apple/mach_port_rendezvous_mac.cc:256] bootstrap_look_up com.google.chrome.for.testing.MachPortRendezvousServer.7290: Permission denied (1100)\n[7323:27907:1009/150651.836929:ERROR:base/memory/shared_memory_switch.cc:261] No rendezvous client, terminating process (parent died?)\n[7322:27906:1009/150651.841607:ERROR:base/apple/mach_port_rendezvous_mac.cc:256] bootstrap_look_up com.google.chrome.for.testing.MachPortRendezvousServer.7290: Permission denied (1100)\n[7322:27906:1009/150651.841915:ERROR:base/memory/shared_memory_switch.cc:261] No rendezvous client, terminating process (parent died?)\n[7325:27921:1009/150651.877784:ERROR:base/apple/mach_port_rendezvous_mac.cc:256] bootstrap_look_up com.google.chrome.for.testing.MachPortRendezvousServer.7290: Permission denied (1100)\n[7325:27921:1009/150651.877943:ERROR:base/memory/shared_memory_switch.cc:261] No rendezvous client, terminating process (parent died?)\n[7324:27916:1009/150651.877784:ERROR:base/apple/mach_port_rendezvous_mac.cc:256] bootstrap_look_up com.google.chrome.for.testing.MachPortRendezvousServer.7290: Permission denied (1100)\n[7324:27916:1009/150651.878203:ERROR:base/memory/shared_memory_switch.cc:261] No rendezvous client, terminating process (parent died?)\n[7290:27706:1009/150651.880898:ERROR:content/browser/network_service_instance_impl.cc:653] Network service crashed or was terminated, restarting service.\n[7290:27706:1009/150651.883349:ERROR:chrome/browser/component_updater/soda_language_pack_component_installer.cc:86] On demand update of the SODA language component failed with error: 5\n[7326:27922:1009/150651.893113:ERROR:base/apple/mach_port_rendezvous_mac.cc:256] bootstrap_look_up com.google.chrome.for.testing.MachPortRendezvousServer.7290: Permission denied (1100)\n[7326:27922:1009/150651.893382:ERROR:base/memory/shared_memory_switch.cc:261] No rendezvous client, terminating process (parent died?)\n[7327:27927:1009/150651.919508:ERROR:base/apple/mach_port_rendezvous_mac.cc:256] bootstrap_look_up com.google.chrome.for.testing.MachPortRendezvousServer.7290: Permission denied (1100)\n[7327:27927:1009/150651.919934:ERROR:base/memory/shared_memory_switch.cc:261] No rendezvous client, terminating process (parent died?)\n[7328:27928:1009/150651.929535:ERROR:base/apple/mach_port_rendezvous_mac.cc:256] bootstrap_look_up com.google.chrome.for.testing.MachPortRendezvousServer.7290: Permission denied (1100)\n[7328:27928:1009/150651.929797:ERROR:base/memory/shared_memory_switch.cc:261] No rendezvous client, terminating process (parent died?)\n[7290:27706:1009/150651.931391:ERROR:content/browser/network_service_instance_impl.cc:653] Network service crashed or was terminated, restarting service.\n[7329:27933:1009/150651.943097:ERROR:base/apple/mach_port_rendezvous_mac.cc:256] bootstrap_look_up com.google.chrome.for.testing.MachPortRendezvousServer.7290: Permission denied (1100)\n[7329:27933:1009/150651.943318:ERROR:base/memory/shared_memory_switch.cc:261] No rendezvous client, terminating process (parent died?)\n[7330:27935:1009/150651.962058:ERROR:base/apple/mach_port_rendezvous_mac.cc:256] bootstrap_look_up com.google.chrome.for.testing.MachPortRendezvousServer.7290: Permission denied (1100)\n[7330:27935:1009/150651.962453:ERROR:base/memory/shared_memory_switch.cc:261] No rendezvous client, terminating process (parent died?)\n[7331:27937:1009/150651.977640:ERROR:base/apple/mach_port_rendezvous_mac.cc:256] bootstrap_look_up com.google.chrome.for.testing.MachPortRendezvousServer.7290: Permission denied (1100)\n[7331:27937:1009/150651.977909:ERROR:base/memory/shared_memory_switch.cc:261] No rendezvous client, terminating process (parent died?)\n[7290:27706:1009/150651.979483:ERROR:content/browser/network_service_instance_impl.cc:653] Network service crashed or was terminated, restarting service.\n[7332:27942:1009/150651.998161:ERROR:base/apple/mach_port_rendezvous_mac.cc:256] bootstrap_look_up com.google.chrome.for.testing.MachPortRendezvousServer.7290: Permission denied (1100)\n[7332:27942:1009/150651.998486:ERROR:base/memory/shared_memory_switch.cc:261] No rendezvous client, terminating process (parent died?)\n[7333:27944:1009/150652.003793:ERROR:base/apple/mach_port_rendezvous_mac.cc:256] bootstrap_look_up com.google.chrome.for.testing.MachPortRendezvousServer.7290: Permission denied (1100)\n[7333:27944:1009/150652.004047:ERROR:base/memory/shared_memory_switch.cc:261] No rendezvous client, terminating process (parent died?)\n[7334:27947:1009/150652.024758:ERROR:base/apple/mach_port_rendezvous_mac.cc:256] bootstrap_look_up com.google.chrome.for.testing.MachPortRendezvousServer.7290: Permission denied (1100)\n[7334:27947:1009/150652.025044:ERROR:base/memory/shared_memory_switch.cc:261] No rendezvous client, terminating process (parent died?)\n[7290:27706:1009/150652.026577:ERROR:content/browser/network_service_instance_impl.cc:653] Network service crashed or was terminated, restarting service.\n[7336:27955:1009/150652.041930:ERROR:base/apple/mach_port_rendezvous_mac.cc:256] bootstrap_look_up com.google.chrome.for.testing.MachPortRendezvousServer.7290: Permission denied (1100)\n[7336:27955:1009/150652.042057:ERROR:base/memory/shared_memory_switch.cc:261] No rendezvous client, terminating process (parent died?)\n[7335:27954:1009/150652.047141:ERROR:base/apple/mach_port_rendezvous_mac.cc:256] bootstrap_look_up com.google.chrome.for.testing.MachPortRendezvousServer.7290: Permission denied (1100)\n[7335:27954:1009/150652.047433:ERROR:base/memory/shared_memory_switch.cc:261] No rendezvous client, terminating process (parent died?)\n[7337:27958:1009/150652.069504:ERROR:base/apple/mach_port_rendezvous_mac.cc:256] bootstrap_look_up com.google.chrome.for.testing.MachPortRendezvousServer.7290: Permission denied (1100)\n[7337:27958:1009/150652.069777:ERROR:base/memory/shared_memory_switch.cc:261] No rendezvous client, terminating process (parent died?)\n[7290:27706:1009/150652.071242:ERROR:content/browser/network_service_instance_impl.cc:653] Network service crashed or was terminated, restarting service.\n[7338:27965:1009/150652.079713:ERROR:base/apple/mach_port_rendezvous_mac.cc:256] bootstrap_look_up com.google.chrome.for.testing.MachPortRendezvousServer.7290: Permission denied (1100)\n[7338:27965:1009/150652.079851:ERROR:base/memory/shared_memory_switch.cc:261] No rendezvous client, terminating process (parent died?)\n[7339:27966:1009/150652.092043:ERROR:base/apple/mach_port_rendezvous_mac.cc:256] bootstrap_look_up com.google.chrome.for.testing.MachPortRendezvousServer.7290: Permission denied (1100)\n[7339:27966:1009/150652.092292:ERROR:base/memory/shared_memory_switch.cc:261] No rendezvous client, terminating process (parent died?)\n[7340:27969:1009/150652.112765:ERROR:base/apple/mach_port_rendezvous_mac.cc:256] bootstrap_look_up com.google.chrome.for.testing.MachPortRendezvousServer.7290: Permission denied (1100)\n[7340:27969:1009/150652.113022:ERROR:base/memory/shared_memory_switch.cc:261] No rendezvous client, terminating process (parent died?)\n[7290:27706:1009/150652.114612:ERROR:content/browser/network_service_instance_impl.cc:653] Network service crashed or was terminated, restarting service.\n[7341:27972:1009/150652.115343:ERROR:base/apple/mach_port_rendezvous_mac.cc:256] bootstrap_look_up com.google.chrome.for.testing.MachPortRendezvousServer.7290: Permission denied (1100)\n[7341:27972:1009/150652.115542:ERROR:base/memory/shared_memory_switch.cc:261] No rendezvous client, terminating process (parent died?)\n[7342:27977:1009/150652.137690:ERROR:base/apple/mach_port_rendezvous_mac.cc:256] bootstrap_look_up com.google.chrome.for.testing.MachPortRendezvousServer.7290: Permission denied (1100)\n[7342:27977:1009/150652.137960:ERROR:base/memory/shared_memory_switch.cc:261] No rendezvous client, terminating process (parent died?)\n[7344:27983:1009/150652.153126:ERROR:base/apple/mach_port_rendezvous_mac.cc:256] bootstrap_look_up com.google.chrome.for.testing.MachPortRendezvousServer.7290: Permission denied (1100)\n[7344:27983:1009/150652.153289:ERROR:base/memory/shared_memory_switch.cc:261] No rendezvous client, terminating process (parent died?)\n[7343:27982:1009/150652.156865:ERROR:base/apple/mach_port_rendezvous_mac.cc:256] bootstrap_look_up com.google.chrome.for.testing.MachPortRendezvousServer.7290: P")
Chrome page-creation probe: endpoint discovery start
Chrome page-creation probe: WebSocket connect start
Chrome page-creation probe sending: Target.getTargets
Chrome page-creation probe Target.getTargets: Ok(Object {"targetInfos": Array [Object {"attached": Bool(false), "browserContextId": String("B7800223AB4068D16CE5A583996DA045"), "canAccessOpener": Bool(false), "targetId": String("D50DDBB9B5597846291A118E4A831D08"), "title": String(""), "type": String("page"), "url": String("about:blank")}, Object {"attached": Bool(false), "browserContextId": String("B7800223AB4068D16CE5A583996DA045"), "canAccessOpener": Bool(false), "targetId": String("C08AC47A3AED76F2477D8FA4E0B7A362"), "title": String(""), "type": String("browser_ui"), "url": String("chrome://omnibox-popup.top-chrome/omnibox_popup_aim.html")}, Object {"attached": Bool(false), "browserContextId": String("B7800223AB4068D16CE5A583996DA045"), "canAccessOpener": Bool(false), "targetId": String("3DFA830799E40F833327B83FD7BA99B2"), "title": String(""), "type": String("browser_ui"), "url": String("chrome://omnibox-popup.top-chrome/")}]})
Chrome page-creation probe sending: Target.getBrowserContexts
Chrome page-creation probe Target.getBrowserContexts: Ok(Object {"browserContextIds": Array [], "defaultBrowserContextId": String("B7800223AB4068D16CE5A583996DA045")})
Chrome page-creation probe sending: Target.attachToTarget target=D50DDBB9B5597846291A118E4A831D08
Chrome page-creation probe Target.attachToTarget: Ok(Object {"sessionId": String("983B9AE38F065F50A04109EFA9B49018")})
Chrome page-creation probe sending: Page.enable target=D50DDBB9B5597846291A118E4A831D08
Chrome page-creation probe completion: Err(Elapsed(()))

thread 'chrome_delayed_and_absent_elements' (27705) panicked at tests/http_compat.rs:170:17:
Initial Chrome page creation exceeded 30 seconds: Elapsed(())
stack backtrace:
   0: __rustc::rust_begin_unwind
             at /rustc/b940084d7eb6a299eb4bfeb8e34901bc051e7ac4/library/std/src/panicking.rs:679:5
   1: core::panicking::panic_fmt
             at /rustc/b940084d7eb6a299eb4bfeb8e34901bc051e7ac4/library/core/src/panicking.rs:80:14
   2: http_compat::open::{closure#0}
             at ./http_compat.rs:170:17
   3: http_compat::delayed_and_absent_elements::{closure#0}
             at ./http_compat.rs:380:51
   4: http_compat::chrome_delayed_and_absent_elements::{closure#0}
             at ./http_compat.rs:193:30
   5: <core::pin::Pin<&mut dyn core::future::future::Future<Output = ()>> as core::future::future::Future>::poll
             at /rustc/b940084d7eb6a299eb4bfeb8e34901bc051e7ac4/library/core/src/future/future.rs:133:9
   6: <core::pin::Pin<&mut core::pin::Pin<&mut dyn core::future::future::Future<Output = ()>>> as core::future::future::Future>::poll
             at /rustc/b940084d7eb6a299eb4bfeb8e34901bc051e7ac4/library/core/src/future/future.rs:133:9
   7: <tokio::runtime::scheduler::current_thread::CoreGuard>::block_on::<core::pin::Pin<&mut core::pin::Pin<&mut dyn core::future::future::Future<Output = ()>>>>::{closure#0}::{closure#0}::{closure#0}
             at /Users/runner/.cargo/registry/src/index.crates.io-1949cf8c6b5b557f/tokio-1.53.1/src/runtime/scheduler/current_thread/mod.rs:830:70
   8: tokio::task::coop::with_budget::<core::task::poll::Poll<()>, <tokio::runtime::scheduler::current_thread::CoreGuard>::block_on<core::pin::Pin<&mut core::pin::Pin<&mut dyn core::future::future::Future<Output = ()>>>>::{closure#0}::{closure#0}::{closure#0}>
             at /Users/runner/.cargo/registry/src/index.crates.io-1949cf8c6b5b557f/tokio-1.53.1/src/task/coop/mod.rs:167:5
   9: tokio::task::coop::budget::<core::task::poll::Poll<()>, <tokio::runtime::scheduler::current_thread::CoreGuard>::block_on<core::pin::Pin<&mut core::pin::Pin<&mut dyn core::future::future::Future<Output = ()>>>>::{closure#0}::{closure#0}::{closure#0}>
             at /Users/runner/.cargo/registry/src/index.crates.io-1949cf8c6b5b557f/tokio-1.53.1/src/task/coop/mod.rs:133:5
  10: <tokio::runtime::scheduler::current_thread::CoreGuard>::block_on::<core::pin::Pin<&mut core::pin::Pin<&mut dyn core::future::future::Future<Output = ()>>>>::{closure#0}::{closure#0}
             at /Users/runner/.cargo/registry/src/index.crates.io-1949cf8c6b5b557f/tokio-1.53.1/src/runtime/scheduler/current_thread/mod.rs:830:25
  11: <tokio::runtime::scheduler::current_thread::Context>::enter::<core::task::poll::Poll<()>, <tokio::runtime::scheduler::current_thread::CoreGuard>::block_on<core::pin::Pin<&mut core::pin::Pin<&mut dyn core::future::future::Future<Output = ()>>>>::{closure#0}::{closure#0}>
             at /Users/runner/.cargo/registry/src/index.crates.io-1949cf8c6b5b557f/tokio-1.53.1/src/runtime/scheduler/current_thread/mod.rs:488:19
  12: <tokio::runtime::scheduler::current_thread::CoreGuard>::block_on::<core::pin::Pin<&mut core::pin::Pin<&mut dyn core::future::future::Future<Output = ()>>>>::{closure#0}
             at /Users/runner/.cargo/registry/src/index.crates.io-1949cf8c6b5b557f/tokio-1.53.1/src/runtime/scheduler/current_thread/mod.rs:829:44
  13: <tokio::runtime::scheduler::current_thread::CoreGuard>::enter::<<tokio::runtime::scheduler::current_thread::CoreGuard>::block_on<core::pin::Pin<&mut core::pin::Pin<&mut dyn core::future::future::Future<Output = ()>>>>::{closure#0}, core::option::Option<()>>::{closure#0}
             at /Users/runner/.cargo/registry/src/index.crates.io-1949cf8c6b5b557f/tokio-1.53.1/src/runtime/scheduler/current_thread/mod.rs:906:68
  14: <tokio::runtime::context::scoped::Scoped<tokio::runtime::scheduler::Context>>::set::<<tokio::runtime::scheduler::current_thread::CoreGuard>::enter<<tokio::runtime::scheduler::current_thread::CoreGuard>::block_on<core::pin::Pin<&mut core::pin::Pin<&mut dyn core::future::future::Future<Output = ()>>>>::{closure#0}, core::option::Option<()>>::{closure#0}, (alloc::boxed::Box<tokio::runtime::scheduler::current_thread::Core>, core::option::Option<()>)>
             at /Users/runner/.cargo/registry/src/index.crates.io-1949cf8c6b5b557f/tokio-1.53.1/src/runtime/context/scoped.rs:40:9
  15: tokio::runtime::context::set_scheduler::<(alloc::boxed::Box<tokio::runtime::scheduler::current_thread::Core>, core::option::Option<()>), <tokio::runtime::scheduler::current_thread::CoreGuard>::enter<<tokio::runtime::scheduler::current_thread::CoreGuard>::block_on<core::pin::Pin<&mut core::pin::Pin<&mut dyn core::future::future::Future<Output = ()>>>>::{closure#0}, core::option::Option<()>>::{closure#0}>::{closure#0}
             at /Users/runner/.cargo/registry/src/index.crates.io-1949cf8c6b5b557f/tokio-1.53.1/src/runtime/context.rs:187:38
  16: <std::thread::local::LocalKey<tokio::runtime::context::Context>>::try_with::<tokio::runtime::context::set_scheduler<(alloc::boxed::Box<tokio::runtime::scheduler::current_thread::Core>, core::option::Option<()>), <tokio::runtime::scheduler::current_thread::CoreGuard>::enter<<tokio::runtime::scheduler::current_thread::CoreGuard>::block_on<core::pin::Pin<&mut core::pin::Pin<&mut dyn core::future::future::Future<Output = ()>>>>::{closure#0}, core::option::Option<()>>::{closure#0}>::{closure#0}, (alloc::boxed::Box<tokio::runtime::scheduler::current_thread::Core>, core::option::Option<()>)>
             at /rustc/b940084d7eb6a299eb4bfeb8e34901bc051e7ac4/library/std/src/thread/local.rs:463:12
  17: <std::thread::local::LocalKey<tokio::runtime::context::Context>>::with::<tokio::runtime::context::set_scheduler<(alloc::boxed::Box<tokio::runtime::scheduler::current_thread::Core>, core::option::Option<()>), <tokio::runtime::scheduler::current_thread::CoreGuard>::enter<<tokio::runtime::scheduler::current_thread::CoreGuard>::block_on<core::pin::Pin<&mut core::pin::Pin<&mut dyn core::future::future::Future<Output = ()>>>>::{closure#0}, core::option::Option<()>>::{closure#0}>::{closure#0}, (alloc::boxed::Box<tokio::runtime::scheduler::current_thread::Core>, core::option::Option<()>)>
             at /rustc/b940084d7eb6a299eb4bfeb8e34901bc051e7ac4/library/std/src/thread/local.rs:427:20
  18: tokio::runtime::context::set_scheduler::<(alloc::boxed::Box<tokio::runtime::scheduler::current_thread::Core>, core::option::Option<()>), <tokio::runtime::scheduler::current_thread::CoreGuard>::enter<<tokio::runtime::scheduler::current_thread::CoreGuard>::block_on<core::pin::Pin<&mut core::pin::Pin<&mut dyn core::future::future::Future<Output = ()>>>>::{closure#0}, core::option::Option<()>>::{closure#0}>
             at /Users/runner/.cargo/registry/src/index.crates.io-1949cf8c6b5b557f/tokio-1.53.1/src/runtime/context.rs:187:17
  19: <tokio::runtime::scheduler::current_thread::CoreGuard>::enter::<<tokio::runtime::scheduler::current_thread::CoreGuard>::block_on<core::pin::Pin<&mut core::pin::Pin<&mut dyn core::future::future::Future<Output = ()>>>>::{closure#0}, core::option::Option<()>>
             at /Users/runner/.cargo/registry/src/index.crates.io-1949cf8c6b5b557f/tokio-1.53.1/src/runtime/scheduler/current_thread/mod.rs:906:27
  20: <tokio::runtime::scheduler::current_thread::CoreGuard>::block_on::<core::pin::Pin<&mut core::pin::Pin<&mut dyn core::future::future::Future<Output = ()>>>>
             at /Users/runner/.cargo/registry/src/index.crates.io-1949cf8c6b5b557f/tokio-1.53.1/src/runtime/scheduler/current_thread/mod.rs:817:24
  21: <tokio::runtime::scheduler::current_thread::CurrentThread>::block_on::<core::pin::Pin<&mut dyn core::future::future::Future<Output = ()>>>::{closure#0}
             at /Users/runner/.cargo/registry/src/index.crates.io-1949cf8c6b5b557f/tokio-1.53.1/src/runtime/scheduler/current_thread/mod.rs:218:33
  22: tokio::runtime::context::runtime::enter_runtime::<<tokio::runtime::scheduler::current_thread::CurrentThread>::block_on<core::pin::Pin<&mut dyn core::future::future::Future<Output = ()>>>::{closure#0}, ()>
             at /Users/runner/.cargo/registry/src/index.crates.io-1949cf8c6b5b557f/tokio-1.53.1/src/runtime/context/runtime.rs:65:16
  23: <tokio::runtime::scheduler::current_thread::CurrentThread>::block_on::<core::pin::Pin<&mut dyn core::future::future::Future<Output = ()>>>
             at /Users/runner/.cargo/registry/src/index.crates.io-1949cf8c6b5b557f/tokio-1.53.1/src/runtime/scheduler/current_thread/mod.rs:206:9
  24: <tokio::runtime::runtime::Runtime>::block_on_inner::<core::pin::Pin<&mut dyn core::future::future::Future<Output = ()>>>
             at /Users/runner/.cargo/registry/src/index.crates.io-1949cf8c6b5b557f/tokio-1.53.1/src/runtime/runtime.rs:374:52
  25: <tokio::runtime::runtime::Runtime>::block_on::<core::pin::Pin<&mut dyn core::future::future::Future<Output = ()>>>
             at /Users/runner/.cargo/registry/src/index.crates.io-1949cf8c6b5b557f/tokio-1.53.1/src/runtime/runtime.rs:343:18
  26: http_compat::chrome_delayed_and_absent_elements
             at ./http_compat.rs:193:35
  27: http_compat::chrome_delayed_and_absent_elements::{closure#0}
             at ./http_compat.rs:192:27
  28: <http_compat::chrome_delayed_and_absent_elements::{closure#0} as core::ops::function::FnOnce<()>>::call_once
             at /rustc/b940084d7eb6a299eb4bfeb8e34901bc051e7ac4/library/core/src/ops/function.rs:250:5
  29: <fn() -> core::result::Result<(), alloc::string::String> as core::ops::function::FnOnce<()>>::call_once
             at /rustc/b940084d7eb6a299eb4bfeb8e34901bc051e7ac4/library/core/src/ops/function.rs:250:5
note: Some details are omitted, run with `RUST_BACKTRACE=full` for a verbose backtrace.
FAILED
test chrome_disconnect_wakes_wait ... Chrome version: Chrome/155.0.8059.39
HTTP compat Chrome stage: new_page start
HTTP compat Chrome new_page timed out: Elapsed(())
Chrome page-creation launch diagnostics: BrowserDiagnostics { product: "Chrome/155.0.8059.39", protocol_version: "1.3", user_agent: "Mozilla/5.0 (Macintosh; Intel Mac OS X 10_15_7) AppleWebKit/537.36 (KHTML, like Gecko) HeadlessChrome/155.0.0.0 Safari/537.36", executable: Some("/Users/runner/hostedtoolcache/setup-chrome/chrome/stable/arm64/Contents/MacOS/Google Chrome for Testing"), launch_args: ["--remote-debugging-port=0", "--no-first-run", "--no-default-browser-check", "--user-data-dir=/var/folders/36/tjdph2t965j8snz9_vkdnw0r0000gn/T/rustwright-2285-1791558446662961000-3", "--headless=new", "--disable-gpu", "--hide-scrollbars", "--mute-audio", "about:blank"], user_data_dir: Some("/var/folders/36/tjdph2t965j8snz9_vkdnw0r0000gn/T/rustwright-2285-1791558446662961000-3"), endpoint: Some("http://127.0.0.1:49198"), pid: Some(9772), ephemeral_profile: true, browser_log: Some("/var/folders/36/tjdph2t965j8snz9_vkdnw0r0000gn/T/rustwright-2285-1791558446662961000-3/rustwright-chrome.log") }
Chrome page-creation pending commands: 0
Chrome stderr (first 16 KiB): Ok("\nDevTools listening on ws://127.0.0.1:49198/devtools/browser/6d259a05-0625-43a9-b926-a71bc23daa92\n[9818:36490:1009/150727.137239:ERROR:base/apple/mach_port_rendezvous_mac.cc:256] bootstrap_look_up com.google.chrome.for.testing.MachPortRendezvousServer.9772: Unknown service name (1102)\n[9818:36490:1009/150727.137537:ERROR:base/memory/shared_memory_switch.cc:261] No rendezvous client, terminating process (parent died?)\n[9817:36489:1009/150727.150559:ERROR:base/apple/mach_port_rendezvous_mac.cc:256] bootstrap_look_up com.google.chrome.for.testing.MachPortRendezvousServer.9772: Permission denied (1100)\n[9817:36489:1009/150727.151151:ERROR:base/memory/shared_memory_switch.cc:261] No rendezvous client, terminating process (parent died?)\n[9808:36449:1009/150727.173501:ERROR:base/apple/mach_port_rendezvous_mac.cc:256] bootstrap_look_up com.google.chrome.for.testing.MachPortRendezvousServer.9772: Permission denied (1100)\n[9808:36449:1009/150727.173730:ERROR:base/memory/shared_memory_switch.cc:261] No rendezvous client, terminating process (parent died?)\n[9807:36447:1009/150727.178424:ERROR:base/apple/mach_port_rendezvous_mac.cc:256] bootstrap_look_up com.google.chrome.for.testing.MachPortRendezvousServer.9772: Permission denied (1100)\n[9807:36447:1009/150727.178686:ERROR:base/memory/shared_memory_switch.cc:261] No rendezvous client, terminating process (parent died?)\n[9851:36571:1009/150727.331589:ERROR:base/apple/mach_port_rendezvous_mac.cc:256] bootstrap_look_up com.google.chrome.for.testing.MachPortRendezvousServer.9772: Permission denied (1100)\n[9851:36571:1009/150727.332180:ERROR:base/memory/shared_memory_switch.cc:261] No rendezvous client, terminating process (parent died?)\n[9863:36596:1009/150727.390903:ERROR:base/apple/mach_port_rendezvous_mac.cc:256] bootstrap_look_up com.google.chrome.for.testing.MachPortRendezvousServer.9772: Permission denied (1100)\n[9863:36596:1009/150727.391188:ERROR:base/memory/shared_memory_switch.cc:261] No rendezvous client, terminating process (parent died?)\n[9862:36594:1009/150727.390962:ERROR:base/apple/mach_port_rendezvous_mac.cc:256] bootstrap_look_up com.google.chrome.for.testing.MachPortRendezvousServer.9772: Permission denied (1100)\n[9862:36594:1009/150727.391368:ERROR:base/memory/shared_memory_switch.cc:261] No rendezvous client, terminating process (parent died?)\n[9772:36300:1009/150727.482458:ERROR:content/browser/network_service_instance_impl.cc:653] Network service crashed or was terminated, restarting service.\n[9882:36640:1009/150727.558691:ERROR:base/apple/mach_port_rendezvous_mac.cc:256] bootstrap_look_up com.google.chrome.for.testing.MachPortRendezvousServer.9772: Permission denied (1100)\n[9882:36640:1009/150727.558848:ERROR:base/memory/shared_memory_switch.cc:261] No rendezvous client, terminating process (parent died?)\n[9883:36641:1009/150727.561111:ERROR:base/apple/mach_port_rendezvous_mac.cc:256] bootstrap_look_up com.google.chrome.for.testing.MachPortRendezvousServer.9772: Permission denied (1100)\n[9883:36641:1009/150727.561378:ERROR:base/memory/shared_memory_switch.cc:261] No rendezvous client, terminating process (parent died?)\n[9884:36642:1009/150727.575684:ERROR:base/apple/mach_port_rendezvous_mac.cc:256] bootstrap_look_up com.google.chrome.for.testing.MachPortRendezvousServer.9772: Permission denied (1100)\n[9884:36642:1009/150727.575937:ERROR:base/memory/shared_memory_switch.cc:261] No rendezvous client, terminating process (parent died?)\n[9772:36300:1009/150727.592651:ERROR:content/browser/network_service_instance_impl.cc:653] Network service crashed or was terminated, restarting service.\n[9894:36669:1009/150727.637984:ERROR:base/apple/mach_port_rendezvous_mac.cc:256] bootstrap_look_up com.google.chrome.for.testing.MachPortRendezvousServer.9772: Permission denied (1100)\n[9894:36669:1009/150727.638213:ERROR:base/memory/shared_memory_switch.cc:261] No rendezvous client, terminating process (parent died?)\n[9895:36670:1009/150727.648421:ERROR:base/apple/mach_port_rendezvous_mac.cc:256] bootstrap_look_up com.google.chrome.for.testing.MachPortRendezvousServer.9772: Permission denied (1100)\n[9895:36670:1009/150727.648842:ERROR:base/memory/shared_memory_switch.cc:261] No rendezvous client, terminating process (parent died?)\n[9896:36671:1009/150727.652749:ERROR:base/apple/mach_port_rendezvous_mac.cc:256] bootstrap_look_up com.google.chrome.for.testing.MachPortRendezvousServer.9772: Permission denied (1100)\n[9896:36671:1009/150727.653018:ERROR:base/memory/shared_memory_switch.cc:261] No rendezvous client, terminating process (parent died?)\n[9897:36682:1009/150727.693743:ERROR:base/apple/mach_port_rendezvous_mac.cc:256] bootstrap_look_up com.google.chrome.for.testing.MachPortRendezvousServer.9772: Permission denied (1100)\n[9897:36682:1009/150727.693881:ERROR:base/memory/shared_memory_switch.cc:261] No rendezvous client, terminating process (parent died?)\n[9898:36687:1009/150727.699796:ERROR:base/apple/mach_port_rendezvous_mac.cc:256] bootstrap_look_up com.google.chrome.for.testing.MachPortRendezvousServer.9772: Permission denied (1100)\n[9898:36687:1009/150727.700055:ERROR:base/memory/shared_memory_switch.cc:261] No rendezvous client, terminating process (parent died?)\n[9899:36688:1009/150727.699953:ERROR:base/apple/mach_port_rendezvous_mac.cc:256] bootstrap_look_up com.google.chrome.for.testing.MachPortRendezvousServer.9772: Permission denied (1100)\n[9899:36688:1009/150727.700227:ERROR:base/memory/shared_memory_switch.cc:261] No rendezvous client, terminating process (parent died?)\n[9772:36300:1009/150727.712290:ERROR:content/browser/network_service_instance_impl.cc:653] Network service crashed or was terminated, restarting service.\n[9900:36695:1009/150727.768465:ERROR:base/apple/mach_port_rendezvous_mac.cc:256] bootstrap_look_up com.google.chrome.for.testing.MachPortRendezvousServer.9772: Permission denied (1100)\n[9900:36695:1009/150727.770063:ERROR:base/memory/shared_memory_switch.cc:261] No rendezvous client, terminating process (parent died?)\n[9772:36300:1009/150727.772667:ERROR:content/browser/network_service_instance_impl.cc:653] Network service crashed or was terminated, restarting service.\n[9902:36697:1009/150727.775830:ERROR:base/apple/mach_port_rendezvous_mac.cc:256] bootstrap_look_up com.google.chrome.for.testing.MachPortRendezvousServer.9772: Permission denied (1100)\n[9902:36697:1009/150727.776056:ERROR:base/memory/shared_memory_switch.cc:261] No rendezvous client, terminating process (parent died?)\n[9904:36701:1009/150727.799180:ERROR:base/apple/mach_port_rendezvous_mac.cc:256] bootstrap_look_up com.google.chrome.for.testing.MachPortRendezvousServer.9772: Permission denied (1100)\n[9904:36701:1009/150727.799616:ERROR:base/memory/shared_memory_switch.cc:261] No rendezvous client, terminating process (parent died?)\n[9903:36700:1009/150727.799365:ERROR:base/apple/mach_port_rendezvous_mac.cc:256] bootstrap_look_up com.google.chrome.for.testing.MachPortRendezvousServer.9772: Permission denied (1100)\n[9903:36700:1009/150727.800827:ERROR:base/memory/shared_memory_switch.cc:261] No rendezvous client, terminating process (parent died?)\n[9901:36696:1009/150727.823647:ERROR:base/apple/mach_port_rendezvous_mac.cc:256] bootstrap_look_up com.google.chrome.for.testing.MachPortRendezvousServer.9772: Permission denied (1100)\n[9901:36696:1009/150727.823928:ERROR:base/memory/shared_memory_switch.cc:261] No rendezvous client, terminating process (parent died?)\n[9906:36707:1009/150727.828002:ERROR:base/apple/mach_port_rendezvous_mac.cc:256] bootstrap_look_up com.google.chrome.for.testing.MachPortRendezvousServer.9772: Permission denied (1100)\n[9906:36707:1009/150727.828175:ERROR:base/memory/shared_memory_switch.cc:261] No rendezvous client, terminating process (parent died?)\n[9905:36706:1009/150727.830993:ERROR:base/apple/mach_port_rendezvous_mac.cc:256] bootstrap_look_up com.google.chrome.for.testing.MachPortRendezvousServer.9772: Permission denied (1100)\n[9905:36706:1009/150727.831462:ERROR:base/memory/shared_memory_switch.cc:261] No rendezvous client, terminating process (parent died?)\n[9772:36300:1009/150727.833136:ERROR:content/browser/network_service_instance_impl.cc:653] Network service crashed or was terminated, restarting service.\n[9772:36300:1009/150727.834171:ERROR:chrome/browser/component_updater/soda_component_installer.cc:100] On demand update of the SODA component failed with error: 5\n[9908:36721:1009/150727.877425:ERROR:base/apple/mach_port_rendezvous_mac.cc:256] bootstrap_look_up com.google.chrome.for.testing.MachPortRendezvousServer.9772: Permission denied (1100)\n[9908:36721:1009/150727.877589:ERROR:base/memory/shared_memory_switch.cc:261] No rendezvous client, terminating process (parent died?)\n[9907:36718:1009/150727.884088:ERROR:base/apple/mach_port_rendezvous_mac.cc:256] bootstrap_look_up com.google.chrome.for.testing.MachPortRendezvousServer.9772: Permission denied (1100)\n[9907:36718:1009/150727.884367:ERROR:base/memory/shared_memory_switch.cc:261] No rendezvous client, terminating process (parent died?)\n[9909:36722:1009/150727.887653:ERROR:base/apple/mach_port_rendezvous_mac.cc:256] bootstrap_look_up com.google.chrome.for.testing.MachPortRendezvousServer.9772: Permission denied (1100)\n[9909:36722:1009/150727.887932:ERROR:base/memory/shared_memory_switch.cc:261] No rendezvous client, terminating process (parent died?)\n[9772:36300:1009/150727.889799:ERROR:content/browser/network_service_instance_impl.cc:653] Network service crashed or was terminated, restarting service.\n[9772:36300:1009/150727.936967:ERROR:chrome/browser/component_updater/soda_language_pack_component_installer.cc:86] On demand update of the SODA language component failed with error: 5\n[9910:36729:1009/150727.939433:ERROR:base/apple/mach_port_rendezvous_mac.cc:256] bootstrap_look_up com.google.chrome.for.testing.MachPortRendezvousServer.9772: Permission denied (1100)\n[9910:36729:1009/150727.939638:ERROR:base/memory/shared_memory_switch.cc:261] No rendezvous client, terminating process (parent died?)\n[9912:36734:1009/150727.969886:ERROR:base/apple/mach_port_rendezvous_mac.cc:256] bootstrap_look_up com.google.chrome.for.testing.MachPortRendezvousServer.9772: Permission denied (1100)\n[9912:36734:1009/150727.970154:ERROR:base/memory/shared_memory_switch.cc:261] No rendezvous client, terminating process (parent died?)\n[9772:36300:1009/150727.972021:ERROR:content/browser/network_service_instance_impl.cc:653] Network service crashed or was terminated, restarting service.\n[9911:36732:1009/150727.995775:ERROR:base/apple/mach_port_rendezvous_mac.cc:256] bootstrap_look_up com.google.chrome.for.testing.MachPortRendezvousServer.9772: Permission denied (1100)\n[9911:36732:1009/150727.996360:ERROR:base/memory/shared_memory_switch.cc:261] No rendezvous client, terminating process (parent died?)\n[9914:36739:1009/150728.027293:ERROR:base/apple/mach_port_rendezvous_mac.cc:256] bootstrap_look_up com.google.chrome.for.testing.MachPortRendezvousServer.9772: Permission denied (1100)\n[9914:36739:1009/150728.027442:ERROR:base/memory/shared_memory_switch.cc:261] No rendezvous client, terminating process (parent died?)\n[9921:36757:1009/150728.050598:ERROR:base/apple/mach_port_rendezvous_mac.cc:256] bootstrap_look_up com.google.chrome.for.testing.MachPortRendezvousServer.9772: Permission denied (1100)\n[9921:36757:1009/150728.051242:ERROR:base/memory/shared_memory_switch.cc:261] No rendezvous client, terminating process (parent died?)\n[9772:36300:1009/150728.056592:ERROR:content/browser/network_service_instance_impl.cc:653] Network service crashed or was terminated, restarting service.\n[9922:36761:1009/150728.079646:ERROR:base/apple/mach_port_rendezvous_mac.cc:256] bootstrap_look_up com.google.chrome.for.testing.MachPortRendezvousServer.9772: Permission denied (1100)\n[9922:36761:1009/150728.080567:ERROR:base/memory/shared_memory_switch.cc:261] No rendezvous client, terminating process (parent died?)\n[9928:36778:1009/150728.122065:ERROR:base/apple/mach_port_rendezvous_mac.cc:256] bootstrap_look_up com.google.chrome.for.testing.MachPortRendezvousServer.9772: Permission denied (1100)\n[9928:36778:1009/150728.122240:ERROR:base/memory/shared_memory_switch.cc:261] No rendezvous client, terminating process (parent died?)\n[9929:36782:1009/150728.128739:ERROR:base/apple/mach_port_rendezvous_mac.cc:256] bootstrap_look_up com.google.chrome.for.testing.MachPortRendezvousServer.9772: Permission denied (1100)\n[9929:36782:1009/150728.129076:ERROR:base/memory/shared_memory_switch.cc:261] No rendezvous client, terminating process (parent died?)\n[9772:36300:1009/150728.131499:ERROR:content/browser/network_service_instance_impl.cc:653] Network service crashed or was terminated, restarting service.\n[9930:36789:1009/150728.168127:ERROR:base/apple/mach_port_rendezvous_mac.cc:256] bootstrap_look_up com.google.chrome.for.testing.MachPortRendezvousServer.9772: Permission denied (1100)\n[9930:36789:1009/150728.168535:ERROR:base/memory/shared_memory_switch.cc:261] No rendezvous client, terminating process (parent died?)\n[9936:36805:1009/150728.211828:ERROR:base/apple/mach_port_rendezvous_mac.cc:256] bootstrap_look_up com.google.chrome.for.testing.MachPortRendezvousServer.9772: Permission denied (1100)\n[9936:36805:1009/150728.212033:ERROR:base/memory/shared_memory_switch.cc:261] No rendezvous client, terminating process (parent died?)\n[9937:36806:1009/150728.235518:ERROR:base/apple/mach_port_rendezvous_mac.cc:256] bootstrap_look_up com.google.chrome.for.testing.MachPortRendezvousServer.9772: Permission denied (1100)\n[9937:36806:1009/150728.236031:ERROR:base/memory/shared_memory_switch.cc:261] No rendezvous client, terminating process (parent died?)\n[9772:36300:1009/150728.237892:ERROR:content/browser/network_service_instance_impl.cc:653] Network service crashed or was terminated, restarting service.\n[9938:36811:1009/150728.273136:ERROR:base/apple/mach_port_rendezvous_mac.cc:256] bootstrap_look_up com.google.chrome.for.testing.MachPortRendezvousServer.9772: Permission denied (1100)\n[9938:36811:1009/150728.275222:ERROR:base/memory/shared_memory_switch.cc:261] No rendezvous client, terminating process (parent died?)\n[9939:36815:1009/150728.281736:ERROR:base/apple/mach_port_rendezvous_mac.cc:256] bootstrap_look_up com.google.chrome.for.testing.MachPortRendezvousServer.9772: Permission denied (1100)\n[9939:36815:1009/150728.281891:ERROR:base/memory/shared_memory_switch.cc:261] No rendezvous client, terminating process (parent died?)\n[9945:36827:1009/150728.315586:ERROR:base/apple/mach_port_rendezvous_mac.cc:256] bootstrap_look_up com.google.chrome.for.testing.MachPortRendezvousServer.9772: Permission denied (1100)\n[9945:36827:1009/150728.319412:ERROR:base/memory/shared_memory_switch.cc:261] No rendezvous client, terminating process (parent died?)\n[9772:36300:1009/150728.321400:ERROR:content/browser/network_service_instance_impl.cc:653] Network service crashed or was terminated, restarting service.\n[9949:36843:1009/150728.356233:ERROR:base/apple/mach_port_rendezvous_mac.cc:256] bootstrap_look_up com.google.chrome.for.testing.MachPortRendezvousServer.9772: Permission denied (1100)\n[9949:36843:1009/150728.356852:ERROR:base/memory/shared_memory_switch.cc:261] No rendezvous client, terminating process (parent died?)\n[9950:36844:1009/150728.361723:ERROR:base/apple/mach_port_rendezvous_mac.cc:256] bootstrap_look_up com.google.chrome.for.testing.MachPortRendezvousServer.9772: Permission denied (1100)\n[9950:36844:1009/150728.362147:ERROR:base/memory/shared_memory_switch.cc:261] No rendezvous client, terminating process (parent died?)\n[9954:36851:1009/150728.388832:ERROR:base/apple/mach_port_rendezvous_mac.cc:256] bootstrap_look_up com.google.chrome.for.testing.MachPortRendezvousServer.9772: Permission denied (1100)\n[9954:36851:1009/150728.389126:ERROR:base/memory/shared_memory_switch.cc:261] No rendezvous client, terminating process (parent died?)\n[9772:36300:1009/150728.392742:ERROR:content/browser/network_service_instance_impl.cc:653] Network service crashed or was terminated, restarting service.\n[9958:36867:1009/150728.437375:ERROR:base/apple/mach_port_rendezvous_mac.cc:256] bootstrap_look_up com.google.chrome.for.testing.MachPortRendezvousServer.9772: Permission denied (1100)\n[9958:36867:1009/150728.437525:ERROR:base/memory/shared_memory_switch.cc:261] No rendezvous client, terminating process (parent died?)\n[9957:3")
Chrome page-creation probe: endpoint discovery start
Chrome page-creation probe: WebSocket connect start
Chrome page-creation probe sending: Target.getTargets
Chrome page-creation probe Target.getTargets: Ok(Object {"targetInfos": Array [Object {"attached": Bool(false), "browserContextId": String("C722B69F453B1D578E1732FF78259CEE"), "canAccessOpener": Bool(false), "targetId": String("F404061E9B7710E26E9AB6E496DCE982"), "title": String(""), "type": String("page"), "url": String("about:blank")}, Object {"attached": Bool(false), "browserContextId": String("C722B69F453B1D578E1732FF78259CEE"), "canAccessOpener": Bool(false), "targetId": String("F846D328CC81D97B3C5DEF5103FD1FF3"), "title": String(""), "type": String("browser_ui"), "url": String("chrome://omnibox-popup.top-chrome/omnibox_popup_aim.html")}, Object {"attached": Bool(false), "browserContextId": String("C722B69F453B1D578E1732FF78259CEE"), "canAccessOpener": Bool(false), "targetId": String("584262DFE1B549590D6FB2A3EF88B271"), "title": String(""), "type": String("browser_ui"), "url": String("chrome://omnibox-popup.top-chrome/")}]})
Chrome page-creation probe sending: Target.getBrowserContexts
Chrome page-creation probe Target.getBrowserContexts: Ok(Object {"browserContextIds": Array [], "defaultBrowserContextId": String("C722B69F453B1D578E1732FF78259CEE")})
Chrome page-creation probe sending: Target.attachToTarget target=F404061E9B7710E26E9AB6E496DCE982
Chrome page-creation probe Target.attachToTarget: Ok(Object {"sessionId": String("7F6A8958D92427E8EF58193FE1A2C1C4")})
Chrome page-creation probe sending: Page.enable target=F404061E9B7710E26E9AB6E496DCE982
Chrome page-creation probe completion: Err(Elapsed(()))

thread 'chrome_disconnect_wakes_wait' (36299) panicked at tests/http_compat.rs:170:17:
Initial Chrome page creation exceeded 30 seconds: Elapsed(())
stack backtrace:
   0: __rustc::rust_begin_unwind
             at /rustc/b940084d7eb6a299eb4bfeb8e34901bc051e7ac4/library/std/src/panicking.rs:679:5
   1: core::panicking::panic_fmt
             at /rustc/b940084d7eb6a299eb4bfeb8e34901bc051e7ac4/library/core/src/panicking.rs:80:14
   2: http_compat::open::{closure#0}
             at ./http_compat.rs:170:17
   3: http_compat::disconnect_wakes_wait::{closure#0}
             at ./http_compat.rs:467:51
   4: http_compat::chrome_disconnect_wakes_wait::{closure#0}
             at ./http_compat.rs:193:30
   5: <core::pin::Pin<&mut dyn core::future::future::Future<Output = ()>> as core::future::future::Future>::poll
             at /rustc/b940084d7eb6a299eb4bfeb8e34901bc051e7ac4/library/core/src/future/future.rs:133:9
   6: <core::pin::Pin<&mut core::pin::Pin<&mut dyn core::future::future::Future<Output = ()>>> as core::future::future::Future>::poll
             at /rustc/b940084d7eb6a299eb4bfeb8e34901bc051e7ac4/library/core/src/future/future.rs:133:9
   7: <tokio::runtime::scheduler::current_thread::CoreGuard>::block_on::<core::pin::Pin<&mut core::pin::Pin<&mut dyn core::future::future::Future<Output = ()>>>>::{closure#0}::{closure#0}::{closure#0}
             at /Users/runner/.cargo/registry/src/index.crates.io-1949cf8c6b5b557f/tokio-1.53.1/src/runtime/scheduler/current_thread/mod.rs:830:70
   8: tokio::task::coop::with_budget::<core::task::poll::Poll<()>, <tokio::runtime::scheduler::current_thread::CoreGuard>::block_on<core::pin::Pin<&mut core::pin::Pin<&mut dyn core::future::future::Future<Output = ()>>>>::{closure#0}::{closure#0}::{closure#0}>
             at /Users/runner/.cargo/registry/src/index.crates.io-1949cf8c6b5b557f/tokio-1.53.1/src/task/coop/mod.rs:167:5
   9: tokio::task::coop::budget::<core::task::poll::Poll<()>, <tokio::runtime::scheduler::current_thread::CoreGuard>::block_on<core::pin::Pin<&mut core::pin::Pin<&mut dyn core::future::future::Future<Output = ()>>>>::{closure#0}::{closure#0}::{closure#0}>
             at /Users/runner/.cargo/registry/src/index.crates.io-1949cf8c6b5b557f/tokio-1.53.1/src/task/coop/mod.rs:133:5
  10: <tokio::runtime::scheduler::current_thread::CoreGuard>::block_on::<core::pin::Pin<&mut core::pin::Pin<&mut dyn core::future::future::Future<Output = ()>>>>::{closure#0}::{closure#0}
             at /Users/runner/.cargo/registry/src/index.crates.io-1949cf8c6b5b557f/tokio-1.53.1/src/runtime/scheduler/current_thread/mod.rs:830:25
  11: <tokio::runtime::scheduler::current_thread::Context>::enter::<core::task::poll::Poll<()>, <tokio::runtime::scheduler::current_thread::CoreGuard>::block_on<core::pin::Pin<&mut core::pin::Pin<&mut dyn core::future::future::Future<Output = ()>>>>::{closure#0}::{closure#0}>
             at /Users/runner/.cargo/registry/src/index.crates.io-1949cf8c6b5b557f/tokio-1.53.1/src/runtime/scheduler/current_thread/mod.rs:488:19
  12: <tokio::runtime::scheduler::current_thread::CoreGuard>::block_on::<core::pin::Pin<&mut core::pin::Pin<&mut dyn core::future::future::Future<Output = ()>>>>::{closure#0}
             at /Users/runner/.cargo/registry/src/index.crates.io-1949cf8c6b5b557f/tokio-1.53.1/src/runtime/scheduler/current_thread/mod.rs:829:44
  13: <tokio::runtime::scheduler::current_thread::CoreGuard>::enter::<<tokio::runtime::scheduler::current_thread::CoreGuard>::block_on<core::pin::Pin<&mut core::pin::Pin<&mut dyn core::future::future::Future<Output = ()>>>>::{closure#0}, core::option::Option<()>>::{closure#0}
             at /Users/runner/.cargo/registry/src/index.crates.io-1949cf8c6b5b557f/tokio-1.53.1/src/runtime/scheduler/current_thread/mod.rs:906:68
  14: <tokio::runtime::context::scoped::Scoped<tokio::runtime::scheduler::Context>>::set::<<tokio::runtime::scheduler::current_thread::CoreGuard>::enter<<tokio::runtime::scheduler::current_thread::CoreGuard>::block_on<core::pin::Pin<&mut core::pin::Pin<&mut dyn core::future::future::Future<Output = ()>>>>::{closure#0}, core::option::Option<()>>::{closure#0}, (alloc::boxed::Box<tokio::runtime::scheduler::current_thread::Core>, core::option::Option<()>)>
             at /Users/runner/.cargo/registry/src/index.crates.io-1949cf8c6b5b557f/tokio-1.53.1/src/runtime/context/scoped.rs:40:9
  15: tokio::runtime::context::set_scheduler::<(alloc::boxed::Box<tokio::runtime::scheduler::current_thread::Core>, core::option::Option<()>), <tokio::runtime::scheduler::current_thread::CoreGuard>::enter<<tokio::runtime::scheduler::current_thread::CoreGuard>::block_on<core::pin::Pin<&mut core::pin::Pin<&mut dyn core::future::future::Future<Output = ()>>>>::{closure#0}, core::option::Option<()>>::{closure#0}>::{closure#0}
             at /Users/runner/.cargo/registry/src/index.crates.io-1949cf8c6b5b557f/tokio-1.53.1/src/runtime/context.rs:187:38
  16: <std::thread::local::LocalKey<tokio::runtime::context::Context>>::try_with::<tokio::runtime::context::set_scheduler<(alloc::boxed::Box<tokio::runtime::scheduler::current_thread::Core>, core::option::Option<()>), <tokio::runtime::scheduler::current_thread::CoreGuard>::enter<<tokio::runtime::scheduler::current_thread::CoreGuard>::block_on<core::pin::Pin<&mut core::pin::Pin<&mut dyn core::future::future::Future<Output = ()>>>>::{closure#0}, core::option::Option<()>>::{closure#0}>::{closure#0}, (alloc::boxed::Box<tokio::runtime::scheduler::current_thread::Core>, core::option::Option<()>)>
             at /rustc/b940084d7eb6a299eb4bfeb8e34901bc051e7ac4/library/std/src/thread/local.rs:463:12
  17: <std::thread::local::LocalKey<tokio::runtime::context::Context>>::with::<tokio::runtime::context::set_scheduler<(alloc::boxed::Box<tokio::runtime::scheduler::current_thread::Core>, core::option::Option<()>), <tokio::runtime::scheduler::current_thread::CoreGuard>::enter<<tokio::runtime::scheduler::current_thread::CoreGuard>::block_on<core::pin::Pin<&mut core::pin::Pin<&mut dyn core::future::future::Future<Output = ()>>>>::{closure#0}, core::option::Option<()>>::{closure#0}>::{closure#0}, (alloc::boxed::Box<tokio::runtime::scheduler::current_thread::Core>, core::option::Option<()>)>
             at /rustc/b940084d7eb6a299eb4bfeb8e34901bc051e7ac4/library/std/src/thread/local.rs:427:20
  18: tokio::runtime::context::set_scheduler::<(alloc::boxed::Box<tokio::runtime::scheduler::current_thread::Core>, core::option::Option<()>), <tokio::runtime::scheduler::current_thread::CoreGuard>::enter<<tokio::runtime::scheduler::current_thread::CoreGuard>::block_on<core::pin::Pin<&mut core::pin::Pin<&mut dyn core::future::future::Future<Output = ()>>>>::{closure#0}, core::option::Option<()>>::{closure#0}>
             at /Users/runner/.cargo/registry/src/index.crates.io-1949cf8c6b5b557f/tokio-1.53.1/src/runtime/context.rs:187:17
  19: <tokio::runtime::scheduler::current_thread::CoreGuard>::enter::<<tokio::runtime::scheduler::current_thread::CoreGuard>::block_on<core::pin::Pin<&mut core::pin::Pin<&mut dyn core::future::future::Future<Output = ()>>>>::{closure#0}, core::option::Option<()>>
             at /Users/runner/.cargo/registry/src/index.crates.io-1949cf8c6b5b557f/tokio-1.53.1/src/runtime/scheduler/current_thread/mod.rs:906:27
  20: <tokio::runtime::scheduler::current_thread::CoreGuard>::block_on::<core::pin::Pin<&mut core::pin::Pin<&mut dyn core::future::future::Future<Output = ()>>>>
             at /Users/runner/.cargo/registry/src/index.crates.io-1949cf8c6b5b557f/tokio-1.53.1/src/runtime/scheduler/current_thread/mod.rs:817:24
  21: <tokio::runtime::scheduler::current_thread::CurrentThread>::block_on::<core::pin::Pin<&mut dyn core::future::future::Future<Output = ()>>>::{closure#0}
             at /Users/runner/.cargo/registry/src/index.crates.io-1949cf8c6b5b557f/tokio-1.53.1/src/runtime/scheduler/current_thread/mod.rs:218:33
  22: tokio::runtime::context::runtime::enter_runtime::<<tokio::runtime::scheduler::current_thread::CurrentThread>::block_on<core::pin::Pin<&mut dyn core::future::future::Future<Output = ()>>>::{closure#0}, ()>
             at /Users/runner/.cargo/registry/src/index.crates.io-1949cf8c6b5b557f/tokio-1.53.1/src/runtime/context/runtime.rs:65:16
  23: <tokio::runtime::scheduler::current_thread::CurrentThread>::block_on::<core::pin::Pin<&mut dyn core::future::future::Future<Output = ()>>>
             at /Users/runner/.cargo/registry/src/index.crates.io-1949cf8c6b5b557f/tokio-1.53.1/src/runtime/scheduler/current_thread/mod.rs:206:9
  24: <tokio::runtime::runtime::Runtime>::block_on_inner::<core::pin::Pin<&mut dyn core::future::future::Future<Output = ()>>>
             at /Users/runner/.cargo/registry/src/index.crates.io-1949cf8c6b5b557f/tokio-1.53.1/src/runtime/runtime.rs:374:52
  25: <tokio::runtime::runtime::Runtime>::block_on::<core::pin::Pin<&mut dyn core::future::future::Future<Output = ()>>>
             at /Users/runner/.cargo/registry/src/index.crates.io-1949cf8c6b5b557f/tokio-1.53.1/src/runtime/runtime.rs:343:18
  26: http_compat::chrome_disconnect_wakes_wait
             at ./http_compat.rs:193:35
  27: http_compat::chrome_disconnect_wakes_wait::{closure#0}
             at ./http_compat.rs:192:27
  28: <http_compat::chrome_disconnect_wakes_wait::{closure#0} as core::ops::function::FnOnce<()>>::call_once
             at /rustc/b940084d7eb6a299eb4bfeb8e34901bc051e7ac4/library/core/src/ops/function.rs:250:5
  29: <fn() -> core::result::Result<(), alloc::string::String> as core::ops::function::FnOnce<()>>::call_once
             at /rustc/b940084d7eb6a299eb4bfeb8e34901bc051e7ac4/library/core/src/ops/function.rs:250:5
note: Some details are omitted, run with `RUST_BACKTRACE=full` for a verbose backtrace.
FAILED
test chrome_frame_click ... Chrome version: Chrome/155.0.8059.39
HTTP compat Chrome stage: new_page start
HTTP compat Chrome new_page timed out: Elapsed(())
Chrome page-creation launch diagnostics: BrowserDiagnostics { product: "Chrome/155.0.8059.39", protocol_version: "1.3", user_agent: "Mozilla/5.0 (Macintosh; Intel Mac OS X 10_15_7) AppleWebKit/537.36 (KHTML, like Gecko) HeadlessChrome/155.0.0.0 Safari/537.36", executable: Some("/Users/runner/hostedtoolcache/setup-chrome/chrome/stable/arm64/Contents/MacOS/Google Chrome for Testing"), launch_args: ["--remote-debugging-port=0", "--no-first-run", "--no-default-browser-check", "--user-data-dir=/var/folders/36/tjdph2t965j8snz9_vkdnw0r0000gn/T/rustwright-2285-1791558482702383000-4", "--headless=new", "--disable-gpu", "--hide-scrollbars", "--mute-audio", "about:blank"], user_data_dir: Some("/var/folders/36/tjdph2t965j8snz9_vkdnw0r0000gn/T/rustwright-2285-1791558482702383000-4"), endpoint: Some("http://127.0.0.1:49205"), pid: Some(12505), ephemeral_profile: true, browser_log: Some("/var/folders/36/tjdph2t965j8snz9_vkdnw0r0000gn/T/rustwright-2285-1791558482702383000-4/rustwright-chrome.log") }
Chrome page-creation pending commands: 0
Chrome stderr (first 16 KiB): Ok("[12513:45500:1009/150803.134194:ERROR:base/apple/mach_port_rendezvous_mac.cc:256] bootstrap_look_up com.google.chrome.for.testing.MachPortRendezvousServer.12505: Permission denied (1100)\n[12514:45501:1009/150803.133306:ERROR:base/apple/mach_port_rendezvous_mac.cc:256] bootstrap_look_up com.google.chrome.for.testing.MachPortRendezvousServer.12505: Permission denied (1100)\n[12514:45501:1009/150803.150205:ERROR:base/memory/shared_memory_switch.cc:261] No rendezvous client, terminating process (parent died?)\n[12513:45500:1009/150803.151597:ERROR:base/memory/shared_memory_switch.cc:261] No rendezvous client, terminating process (parent died?)\n\nDevTools listening on ws://127.0.0.1:49205/devtools/browser/d79f7bb8-69b5-4d0f-8ec2-372d5a19fd67\n[12516:45538:1009/150803.232019:ERROR:base/apple/mach_port_rendezvous_mac.cc:256] bootstrap_look_up com.google.chrome.for.testing.MachPortRendezvousServer.12505: Unknown service name (1102)\n[12516:45538:1009/150803.232265:ERROR:base/memory/shared_memory_switch.cc:261] No rendezvous client, terminating process (parent died?)\n[12515:45536:1009/150803.233060:ERROR:base/apple/mach_port_rendezvous_mac.cc:256] bootstrap_look_up com.google.chrome.for.testing.MachPortRendezvousServer.12505: Permission denied (1100)\n[12515:45536:1009/150803.233276:ERROR:base/memory/shared_memory_switch.cc:261] No rendezvous client, terminating process (parent died?)\n[12520:45566:1009/150803.427590:ERROR:base/apple/mach_port_rendezvous_mac.cc:256] bootstrap_look_up com.google.chrome.for.testing.MachPortRendezvousServer.12505: Permission denied (1100)\n[12520:45566:1009/150803.427891:ERROR:base/memory/shared_memory_switch.cc:261] No rendezvous client, terminating process (parent died?)\n[12522:45578:1009/150803.507382:ERROR:base/apple/mach_port_rendezvous_mac.cc:256] bootstrap_look_up com.google.chrome.for.testing.MachPortRendezvousServer.12505: Permission denied (1100)\n[12522:45578:1009/150803.507592:ERROR:base/memory/shared_memory_switch.cc:261] No rendezvous client, terminating process (parent died?)\n[12521:45577:1009/150803.508075:ERROR:base/apple/mach_port_rendezvous_mac.cc:256] bootstrap_look_up com.google.chrome.for.testing.MachPortRendezvousServer.12505: Permission denied (1100)\n[12521:45577:1009/150803.508602:ERROR:base/memory/shared_memory_switch.cc:261] No rendezvous client, terminating process (parent died?)\n[12505:45416:1009/150803.571886:ERROR:content/browser/network_service_instance_impl.cc:653] Network service crashed or was terminated, restarting service.\n[12525:45586:1009/150803.651326:ERROR:base/apple/mach_port_rendezvous_mac.cc:256] bootstrap_look_up com.google.chrome.for.testing.MachPortRendezvousServer.12505: Permission denied (1100)\n[12525:45586:1009/150803.651747:ERROR:base/memory/shared_memory_switch.cc:261] No rendezvous client, terminating process (parent died?)\n[12523:45584:1009/150803.677364:ERROR:base/apple/mach_port_rendezvous_mac.cc:256] bootstrap_look_up com.google.chrome.for.testing.MachPortRendezvousServer.12505: Permission denied (1100)\n[12523:45584:1009/150803.677686:ERROR:base/memory/shared_memory_switch.cc:261] No rendezvous client, terminating process (parent died?)\n[12524:45585:1009/150803.682962:ERROR:base/apple/mach_port_rendezvous_mac.cc:256] bootstrap_look_up com.google.chrome.for.testing.MachPortRendezvousServer.12505: Permission denied (1100)\n[12524:45585:1009/150803.683728:ERROR:base/memory/shared_memory_switch.cc:261] No rendezvous client, terminating process (parent died?)\n[12526:45587:1009/150803.695663:ERROR:base/apple/mach_port_rendezvous_mac.cc:256] bootstrap_look_up com.google.chrome.for.testing.MachPortRendezvousServer.12505: Permission denied (1100)\n[12526:45587:1009/150803.695909:ERROR:base/memory/shared_memory_switch.cc:261] No rendezvous client, terminating process (parent died?)\n[12528:45600:1009/150803.726227:ERROR:base/apple/mach_port_rendezvous_mac.cc:256] bootstrap_look_up com.google.chrome.for.testing.MachPortRendezvousServer.12505: Permission denied (1100)\n[12529:45601:1009/150803.726276:ERROR:base/apple/mach_port_rendezvous_mac.cc:256] bootstrap_look_up com.google.chrome.for.testing.MachPortRendezvousServer.12505: Permission denied (1100)\n[12529:45601:1009/150803.726554:ERROR:base/memory/shared_memory_switch.cc:261] No rendezvous client, terminating process (parent died?)\n[12528:45600:1009/150803.726528:ERROR:base/memory/shared_memory_switch.cc:261] No rendezvous client, terminating process (parent died?)\n[12505:45416:1009/150803.732052:ERROR:content/browser/network_service_instance_impl.cc:653] Network service crashed or was terminated, restarting service.\n[12527:45598:1009/150803.744373:ERROR:base/apple/mach_port_rendezvous_mac.cc:256] bootstrap_look_up com.google.chrome.for.testing.MachPortRendezvousServer.12505: Permission denied (1100)\n[12527:45598:1009/150803.744527:ERROR:base/memory/shared_memory_switch.cc:261] No rendezvous client, terminating process (parent died?)\n[12532:45614:1009/150803.799187:ERROR:base/apple/mach_port_rendezvous_mac.cc:256] bootstrap_look_up com.google.chrome.for.testing.MachPortRendezvousServer.12505: Permission denied (1100)\n[12532:45614:1009/150803.799345:ERROR:base/memory/shared_memory_switch.cc:261] No rendezvous client, terminating process (parent died?)\n[12533:45615:1009/150803.821184:ERROR:base/apple/mach_port_rendezvous_mac.cc:256] bootstrap_look_up com.google.chrome.for.testing.MachPortRendezvousServer.12505: Permission denied (1100)\n[12533:45615:1009/150803.821847:ERROR:base/memory/shared_memory_switch.cc:261] No rendezvous client, terminating process (parent died?)\n[12530:45609:1009/150803.838291:ERROR:base/apple/mach_port_rendezvous_mac.cc:256] bootstrap_look_up com.google.chrome.for.testing.MachPortRendezvousServer.12505: Permission denied (1100)\n[12530:45609:1009/150803.838583:ERROR:base/memory/shared_memory_switch.cc:261] No rendezvous client, terminating process (parent died?)\n[12534:45619:1009/150803.838878:ERROR:base/apple/mach_port_rendezvous_mac.cc:256] bootstrap_look_up com.google.chrome.for.testing.MachPortRendezvousServer.12505: Permission denied (1100)\n[12534:45619:1009/150803.839097:ERROR:base/memory/shared_memory_switch.cc:261] No rendezvous client, terminating process (parent died?)\n[12505:45416:1009/150803.842647:ERROR:content/browser/network_service_instance_impl.cc:653] Network service crashed or was terminated, restarting service.\n[12531:45610:1009/150803.848550:ERROR:base/apple/mach_port_rendezvous_mac.cc:256] bootstrap_look_up com.google.chrome.for.testing.MachPortRendezvousServer.12505: Permission denied (1100)\n[12531:45610:1009/150803.848746:ERROR:base/memory/shared_memory_switch.cc:261] No rendezvous client, terminating process (parent died?)\n[12535:45622:1009/150803.857007:ERROR:base/apple/mach_port_rendezvous_mac.cc:256] bootstrap_look_up com.google.chrome.for.testing.MachPortRendezvousServer.12505: Permission denied (1100)\n[12535:45622:1009/150803.857160:ERROR:base/memory/shared_memory_switch.cc:261] No rendezvous client, terminating process (parent died?)\n[12536:45631:1009/150803.888437:ERROR:base/apple/mach_port_rendezvous_mac.cc:256] bootstrap_look_up com.google.chrome.for.testing.MachPortRendezvousServer.12505: Permission denied (1100)\n[12536:45631:1009/150803.888684:ERROR:base/memory/shared_memory_switch.cc:261] No rendezvous client, terminating process (parent died?)\n[12505:45416:1009/150803.890163:ERROR:content/browser/network_service_instance_impl.cc:653] Network service crashed or was terminated, restarting service.\n[12538:45635:1009/150803.896113:ERROR:base/apple/mach_port_rendezvous_mac.cc:256] bootstrap_look_up com.google.chrome.for.testing.MachPortRendezvousServer.12505: Permission denied (1100)\n[12538:45635:1009/150803.896248:ERROR:base/memory/shared_memory_switch.cc:261] No rendezvous client, terminating process (parent died?)\n[12505:45416:1009/150803.896608:ERROR:chrome/browser/component_updater/soda_component_installer.cc:100] On demand update of the SODA component failed with error: 5\n[12537:45632:1009/150803.902212:ERROR:base/apple/mach_port_rendezvous_mac.cc:256] bootstrap_look_up com.google.chrome.for.testing.MachPortRendezvousServer.12505: Permission denied (1100)\n[12537:45632:1009/150803.902466:ERROR:base/memory/shared_memory_switch.cc:261] No rendezvous client, terminating process (parent died?)\n[12539:45638:1009/150803.933216:ERROR:base/apple/mach_port_rendezvous_mac.cc:256] bootstrap_look_up com.google.chrome.for.testing.MachPortRendezvousServer.12505: Permission denied (1100)\n[12539:45638:1009/150803.933545:ERROR:base/memory/shared_memory_switch.cc:261] No rendezvous client, terminating process (parent died?)\n[12505:45416:1009/150803.935239:ERROR:content/browser/network_service_instance_impl.cc:653] Network service crashed or was terminated, restarting service.\n[12540:45646:1009/150803.935418:ERROR:base/apple/mach_port_rendezvous_mac.cc:256] bootstrap_look_up com.google.chrome.for.testing.MachPortRendezvousServer.12505: Permission denied (1100)\n[12540:45646:1009/150803.935566:ERROR:base/memory/shared_memory_switch.cc:261] No rendezvous client, terminating process (parent died?)\n[12505:45416:1009/150803.936820:ERROR:chrome/browser/component_updater/soda_language_pack_component_installer.cc:86] On demand update of the SODA language component failed with error: 5\n[12541:45647:1009/150803.949055:ERROR:base/apple/mach_port_rendezvous_mac.cc:256] bootstrap_look_up com.google.chrome.for.testing.MachPortRendezvousServer.12505: Permission denied (1100)\n[12541:45647:1009/150803.949306:ERROR:base/memory/shared_memory_switch.cc:261] No rendezvous client, terminating process (parent died?)\n[12543:45652:1009/150803.971831:ERROR:base/apple/mach_port_rendezvous_mac.cc:256] bootstrap_look_up com.google.chrome.for.testing.MachPortRendezvousServer.12505: Permission denied (1100)\n[12543:45652:1009/150803.971986:ERROR:base/memory/shared_memory_switch.cc:261] No rendezvous client, terminating process (parent died?)\n[12542:45651:1009/150803.977570:ERROR:base/apple/mach_port_rendezvous_mac.cc:256] bootstrap_look_up com.google.chrome.for.testing.MachPortRendezvousServer.12505: Permission denied (1100)\n[12542:45651:1009/150803.977863:ERROR:base/memory/shared_memory_switch.cc:261] No rendezvous client, terminating process (parent died?)\n[12505:45416:1009/150803.979130:ERROR:content/browser/network_service_instance_impl.cc:653] Network service crashed or was terminated, restarting service.\n[12544:45657:1009/150803.992603:ERROR:base/apple/mach_port_rendezvous_mac.cc:256] bootstrap_look_up com.google.chrome.for.testing.MachPortRendezvousServer.12505: Permission denied (1100)\n[12544:45657:1009/150803.992843:ERROR:base/memory/shared_memory_switch.cc:261] No rendezvous client, terminating process (parent died?)\n[12545:45660:1009/150804.008257:ERROR:base/apple/mach_port_rendezvous_mac.cc:256] bootstrap_look_up com.google.chrome.for.testing.MachPortRendezvousServer.12505: Permission denied (1100)\n[12545:45660:1009/150804.008412:ERROR:base/memory/shared_memory_switch.cc:261] No rendezvous client, terminating process (parent died?)\n[12546:45662:1009/150804.020286:ERROR:base/apple/mach_port_rendezvous_mac.cc:256] bootstrap_look_up com.google.chrome.for.testing.MachPortRendezvousServer.12505: Permission denied (1100)\n[12546:45662:1009/150804.020604:ERROR:base/memory/shared_memory_switch.cc:261] No rendezvous client, terminating process (parent died?)\n[12505:45416:1009/150804.022233:ERROR:content/browser/network_service_instance_impl.cc:653] Network service crashed or was terminated, restarting service.\n[12547:45667:1009/150804.038365:ERROR:base/apple/mach_port_rendezvous_mac.cc:256] bootstrap_look_up com.google.chrome.for.testing.MachPortRendezvousServer.12505: Permission denied (1100)\n[12547:45667:1009/150804.038667:ERROR:base/memory/shared_memory_switch.cc:261] No rendezvous client, terminating process (parent died?)\n[12548:45669:1009/150804.044472:ERROR:base/apple/mach_port_rendezvous_mac.cc:256] bootstrap_look_up com.google.chrome.for.testing.MachPortRendezvousServer.12505: Permission denied (1100)\n[12548:45669:1009/150804.044631:ERROR:base/memory/shared_memory_switch.cc:261] No rendezvous client, terminating process (parent died?)\n[12549:45672:1009/150804.066253:ERROR:base/apple/mach_port_rendezvous_mac.cc:256] bootstrap_look_up com.google.chrome.for.testing.MachPortRendezvousServer.12505: Permission denied (1100)\n[12549:45672:1009/150804.066734:ERROR:base/memory/shared_memory_switch.cc:261] No rendezvous client, terminating process (parent died?)\n[12505:45416:1009/150804.068281:ERROR:content/browser/network_service_instance_impl.cc:653] Network service crashed or was terminated, restarting service.\n[12550:45679:1009/150804.084343:ERROR:base/apple/mach_port_rendezvous_mac.cc:256] bootstrap_look_up com.google.chrome.for.testing.MachPortRendezvousServer.12505: Permission denied (1100)\n[12550:45679:1009/150804.084597:ERROR:base/memory/shared_memory_switch.cc:261] No rendezvous client, terminating process (parent died?)\n[12551:45680:1009/150804.085061:ERROR:base/apple/mach_port_rendezvous_mac.cc:256] bootstrap_look_up com.google.chrome.for.testing.MachPortRendezvousServer.12505: Permission denied (1100)\n[12551:45680:1009/150804.085181:ERROR:base/memory/shared_memory_switch.cc:261] No rendezvous client, terminating process (parent died?)\n[12552:45682:1009/150804.108930:ERROR:base/apple/mach_port_rendezvous_mac.cc:256] bootstrap_look_up com.google.chrome.for.testing.MachPortRendezvousServer.12505: Permission denied (1100)\n[12552:45682:1009/150804.109231:ERROR:base/memory/shared_memory_switch.cc:261] No rendezvous client, terminating process (parent died?)\n[12505:45416:1009/150804.110868:ERROR:content/browser/network_service_instance_impl.cc:653] Network service crashed or was terminated, restarting service.\n[12554:45689:1009/150804.122381:ERROR:base/apple/mach_port_rendezvous_mac.cc:256] bootstrap_look_up com.google.chrome.for.testing.MachPortRendezvousServer.12505: Permission denied (1100)\n[12554:45689:1009/150804.122533:ERROR:base/memory/shared_memory_switch.cc:261] No rendezvous client, terminating process (parent died?)\n[12553:45688:1009/150804.129721:ERROR:base/apple/mach_port_rendezvous_mac.cc:256] bootstrap_look_up com.google.chrome.for.testing.MachPortRendezvousServer.12505: Permission denied (1100)\n[12553:45688:1009/150804.129959:ERROR:base/memory/shared_memory_switch.cc:261] No rendezvous client, terminating process (parent died?)\n[12555:45691:1009/150804.151374:ERROR:base/apple/mach_port_rendezvous_mac.cc:256] bootstrap_look_up com.google.chrome.for.testing.MachPortRendezvousServer.12505: Permission denied (1100)\n[12555:45691:1009/150804.151638:ERROR:base/memory/shared_memory_switch.cc:261] No rendezvous client, terminating process (parent died?)\n[12505:45416:1009/150804.153517:ERROR:content/browser/network_service_instance_impl.cc:653] Network service crashed or was terminated, restarting service.\n[12556:45694:1009/150804.157519:ERROR:base/apple/mach_port_rendezvous_mac.cc:256] bootstrap_look_up com.google.chrome.for.testing.MachPortRendezvousServer.12505: Permission denied (1100)\n[12556:45694:1009/150804.157689:ERROR:base/memory/shared_memory_switch.cc:261] No rendezvous client, terminating process (parent died?)\n[12557:45699:1009/150804.175948:ERROR:base/apple/mach_port_rendezvous_mac.cc:256] bootstrap_look_up com.google.chrome.for.testing.MachPortRendezvousServer.12505: Permission denied (1100)\n[12557:45699:1009/150804.176210:ERROR:base/memory/shared_memory_switch.cc:261] No rendezvous client, terminating process (parent died?)\n[12558:45705:1009/150804.195641:ERROR:base/apple/mach_port_rendezvous_mac.cc:256] bootstrap_look_up com.google.chrome.for.testing.MachPortRendezvousServer.12505: Permission denied (1100)\n[12558:45705:1009/150804.195915:ERROR:base/memory/shared_memory_switch.cc:261] No rendezvous client, terminating process (parent died?)\n[12559:45706:1009/150804.196436:ERROR:base/apple/mach_port_rendezvous_mac.cc:256] bootstrap_look_up com.google.chrome.for.testing.MachPortRendezvousServer.12505: Permission denied (1100)\n[12559:45706:1009/150804.196571:ERROR:base/memory/shared_memory_switch.cc:261] No rendezvous client, terminating process (parent died?)\n[12505:45416:1009/150804.198038:ERROR:content/browser/network_service_instance_impl.cc:653] Network service crashed or was terminated, restarting service.\n[12560:45711:100")
Chrome page-creation probe: endpoint discovery start
Chrome page-creation probe: WebSocket connect start
Chrome page-creation probe sending: Target.getTargets
Chrome page-creation probe Target.getTargets: Ok(Object {"targetInfos": Array [Object {"attached": Bool(false), "browserContextId": String("C2AEFE91EE0997FDA48D4AA6D7E58F02"), "canAccessOpener": Bool(false), "targetId": String("DA1A23D73A7F879724150C10E8C670B1"), "title": String(""), "type": String("page"), "url": String("about:blank")}, Object {"attached": Bool(false), "browserContextId": String("C2AEFE91EE0997FDA48D4AA6D7E58F02"), "canAccessOpener": Bool(false), "targetId": String("E0E6D4375B8E8AF66AF852F72230E014"), "title": String(""), "type": String("browser_ui"), "url": String("chrome://omnibox-popup.top-chrome/omnibox_popup_aim.html")}, Object {"attached": Bool(false), "browserContextId": String("C2AEFE91EE0997FDA48D4AA6D7E58F02"), "canAccessOpener": Bool(false), "targetId": String("1A133FF548F42081869682E005FDEE7D"), "title": String(""), "type": String("browser_ui"), "url": String("chrome://omnibox-popup.top-chrome/")}]})
Chrome page-creation probe sending: Target.getBrowserContexts
Chrome page-creation probe Target.getBrowserContexts: Ok(Object {"browserContextIds": Array [], "defaultBrowserContextId": String("C2AEFE91EE0997FDA48D4AA6D7E58F02")})
Chrome page-creation probe sending: Target.attachToTarget target=DA1A23D73A7F879724150C10E8C670B1
Chrome page-creation probe Target.attachToTarget: Ok(Object {"sessionId": String("90484F30D52F33B3C5ED9843A2D50C07")})
Chrome page-creation probe sending: Page.enable target=DA1A23D73A7F879724150C10E8C670B1
Chrome page-creation probe completion: Err(Elapsed(()))

thread 'chrome_frame_click' (45414) panicked at tests/http_compat.rs:170:17:
Initial Chrome page creation exceeded 30 seconds: Elapsed(())
stack backtrace:
   0: __rustc::rust_begin_unwind
             at /rustc/b940084d7eb6a299eb4bfeb8e34901bc051e7ac4/library/std/src/panicking.rs:679:5
   1: core::panicking::panic_fmt
             at /rustc/b940084d7eb6a299eb4bfeb8e34901bc051e7ac4/library/core/src/panicking.rs:80:14
   2: http_compat::open::{closure#0}
             at ./http_compat.rs:170:17
   3: http_compat::frame_click::{closure#0}
             at ./http_compat.rs:296:50
   4: http_compat::chrome_frame_click::{closure#0}
             at ./http_compat.rs:193:30
   5: <core::pin::Pin<&mut dyn core::future::future::Future<Output = ()>> as core::future::future::Future>::poll
             at /rustc/b940084d7eb6a299eb4bfeb8e34901bc051e7ac4/library/core/src/future/future.rs:133:9
   6: <core::pin::Pin<&mut core::pin::Pin<&mut dyn core::future::future::Future<Output = ()>>> as core::future::future::Future>::poll
             at /rustc/b940084d7eb6a299eb4bfeb8e34901bc051e7ac4/library/core/src/future/future.rs:133:9
   7: <tokio::runtime::scheduler::current_thread::CoreGuard>::block_on::<core::pin::Pin<&mut core::pin::Pin<&mut dyn core::future::future::Future<Output = ()>>>>::{closure#0}::{closure#0}::{closure#0}
             at /Users/runner/.cargo/registry/src/index.crates.io-1949cf8c6b5b557f/tokio-1.53.1/src/runtime/scheduler/current_thread/mod.rs:830:70
   8: tokio::task::coop::with_budget::<core::task::poll::Poll<()>, <tokio::runtime::scheduler::current_thread::CoreGuard>::block_on<core::pin::Pin<&mut core::pin::Pin<&mut dyn core::future::future::Future<Output = ()>>>>::{closure#0}::{closure#0}::{closure#0}>
             at /Users/runner/.cargo/registry/src/index.crates.io-1949cf8c6b5b557f/tokio-1.53.1/src/task/coop/mod.rs:167:5
   9: tokio::task::coop::budget::<core::task::poll::Poll<()>, <tokio::runtime::scheduler::current_thread::CoreGuard>::block_on<core::pin::Pin<&mut core::pin::Pin<&mut dyn core::future::future::Future<Output = ()>>>>::{closure#0}::{closure#0}::{closure#0}>
             at /Users/runner/.cargo/registry/src/index.crates.io-1949cf8c6b5b557f/tokio-1.53.1/src/task/coop/mod.rs:133:5
  10: <tokio::runtime::scheduler::current_thread::CoreGuard>::block_on::<core::pin::Pin<&mut core::pin::Pin<&mut dyn core::future::future::Future<Output = ()>>>>::{closure#0}::{closure#0}
             at /Users/runner/.cargo/registry/src/index.crates.io-1949cf8c6b5b557f/tokio-1.53.1/src/runtime/scheduler/current_thread/mod.rs:830:25
  11: <tokio::runtime::scheduler::current_thread::Context>::enter::<core::task::poll::Poll<()>, <tokio::runtime::scheduler::current_thread::CoreGuard>::block_on<core::pin::Pin<&mut core::pin::Pin<&mut dyn core::future::future::Future<Output = ()>>>>::{closure#0}::{closure#0}>
             at /Users/runner/.cargo/registry/src/index.crates.io-1949cf8c6b5b557f/tokio-1.53.1/src/runtime/scheduler/current_thread/mod.rs:488:19
  12: <tokio::runtime::scheduler::current_thread::CoreGuard>::block_on::<core::pin::Pin<&mut core::pin::Pin<&mut dyn core::future::future::Future<Output = ()>>>>::{closure#0}
             at /Users/runner/.cargo/registry/src/index.crates.io-1949cf8c6b5b557f/tokio-1.53.1/src/runtime/scheduler/current_thread/mod.rs:829:44
  13: <tokio::runtime::scheduler::current_thread::CoreGuard>::enter::<<tokio::runtime::scheduler::current_thread::CoreGuard>::block_on<core::pin::Pin<&mut core::pin::Pin<&mut dyn core::future::future::Future<Output = ()>>>>::{closure#0}, core::option::Option<()>>::{closure#0}
             at /Users/runner/.cargo/registry/src/index.crates.io-1949cf8c6b5b557f/tokio-1.53.1/src/runtime/scheduler/current_thread/mod.rs:906:68
  14: <tokio::runtime::context::scoped::Scoped<tokio::runtime::scheduler::Context>>::set::<<tokio::runtime::scheduler::current_thread::CoreGuard>::enter<<tokio::runtime::scheduler::current_thread::CoreGuard>::block_on<core::pin::Pin<&mut core::pin::Pin<&mut dyn core::future::future::Future<Output = ()>>>>::{closure#0}, core::option::Option<()>>::{closure#0}, (alloc::boxed::Box<tokio::runtime::scheduler::current_thread::Core>, core::option::Option<()>)>
             at /Users/runner/.cargo/registry/src/index.crates.io-1949cf8c6b5b557f/tokio-1.53.1/src/runtime/context/scoped.rs:40:9
  15: tokio::runtime::context::set_scheduler::<(alloc::boxed::Box<tokio::runtime::scheduler::current_thread::Core>, core::option::Option<()>), <tokio::runtime::scheduler::current_thread::CoreGuard>::enter<<tokio::runtime::scheduler::current_thread::CoreGuard>::block_on<core::pin::Pin<&mut core::pin::Pin<&mut dyn core::future::future::Future<Output = ()>>>>::{closure#0}, core::option::Option<()>>::{closure#0}>::{closure#0}
             at /Users/runner/.cargo/registry/src/index.crates.io-1949cf8c6b5b557f/tokio-1.53.1/src/runtime/context.rs:187:38
  16: <std::thread::local::LocalKey<tokio::runtime::context::Context>>::try_with::<tokio::runtime::context::set_scheduler<(alloc::boxed::Box<tokio::runtime::scheduler::current_thread::Core>, core::option::Option<()>), <tokio::runtime::scheduler::current_thread::CoreGuard>::enter<<tokio::runtime::scheduler::current_thread::CoreGuard>::block_on<core::pin::Pin<&mut core::pin::Pin<&mut dyn core::future::future::Future<Output = ()>>>>::{closure#0}, core::option::Option<()>>::{closure#0}>::{closure#0}, (alloc::boxed::Box<tokio::runtime::scheduler::current_thread::Core>, core::option::Option<()>)>
             at /rustc/b940084d7eb6a299eb4bfeb8e34901bc051e7ac4/library/std/src/thread/local.rs:463:12
  17: <std::thread::local::LocalKey<tokio::runtime::context::Context>>::with::<tokio::runtime::context::set_scheduler<(alloc::boxed::Box<tokio::runtime::scheduler::current_thread::Core>, core::option::Option<()>), <tokio::runtime::scheduler::current_thread::CoreGuard>::enter<<tokio::runtime::scheduler::current_thread::CoreGuard>::block_on<core::pin::Pin<&mut core::pin::Pin<&mut dyn core::future::future::Future<Output = ()>>>>::{closure#0}, core::option::Option<()>>::{closure#0}>::{closure#0}, (alloc::boxed::Box<tokio::runtime::scheduler::current_thread::Core>, core::option::Option<()>)>
             at /rustc/b940084d7eb6a299eb4bfeb8e34901bc051e7ac4/library/std/src/thread/local.rs:427:20
  18: tokio::runtime::context::set_scheduler::<(alloc::boxed::Box<tokio::runtime::scheduler::current_thread::Core>, core::option::Option<()>), <tokio::runtime::scheduler::current_thread::CoreGuard>::enter<<tokio::runtime::scheduler::current_thread::CoreGuard>::block_on<core::pin::Pin<&mut core::pin::Pin<&mut dyn core::future::future::Future<Output = ()>>>>::{closure#0}, core::option::Option<()>>::{closure#0}>
             at /Users/runner/.cargo/registry/src/index.crates.io-1949cf8c6b5b557f/tokio-1.53.1/src/runtime/context.rs:187:17
  19: <tokio::runtime::scheduler::current_thread::CoreGuard>::enter::<<tokio::runtime::scheduler::current_thread::CoreGuard>::block_on<core::pin::Pin<&mut core::pin::Pin<&mut dyn core::future::future::Future<Output = ()>>>>::{closure#0}, core::option::Option<()>>
             at /Users/runner/.cargo/registry/src/index.crates.io-1949cf8c6b5b557f/tokio-1.53.1/src/runtime/scheduler/current_thread/mod.rs:906:27
  20: <tokio::runtime::scheduler::current_thread::CoreGuard>::block_on::<core::pin::Pin<&mut core::pin::Pin<&mut dyn core::future::future::Future<Output = ()>>>>
             at /Users/runner/.cargo/registry/src/index.crates.io-1949cf8c6b5b557f/tokio-1.53.1/src/runtime/scheduler/current_thread/mod.rs:817:24
  21: <tokio::runtime::scheduler::current_thread::CurrentThread>::block_on::<core::pin::Pin<&mut dyn core::future::future::Future<Output = ()>>>::{closure#0}
             at /Users/runner/.cargo/registry/src/index.crates.io-1949cf8c6b5b557f/tokio-1.53.1/src/runtime/scheduler/current_thread/mod.rs:218:33
  22: tokio::runtime::context::runtime::enter_runtime::<<tokio::runtime::scheduler::current_thread::CurrentThread>::block_on<core::pin::Pin<&mut dyn core::future::future::Future<Output = ()>>>::{closure#0}, ()>
             at /Users/runner/.cargo/registry/src/index.crates.io-1949cf8c6b5b557f/tokio-1.53.1/src/runtime/context/runtime.rs:65:16
  23: <tokio::runtime::scheduler::current_thread::CurrentThread>::block_on::<core::pin::Pin<&mut dyn core::future::future::Future<Output = ()>>>
             at /Users/runner/.cargo/registry/src/index.crates.io-1949cf8c6b5b557f/tokio-1.53.1/src/runtime/scheduler/current_thread/mod.rs:206:9
  24: <tokio::runtime::runtime::Runtime>::block_on_inner::<core::pin::Pin<&mut dyn core::future::future::Future<Output = ()>>>
             at /Users/runner/.cargo/registry/src/index.crates.io-1949cf8c6b5b557f/tokio-1.53.1/src/runtime/runtime.rs:374:52
  25: <tokio::runtime::runtime::Runtime>::block_on::<core::pin::Pin<&mut dyn core::future::future::Future<Output = ()>>>
             at /Users/runner/.cargo/registry/src/index.crates.io-1949cf8c6b5b557f/tokio-1.53.1/src/runtime/runtime.rs:343:18
  26: http_compat::chrome_frame_click
             at ./http_compat.rs:193:35
  27: http_compat::chrome_frame_click::{closure#0}
             at ./http_compat.rs:192:27
  28: <http_compat::chrome_frame_click::{closure#0} as core::ops::function::FnOnce<()>>::call_once
             at /rustc/b940084d7eb6a299eb4bfeb8e34901bc051e7ac4/library/core/src/ops/function.rs:250:5
  29: <fn() -> core::result::Result<(), alloc::string::String> as core::ops::function::FnOnce<()>>::call_once
             at /rustc/b940084d7eb6a299eb4bfeb8e34901bc051e7ac4/library/core/src/ops/function.rs:250:5
note: Some details are omitted, run with `RUST_BACKTRACE=full` for a verbose backtrace.
FAILED
test chrome_frame_hover_and_keyboard ... Chrome version: Chrome/155.0.8059.39
HTTP compat Chrome stage: new_page start
HTTP compat Chrome new_page timed out: Elapsed(())
Chrome page-creation launch diagnostics: BrowserDiagnostics { product: "Chrome/155.0.8059.39", protocol_version: "1.3", user_agent: "Mozilla/5.0 (Macintosh; Intel Mac OS X 10_15_7) AppleWebKit/537.36 (KHTML, like Gecko) HeadlessChrome/155.0.0.0 Safari/537.36", executable: Some("/Users/runner/hostedtoolcache/setup-chrome/chrome/stable/arm64/Contents/MacOS/Google Chrome for Testing"), launch_args: ["--remote-debugging-port=0", "--no-first-run", "--no-default-browser-check", "--user-data-dir=/var/folders/36/tjdph2t965j8snz9_vkdnw0r0000gn/T/rustwright-2285-1791558518717461000-5", "--headless=new", "--disable-gpu", "--hide-scrollbars", "--mute-audio", "about:blank"], user_data_dir: Some("/var/folders/36/tjdph2t965j8snz9_vkdnw0r0000gn/T/rustwright-2285-1791558518717461000-5"), endpoint: Some("http://127.0.0.1:49210"), pid: Some(15112), ephemeral_profile: true, browser_log: Some("/var/folders/36/tjdph2t965j8snz9_vkdnw0r0000gn/T/rustwright-2285-1791558518717461000-5/rustwright-chrome.log") }
Chrome page-creation pending commands: 0
Chrome stderr (first 16 KiB): Ok("[15138:54373:1009/150839.110727:ERROR:base/apple/mach_port_rendezvous_mac.cc:256] bootstrap_look_up com.google.chrome.for.testing.MachPortRendezvousServer.15112: Unknown service name (1102)\n[15138:54373:1009/150839.111280:ERROR:base/memory/shared_memory_switch.cc:261] No rendezvous client, terminating process (parent died?)\n[15137:54372:1009/150839.128023:ERROR:base/apple/mach_port_rendezvous_mac.cc:256] bootstrap_look_up com.google.chrome.for.testing.MachPortRendezvousServer.15112: Permission denied (1100)\n[15137:54372:1009/150839.128177:ERROR:base/memory/shared_memory_switch.cc:261] No rendezvous client, terminating process (parent died?)\n\nDevTools listening on ws://127.0.0.1:49210/devtools/browser/97d91a7e-8467-4297-b0b6-5134db07b33a\n[15131:54359:1009/150839.132067:ERROR:base/apple/mach_port_rendezvous_mac.cc:256] bootstrap_look_up com.google.chrome.for.testing.MachPortRendezvousServer.15112: Permission denied (1100)\n[15131:54359:1009/150839.137331:ERROR:base/memory/shared_memory_switch.cc:261] No rendezvous client, terminating process (parent died?)\n[15130:54357:1009/150839.140869:ERROR:base/apple/mach_port_rendezvous_mac.cc:256] bootstrap_look_up com.google.chrome.for.testing.MachPortRendezvousServer.15112: Permission denied (1100)\n[15130:54357:1009/150839.141106:ERROR:base/memory/shared_memory_switch.cc:261] No rendezvous client, terminating process (parent died?)\n[15149:54423:1009/150839.345363:ERROR:base/apple/mach_port_rendezvous_mac.cc:256] bootstrap_look_up com.google.chrome.for.testing.MachPortRendezvousServer.15112: Permission denied (1100)\n[15149:54423:1009/150839.345662:ERROR:base/memory/shared_memory_switch.cc:261] No rendezvous client, terminating process (parent died?)\n[15156:54441:1009/150839.442197:ERROR:base/apple/mach_port_rendezvous_mac.cc:256] bootstrap_look_up com.google.chrome.for.testing.MachPortRendezvousServer.15112: Permission denied (1100)\n[15156:54441:1009/150839.442888:ERROR:base/memory/shared_memory_switch.cc:261] No rendezvous client, terminating process (parent died?)\n[15155:54440:1009/150839.442314:ERROR:base/apple/mach_port_rendezvous_mac.cc:256] bootstrap_look_up com.google.chrome.for.testing.MachPortRendezvousServer.15112: Permission denied (1100)\n[15155:54440:1009/150839.443075:ERROR:base/memory/shared_memory_switch.cc:261] No rendezvous client, terminating process (parent died?)\n[15112:54261:1009/150839.505639:ERROR:content/browser/network_service_instance_impl.cc:653] Network service crashed or was terminated, restarting service.\n[15162:54471:1009/150839.657076:ERROR:base/apple/mach_port_rendezvous_mac.cc:256] bootstrap_look_up com.google.chrome.for.testing.MachPortRendezvousServer.15112: Permission denied (1100)\n[15162:54471:1009/150839.657382:ERROR:base/memory/shared_memory_switch.cc:261] No rendezvous client, terminating process (parent died?)\n[15163:54472:1009/150839.657319:ERROR:base/apple/mach_port_rendezvous_mac.cc:256] bootstrap_look_up com.google.chrome.for.testing.MachPortRendezvousServer.15112: Permission denied (1100)\n[15163:54472:1009/150839.657668:ERROR:base/memory/shared_memory_switch.cc:261] No rendezvous client, terminating process (parent died?)\n[15112:54261:1009/150839.662534:ERROR:content/browser/network_service_instance_impl.cc:653] Network service crashed or was terminated, restarting service.\n[15171:54485:1009/150839.700640:ERROR:base/apple/mach_port_rendezvous_mac.cc:256] bootstrap_look_up com.google.chrome.for.testing.MachPortRendezvousServer.15112: Permission denied (1100)\n[15171:54485:1009/150839.700951:ERROR:base/memory/shared_memory_switch.cc:261] No rendezvous client, terminating process (parent died?)\n[15179:54507:1009/150839.771676:ERROR:base/apple/mach_port_rendezvous_mac.cc:256] bootstrap_look_up com.google.chrome.for.testing.MachPortRendezvousServer.15112: Permission denied (1100)\n[15179:54507:1009/150839.772102:ERROR:base/memory/shared_memory_switch.cc:261] No rendezvous client, terminating process (parent died?)\n[15164:54473:1009/150839.777893:ERROR:base/apple/mach_port_rendezvous_mac.cc:256] bootstrap_look_up com.google.chrome.for.testing.MachPortRendezvousServer.15112: Permission denied (1100)\n[15164:54473:1009/150839.780789:ERROR:base/memory/shared_memory_switch.cc:261] No rendezvous client, terminating process (parent died?)\n[15181:54513:1009/150839.789757:ERROR:base/apple/mach_port_rendezvous_mac.cc:256] bootstrap_look_up com.google.chrome.for.testing.MachPortRendezvousServer.15112: Permission denied (1100)\n[15181:54513:1009/150839.789962:ERROR:base/memory/shared_memory_switch.cc:261] No rendezvous client, terminating process (parent died?)\n[15180:54512:1009/150839.794604:ERROR:base/apple/mach_port_rendezvous_mac.cc:256] bootstrap_look_up com.google.chrome.for.testing.MachPortRendezvousServer.15112: Permission denied (1100)\n[15180:54512:1009/150839.794902:ERROR:base/memory/shared_memory_switch.cc:261] No rendezvous client, terminating process (parent died?)\n[15178:54506:1009/150839.811508:ERROR:base/apple/mach_port_rendezvous_mac.cc:256] bootstrap_look_up com.google.chrome.for.testing.MachPortRendezvousServer.15112: Permission denied (1100)\n[15178:54506:1009/150839.819945:ERROR:base/memory/shared_memory_switch.cc:261] No rendezvous client, terminating process (parent died?)\n[15112:54261:1009/150839.852206:ERROR:content/browser/network_service_instance_impl.cc:653] Network service crashed or was terminated, restarting service.\n[15188:54540:1009/150839.895881:ERROR:base/apple/mach_port_rendezvous_mac.cc:256] bootstrap_look_up com.google.chrome.for.testing.MachPortRendezvousServer.15112: Permission denied (1100)\n[15188:54540:1009/150839.896049:ERROR:base/memory/shared_memory_switch.cc:261] No rendezvous client, terminating process (parent died?)\n[15191:54545:1009/150839.900366:ERROR:base/apple/mach_port_rendezvous_mac.cc:256] bootstrap_look_up com.google.chrome.for.testing.MachPortRendezvousServer.15112: Permission denied (1100)\n[15191:54545:1009/150839.900780:ERROR:base/memory/shared_memory_switch.cc:261] No rendezvous client, terminating process (parent died?)\n[15206:54581:1009/150839.965426:ERROR:base/apple/mach_port_rendezvous_mac.cc:256] bootstrap_look_up com.google.chrome.for.testing.MachPortRendezvousServer.15112: Permission denied (1100)\n[15206:54581:1009/150839.965563:ERROR:base/memory/shared_memory_switch.cc:261] No rendezvous client, terminating process (parent died?)\n[15197:54560:1009/150839.981303:ERROR:base/apple/mach_port_rendezvous_mac.cc:256] bootstrap_look_up com.google.chrome.for.testing.MachPortRendezvousServer.15112: Permission denied (1100)\n[15197:54560:1009/150839.981559:ERROR:base/memory/shared_memory_switch.cc:261] No rendezvous client, terminating process (parent died?)\n[15112:54261:1009/150839.983936:ERROR:content/browser/network_service_instance_impl.cc:653] Network service crashed or was terminated, restarting service.\n[15205:54580:1009/150839.996614:ERROR:base/apple/mach_port_rendezvous_mac.cc:256] bootstrap_look_up com.google.chrome.for.testing.MachPortRendezvousServer.15112: Permission denied (1100)\n[15205:54580:1009/150839.996927:ERROR:base/memory/shared_memory_switch.cc:261] No rendezvous client, terminating process (parent died?)\n[15112:54261:1009/150840.007021:ERROR:chrome/browser/component_updater/soda_component_installer.cc:100] On demand update of the SODA component failed with error: 5\n[15198:54561:1009/150840.008628:ERROR:base/apple/mach_port_rendezvous_mac.cc:256] bootstrap_look_up com.google.chrome.for.testing.MachPortRendezvousServer.15112: Permission denied (1100)\n[15198:54561:1009/150840.008855:ERROR:base/memory/shared_memory_switch.cc:261] No rendezvous client, terminating process (parent died?)\n[15213:54600:1009/150840.028882:ERROR:base/apple/mach_port_rendezvous_mac.cc:256] bootstrap_look_up com.google.chrome.for.testing.MachPortRendezvousServer.15112: Permission denied (1100)\n[15213:54600:1009/150840.029029:ERROR:base/memory/shared_memory_switch.cc:261] No rendezvous client, terminating process (parent died?)\n[15214:54605:1009/150840.045289:ERROR:base/apple/mach_port_rendezvous_mac.cc:256] bootstrap_look_up com.google.chrome.for.testing.MachPortRendezvousServer.15112: Permission denied (1100)\n[15214:54605:1009/150840.045549:ERROR:base/memory/shared_memory_switch.cc:261] No rendezvous client, terminating process (parent died?)\n[15112:54261:1009/150840.047344:ERROR:content/browser/network_service_instance_impl.cc:653] Network service crashed or was terminated, restarting service.\n[15112:54261:1009/150840.048586:ERROR:chrome/browser/component_updater/soda_language_pack_component_installer.cc:86] On demand update of the SODA language component failed with error: 5\n[15207:54582:1009/150840.077627:ERROR:base/apple/mach_port_rendezvous_mac.cc:256] bootstrap_look_up com.google.chrome.for.testing.MachPortRendezvousServer.15112: Permission denied (1100)\n[15207:54582:1009/150840.079397:ERROR:base/memory/shared_memory_switch.cc:261] No rendezvous client, terminating process (parent died?)\n[15220:54622:1009/150840.083850:ERROR:base/apple/mach_port_rendezvous_mac.cc:256] bootstrap_look_up com.google.chrome.for.testing.MachPortRendezvousServer.15112: Permission denied (1100)\n[15220:54622:1009/150840.084019:ERROR:base/memory/shared_memory_switch.cc:261] No rendezvous client, terminating process (parent died?)\n[15221:54627:1009/150840.129256:ERROR:base/apple/mach_port_rendezvous_mac.cc:256] bootstrap_look_up com.google.chrome.for.testing.MachPortRendezvousServer.15112: Permission denied (1100)\n[15221:54627:1009/150840.129562:ERROR:base/memory/shared_memory_switch.cc:261] No rendezvous client, terminating process (parent died?)\n[15227:54644:1009/150840.130007:ERROR:base/apple/mach_port_rendezvous_mac.cc:256] bootstrap_look_up com.google.chrome.for.testing.MachPortRendezvousServer.15112: Permission denied (1100)\n[15227:54644:1009/150840.130251:ERROR:base/memory/shared_memory_switch.cc:261] No rendezvous client, terminating process (parent died?)\n[15112:54261:1009/150840.130913:ERROR:content/browser/network_service_instance_impl.cc:653] Network service crashed or was terminated, restarting service.\n[15228:54646:1009/150840.132481:ERROR:base/apple/mach_port_rendezvous_mac.cc:256] bootstrap_look_up com.google.chrome.for.testing.MachPortRendezvousServer.15112: Permission denied (1100)\n[15228:54646:1009/150840.132636:ERROR:base/memory/shared_memory_switch.cc:261] No rendezvous client, terminating process (parent died?)\n[15234:54664:1009/150840.174781:ERROR:base/apple/mach_port_rendezvous_mac.cc:256] bootstrap_look_up com.google.chrome.for.testing.MachPortRendezvousServer.15112: Permission denied (1100)\n[15234:54664:1009/150840.174939:ERROR:base/memory/shared_memory_switch.cc:261] No rendezvous client, terminating process (parent died?)\n[15231:54661:1009/150840.175642:ERROR:base/apple/mach_port_rendezvous_mac.cc:256] bootstrap_look_up com.google.chrome.for.testing.MachPortRendezvousServer.15112: Permission denied (1100)\n[15231:54661:1009/150840.175932:ERROR:base/memory/shared_memory_switch.cc:261] No rendezvous client, terminating process (parent died?)\n[15232:54662:1009/150840.175827:ERROR:base/apple/mach_port_rendezvous_mac.cc:256] bootstrap_look_up com.google.chrome.for.testing.MachPortRendezvousServer.15112: Permission denied (1100)\n[15232:54662:1009/150840.176103:ERROR:base/memory/shared_memory_switch.cc:261] No rendezvous client, terminating process (parent died?)\n[15112:54261:1009/150840.177783:ERROR:content/browser/network_service_instance_impl.cc:653] Network service crashed or was terminated, restarting service.\n[15237:54677:1009/150840.219174:ERROR:base/apple/mach_port_rendezvous_mac.cc:256] bootstrap_look_up com.google.chrome.for.testing.MachPortRendezvousServer.15112: Permission denied (1100)\n[15237:54677:1009/150840.219345:ERROR:base/memory/shared_memory_switch.cc:261] No rendezvous client, terminating process (parent died?)\n[15238:54678:1009/150840.227179:ERROR:base/apple/mach_port_rendezvous_mac.cc:256] bootstrap_look_up com.google.chrome.for.testing.MachPortRendezvousServer.15112: Permission denied (1100)\n[15238:54678:1009/150840.227393:ERROR:base/memory/shared_memory_switch.cc:261] No rendezvous client, terminating process (parent died?)\n[15112:54261:1009/150840.228738:ERROR:content/browser/network_service_instance_impl.cc:653] Network service crashed or was terminated, restarting service.\n[15239:54679:1009/150840.230302:ERROR:base/apple/mach_port_rendezvous_mac.cc:256] bootstrap_look_up com.google.chrome.for.testing.MachPortRendezvousServer.15112: Permission denied (1100)\n[15239:54679:1009/150840.230666:ERROR:base/memory/shared_memory_switch.cc:261] No rendezvous client, terminating process (parent died?)\n[15240:54682:1009/150840.262837:ERROR:base/apple/mach_port_rendezvous_mac.cc:256] bootstrap_look_up com.google.chrome.for.testing.MachPortRendezvousServer.15112: Permission denied (1100)\n[15240:54682:1009/150840.262996:ERROR:base/memory/shared_memory_switch.cc:261] No rendezvous client, terminating process (parent died?)\n[15241:54689:1009/150840.276501:ERROR:base/apple/mach_port_rendezvous_mac.cc:256] bootstrap_look_up com.google.chrome.for.testing.MachPortRendezvousServer.15112: Permission denied (1100)\n[15241:54689:1009/150840.276740:ERROR:base/memory/shared_memory_switch.cc:261] No rendezvous client, terminating process (parent died?)\n[15112:54261:1009/150840.278519:ERROR:content/browser/network_service_instance_impl.cc:653] Network service crashed or was terminated, restarting service.\n[15242:54690:1009/150840.279507:ERROR:base/apple/mach_port_rendezvous_mac.cc:256] bootstrap_look_up com.google.chrome.for.testing.MachPortRendezvousServer.15112: Permission denied (1100)\n[15242:54690:1009/150840.279751:ERROR:base/memory/shared_memory_switch.cc:261] No rendezvous client, terminating process (parent died?)\n[15243:54693:1009/150840.303176:ERROR:base/apple/mach_port_rendezvous_mac.cc:256] bootstrap_look_up com.google.chrome.for.testing.MachPortRendezvousServer.15112: Permission denied (1100)\n[15243:54693:1009/150840.303364:ERROR:base/memory/shared_memory_switch.cc:261] No rendezvous client, terminating process (parent died?)\n[15244:54700:1009/150840.326296:ERROR:base/apple/mach_port_rendezvous_mac.cc:256] bootstrap_look_up com.google.chrome.for.testing.MachPortRendezvousServer.15112: Permission denied (1100)\n[15244:54700:1009/150840.326530:ERROR:base/memory/shared_memory_switch.cc:261] No rendezvous client, terminating process (parent died?)\n[15245:54701:1009/150840.327033:ERROR:base/apple/mach_port_rendezvous_mac.cc:256] bootstrap_look_up com.google.chrome.for.testing.MachPortRendezvousServer.15112: Permission denied (1100)\n[15245:54701:1009/150840.327167:ERROR:base/memory/shared_memory_switch.cc:261] No rendezvous client, terminating process (parent died?)\n[15112:54261:1009/150840.328865:ERROR:content/browser/network_service_instance_impl.cc:653] Network service crashed or was terminated, restarting service.\n[15246:54704:1009/150840.343861:ERROR:base/apple/mach_port_rendezvous_mac.cc:256] bootstrap_look_up com.google.chrome.for.testing.MachPortRendezvousServer.15112: Permission denied (1100)\n[15246:54704:1009/150840.344003:ERROR:base/memory/shared_memory_switch.cc:261] No rendezvous client, terminating process (parent died?)\n[15248:54712:1009/150840.373426:ERROR:base/apple/mach_port_rendezvous_mac.cc:256] bootstrap_look_up com.google.chrome.for.testing.MachPortRendezvousServer.15112: Permission denied (1100)\n[15248:54712:1009/150840.373684:ERROR:base/memory/shared_memory_switch.cc:261] No rendezvous client, terminating process (parent died?)\n[15247:54711:1009/150840.373601:ERROR:base/apple/mach_port_rendezvous_mac.cc:256] bootstrap_look_up com.google.chrome.for.testing.MachPortRendezvousServer.15112: Permission denied (1100)\n[15247:54711:1009/150840.373966:ERROR:base/memory/shared_memory_switch.cc:261] No rendezvous client, terminating process (parent died?)\n[15112:54261:1009/150840.375695:ERROR:content/browser/network_service_instance_impl.cc:653] Network service crashed or was terminated, restarting service.\n[15249:54715:1009/150840.389482:ERROR:base/apple/mach_port_rendezvous_mac.cc:256] bootstrap_look_up com.google.chrome.for.testing.MachPortRendezvousServer.15112: Permission denied (1100)\n[15249:54715:1009/150840.389638:ERROR:base/memory/shared_memory_switch.cc:261] No rendezvous client, terminating process (parent died?)\n[15251:54723:100")
Chrome page-creation probe: endpoint discovery start
Chrome page-creation probe: WebSocket connect start
Chrome page-creation probe sending: Target.getTargets
Chrome page-creation probe Target.getTargets: Ok(Object {"targetInfos": Array [Object {"attached": Bool(false), "browserContextId": String("ADEBFED91F175E41B5BD9CD47836A73F"), "canAccessOpener": Bool(false), "targetId": String("A4AFB2EC0EB77E6AC845DA996F37F7CD"), "title": String(""), "type": String("page"), "url": String("about:blank")}, Object {"attached": Bool(false), "browserContextId": String("ADEBFED91F175E41B5BD9CD47836A73F"), "canAccessOpener": Bool(false), "targetId": String("8F3BDBE748677E0BF608AEB98DEFDBF8"), "title": String(""), "type": String("browser_ui"), "url": String("chrome://omnibox-popup.top-chrome/omnibox_popup_aim.html")}, Object {"attached": Bool(false), "browserContextId": String("ADEBFED91F175E41B5BD9CD47836A73F"), "canAccessOpener": Bool(false), "targetId": String("FD758E41DFBC0AF6B20EBCD039CD9473"), "title": String(""), "type": String("browser_ui"), "url": String("chrome://omnibox-popup.top-chrome/")}]})
Chrome page-creation probe sending: Target.getBrowserContexts
Chrome page-creation probe Target.getBrowserContexts: Ok(Object {"browserContextIds": Array [], "defaultBrowserContextId": String("ADEBFED91F175E41B5BD9CD47836A73F")})
Chrome page-creation probe sending: Target.attachToTarget target=A4AFB2EC0EB77E6AC845DA996F37F7CD
Chrome page-creation probe Target.attachToTarget: Ok(Object {"sessionId": String("F198F092B50E1206592FF4899B97E2A2")})
Chrome page-creation probe sending: Page.enable target=A4AFB2EC0EB77E6AC845DA996F37F7CD
Chrome page-creation probe completion: Err(Elapsed(()))

thread 'chrome_frame_hover_and_keyboard' (54259) panicked at tests/http_compat.rs:170:17:
Initial Chrome page creation exceeded 30 seconds: Elapsed(())
stack backtrace:
   0: __rustc::rust_begin_unwind
             at /rustc/b940084d7eb6a299eb4bfeb8e34901bc051e7ac4/library/std/src/panicking.rs:679:5
   1: core::panicking::panic_fmt
             at /rustc/b940084d7eb6a299eb4bfeb8e34901bc051e7ac4/library/core/src/panicking.rs:80:14
   2: http_compat::open::{closure#0}
             at ./http_compat.rs:170:17
   3: http_compat::frame_hover_and_keyboard::{closure#0}
             at ./http_compat.rs:578:50
   4: http_compat::chrome_frame_hover_and_keyboard::{closure#0}
             at ./http_compat.rs:193:30
   5: <core::pin::Pin<&mut dyn core::future::future::Future<Output = ()>> as core::future::future::Future>::poll
             at /rustc/b940084d7eb6a299eb4bfeb8e34901bc051e7ac4/library/core/src/future/future.rs:133:9
   6: <core::pin::Pin<&mut core::pin::Pin<&mut dyn core::future::future::Future<Output = ()>>> as core::future::future::Future>::poll
             at /rustc/b940084d7eb6a299eb4bfeb8e34901bc051e7ac4/library/core/src/future/future.rs:133:9
   7: <tokio::runtime::scheduler::current_thread::CoreGuard>::block_on::<core::pin::Pin<&mut core::pin::Pin<&mut dyn core::future::future::Future<Output = ()>>>>::{closure#0}::{closure#0}::{closure#0}
             at /Users/runner/.cargo/registry/src/index.crates.io-1949cf8c6b5b557f/tokio-1.53.1/src/runtime/scheduler/current_thread/mod.rs:830:70
   8: tokio::task::coop::with_budget::<core::task::poll::Poll<()>, <tokio::runtime::scheduler::current_thread::CoreGuard>::block_on<core::pin::Pin<&mut core::pin::Pin<&mut dyn core::future::future::Future<Output = ()>>>>::{closure#0}::{closure#0}::{closure#0}>
             at /Users/runner/.cargo/registry/src/index.crates.io-1949cf8c6b5b557f/tokio-1.53.1/src/task/coop/mod.rs:167:5
   9: tokio::task::coop::budget::<core::task::poll::Poll<()>, <tokio::runtime::scheduler::current_thread::CoreGuard>::block_on<core::pin::Pin<&mut core::pin::Pin<&mut dyn core::future::future::Future<Output = ()>>>>::{closure#0}::{closure#0}::{closure#0}>
             at /Users/runner/.cargo/registry/src/index.crates.io-1949cf8c6b5b557f/tokio-1.53.1/src/task/coop/mod.rs:133:5
  10: <tokio::runtime::scheduler::current_thread::CoreGuard>::block_on::<core::pin::Pin<&mut core::pin::Pin<&mut dyn core::future::future::Future<Output = ()>>>>::{closure#0}::{closure#0}
             at /Users/runner/.cargo/registry/src/index.crates.io-1949cf8c6b5b557f/tokio-1.53.1/src/runtime/scheduler/current_thread/mod.rs:830:25
  11: <tokio::runtime::scheduler::current_thread::Context>::enter::<core::task::poll::Poll<()>, <tokio::runtime::scheduler::current_thread::CoreGuard>::block_on<core::pin::Pin<&mut core::pin::Pin<&mut dyn core::future::future::Future<Output = ()>>>>::{closure#0}::{closure#0}>
             at /Users/runner/.cargo/registry/src/index.crates.io-1949cf8c6b5b557f/tokio-1.53.1/src/runtime/scheduler/current_thread/mod.rs:488:19
  12: <tokio::runtime::scheduler::current_thread::CoreGuard>::block_on::<core::pin::Pin<&mut core::pin::Pin<&mut dyn core::future::future::Future<Output = ()>>>>::{closure#0}
             at /Users/runner/.cargo/registry/src/index.crates.io-1949cf8c6b5b557f/tokio-1.53.1/src/runtime/scheduler/current_thread/mod.rs:829:44
  13: <tokio::runtime::scheduler::current_thread::CoreGuard>::enter::<<tokio::runtime::scheduler::current_thread::CoreGuard>::block_on<core::pin::Pin<&mut core::pin::Pin<&mut dyn core::future::future::Future<Output = ()>>>>::{closure#0}, core::option::Option<()>>::{closure#0}
             at /Users/runner/.cargo/registry/src/index.crates.io-1949cf8c6b5b557f/tokio-1.53.1/src/runtime/scheduler/current_thread/mod.rs:906:68
  14: <tokio::runtime::context::scoped::Scoped<tokio::runtime::scheduler::Context>>::set::<<tokio::runtime::scheduler::current_thread::CoreGuard>::enter<<tokio::runtime::scheduler::current_thread::CoreGuard>::block_on<core::pin::Pin<&mut core::pin::Pin<&mut dyn core::future::future::Future<Output = ()>>>>::{closure#0}, core::option::Option<()>>::{closure#0}, (alloc::boxed::Box<tokio::runtime::scheduler::current_thread::Core>, core::option::Option<()>)>
             at /Users/runner/.cargo/registry/src/index.crates.io-1949cf8c6b5b557f/tokio-1.53.1/src/runtime/context/scoped.rs:40:9
  15: tokio::runtime::context::set_scheduler::<(alloc::boxed::Box<tokio::runtime::scheduler::current_thread::Core>, core::option::Option<()>), <tokio::runtime::scheduler::current_thread::CoreGuard>::enter<<tokio::runtime::scheduler::current_thread::CoreGuard>::block_on<core::pin::Pin<&mut core::pin::Pin<&mut dyn core::future::future::Future<Output = ()>>>>::{closure#0}, core::option::Option<()>>::{closure#0}>::{closure#0}
             at /Users/runner/.cargo/registry/src/index.crates.io-1949cf8c6b5b557f/tokio-1.53.1/src/runtime/context.rs:187:38
  16: <std::thread::local::LocalKey<tokio::runtime::context::Context>>::try_with::<tokio::runtime::context::set_scheduler<(alloc::boxed::Box<tokio::runtime::scheduler::current_thread::Core>, core::option::Option<()>), <tokio::runtime::scheduler::current_thread::CoreGuard>::enter<<tokio::runtime::scheduler::current_thread::CoreGuard>::block_on<core::pin::Pin<&mut core::pin::Pin<&mut dyn core::future::future::Future<Output = ()>>>>::{closure#0}, core::option::Option<()>>::{closure#0}>::{closure#0}, (alloc::boxed::Box<tokio::runtime::scheduler::current_thread::Core>, core::option::Option<()>)>
             at /rustc/b940084d7eb6a299eb4bfeb8e34901bc051e7ac4/library/std/src/thread/local.rs:463:12
  17: <std::thread::local::LocalKey<tokio::runtime::context::Context>>::with::<tokio::runtime::context::set_scheduler<(alloc::boxed::Box<tokio::runtime::scheduler::current_thread::Core>, core::option::Option<()>), <tokio::runtime::scheduler::current_thread::CoreGuard>::enter<<tokio::runtime::scheduler::current_thread::CoreGuard>::block_on<core::pin::Pin<&mut core::pin::Pin<&mut dyn core::future::future::Future<Output = ()>>>>::{closure#0}, core::option::Option<()>>::{closure#0}>::{closure#0}, (alloc::boxed::Box<tokio::runtime::scheduler::current_thread::Core>, core::option::Option<()>)>
             at /rustc/b940084d7eb6a299eb4bfeb8e34901bc051e7ac4/library/std/src/thread/local.rs:427:20
  18: tokio::runtime::context::set_scheduler::<(alloc::boxed::Box<tokio::runtime::scheduler::current_thread::Core>, core::option::Option<()>), <tokio::runtime::scheduler::current_thread::CoreGuard>::enter<<tokio::runtime::scheduler::current_thread::CoreGuard>::block_on<core::pin::Pin<&mut core::pin::Pin<&mut dyn core::future::future::Future<Output = ()>>>>::{closure#0}, core::option::Option<()>>::{closure#0}>
             at /Users/runner/.cargo/registry/src/index.crates.io-1949cf8c6b5b557f/tokio-1.53.1/src/runtime/context.rs:187:17
  19: <tokio::runtime::scheduler::current_thread::CoreGuard>::enter::<<tokio::runtime::scheduler::current_thread::CoreGuard>::block_on<core::pin::Pin<&mut core::pin::Pin<&mut dyn core::future::future::Future<Output = ()>>>>::{closure#0}, core::option::Option<()>>
             at /Users/runner/.cargo/registry/src/index.crates.io-1949cf8c6b5b557f/tokio-1.53.1/src/runtime/scheduler/current_thread/mod.rs:906:27
  20: <tokio::runtime::scheduler::current_thread::CoreGuard>::block_on::<core::pin::Pin<&mut core::pin::Pin<&mut dyn core::future::future::Future<Output = ()>>>>
             at /Users/runner/.cargo/registry/src/index.crates.io-1949cf8c6b5b557f/tokio-1.53.1/src/runtime/scheduler/current_thread/mod.rs:817:24
  21: <tokio::runtime::scheduler::current_thread::CurrentThread>::block_on::<core::pin::Pin<&mut dyn core::future::future::Future<Output = ()>>>::{closure#0}
             at /Users/runner/.cargo/registry/src/index.crates.io-1949cf8c6b5b557f/tokio-1.53.1/src/runtime/scheduler/current_thread/mod.rs:218:33
  22: tokio::runtime::context::runtime::enter_runtime::<<tokio::runtime::scheduler::current_thread::CurrentThread>::block_on<core::pin::Pin<&mut dyn core::future::future::Future<Output = ()>>>::{closure#0}, ()>
             at /Users/runner/.cargo/registry/src/index.crates.io-1949cf8c6b5b557f/tokio-1.53.1/src/runtime/context/runtime.rs:65:16
  23: <tokio::runtime::scheduler::current_thread::CurrentThread>::block_on::<core::pin::Pin<&mut dyn core::future::future::Future<Output = ()>>>
             at /Users/runner/.cargo/registry/src/index.crates.io-1949cf8c6b5b557f/tokio-1.53.1/src/runtime/scheduler/current_thread/mod.rs:206:9
  24: <tokio::runtime::runtime::Runtime>::block_on_inner::<core::pin::Pin<&mut dyn core::future::future::Future<Output = ()>>>
             at /Users/runner/.cargo/registry/src/index.crates.io-1949cf8c6b5b557f/tokio-1.53.1/src/runtime/runtime.rs:374:52
  25: <tokio::runtime::runtime::Runtime>::block_on::<core::pin::Pin<&mut dyn core::future::future::Future<Output = ()>>>
             at /Users/runner/.cargo/registry/src/index.crates.io-1949cf8c6b5b557f/tokio-1.53.1/src/runtime/runtime.rs:343:18
  26: http_compat::chrome_frame_hover_and_keyboard
             at ./http_compat.rs:193:35
  27: http_compat::chrome_frame_hover_and_keyboard::{closure#0}
             at ./http_compat.rs:192:27
  28: <http_compat::chrome_frame_hover_and_keyboard::{closure#0} as core::ops::function::FnOnce<()>>::call_once
             at /rustc/b940084d7eb6a299eb4bfeb8e34901bc051e7ac4/library/core/src/ops/function.rs:250:5
  29: <fn() -> core::result::Result<(), alloc::string::String> as core::ops::function::FnOnce<()>>::call_once
             at /rustc/b940084d7eb6a299eb4bfeb8e34901bc051e7ac4/library/core/src/ops/function.rs:250:5
note: Some details are omitted, run with `RUST_BACKTRACE=full` for a verbose backtrace.
FAILED
test chrome_frame_reload ... Chrome version: Chrome/155.0.8059.39
HTTP compat Chrome stage: new_page start
HTTP compat Chrome new_page timed out: Elapsed(())
Chrome page-creation launch diagnostics: BrowserDiagnostics { product: "Chrome/155.0.8059.39", protocol_version: "1.3", user_agent: "Mozilla/5.0 (Macintosh; Intel Mac OS X 10_15_7) AppleWebKit/537.36 (KHTML, like Gecko) HeadlessChrome/155.0.0.0 Safari/537.36", executable: Some("/Users/runner/hostedtoolcache/setup-chrome/chrome/stable/arm64/Contents/MacOS/Google Chrome for Testing"), launch_args: ["--remote-debugging-port=0", "--no-first-run", "--no-default-browser-check", "--user-data-dir=/var/folders/36/tjdph2t965j8snz9_vkdnw0r0000gn/T/rustwright-2285-1791558554715416000-6", "--headless=new", "--disable-gpu", "--hide-scrollbars", "--mute-audio", "about:blank"], user_data_dir: Some("/var/folders/36/tjdph2t965j8snz9_vkdnw0r0000gn/T/rustwright-2285-1791558554715416000-6"), endpoint: Some("http://127.0.0.1:49216"), pid: Some(17752), ephemeral_profile: true, browser_log: Some("/var/folders/36/tjdph2t965j8snz9_vkdnw0r0000gn/T/rustwright-2285-1791558554715416000-6/rustwright-chrome.log") }
Chrome page-creation pending commands: 0
Chrome stderr (first 16 KiB): Ok("[17759:63059:1009/150915.175637:ERROR:base/apple/mach_port_rendezvous_mac.cc:256] bootstrap_look_up com.google.chrome.for.testing.MachPortRendezvousServer.17752: Permission denied (1100)\n[17759:63059:1009/150915.176370:ERROR:base/memory/shared_memory_switch.cc:261] No rendezvous client, terminating process (parent died?)\n[17760:63061:1009/150915.206148:ERROR:base/apple/mach_port_rendezvous_mac.cc:256] bootstrap_look_up com.google.chrome.for.testing.MachPortRendezvousServer.17752: Permission denied (1100)\n[17760:63061:1009/150915.206481:ERROR:base/memory/shared_memory_switch.cc:261] No rendezvous client, terminating process (parent died?)\n\nDevTools listening on ws://127.0.0.1:49216/devtools/browser/9591e947-252f-4f98-bb3f-b02f387bcf8a\n[17762:63092:1009/150915.244679:ERROR:base/apple/mach_port_rendezvous_mac.cc:256] bootstrap_look_up com.google.chrome.for.testing.MachPortRendezvousServer.17752: Unknown service name (1102)\n[17762:63092:1009/150915.244944:ERROR:base/memory/shared_memory_switch.cc:261] No rendezvous client, terminating process (parent died?)\n[17761:63083:1009/150915.245822:ERROR:base/apple/mach_port_rendezvous_mac.cc:256] bootstrap_look_up com.google.chrome.for.testing.MachPortRendezvousServer.17752: Permission denied (1100)\n[17761:63083:1009/150915.245982:ERROR:base/memory/shared_memory_switch.cc:261] No rendezvous client, terminating process (parent died?)\n[17763:63116:1009/150915.462362:ERROR:base/apple/mach_port_rendezvous_mac.cc:256] bootstrap_look_up com.google.chrome.for.testing.MachPortRendezvousServer.17752: Permission denied (1100)\n[17763:63116:1009/150915.462646:ERROR:base/memory/shared_memory_switch.cc:261] No rendezvous client, terminating process (parent died?)\n[17764:63125:1009/150915.542814:ERROR:base/apple/mach_port_rendezvous_mac.cc:256] bootstrap_look_up com.google.chrome.for.testing.MachPortRendezvousServer.17752: Permission denied (1100)\n[17764:63125:1009/150915.543170:ERROR:base/memory/shared_memory_switch.cc:261] No rendezvous client, terminating process (parent died?)\n[17765:63126:1009/150915.553877:ERROR:base/apple/mach_port_rendezvous_mac.cc:256] bootstrap_look_up com.google.chrome.for.testing.MachPortRendezvousServer.17752: Permission denied (1100)\n[17765:63126:1009/150915.554768:ERROR:base/memory/shared_memory_switch.cc:261] No rendezvous client, terminating process (parent died?)\n[17752:62984:1009/150915.626670:ERROR:content/browser/network_service_instance_impl.cc:653] Network service crashed or was terminated, restarting service.\n[17769:63138:1009/150915.761930:ERROR:base/apple/mach_port_rendezvous_mac.cc:256] bootstrap_look_up com.google.chrome.for.testing.MachPortRendezvousServer.17752: Permission denied (1100)\n[17769:63138:1009/150915.762164:ERROR:base/memory/shared_memory_switch.cc:261] No rendezvous client, terminating process (parent died?)\n[17767:63135:1009/150915.776706:ERROR:base/apple/mach_port_rendezvous_mac.cc:256] bootstrap_look_up com.google.chrome.for.testing.MachPortRendezvousServer.17752: Permission denied (1100)\n[17767:63135:1009/150915.777057:ERROR:base/memory/shared_memory_switch.cc:261] No rendezvous client, terminating process (parent died?)\n[17768:63137:1009/150915.778820:ERROR:base/apple/mach_port_rendezvous_mac.cc:256] bootstrap_look_up com.google.chrome.for.testing.MachPortRendezvousServer.17752: Permission denied (1100)\n[17768:63137:1009/150915.779027:ERROR:base/memory/shared_memory_switch.cc:261] No rendezvous client, terminating process (parent died?)\n[17771:63141:1009/150915.808786:ERROR:base/apple/mach_port_rendezvous_mac.cc:256] bootstrap_look_up com.google.chrome.for.testing.MachPortRendezvousServer.17752: Permission denied (1100)\n[17771:63141:1009/150915.809110:ERROR:base/memory/shared_memory_switch.cc:261] No rendezvous client, terminating process (parent died?)\n[17752:62984:1009/150915.812957:ERROR:content/browser/network_service_instance_impl.cc:653] Network service crashed or was terminated, restarting service.\n[17774:63160:1009/150915.870085:ERROR:base/apple/mach_port_rendezvous_mac.cc:256] bootstrap_look_up com.google.chrome.for.testing.MachPortRendezvousServer.17752: Permission denied (1100)\n[17774:63160:1009/150915.870358:ERROR:base/memory/shared_memory_switch.cc:261] No rendezvous client, terminating process (parent died?)\n[17772:63155:1009/150915.872277:ERROR:base/apple/mach_port_rendezvous_mac.cc:256] bootstrap_look_up com.google.chrome.for.testing.MachPortRendezvousServer.17752: Permission denied (1100)\n[17772:63155:1009/150915.872493:ERROR:base/memory/shared_memory_switch.cc:261] No rendezvous client, terminating process (parent died?)\n[17773:63159:1009/150915.880951:ERROR:base/apple/mach_port_rendezvous_mac.cc:256] bootstrap_look_up com.google.chrome.for.testing.MachPortRendezvousServer.17752: Permission denied (1100)\n[17773:63159:1009/150915.884589:ERROR:base/memory/shared_memory_switch.cc:261] No rendezvous client, terminating process (parent died?)\n[17776:63170:1009/150915.906672:ERROR:base/apple/mach_port_rendezvous_mac.cc:256] bootstrap_look_up com.google.chrome.for.testing.MachPortRendezvousServer.17752: Permission denied (1100)\n[17776:63170:1009/150915.907042:ERROR:base/memory/shared_memory_switch.cc:261] No rendezvous client, terminating process (parent died?)\n[17775:63168:1009/150915.906636:ERROR:base/apple/mach_port_rendezvous_mac.cc:256] bootstrap_look_up com.google.chrome.for.testing.MachPortRendezvousServer.17752: Permission denied (1100)\n[17775:63168:1009/150915.907069:ERROR:base/memory/shared_memory_switch.cc:261] No rendezvous client, terminating process (parent died?)\n[17752:62984:1009/150915.908289:ERROR:content/browser/network_service_instance_impl.cc:653] Network service crashed or was terminated, restarting service.\n[17780:63186:1009/150916.023539:ERROR:base/apple/mach_port_rendezvous_mac.cc:256] bootstrap_look_up com.google.chrome.for.testing.MachPortRendezvousServer.17752: Permission denied (1100)\n[17780:63186:1009/150916.025755:ERROR:base/memory/shared_memory_switch.cc:261] No rendezvous client, terminating process (parent died?)\n[17777:63177:1009/150916.030000:ERROR:base/apple/mach_port_rendezvous_mac.cc:256] bootstrap_look_up com.google.chrome.for.testing.MachPortRendezvousServer.17752: Permission denied (1100)\n[17777:63177:1009/150916.034608:ERROR:base/memory/shared_memory_switch.cc:261] No rendezvous client, terminating process (parent died?)\n[17779:63185:1009/150916.033699:ERROR:base/apple/mach_port_rendezvous_mac.cc:256] bootstrap_look_up com.google.chrome.for.testing.MachPortRendezvousServer.17752: Permission denied (1100)\n[17779:63185:1009/150916.035784:ERROR:base/memory/shared_memory_switch.cc:261] No rendezvous client, terminating process (parent died?)\n[17752:62984:1009/150916.038264:ERROR:content/browser/network_service_instance_impl.cc:653] Network service crashed or was terminated, restarting service.\n[17778:63184:1009/150916.043130:ERROR:base/apple/mach_port_rendezvous_mac.cc:256] bootstrap_look_up com.google.chrome.for.testing.MachPortRendezvousServer.17752: Permission denied (1100)\n[17778:63184:1009/150916.043348:ERROR:base/memory/shared_memory_switch.cc:261] No rendezvous client, terminating process (parent died?)\n[17752:62984:1009/150916.045058:ERROR:chrome/browser/component_updater/soda_component_installer.cc:100] On demand update of the SODA component failed with error: 5\n[17781:63189:1009/150916.087225:ERROR:base/apple/mach_port_rendezvous_mac.cc:256] bootstrap_look_up com.google.chrome.for.testing.MachPortRendezvousServer.17752: Permission denied (1100)\n[17781:63189:1009/150916.088499:ERROR:base/memory/shared_memory_switch.cc:261] No rendezvous client, terminating process (parent died?)\n[17782:63201:1009/150916.095432:ERROR:base/apple/mach_port_rendezvous_mac.cc:256] bootstrap_look_up com.google.chrome.for.testing.MachPortRendezvousServer.17752: Permission denied (1100)\n[17782:63201:1009/150916.095838:ERROR:base/memory/shared_memory_switch.cc:261] No rendezvous client, terminating process (parent died?)\n[17752:62984:1009/150916.097684:ERROR:content/browser/network_service_instance_impl.cc:653] Network service crashed or was terminated, restarting service.\n[17752:62984:1009/150916.098752:ERROR:chrome/browser/component_updater/soda_language_pack_component_installer.cc:86] On demand update of the SODA language component failed with error: 5\n[17784:63203:1009/150916.098668:ERROR:base/apple/mach_port_rendezvous_mac.cc:256] bootstrap_look_up com.google.chrome.for.testing.MachPortRendezvousServer.17752: Permission denied (1100)\n[17784:63203:1009/150916.098825:ERROR:base/memory/shared_memory_switch.cc:261] No rendezvous client, terminating process (parent died?)\n[17783:63202:1009/150916.103663:ERROR:base/apple/mach_port_rendezvous_mac.cc:256] bootstrap_look_up com.google.chrome.for.testing.MachPortRendezvousServer.17752: Permission denied (1100)\n[17783:63202:1009/150916.104282:ERROR:base/memory/shared_memory_switch.cc:261] No rendezvous client, terminating process (parent died?)\n[17786:63215:1009/150916.146298:ERROR:base/apple/mach_port_rendezvous_mac.cc:256] bootstrap_look_up com.google.chrome.for.testing.MachPortRendezvousServer.17752: Permission denied (1100)\n[17786:63215:1009/150916.146460:ERROR:base/memory/shared_memory_switch.cc:261] No rendezvous client, terminating process (parent died?)\n[17785:63214:1009/150916.151172:ERROR:base/apple/mach_port_rendezvous_mac.cc:256] bootstrap_look_up com.google.chrome.for.testing.MachPortRendezvousServer.17752: Permission denied (1100)\n[17785:63214:1009/150916.151902:ERROR:base/memory/shared_memory_switch.cc:261] No rendezvous client, terminating process (parent died?)\n[17752:62984:1009/150916.153599:ERROR:content/browser/network_service_instance_impl.cc:653] Network service crashed or was terminated, restarting service.\n[17787:63217:1009/150916.159226:ERROR:base/apple/mach_port_rendezvous_mac.cc:256] bootstrap_look_up com.google.chrome.for.testing.MachPortRendezvousServer.17752: Permission denied (1100)\n[17787:63217:1009/150916.159477:ERROR:base/memory/shared_memory_switch.cc:261] No rendezvous client, terminating process (parent died?)\n[17788:63221:1009/150916.192903:ERROR:base/apple/mach_port_rendezvous_mac.cc:256] bootstrap_look_up com.google.chrome.for.testing.MachPortRendezvousServer.17752: Permission denied (1100)\n[17788:63221:1009/150916.193087:ERROR:base/memory/shared_memory_switch.cc:261] No rendezvous client, terminating process (parent died?)\n[17789:63225:1009/150916.203817:ERROR:base/apple/mach_port_rendezvous_mac.cc:256] bootstrap_look_up com.google.chrome.for.testing.MachPortRendezvousServer.17752: Permission denied (1100)\n[17789:63225:1009/150916.204080:ERROR:base/memory/shared_memory_switch.cc:261] No rendezvous client, terminating process (parent died?)\n[17752:62984:1009/150916.205765:ERROR:content/browser/network_service_instance_impl.cc:653] Network service crashed or was terminated, restarting service.\n[17790:63227:1009/150916.215624:ERROR:base/apple/mach_port_rendezvous_mac.cc:256] bootstrap_look_up com.google.chrome.for.testing.MachPortRendezvousServer.17752: Permission denied (1100)\n[17790:63227:1009/150916.215823:ERROR:base/memory/shared_memory_switch.cc:261] No rendezvous client, terminating process (parent died?)\n[17791:63229:1009/150916.237119:ERROR:base/apple/mach_port_rendezvous_mac.cc:256] bootstrap_look_up com.google.chrome.for.testing.MachPortRendezvousServer.17752: Permission denied (1100)\n[17791:63229:1009/150916.237295:ERROR:base/memory/shared_memory_switch.cc:261] No rendezvous client, terminating process (parent died?)\n[17792:63233:1009/150916.256697:ERROR:base/apple/mach_port_rendezvous_mac.cc:256] bootstrap_look_up com.google.chrome.for.testing.MachPortRendezvousServer.17752: Permission denied (1100)\n[17792:63233:1009/150916.257023:ERROR:base/memory/shared_memory_switch.cc:261] No rendezvous client, terminating process (parent died?)\n[17752:62984:1009/150916.258535:ERROR:content/browser/network_service_instance_impl.cc:653] Network service crashed or was terminated, restarting service.\n[17793:63238:1009/150916.269366:ERROR:base/apple/mach_port_rendezvous_mac.cc:256] bootstrap_look_up com.google.chrome.for.testing.MachPortRendezvousServer.17752: Permission denied (1100)\n[17793:63238:1009/150916.270027:ERROR:base/memory/shared_memory_switch.cc:261] No rendezvous client, terminating process (parent died?)\n[17794:63240:1009/150916.279800:ERROR:base/apple/mach_port_rendezvous_mac.cc:256] bootstrap_look_up com.google.chrome.for.testing.MachPortRendezvousServer.17752: Permission denied (1100)\n[17794:63240:1009/150916.279947:ERROR:base/memory/shared_memory_switch.cc:261] No rendezvous client, terminating process (parent died?)\n[17795:63243:1009/150916.311359:ERROR:base/apple/mach_port_rendezvous_mac.cc:256] bootstrap_look_up com.google.chrome.for.testing.MachPortRendezvousServer.17752: Permission denied (1100)\n[17795:63243:1009/150916.311768:ERROR:base/memory/shared_memory_switch.cc:261] No rendezvous client, terminating process (parent died?)\n[17752:62984:1009/150916.314534:ERROR:content/browser/network_service_instance_impl.cc:653] Network service crashed or was terminated, restarting service.\n[17797:63250:1009/150916.321885:ERROR:base/apple/mach_port_rendezvous_mac.cc:256] bootstrap_look_up com.google.chrome.for.testing.MachPortRendezvousServer.17752: Permission denied (1100)\n[17797:63250:1009/150916.322064:ERROR:base/memory/shared_memory_switch.cc:261] No rendezvous client, terminating process (parent died?)\n[17796:63248:1009/150916.321885:ERROR:base/apple/mach_port_rendezvous_mac.cc:256] bootstrap_look_up com.google.chrome.for.testing.MachPortRendezvousServer.17752: Permission denied (1100)\n[17796:63248:1009/150916.322331:ERROR:base/memory/shared_memory_switch.cc:261] No rendezvous client, terminating process (parent died?)\n[17798:63259:1009/150916.364045:ERROR:base/apple/mach_port_rendezvous_mac.cc:256] bootstrap_look_up com.google.chrome.for.testing.MachPortRendezvousServer.17752: Permission denied (1100)\n[17798:63259:1009/150916.364265:ERROR:base/memory/shared_memory_switch.cc:261] No rendezvous client, terminating process (parent died?)\n[17752:62984:1009/150916.365810:ERROR:content/browser/network_service_instance_impl.cc:653] Network service crashed or was terminated, restarting service.\n[17800:63261:1009/150916.367136:ERROR:base/apple/mach_port_rendezvous_mac.cc:256] bootstrap_look_up com.google.chrome.for.testing.MachPortRendezvousServer.17752: Permission denied (1100)\n[17800:63261:1009/150916.367295:ERROR:base/memory/shared_memory_switch.cc:261] No rendezvous client, terminating process (parent died?)\n[17799:63260:1009/150916.374886:ERROR:base/apple/mach_port_rendezvous_mac.cc:256] bootstrap_look_up com.google.chrome.for.testing.MachPortRendezvousServer.17752: Permission denied (1100)\n[17799:63260:1009/150916.375081:ERROR:base/memory/shared_memory_switch.cc:261] No rendezvous client, terminating process (parent died?)\n[17802:63269:1009/150916.409882:ERROR:base/apple/mach_port_rendezvous_mac.cc:256] bootstrap_look_up com.google.chrome.for.testing.MachPortRendezvousServer.17752: Permission denied (1100)\n[17802:63269:1009/150916.410051:ERROR:base/memory/shared_memory_switch.cc:261] No rendezvous client, terminating process (parent died?)\n[17801:63265:1009/150916.413200:ERROR:base/apple/mach_port_rendezvous_mac.cc:256] bootstrap_look_up com.google.chrome.for.testing.MachPortRendezvousServer.17752: Permission denied (1100)\n[17801:63265:1009/150916.413602:ERROR:base/memory/shared_memory_switch.cc:261] No rendezvous client, terminating process (parent died?)\n[17752:62984:1009/150916.415988:ERROR:content/browser/network_service_instance_impl.cc:653] Network service crashed or was terminated, restarting service.\n[17803:63271:1009/150916.428153:ERROR:base/apple/mach_port_rendezvous_mac.cc:256] bootstrap_look_up com.google.chrome.for.testing.MachPortRendezvousServer.17752: Permission denied (1100)\n[17803:63271:1009/150916.428443:ERROR:base/memory/shared_memory_switch.cc:261] No rendezvous client, terminating process (parent died?)\n[17804:63276:1009/150916.453560:ERROR:base/apple/mach_port_rendezvous_mac.cc:256] bootstrap_look_up com.google.chrome.for.testing.MachPortRendezvousServer.17752: Permission denied (1100)\n[17804:63276:1009/150916.453724:ERROR:base/memory/shared_memory_switch.cc:261] No rendezvous client, terminating process (parent died?)\n[17805:63277:100")
Chrome page-creation probe: endpoint discovery start
Chrome page-creation probe: WebSocket connect start
Chrome page-creation probe sending: Target.getTargets
Chrome page-creation probe Target.getTargets: Ok(Object {"targetInfos": Array [Object {"attached": Bool(false), "browserContextId": String("AFB04BAA31BF54BD65E045583F4C0D0D"), "canAccessOpener": Bool(false), "targetId": String("18805200C2AFFB95653D705834C42EC5"), "title": String(""), "type": String("page"), "url": String("about:blank")}, Object {"attached": Bool(false), "browserContextId": String("AFB04BAA31BF54BD65E045583F4C0D0D"), "canAccessOpener": Bool(false), "targetId": String("2B9744281DB26675042FB59BAB870ECB"), "title": String(""), "type": String("browser_ui"), "url": String("chrome://omnibox-popup.top-chrome/omnibox_popup_aim.html")}, Object {"attached": Bool(false), "browserContextId": String("AFB04BAA31BF54BD65E045583F4C0D0D"), "canAccessOpener": Bool(false), "targetId": String("92DA7249EF05D79B2D7224CC846272E5"), "title": String(""), "type": String("browser_ui"), "url": String("chrome://omnibox-popup.top-chrome/")}]})
Chrome page-creation probe sending: Target.getBrowserContexts
Chrome page-creation probe Target.getBrowserContexts: Ok(Object {"browserContextIds": Array [], "defaultBrowserContextId": String("AFB04BAA31BF54BD65E045583F4C0D0D")})
Chrome page-creation probe sending: Target.attachToTarget target=18805200C2AFFB95653D705834C42EC5
Chrome page-creation probe Target.attachToTarget: Ok(Object {"sessionId": String("0AFA54F898F2CEC4743BCAB9A1925DA8")})
Chrome page-creation probe sending: Page.enable target=18805200C2AFFB95653D705834C42EC5
Chrome page-creation probe completion: Err(Elapsed(()))

thread 'chrome_frame_reload' (62980) panicked at tests/http_compat.rs:170:17:
Initial Chrome page creation exceeded 30 seconds: Elapsed(())
stack backtrace:
   0: __rustc::rust_begin_unwind
             at /rustc/b940084d7eb6a299eb4bfeb8e34901bc051e7ac4/library/std/src/panicking.rs:679:5
   1: core::panicking::panic_fmt
             at /rustc/b940084d7eb6a299eb4bfeb8e34901bc051e7ac4/library/core/src/panicking.rs:80:14
   2: http_compat::open::{closure#0}
             at ./http_compat.rs:170:17
   3: http_compat::frame_reload::{closure#0}
             at ./http_compat.rs:321:50
   4: http_compat::chrome_frame_reload::{closure#0}
             at ./http_compat.rs:193:30
   5: <core::pin::Pin<&mut dyn core::future::future::Future<Output = ()>> as core::future::future::Future>::poll
             at /rustc/b940084d7eb6a299eb4bfeb8e34901bc051e7ac4/library/core/src/future/future.rs:133:9
   6: <core::pin::Pin<&mut core::pin::Pin<&mut dyn core::future::future::Future<Output = ()>>> as core::future::future::Future>::poll
             at /rustc/b940084d7eb6a299eb4bfeb8e34901bc051e7ac4/library/core/src/future/future.rs:133:9
   7: <tokio::runtime::scheduler::current_thread::CoreGuard>::block_on::<core::pin::Pin<&mut core::pin::Pin<&mut dyn core::future::future::Future<Output = ()>>>>::{closure#0}::{closure#0}::{closure#0}
             at /Users/runner/.cargo/registry/src/index.crates.io-1949cf8c6b5b557f/tokio-1.53.1/src/runtime/scheduler/current_thread/mod.rs:830:70
   8: tokio::task::coop::with_budget::<core::task::poll::Poll<()>, <tokio::runtime::scheduler::current_thread::CoreGuard>::block_on<core::pin::Pin<&mut core::pin::Pin<&mut dyn core::future::future::Future<Output = ()>>>>::{closure#0}::{closure#0}::{closure#0}>
             at /Users/runner/.cargo/registry/src/index.crates.io-1949cf8c6b5b557f/tokio-1.53.1/src/task/coop/mod.rs:167:5
   9: tokio::task::coop::budget::<core::task::poll::Poll<()>, <tokio::runtime::scheduler::current_thread::CoreGuard>::block_on<core::pin::Pin<&mut core::pin::Pin<&mut dyn core::future::future::Future<Output = ()>>>>::{closure#0}::{closure#0}::{closure#0}>
             at /Users/runner/.cargo/registry/src/index.crates.io-1949cf8c6b5b557f/tokio-1.53.1/src/task/coop/mod.rs:133:5
  10: <tokio::runtime::scheduler::current_thread::CoreGuard>::block_on::<core::pin::Pin<&mut core::pin::Pin<&mut dyn core::future::future::Future<Output = ()>>>>::{closure#0}::{closure#0}
             at /Users/runner/.cargo/registry/src/index.crates.io-1949cf8c6b5b557f/tokio-1.53.1/src/runtime/scheduler/current_thread/mod.rs:830:25
  11: <tokio::runtime::scheduler::current_thread::Context>::enter::<core::task::poll::Poll<()>, <tokio::runtime::scheduler::current_thread::CoreGuard>::block_on<core::pin::Pin<&mut core::pin::Pin<&mut dyn core::future::future::Future<Output = ()>>>>::{closure#0}::{closure#0}>
             at /Users/runner/.cargo/registry/src/index.crates.io-1949cf8c6b5b557f/tokio-1.53.1/src/runtime/scheduler/current_thread/mod.rs:488:19
  12: <tokio::runtime::scheduler::current_thread::CoreGuard>::block_on::<core::pin::Pin<&mut core::pin::Pin<&mut dyn core::future::future::Future<Output = ()>>>>::{closure#0}
             at /Users/runner/.cargo/registry/src/index.crates.io-1949cf8c6b5b557f/tokio-1.53.1/src/runtime/scheduler/current_thread/mod.rs:829:44
  13: <tokio::runtime::scheduler::current_thread::CoreGuard>::enter::<<tokio::runtime::scheduler::current_thread::CoreGuard>::block_on<core::pin::Pin<&mut core::pin::Pin<&mut dyn core::future::future::Future<Output = ()>>>>::{closure#0}, core::option::Option<()>>::{closure#0}
             at /Users/runner/.cargo/registry/src/index.crates.io-1949cf8c6b5b557f/tokio-1.53.1/src/runtime/scheduler/current_thread/mod.rs:906:68
  14: <tokio::runtime::context::scoped::Scoped<tokio::runtime::scheduler::Context>>::set::<<tokio::runtime::scheduler::current_thread::CoreGuard>::enter<<tokio::runtime::scheduler::current_thread::CoreGuard>::block_on<core::pin::Pin<&mut core::pin::Pin<&mut dyn core::future::future::Future<Output = ()>>>>::{closure#0}, core::option::Option<()>>::{closure#0}, (alloc::boxed::Box<tokio::runtime::scheduler::current_thread::Core>, core::option::Option<()>)>
             at /Users/runner/.cargo/registry/src/index.crates.io-1949cf8c6b5b557f/tokio-1.53.1/src/runtime/context/scoped.rs:40:9
  15: tokio::runtime::context::set_scheduler::<(alloc::boxed::Box<tokio::runtime::scheduler::current_thread::Core>, core::option::Option<()>), <tokio::runtime::scheduler::current_thread::CoreGuard>::enter<<tokio::runtime::scheduler::current_thread::CoreGuard>::block_on<core::pin::Pin<&mut core::pin::Pin<&mut dyn core::future::future::Future<Output = ()>>>>::{closure#0}, core::option::Option<()>>::{closure#0}>::{closure#0}
             at /Users/runner/.cargo/registry/src/index.crates.io-1949cf8c6b5b557f/tokio-1.53.1/src/runtime/context.rs:187:38
  16: <std::thread::local::LocalKey<tokio::runtime::context::Context>>::try_with::<tokio::runtime::context::set_scheduler<(alloc::boxed::Box<tokio::runtime::scheduler::current_thread::Core>, core::option::Option<()>), <tokio::runtime::scheduler::current_thread::CoreGuard>::enter<<tokio::runtime::scheduler::current_thread::CoreGuard>::block_on<core::pin::Pin<&mut core::pin::Pin<&mut dyn core::future::future::Future<Output = ()>>>>::{closure#0}, core::option::Option<()>>::{closure#0}>::{closure#0}, (alloc::boxed::Box<tokio::runtime::scheduler::current_thread::Core>, core::option::Option<()>)>
             at /rustc/b940084d7eb6a299eb4bfeb8e34901bc051e7ac4/library/std/src/thread/local.rs:463:12
  17: <std::thread::local::LocalKey<tokio::runtime::context::Context>>::with::<tokio::runtime::context::set_scheduler<(alloc::boxed::Box<tokio::runtime::scheduler::current_thread::Core>, core::option::Option<()>), <tokio::runtime::scheduler::current_thread::CoreGuard>::enter<<tokio::runtime::scheduler::current_thread::CoreGuard>::block_on<core::pin::Pin<&mut core::pin::Pin<&mut dyn core::future::future::Future<Output = ()>>>>::{closure#0}, core::option::Option<()>>::{closure#0}>::{closure#0}, (alloc::boxed::Box<tokio::runtime::scheduler::current_thread::Core>, core::option::Option<()>)>
             at /rustc/b940084d7eb6a299eb4bfeb8e34901bc051e7ac4/library/std/src/thread/local.rs:427:20
  18: tokio::runtime::context::set_scheduler::<(alloc::boxed::Box<tokio::runtime::scheduler::current_thread::Core>, core::option::Option<()>), <tokio::runtime::scheduler::current_thread::CoreGuard>::enter<<tokio::runtime::scheduler::current_thread::CoreGuard>::block_on<core::pin::Pin<&mut core::pin::Pin<&mut dyn core::future::future::Future<Output = ()>>>>::{closure#0}, core::option::Option<()>>::{closure#0}>
             at /Users/runner/.cargo/registry/src/index.crates.io-1949cf8c6b5b557f/tokio-1.53.1/src/runtime/context.rs:187:17
  19: <tokio::runtime::scheduler::current_thread::CoreGuard>::enter::<<tokio::runtime::scheduler::current_thread::CoreGuard>::block_on<core::pin::Pin<&mut core::pin::Pin<&mut dyn core::future::future::Future<Output = ()>>>>::{closure#0}, core::option::Option<()>>
             at /Users/runner/.cargo/registry/src/index.crates.io-1949cf8c6b5b557f/tokio-1.53.1/src/runtime/scheduler/current_thread/mod.rs:906:27
  20: <tokio::runtime::scheduler::current_thread::CoreGuard>::block_on::<core::pin::Pin<&mut core::pin::Pin<&mut dyn core::future::future::Future<Output = ()>>>>
             at /Users/runner/.cargo/registry/src/index.crates.io-1949cf8c6b5b557f/tokio-1.53.1/src/runtime/scheduler/current_thread/mod.rs:817:24
  21: <tokio::runtime::scheduler::current_thread::CurrentThread>::block_on::<core::pin::Pin<&mut dyn core::future::future::Future<Output = ()>>>::{closure#0}
             at /Users/runner/.cargo/registry/src/index.crates.io-1949cf8c6b5b557f/tokio-1.53.1/src/runtime/scheduler/current_thread/mod.rs:218:33
  22: tokio::runtime::context::runtime::enter_runtime::<<tokio::runtime::scheduler::current_thread::CurrentThread>::block_on<core::pin::Pin<&mut dyn core::future::future::Future<Output = ()>>>::{closure#0}, ()>
             at /Users/runner/.cargo/registry/src/index.crates.io-1949cf8c6b5b557f/tokio-1.53.1/src/runtime/context/runtime.rs:65:16
  23: <tokio::runtime::scheduler::current_thread::CurrentThread>::block_on::<core::pin::Pin<&mut dyn core::future::future::Future<Output = ()>>>
             at /Users/runner/.cargo/registry/src/index.crates.io-1949cf8c6b5b557f/tokio-1.53.1/src/runtime/scheduler/current_thread/mod.rs:206:9
  24: <tokio::runtime::runtime::Runtime>::block_on_inner::<core::pin::Pin<&mut dyn core::future::future::Future<Output = ()>>>
             at /Users/runner/.cargo/registry/src/index.crates.io-1949cf8c6b5b557f/tokio-1.53.1/src/runtime/runtime.rs:374:52
  25: <tokio::runtime::runtime::Runtime>::block_on::<core::pin::Pin<&mut dyn core::future::future::Future<Output = ()>>>
             at /Users/runner/.cargo/registry/src/index.crates.io-1949cf8c6b5b557f/tokio-1.53.1/src/runtime/runtime.rs:343:18
  26: http_compat::chrome_frame_reload
             at ./http_compat.rs:193:35
  27: http_compat::chrome_frame_reload::{closure#0}
             at ./http_compat.rs:192:27
  28: <http_compat::chrome_frame_reload::{closure#0} as core::ops::function::FnOnce<()>>::call_once
             at /rustc/b940084d7eb6a299eb4bfeb8e34901bc051e7ac4/library/core/src/ops/function.rs:250:5
  29: <fn() -> core::result::Result<(), alloc::string::String> as core::ops::function::FnOnce<()>>::call_once
             at /rustc/b940084d7eb6a299eb4bfeb8e34901bc051e7ac4/library/core/src/ops/function.rs:250:5
note: Some details are omitted, run with `RUST_BACKTRACE=full` for a verbose backtrace.
FAILED
test chrome_isolated_popup_ownership ... Chrome version: Chrome/155.0.8059.39
HTTP compat Chrome stage: new_page start
HTTP compat Chrome new_page timed out: Elapsed(())
Chrome page-creation launch diagnostics: BrowserDiagnostics { product: "Chrome/155.0.8059.39", protocol_version: "1.3", user_agent: "Mozilla/5.0 (Macintosh; Intel Mac OS X 10_15_7) AppleWebKit/537.36 (KHTML, like Gecko) HeadlessChrome/155.0.0.0 Safari/537.36", executable: Some("/Users/runner/hostedtoolcache/setup-chrome/chrome/stable/arm64/Contents/MacOS/Google Chrome for Testing"), launch_args: ["--remote-debugging-port=0", "--no-first-run", "--no-default-browser-check", "--user-data-dir=/var/folders/36/tjdph2t965j8snz9_vkdnw0r0000gn/T/rustwright-2285-1791558590819148000-7", "--headless=new", "--disable-gpu", "--hide-scrollbars", "--mute-audio", "about:blank"], user_data_dir: Some("/var/folders/36/tjdph2t965j8snz9_vkdnw0r0000gn/T/rustwright-2285-1791558590819148000-7"), endpoint: Some("http://127.0.0.1:49221"), pid: Some(20472), ephemeral_profile: true, browser_log: Some("/var/folders/36/tjdph2t965j8snz9_vkdnw0r0000gn/T/rustwright-2285-1791558590819148000-7/rustwright-chrome.log") }
Chrome page-creation pending commands: 0
Chrome stderr (first 16 KiB): Ok("[20481:72247:1009/150951.458335:ERROR:base/apple/mach_port_rendezvous_mac.cc:256] bootstrap_look_up com.google.chrome.for.testing.MachPortRendezvousServer.20472: Permission denied (1100)\n[20482:72249:1009/150951.457745:ERROR:base/apple/mach_port_rendezvous_mac.cc:256] bootstrap_look_up com.google.chrome.for.testing.MachPortRendezvousServer.20472: Permission denied (1100)\n[20482:72249:1009/150951.467724:ERROR:base/memory/shared_memory_switch.cc:261] No rendezvous client, terminating process (parent died?)\n[20481:72247:1009/150951.468982:ERROR:base/memory/shared_memory_switch.cc:261] No rendezvous client, terminating process (parent died?)\n\nDevTools listening on ws://127.0.0.1:49221/devtools/browser/39c980c9-091e-40ce-b32d-e55c3ba8a13b\n[20489:72272:1009/150951.545431:ERROR:base/apple/mach_port_rendezvous_mac.cc:256] bootstrap_look_up com.google.chrome.for.testing.MachPortRendezvousServer.20472: Unknown service name (1102)\n[20489:72272:1009/150951.546355:ERROR:base/memory/shared_memory_switch.cc:261] No rendezvous client, terminating process (parent died?)\n[20488:72269:1009/150951.558207:ERROR:base/apple/mach_port_rendezvous_mac.cc:256] bootstrap_look_up com.google.chrome.for.testing.MachPortRendezvousServer.20472: Permission denied (1100)\n[20488:72269:1009/150951.558368:ERROR:base/memory/shared_memory_switch.cc:261] No rendezvous client, terminating process (parent died?)\n[20518:72348:1009/150951.783883:ERROR:base/apple/mach_port_rendezvous_mac.cc:256] bootstrap_look_up com.google.chrome.for.testing.MachPortRendezvousServer.20472: Permission denied (1100)\n[20518:72348:1009/150951.784589:ERROR:base/memory/shared_memory_switch.cc:261] No rendezvous client, terminating process (parent died?)\n[20529:72374:1009/150951.846107:ERROR:base/apple/mach_port_rendezvous_mac.cc:256] bootstrap_look_up com.google.chrome.for.testing.MachPortRendezvousServer.20472: Permission denied (1100)\n[20529:72374:1009/150951.846619:ERROR:base/memory/shared_memory_switch.cc:261] No rendezvous client, terminating process (parent died?)\n[20528:72373:1009/150951.846281:ERROR:base/apple/mach_port_rendezvous_mac.cc:256] bootstrap_look_up com.google.chrome.for.testing.MachPortRendezvousServer.20472: Permission denied (1100)\n[20528:72373:1009/150951.846866:ERROR:base/memory/shared_memory_switch.cc:261] No rendezvous client, terminating process (parent died?)\n[20472:72005:1009/150951.892673:ERROR:content/browser/network_service_instance_impl.cc:653] Network service crashed or was terminated, restarting service.\n[20542:72411:1009/150952.010720:ERROR:base/apple/mach_port_rendezvous_mac.cc:256] bootstrap_look_up com.google.chrome.for.testing.MachPortRendezvousServer.20472: Permission denied (1100)\n[20542:72411:1009/150952.011554:ERROR:base/memory/shared_memory_switch.cc:261] No rendezvous client, terminating process (parent died?)\n[20543:72412:1009/150952.016312:ERROR:base/apple/mach_port_rendezvous_mac.cc:256] bootstrap_look_up com.google.chrome.for.testing.MachPortRendezvousServer.20472: Permission denied (1100)\n[20543:72412:1009/150952.016995:ERROR:base/memory/shared_memory_switch.cc:261] No rendezvous client, terminating process (parent died?)\n[20545:72414:1009/150952.020907:ERROR:base/apple/mach_port_rendezvous_mac.cc:256] bootstrap_look_up com.google.chrome.for.testing.MachPortRendezvousServer.20472: Permission denied (1100)\n[20545:72414:1009/150952.021115:ERROR:base/memory/shared_memory_switch.cc:261] No rendezvous client, terminating process (parent died?)\n[20548:72419:1009/150952.021038:ERROR:base/apple/mach_port_rendezvous_mac.cc:256] bootstrap_look_up com.google.chrome.for.testing.MachPortRendezvousServer.20472: Permission denied (1100)\n[20548:72419:1009/150952.021665:ERROR:base/memory/shared_memory_switch.cc:261] No rendezvous client, terminating process (parent died?)\n[20472:72005:1009/150952.038125:ERROR:content/browser/network_service_instance_impl.cc:653] Network service crashed or was terminated, restarting service.\n[20563:72455:1009/150952.124396:ERROR:base/apple/mach_port_rendezvous_mac.cc:256] bootstrap_look_up com.google.chrome.for.testing.MachPortRendezvousServer.20472: Permission denied (1100)\n[20563:72455:1009/150952.124737:ERROR:base/memory/shared_memory_switch.cc:261] No rendezvous client, terminating process (parent died?)\n[20560:72450:1009/150952.160724:ERROR:base/apple/mach_port_rendezvous_mac.cc:256] bootstrap_look_up com.google.chrome.for.testing.MachPortRendezvousServer.20472: Permission denied (1100)\n[20560:72450:1009/150952.160881:ERROR:base/memory/shared_memory_switch.cc:261] No rendezvous client, terminating process (parent died?)\n[20552:72431:1009/150952.168517:ERROR:base/apple/mach_port_rendezvous_mac.cc:256] bootstrap_look_up com.google.chrome.for.testing.MachPortRendezvousServer.20472: Permission denied (1100)\n[20552:72431:1009/150952.168785:ERROR:base/memory/shared_memory_switch.cc:261] No rendezvous client, terminating process (parent died?)\n[20557:72446:1009/150952.177012:ERROR:base/apple/mach_port_rendezvous_mac.cc:256] bootstrap_look_up com.google.chrome.for.testing.MachPortRendezvousServer.20472: Permission denied (1100)\n[20557:72446:1009/150952.177287:ERROR:base/memory/shared_memory_switch.cc:261] No rendezvous client, terminating process (parent died?)\n[20472:72005:1009/150952.180432:ERROR:content/browser/network_service_instance_impl.cc:653] Network service crashed or was terminated, restarting service.\n[20472:72005:1009/150952.188432:ERROR:chrome/browser/component_updater/soda_language_pack_component_installer.cc:86] On demand update of the SODA language component failed with error: 5\n[20565:72457:1009/150952.198431:ERROR:base/apple/mach_port_rendezvous_mac.cc:256] bootstrap_look_up com.google.chrome.for.testing.MachPortRendezvousServer.20472: Permission denied (1100)\n[20565:72457:1009/150952.198775:ERROR:base/memory/shared_memory_switch.cc:261] No rendezvous client, terminating process (parent died?)\n[20559:72449:1009/150952.220740:ERROR:base/apple/mach_port_rendezvous_mac.cc:256] bootstrap_look_up com.google.chrome.for.testing.MachPortRendezvousServer.20472: Permission denied (1100)\n[20559:72449:1009/150952.221535:ERROR:base/memory/shared_memory_switch.cc:261] No rendezvous client, terminating process (parent died?)\n[20550:72428:1009/150952.223556:ERROR:base/apple/mach_port_rendezvous_mac.cc:256] bootstrap_look_up com.google.chrome.for.testing.MachPortRendezvousServer.20472: Permission denied (1100)\n[20550:72428:1009/150952.223772:ERROR:base/memory/shared_memory_switch.cc:261] No rendezvous client, terminating process (parent died?)\n[20579:72494:1009/150952.246365:ERROR:base/apple/mach_port_rendezvous_mac.cc:256] bootstrap_look_up com.google.chrome.for.testing.MachPortRendezvousServer.20472: Permission denied (1100)\n[20579:72494:1009/150952.246504:ERROR:base/memory/shared_memory_switch.cc:261] No rendezvous client, terminating process (parent died?)\n[20583:72505:1009/150952.272830:ERROR:base/apple/mach_port_rendezvous_mac.cc:256] bootstrap_look_up com.google.chrome.for.testing.MachPortRendezvousServer.20472: Permission denied (1100)\n[20583:72505:1009/150952.273593:ERROR:base/memory/shared_memory_switch.cc:261] No rendezvous client, terminating process (parent died?)\n[20590:72524:1009/150952.274203:ERROR:base/apple/mach_port_rendezvous_mac.cc:256] bootstrap_look_up com.google.chrome.for.testing.MachPortRendezvousServer.20472: Permission denied (1100)\n[20590:72524:1009/150952.274390:ERROR:base/memory/shared_memory_switch.cc:261] No rendezvous client, terminating process (parent died?)\n[20472:72005:1009/150952.275609:ERROR:content/browser/network_service_instance_impl.cc:653] Network service crashed or was terminated, restarting service.\n[20472:72005:1009/150952.278123:ERROR:chrome/browser/component_updater/soda_component_installer.cc:100] On demand update of the SODA component failed with error: 5\n[20594:72533:1009/150952.289989:ERROR:base/apple/mach_port_rendezvous_mac.cc:256] bootstrap_look_up com.google.chrome.for.testing.MachPortRendezvousServer.20472: Permission denied (1100)\n[20594:72533:1009/150952.290169:ERROR:base/memory/shared_memory_switch.cc:261] No rendezvous client, terminating process (parent died?)\n[20600:72549:1009/150952.349267:ERROR:base/apple/mach_port_rendezvous_mac.cc:256] bootstrap_look_up com.google.chrome.for.testing.MachPortRendezvousServer.20472: Permission denied (1100)\n[20600:72549:1009/150952.349554:ERROR:base/memory/shared_memory_switch.cc:261] No rendezvous client, terminating process (parent died?)\n[20472:72005:1009/150952.353919:ERROR:content/browser/network_service_instance_impl.cc:653] Network service crashed or was terminated, restarting service.\n[20604:72556:1009/150952.362554:ERROR:base/apple/mach_port_rendezvous_mac.cc:256] bootstrap_look_up com.google.chrome.for.testing.MachPortRendezvousServer.20472: Permission denied (1100)\n[20604:72556:1009/150952.362744:ERROR:base/memory/shared_memory_switch.cc:261] No rendezvous client, terminating process (parent died?)\n[20602:72550:1009/150952.375799:ERROR:base/apple/mach_port_rendezvous_mac.cc:256] bootstrap_look_up com.google.chrome.for.testing.MachPortRendezvousServer.20472: Permission denied (1100)\n[20602:72550:1009/150952.376087:ERROR:base/memory/shared_memory_switch.cc:261] No rendezvous client, terminating process (parent died?)\n[20613:72580:1009/150952.413071:ERROR:base/apple/mach_port_rendezvous_mac.cc:256] bootstrap_look_up com.google.chrome.for.testing.MachPortRendezvousServer.20472: Permission denied (1100)\n[20613:72580:1009/150952.413336:ERROR:base/memory/shared_memory_switch.cc:261] No rendezvous client, terminating process (parent died?)\n[20615:72584:1009/150952.414235:ERROR:base/apple/mach_port_rendezvous_mac.cc:256] bootstrap_look_up com.google.chrome.for.testing.MachPortRendezvousServer.20472: Permission denied (1100)\n[20615:72584:1009/150952.414386:ERROR:base/memory/shared_memory_switch.cc:261] No rendezvous client, terminating process (parent died?)\n[20472:72005:1009/150952.415400:ERROR:content/browser/network_service_instance_impl.cc:653] Network service crashed or was terminated, restarting service.\n[20618:72588:1009/150952.439014:ERROR:base/apple/mach_port_rendezvous_mac.cc:256] bootstrap_look_up com.google.chrome.for.testing.MachPortRendezvousServer.20472: Permission denied (1100)\n[20618:72588:1009/150952.439347:ERROR:base/memory/shared_memory_switch.cc:261] No rendezvous client, terminating process (parent died?)\n[20621:72597:1009/150952.460357:ERROR:base/apple/mach_port_rendezvous_mac.cc:256] bootstrap_look_up com.google.chrome.for.testing.MachPortRendezvousServer.20472: Permission denied (1100)\n[20621:72597:1009/150952.460515:ERROR:base/memory/shared_memory_switch.cc:261] No rendezvous client, terminating process (parent died?)\n[20620:72596:1009/150952.463331:ERROR:base/apple/mach_port_rendezvous_mac.cc:256] bootstrap_look_up com.google.chrome.for.testing.MachPortRendezvousServer.20472: Permission denied (1100)\n[20620:72596:1009/150952.463621:ERROR:base/memory/shared_memory_switch.cc:261] No rendezvous client, terminating process (parent died?)\n[20472:72005:1009/150952.465589:ERROR:content/browser/network_service_instance_impl.cc:653] Network service crashed or was terminated, restarting service.\n[20623:72604:1009/150952.504163:ERROR:base/apple/mach_port_rendezvous_mac.cc:256] bootstrap_look_up com.google.chrome.for.testing.MachPortRendezvousServer.20472: Permission denied (1100)\n[20623:72604:1009/150952.506119:ERROR:base/memory/shared_memory_switch.cc:261] No rendezvous client, terminating process (parent died?)\n[20624:72609:1009/150952.520995:ERROR:base/apple/mach_port_rendezvous_mac.cc:256] bootstrap_look_up com.google.chrome.for.testing.MachPortRendezvousServer.20472: Permission denied (1100)\n[20624:72609:1009/150952.521200:ERROR:base/memory/shared_memory_switch.cc:261] No rendezvous client, terminating process (parent died?)\n[20626:72611:1009/150952.539110:ERROR:base/apple/mach_port_rendezvous_mac.cc:256] bootstrap_look_up com.google.chrome.for.testing.MachPortRendezvousServer.20472: Permission denied (1100)\n[20626:72611:1009/150952.539437:ERROR:base/memory/shared_memory_switch.cc:261] No rendezvous client, terminating process (parent died?)\n[20472:72005:1009/150952.541176:ERROR:content/browser/network_service_instance_impl.cc:653] Network service crashed or was terminated, restarting service.\n[20633:72629:1009/150952.578290:ERROR:base/apple/mach_port_rendezvous_mac.cc:256] bootstrap_look_up com.google.chrome.for.testing.MachPortRendezvousServer.20472: Permission denied (1100)\n[20633:72629:1009/150952.578670:ERROR:base/memory/shared_memory_switch.cc:261] No rendezvous client, terminating process (parent died?)\n[20631:72626:1009/150952.596976:ERROR:base/apple/mach_port_rendezvous_mac.cc:256] bootstrap_look_up com.google.chrome.for.testing.MachPortRendezvousServer.20472: Permission denied (1100)\n[20631:72626:1009/150952.597174:ERROR:base/memory/shared_memory_switch.cc:261] No rendezvous client, terminating process (parent died?)\n[20636:72637:1009/150952.594557:ERROR:base/apple/mach_port_rendezvous_mac.cc:256] bootstrap_look_up com.google.chrome.for.testing.MachPortRendezvousServer.20472: Permission denied (1100)\n[20636:72637:1009/150952.598146:ERROR:base/memory/shared_memory_switch.cc:261] No rendezvous client, terminating process (parent died?)\n[20472:72005:1009/150952.600265:ERROR:content/browser/network_service_instance_impl.cc:653] Network service crashed or was terminated, restarting service.\n[20643:72650:1009/150952.622316:ERROR:base/apple/mach_port_rendezvous_mac.cc:256] bootstrap_look_up com.google.chrome.for.testing.MachPortRendezvousServer.20472: Permission denied (1100)\n[20643:72650:1009/150952.622481:ERROR:base/memory/shared_memory_switch.cc:261] No rendezvous client, terminating process (parent died?)\n[20648:72664:1009/150952.658615:ERROR:base/apple/mach_port_rendezvous_mac.cc:256] bootstrap_look_up com.google.chrome.for.testing.MachPortRendezvousServer.20472: Permission denied (1100)\n[20648:72664:1009/150952.658936:ERROR:base/memory/shared_memory_switch.cc:261] No rendezvous client, terminating process (parent died?)\n[20647:72662:1009/150952.658673:ERROR:base/apple/mach_port_rendezvous_mac.cc:256] bootstrap_look_up com.google.chrome.for.testing.MachPortRendezvousServer.20472: Permission denied (1100)\n[20647:72662:1009/150952.659133:ERROR:base/memory/shared_memory_switch.cc:261] No rendezvous client, terminating process (parent died?)\n[20472:72005:1009/150952.661068:ERROR:content/browser/network_service_instance_impl.cc:653] Network service crashed or was terminated, restarting service.\n[20649:72666:1009/150952.679673:ERROR:base/apple/mach_port_rendezvous_mac.cc:256] bootstrap_look_up com.google.chrome.for.testing.MachPortRendezvousServer.20472: Permission denied (1100)\n[20649:72666:1009/150952.679855:ERROR:base/memory/shared_memory_switch.cc:261] No rendezvous client, terminating process (parent died?)\n[20661:72694:1009/150952.727596:ERROR:base/apple/mach_port_rendezvous_mac.cc:256] bootstrap_look_up com.google.chrome.for.testing.MachPortRendezvousServer.20472: Permission denied (1100)\n[20661:72694:1009/150952.727754:ERROR:base/memory/shared_memory_switch.cc:261] No rendezvous client, terminating process (parent died?)\n[20657:72686:1009/150952.728199:ERROR:base/apple/mach_port_rendezvous_mac.cc:256] bootstrap_look_up com.google.chrome.for.testing.MachPortRendezvousServer.20472: Permission denied (1100)\n[20657:72686:1009/150952.728492:ERROR:base/memory/shared_memory_switch.cc:261] No rendezvous client, terminating process (parent died?)\n[20656:72685:1009/150952.728214:ERROR:base/apple/mach_port_rendezvous_mac.cc:256] bootstrap_look_up com.google.chrome.for.testing.MachPortRendezvousServer.20472: Permission denied (1100)\n[20656:72685:1009/150952.729256:ERROR:base/memory/shared_memory_switch.cc:261] No rendezvous client, terminating process (parent died?)\n[20472:72005:1009/150952.730085:ERROR:content/browser/network_service_instance_impl.cc:653] Network service crashed or was terminated, restarting service.\n[20670:72719:1009/150952.774496:ERROR:base/apple/mach_port_rendezvous_mac.cc:256] bootstrap_look_up com.google.chrome.for.testing.MachPortRendezvousServer.20472: Permission denied (1100)\n[20670:72719:1009/150952.774658:ERROR:base/memory/shared_memory_switch.cc:261] No rendezvous client, terminating process (parent died?)\n[20671:72720:100")
Chrome page-creation probe: endpoint discovery start
Chrome page-creation probe: WebSocket connect start
Chrome page-creation probe sending: Target.getTargets
Chrome page-creation probe Target.getTargets: Ok(Object {"targetInfos": Array [Object {"attached": Bool(false), "browserContextId": String("26FBF394D9FA69B78E4DB926369B0473"), "canAccessOpener": Bool(false), "targetId": String("4549478AAEFF6D5E5E5C4626539CE5FE"), "title": String(""), "type": String("page"), "url": String("about:blank")}, Object {"attached": Bool(false), "browserContextId": String("26FBF394D9FA69B78E4DB926369B0473"), "canAccessOpener": Bool(false), "targetId": String("48EEE1380C4493174D3468BA32716038"), "title": String(""), "type": String("browser_ui"), "url": String("chrome://omnibox-popup.top-chrome/omnibox_popup_aim.html")}, Object {"attached": Bool(false), "browserContextId": String("26FBF394D9FA69B78E4DB926369B0473"), "canAccessOpener": Bool(false), "targetId": String("22146C8C38B0395419604DD2F4C769C7"), "title": String(""), "type": String("browser_ui"), "url": String("chrome://omnibox-popup.top-chrome/")}]})
Chrome page-creation probe sending: Target.getBrowserContexts
Chrome page-creation probe Target.getBrowserContexts: Ok(Object {"browserContextIds": Array [], "defaultBrowserContextId": String("26FBF394D9FA69B78E4DB926369B0473")})
Chrome page-creation probe sending: Target.attachToTarget target=4549478AAEFF6D5E5E5C4626539CE5FE
Chrome page-creation probe Target.attachToTarget: Ok(Object {"sessionId": String("B71120938ADD65B8DC5E3E5AB146D805")})
Chrome page-creation probe sending: Page.enable target=4549478AAEFF6D5E5E5C4626539CE5FE
Chrome page-creation probe completion: Err(Elapsed(()))

thread 'chrome_isolated_popup_ownership' (72004) panicked at tests/http_compat.rs:170:17:
Initial Chrome page creation exceeded 30 seconds: Elapsed(())
stack backtrace:
   0: __rustc::rust_begin_unwind
             at /rustc/b940084d7eb6a299eb4bfeb8e34901bc051e7ac4/library/std/src/panicking.rs:679:5
   1: core::panicking::panic_fmt
             at /rustc/b940084d7eb6a299eb4bfeb8e34901bc051e7ac4/library/core/src/panicking.rs:80:14
   2: http_compat::open::{closure#0}
             at ./http_compat.rs:170:17
   3: http_compat::isolated_popup_ownership::{closure#0}
             at ./http_compat.rs:525:54
   4: http_compat::chrome_isolated_popup_ownership::{closure#0}
             at ./http_compat.rs:193:30
   5: <core::pin::Pin<&mut dyn core::future::future::Future<Output = ()>> as core::future::future::Future>::poll
             at /rustc/b940084d7eb6a299eb4bfeb8e34901bc051e7ac4/library/core/src/future/future.rs:133:9
   6: <core::pin::Pin<&mut core::pin::Pin<&mut dyn core::future::future::Future<Output = ()>>> as core::future::future::Future>::poll
             at /rustc/b940084d7eb6a299eb4bfeb8e34901bc051e7ac4/library/core/src/future/future.rs:133:9
   7: <tokio::runtime::scheduler::current_thread::CoreGuard>::block_on::<core::pin::Pin<&mut core::pin::Pin<&mut dyn core::future::future::Future<Output = ()>>>>::{closure#0}::{closure#0}::{closure#0}
             at /Users/runner/.cargo/registry/src/index.crates.io-1949cf8c6b5b557f/tokio-1.53.1/src/runtime/scheduler/current_thread/mod.rs:830:70
   8: tokio::task::coop::with_budget::<core::task::poll::Poll<()>, <tokio::runtime::scheduler::current_thread::CoreGuard>::block_on<core::pin::Pin<&mut core::pin::Pin<&mut dyn core::future::future::Future<Output = ()>>>>::{closure#0}::{closure#0}::{closure#0}>
             at /Users/runner/.cargo/registry/src/index.crates.io-1949cf8c6b5b557f/tokio-1.53.1/src/task/coop/mod.rs:167:5
   9: tokio::task::coop::budget::<core::task::poll::Poll<()>, <tokio::runtime::scheduler::current_thread::CoreGuard>::block_on<core::pin::Pin<&mut core::pin::Pin<&mut dyn core::future::future::Future<Output = ()>>>>::{closure#0}::{closure#0}::{closure#0}>
             at /Users/runner/.cargo/registry/src/index.crates.io-1949cf8c6b5b557f/tokio-1.53.1/src/task/coop/mod.rs:133:5
  10: <tokio::runtime::scheduler::current_thread::CoreGuard>::block_on::<core::pin::Pin<&mut core::pin::Pin<&mut dyn core::future::future::Future<Output = ()>>>>::{closure#0}::{closure#0}
             at /Users/runner/.cargo/registry/src/index.crates.io-1949cf8c6b5b557f/tokio-1.53.1/src/runtime/scheduler/current_thread/mod.rs:830:25
  11: <tokio::runtime::scheduler::current_thread::Context>::enter::<core::task::poll::Poll<()>, <tokio::runtime::scheduler::current_thread::CoreGuard>::block_on<core::pin::Pin<&mut core::pin::Pin<&mut dyn core::future::future::Future<Output = ()>>>>::{closure#0}::{closure#0}>
             at /Users/runner/.cargo/registry/src/index.crates.io-1949cf8c6b5b557f/tokio-1.53.1/src/runtime/scheduler/current_thread/mod.rs:488:19
  12: <tokio::runtime::scheduler::current_thread::CoreGuard>::block_on::<core::pin::Pin<&mut core::pin::Pin<&mut dyn core::future::future::Future<Output = ()>>>>::{closure#0}
             at /Users/runner/.cargo/registry/src/index.crates.io-1949cf8c6b5b557f/tokio-1.53.1/src/runtime/scheduler/current_thread/mod.rs:829:44
  13: <tokio::runtime::scheduler::current_thread::CoreGuard>::enter::<<tokio::runtime::scheduler::current_thread::CoreGuard>::block_on<core::pin::Pin<&mut core::pin::Pin<&mut dyn core::future::future::Future<Output = ()>>>>::{closure#0}, core::option::Option<()>>::{closure#0}
             at /Users/runner/.cargo/registry/src/index.crates.io-1949cf8c6b5b557f/tokio-1.53.1/src/runtime/scheduler/current_thread/mod.rs:906:68
  14: <tokio::runtime::context::scoped::Scoped<tokio::runtime::scheduler::Context>>::set::<<tokio::runtime::scheduler::current_thread::CoreGuard>::enter<<tokio::runtime::scheduler::current_thread::CoreGuard>::block_on<core::pin::Pin<&mut core::pin::Pin<&mut dyn core::future::future::Future<Output = ()>>>>::{closure#0}, core::option::Option<()>>::{closure#0}, (alloc::boxed::Box<tokio::runtime::scheduler::current_thread::Core>, core::option::Option<()>)>
             at /Users/runner/.cargo/registry/src/index.crates.io-1949cf8c6b5b557f/tokio-1.53.1/src/runtime/context/scoped.rs:40:9
  15: tokio::runtime::context::set_scheduler::<(alloc::boxed::Box<tokio::runtime::scheduler::current_thread::Core>, core::option::Option<()>), <tokio::runtime::scheduler::current_thread::CoreGuard>::enter<<tokio::runtime::scheduler::current_thread::CoreGuard>::block_on<core::pin::Pin<&mut core::pin::Pin<&mut dyn core::future::future::Future<Output = ()>>>>::{closure#0}, core::option::Option<()>>::{closure#0}>::{closure#0}
             at /Users/runner/.cargo/registry/src/index.crates.io-1949cf8c6b5b557f/tokio-1.53.1/src/runtime/context.rs:187:38
  16: <std::thread::local::LocalKey<tokio::runtime::context::Context>>::try_with::<tokio::runtime::context::set_scheduler<(alloc::boxed::Box<tokio::runtime::scheduler::current_thread::Core>, core::option::Option<()>), <tokio::runtime::scheduler::current_thread::CoreGuard>::enter<<tokio::runtime::scheduler::current_thread::CoreGuard>::block_on<core::pin::Pin<&mut core::pin::Pin<&mut dyn core::future::future::Future<Output = ()>>>>::{closure#0}, core::option::Option<()>>::{closure#0}>::{closure#0}, (alloc::boxed::Box<tokio::runtime::scheduler::current_thread::Core>, core::option::Option<()>)>
             at /rustc/b940084d7eb6a299eb4bfeb8e34901bc051e7ac4/library/std/src/thread/local.rs:463:12
  17: <std::thread::local::LocalKey<tokio::runtime::context::Context>>::with::<tokio::runtime::context::set_scheduler<(alloc::boxed::Box<tokio::runtime::scheduler::current_thread::Core>, core::option::Option<()>), <tokio::runtime::scheduler::current_thread::CoreGuard>::enter<<tokio::runtime::scheduler::current_thread::CoreGuard>::block_on<core::pin::Pin<&mut core::pin::Pin<&mut dyn core::future::future::Future<Output = ()>>>>::{closure#0}, core::option::Option<()>>::{closure#0}>::{closure#0}, (alloc::boxed::Box<tokio::runtime::scheduler::current_thread::Core>, core::option::Option<()>)>
             at /rustc/b940084d7eb6a299eb4bfeb8e34901bc051e7ac4/library/std/src/thread/local.rs:427:20
  18: tokio::runtime::context::set_scheduler::<(alloc::boxed::Box<tokio::runtime::scheduler::current_thread::Core>, core::option::Option<()>), <tokio::runtime::scheduler::current_thread::CoreGuard>::enter<<tokio::runtime::scheduler::current_thread::CoreGuard>::block_on<core::pin::Pin<&mut core::pin::Pin<&mut dyn core::future::future::Future<Output = ()>>>>::{closure#0}, core::option::Option<()>>::{closure#0}>
             at /Users/runner/.cargo/registry/src/index.crates.io-1949cf8c6b5b557f/tokio-1.53.1/src/runtime/context.rs:187:17
  19: <tokio::runtime::scheduler::current_thread::CoreGuard>::enter::<<tokio::runtime::scheduler::current_thread::CoreGuard>::block_on<core::pin::Pin<&mut core::pin::Pin<&mut dyn core::future::future::Future<Output = ()>>>>::{closure#0}, core::option::Option<()>>
             at /Users/runner/.cargo/registry/src/index.crates.io-1949cf8c6b5b557f/tokio-1.53.1/src/runtime/scheduler/current_thread/mod.rs:906:27
  20: <tokio::runtime::scheduler::current_thread::CoreGuard>::block_on::<core::pin::Pin<&mut core::pin::Pin<&mut dyn core::future::future::Future<Output = ()>>>>
             at /Users/runner/.cargo/registry/src/index.crates.io-1949cf8c6b5b557f/tokio-1.53.1/src/runtime/scheduler/current_thread/mod.rs:817:24
  21: <tokio::runtime::scheduler::current_thread::CurrentThread>::block_on::<core::pin::Pin<&mut dyn core::future::future::Future<Output = ()>>>::{closure#0}
             at /Users/runner/.cargo/registry/src/index.crates.io-1949cf8c6b5b557f/tokio-1.53.1/src/runtime/scheduler/current_thread/mod.rs:218:33
  22: tokio::runtime::context::runtime::enter_runtime::<<tokio::runtime::scheduler::current_thread::CurrentThread>::block_on<core::pin::Pin<&mut dyn core::future::future::Future<Output = ()>>>::{closure#0}, ()>
             at /Users/runner/.cargo/registry/src/index.crates.io-1949cf8c6b5b557f/tokio-1.53.1/src/runtime/context/runtime.rs:65:16
  23: <tokio::runtime::scheduler::current_thread::CurrentThread>::block_on::<core::pin::Pin<&mut dyn core::future::future::Future<Output = ()>>>
             at /Users/runner/.cargo/registry/src/index.crates.io-1949cf8c6b5b557f/tokio-1.53.1/src/runtime/scheduler/current_thread/mod.rs:206:9
  24: <tokio::runtime::runtime::Runtime>::block_on_inner::<core::pin::Pin<&mut dyn core::future::future::Future<Output = ()>>>
             at /Users/runner/.cargo/registry/src/index.crates.io-1949cf8c6b5b557f/tokio-1.53.1/src/runtime/runtime.rs:374:52
  25: <tokio::runtime::runtime::Runtime>::block_on::<core::pin::Pin<&mut dyn core::future::future::Future<Output = ()>>>
             at /Users/runner/.cargo/registry/src/index.crates.io-1949cf8c6b5b557f/tokio-1.53.1/src/runtime/runtime.rs:343:18
  26: http_compat::chrome_isolated_popup_ownership
             at ./http_compat.rs:193:35
  27: http_compat::chrome_isolated_popup_ownership::{closure#0}
             at ./http_compat.rs:192:27
  28: <http_compat::chrome_isolated_popup_ownership::{closure#0} as core::ops::function::FnOnce<()>>::call_once
             at /rustc/b940084d7eb6a299eb4bfeb8e34901bc051e7ac4/library/core/src/ops/function.rs:250:5
  29: <fn() -> core::result::Result<(), alloc::string::String> as core::ops::function::FnOnce<()>>::call_once
             at /rustc/b940084d7eb6a299eb4bfeb8e34901bc051e7ac4/library/core/src/ops/function.rs:250:5
note: Some details are omitted, run with `RUST_BACKTRACE=full` for a verbose backtrace.
FAILED
test chrome_isolated_storage ... Chrome version: Chrome/155.0.8059.39
HTTP compat Chrome stage: new_page start
HTTP compat Chrome new_page timed out: Elapsed(())
Chrome page-creation launch diagnostics: BrowserDiagnostics { product: "Chrome/155.0.8059.39", protocol_version: "1.3", user_agent: "Mozilla/5.0 (Macintosh; Intel Mac OS X 10_15_7) AppleWebKit/537.36 (KHTML, like Gecko) HeadlessChrome/155.0.0.0 Safari/537.36", executable: Some("/Users/runner/hostedtoolcache/setup-chrome/chrome/stable/arm64/Contents/MacOS/Google Chrome for Testing"), launch_args: ["--remote-debugging-port=0", "--no-first-run", "--no-default-browser-check", "--user-data-dir=/var/folders/36/tjdph2t965j8snz9_vkdnw0r0000gn/T/rustwright-2285-1791558627019608000-8", "--headless=new", "--disable-gpu", "--hide-scrollbars", "--mute-audio", "about:blank"], user_data_dir: Some("/var/folders/36/tjdph2t965j8snz9_vkdnw0r0000gn/T/rustwright-2285-1791558627019608000-8"), endpoint: Some("http://127.0.0.1:49226"), pid: Some(23326), ephemeral_profile: true, browser_log: Some("/var/folders/36/tjdph2t965j8snz9_vkdnw0r0000gn/T/rustwright-2285-1791558627019608000-8/rustwright-chrome.log") }
Chrome page-creation pending commands: 0
Chrome stderr (first 16 KiB): Ok("[23346:81505:1009/151027.568155:ERROR:base/apple/mach_port_rendezvous_mac.cc:256] bootstrap_look_up com.google.chrome.for.testing.MachPortRendezvousServer.23326: Permission denied (1100)\n[23346:81505:1009/151027.573927:ERROR:base/memory/shared_memory_switch.cc:261] No rendezvous client, terminating process (parent died?)\n[23347:81509:1009/151027.575378:ERROR:base/apple/mach_port_rendezvous_mac.cc:256] bootstrap_look_up com.google.chrome.for.testing.MachPortRendezvousServer.23326: Permission denied (1100)\n[23347:81509:1009/151027.580003:ERROR:base/memory/shared_memory_switch.cc:261] No rendezvous client, terminating process (parent died?)\n\nDevTools listening on ws://127.0.0.1:49226/devtools/browser/75c5185c-77f8-4fdb-b13c-b4507e62fe69\n[23349:81537:1009/151027.644476:ERROR:base/apple/mach_port_rendezvous_mac.cc:256] bootstrap_look_up com.google.chrome.for.testing.MachPortRendezvousServer.23326: Unknown service name (1102)\n[23349:81537:1009/151027.644771:ERROR:base/memory/shared_memory_switch.cc:261] No rendezvous client, terminating process (parent died?)\n[23348:81535:1009/151027.648230:ERROR:base/apple/mach_port_rendezvous_mac.cc:256] bootstrap_look_up com.google.chrome.for.testing.MachPortRendezvousServer.23326: Permission denied (1100)\n[23348:81535:1009/151027.648488:ERROR:base/memory/shared_memory_switch.cc:261] No rendezvous client, terminating process (parent died?)\n[23351:81559:1009/151027.867577:ERROR:base/apple/mach_port_rendezvous_mac.cc:256] bootstrap_look_up com.google.chrome.for.testing.MachPortRendezvousServer.23326: Permission denied (1100)\n[23351:81559:1009/151027.867957:ERROR:base/memory/shared_memory_switch.cc:261] No rendezvous client, terminating process (parent died?)\n[23353:81567:1009/151028.047549:ERROR:base/apple/mach_port_rendezvous_mac.cc:256] bootstrap_look_up com.google.chrome.for.testing.MachPortRendezvousServer.23326: Permission denied (1100)\n[23353:81567:1009/151028.051046:ERROR:base/memory/shared_memory_switch.cc:261] No rendezvous client, terminating process (parent died?)\n[23354:81569:1009/151028.056829:ERROR:base/apple/mach_port_rendezvous_mac.cc:256] bootstrap_look_up com.google.chrome.for.testing.MachPortRendezvousServer.23326: Permission denied (1100)\n[23354:81569:1009/151028.057395:ERROR:base/memory/shared_memory_switch.cc:261] No rendezvous client, terminating process (parent died?)\n[23326:81372:1009/151028.072121:ERROR:content/browser/network_service_instance_impl.cc:653] Network service crashed or was terminated, restarting service.\n[23357:81582:1009/151028.203268:ERROR:base/apple/mach_port_rendezvous_mac.cc:256] bootstrap_look_up com.google.chrome.for.testing.MachPortRendezvousServer.23326: Permission denied (1100)\n[23357:81582:1009/151028.203496:ERROR:base/memory/shared_memory_switch.cc:261] No rendezvous client, terminating process (parent died?)\n[23356:81581:1009/151028.239065:ERROR:base/apple/mach_port_rendezvous_mac.cc:256] bootstrap_look_up com.google.chrome.for.testing.MachPortRendezvousServer.23326: Permission denied (1100)\n[23356:81581:1009/151028.239369:ERROR:base/memory/shared_memory_switch.cc:261] No rendezvous client, terminating process (parent died?)\n[23355:81580:1009/151028.241624:ERROR:base/apple/mach_port_rendezvous_mac.cc:256] bootstrap_look_up com.google.chrome.for.testing.MachPortRendezvousServer.23326: Permission denied (1100)\n[23355:81580:1009/151028.242047:ERROR:base/memory/shared_memory_switch.cc:261] No rendezvous client, terminating process (parent died?)\n[23326:81372:1009/151028.275001:ERROR:content/browser/network_service_instance_impl.cc:653] Network service crashed or was terminated, restarting service.\n[23361:81599:1009/151028.418461:ERROR:base/apple/mach_port_rendezvous_mac.cc:256] bootstrap_look_up com.google.chrome.for.testing.MachPortRendezvousServer.23326: Permission denied (1100)\n[23361:81599:1009/151028.418761:ERROR:base/memory/shared_memory_switch.cc:261] No rendezvous client, terminating process (parent died?)\n[23360:81598:1009/151028.420484:ERROR:base/apple/mach_port_rendezvous_mac.cc:256] bootstrap_look_up com.google.chrome.for.testing.MachPortRendezvousServer.23326: Permission denied (1100)\n[23360:81598:1009/151028.420709:ERROR:base/memory/shared_memory_switch.cc:261] No rendezvous client, terminating process (parent died?)\n[23362:81600:1009/151028.431500:ERROR:base/apple/mach_port_rendezvous_mac.cc:256] bootstrap_look_up com.google.chrome.for.testing.MachPortRendezvousServer.23326: Permission denied (1100)\n[23362:81600:1009/151028.432027:ERROR:base/memory/shared_memory_switch.cc:261] No rendezvous client, terminating process (parent died?)\n[23364:81604:1009/151028.431987:ERROR:base/apple/mach_port_rendezvous_mac.cc:256] bootstrap_look_up com.google.chrome.for.testing.MachPortRendezvousServer.23326: Permission denied (1100)\n[23364:81604:1009/151028.432829:ERROR:base/memory/shared_memory_switch.cc:261] No rendezvous client, terminating process (parent died?)\n[23363:81603:1009/151028.453589:ERROR:base/apple/mach_port_rendezvous_mac.cc:256] bootstrap_look_up com.google.chrome.for.testing.MachPortRendezvousServer.23326: Permission denied (1100)\n[23363:81603:1009/151028.454481:ERROR:base/memory/shared_memory_switch.cc:261] No rendezvous client, terminating process (parent died?)\n[23326:81372:1009/151028.458216:ERROR:content/browser/network_service_instance_impl.cc:653] Network service crashed or was terminated, restarting service.\n[23366:81623:1009/151028.538482:ERROR:base/apple/mach_port_rendezvous_mac.cc:256] bootstrap_look_up com.google.chrome.for.testing.MachPortRendezvousServer.23326: Permission denied (1100)\n[23366:81623:1009/151028.538937:ERROR:base/memory/shared_memory_switch.cc:261] No rendezvous client, terminating process (parent died?)\n[23365:81622:1009/151028.594935:ERROR:base/apple/mach_port_rendezvous_mac.cc:256] bootstrap_look_up com.google.chrome.for.testing.MachPortRendezvousServer.23326: Permission denied (1100)\n[23365:81622:1009/151028.595227:ERROR:base/memory/shared_memory_switch.cc:261] No rendezvous client, terminating process (parent died?)\n[23367:81624:1009/151028.591324:ERROR:base/apple/mach_port_rendezvous_mac.cc:256] bootstrap_look_up com.google.chrome.for.testing.MachPortRendezvousServer.23326: Permission denied (1100)\n[23367:81624:1009/151028.596786:ERROR:base/memory/shared_memory_switch.cc:261] No rendezvous client, terminating process (parent died?)\n[23369:81626:1009/151028.597813:ERROR:base/apple/mach_port_rendezvous_mac.cc:256] bootstrap_look_up com.google.chrome.for.testing.MachPortRendezvousServer.23326: Permission denied (1100)\n[23369:81626:1009/151028.598002:ERROR:base/memory/shared_memory_switch.cc:261] No rendezvous client, terminating process (parent died?)\n[23326:81372:1009/151028.599576:ERROR:content/browser/network_service_instance_impl.cc:653] Network service crashed or was terminated, restarting service.\n[23370:81628:1009/151028.605084:ERROR:base/apple/mach_port_rendezvous_mac.cc:256] bootstrap_look_up com.google.chrome.for.testing.MachPortRendezvousServer.23326: Permission denied (1100)\n[23370:81628:1009/151028.605279:ERROR:base/memory/shared_memory_switch.cc:261] No rendezvous client, terminating process (parent died?)\n[23373:81645:1009/151028.657731:ERROR:base/apple/mach_port_rendezvous_mac.cc:256] bootstrap_look_up com.google.chrome.for.testing.MachPortRendezvousServer.23326: Permission denied (1100)\n[23373:81645:1009/151028.657898:ERROR:base/memory/shared_memory_switch.cc:261] No rendezvous client, terminating process (parent died?)\n[23368:81625:1009/151028.659220:ERROR:base/apple/mach_port_rendezvous_mac.cc:256] bootstrap_look_up com.google.chrome.for.testing.MachPortRendezvousServer.23326: Permission denied (1100)\n[23368:81625:1009/151028.659474:ERROR:base/memory/shared_memory_switch.cc:261] No rendezvous client, terminating process (parent died?)\n[23372:81642:1009/151028.677509:ERROR:base/apple/mach_port_rendezvous_mac.cc:256] bootstrap_look_up com.google.chrome.for.testing.MachPortRendezvousServer.23326: Permission denied (1100)\n[23372:81642:1009/151028.677791:ERROR:base/memory/shared_memory_switch.cc:261] No rendezvous client, terminating process (parent died?)\n[23371:81641:1009/151028.679199:ERROR:base/apple/mach_port_rendezvous_mac.cc:256] bootstrap_look_up com.google.chrome.for.testing.MachPortRendezvousServer.23326: Permission denied (1100)\n[23371:81641:1009/151028.680467:ERROR:base/memory/shared_memory_switch.cc:261] No rendezvous client, terminating process (parent died?)\n[23326:81372:1009/151028.691059:ERROR:content/browser/network_service_instance_impl.cc:653] Network service crashed or was terminated, restarting service.\n[23326:81372:1009/151028.692249:ERROR:chrome/browser/component_updater/soda_component_installer.cc:100] On demand update of the SODA component failed with error: 5\n[23374:81651:1009/151028.727957:ERROR:base/apple/mach_port_rendezvous_mac.cc:256] bootstrap_look_up com.google.chrome.for.testing.MachPortRendezvousServer.23326: Permission denied (1100)\n[23374:81651:1009/151028.728110:ERROR:base/memory/shared_memory_switch.cc:261] No rendezvous client, terminating process (parent died?)\n[23375:81654:1009/151028.729103:ERROR:base/apple/mach_port_rendezvous_mac.cc:256] bootstrap_look_up com.google.chrome.for.testing.MachPortRendezvousServer.23326: Permission denied (1100)\n[23375:81654:1009/151028.729361:ERROR:base/memory/shared_memory_switch.cc:261] No rendezvous client, terminating process (parent died?)\n[23376:81655:1009/151028.744578:ERROR:base/apple/mach_port_rendezvous_mac.cc:256] bootstrap_look_up com.google.chrome.for.testing.MachPortRendezvousServer.23326: Permission denied (1100)\n[23376:81655:1009/151028.744811:ERROR:base/memory/shared_memory_switch.cc:261] No rendezvous client, terminating process (parent died?)\n[23326:81372:1009/151028.746199:ERROR:content/browser/network_service_instance_impl.cc:653] Network service crashed or was terminated, restarting service.\n[23326:81372:1009/151028.747519:ERROR:chrome/browser/component_updater/soda_language_pack_component_installer.cc:86] On demand update of the SODA language component failed with error: 5\n[23377:81663:1009/151028.772544:ERROR:base/apple/mach_port_rendezvous_mac.cc:256] bootstrap_look_up com.google.chrome.for.testing.MachPortRendezvousServer.23326: Permission denied (1100)\n[23377:81663:1009/151028.772731:ERROR:base/memory/shared_memory_switch.cc:261] No rendezvous client, terminating process (parent died?)\n[23378:81664:1009/151028.788916:ERROR:base/apple/mach_port_rendezvous_mac.cc:256] bootstrap_look_up com.google.chrome.for.testing.MachPortRendezvousServer.23326: Permission denied (1100)\n[23378:81664:1009/151028.789178:ERROR:base/memory/shared_memory_switch.cc:261] No rendezvous client, terminating process (parent died?)\n[23379:81666:1009/151028.797437:ERROR:base/apple/mach_port_rendezvous_mac.cc:256] bootstrap_look_up com.google.chrome.for.testing.MachPortRendezvousServer.23326: Permission denied (1100)\n[23379:81666:1009/151028.798937:ERROR:base/memory/shared_memory_switch.cc:261] No rendezvous client, terminating process (parent died?)\n[23326:81372:1009/151028.808107:ERROR:content/browser/network_service_instance_impl.cc:653] Network service crashed or was terminated, restarting service.\n[23380:81668:1009/151028.826475:ERROR:base/apple/mach_port_rendezvous_mac.cc:256] bootstrap_look_up com.google.chrome.for.testing.MachPortRendezvousServer.23326: Permission denied (1100)\n[23380:81668:1009/151028.826651:ERROR:base/memory/shared_memory_switch.cc:261] No rendezvous client, terminating process (parent died?)\n[23381:81674:1009/151028.857354:ERROR:base/apple/mach_port_rendezvous_mac.cc:256] bootstrap_look_up com.google.chrome.for.testing.MachPortRendezvousServer.23326: Permission denied (1100)\n[23381:81674:1009/151028.857645:ERROR:base/memory/shared_memory_switch.cc:261] No rendezvous client, terminating process (parent died?)\n[23383:81678:1009/151028.870256:ERROR:base/apple/mach_port_rendezvous_mac.cc:256] bootstrap_look_up com.google.chrome.for.testing.MachPortRendezvousServer.23326: Permission denied (1100)\n[23383:81678:1009/151028.870410:ERROR:base/memory/shared_memory_switch.cc:261] No rendezvous client, terminating process (parent died?)\n[23382:81675:1009/151028.876114:ERROR:base/apple/mach_port_rendezvous_mac.cc:256] bootstrap_look_up com.google.chrome.for.testing.MachPortRendezvousServer.23326: Permission denied (1100)\n[23382:81675:1009/151028.876365:ERROR:base/memory/shared_memory_switch.cc:261] No rendezvous client, terminating process (parent died?)\n[23326:81372:1009/151028.881971:ERROR:content/browser/network_service_instance_impl.cc:653] Network service crashed or was terminated, restarting service.\n[23384:81683:1009/151028.909663:ERROR:base/apple/mach_port_rendezvous_mac.cc:256] bootstrap_look_up com.google.chrome.for.testing.MachPortRendezvousServer.23326: Permission denied (1100)\n[23384:81683:1009/151028.909951:ERROR:base/memory/shared_memory_switch.cc:261] No rendezvous client, terminating process (parent died?)\n[23385:81687:1009/151028.915636:ERROR:base/apple/mach_port_rendezvous_mac.cc:256] bootstrap_look_up com.google.chrome.for.testing.MachPortRendezvousServer.23326: Permission denied (1100)\n[23385:81687:1009/151028.915783:ERROR:base/memory/shared_memory_switch.cc:261] No rendezvous client, terminating process (parent died?)\n[23386:81690:1009/151028.957936:ERROR:base/apple/mach_port_rendezvous_mac.cc:256] bootstrap_look_up com.google.chrome.for.testing.MachPortRendezvousServer.23326: Permission denied (1100)\n[23386:81690:1009/151028.958262:ERROR:base/memory/shared_memory_switch.cc:261] No rendezvous client, terminating process (parent died?)\n[23326:81372:1009/151028.961936:ERROR:content/browser/network_service_instance_impl.cc:653] Network service crashed or was terminated, restarting service.\n[23387:81697:1009/151028.971224:ERROR:base/apple/mach_port_rendezvous_mac.cc:256] bootstrap_look_up com.google.chrome.for.testing.MachPortRendezvousServer.23326: Permission denied (1100)\n[23387:81697:1009/151028.971658:ERROR:base/memory/shared_memory_switch.cc:261] No rendezvous client, terminating process (parent died?)\n[23388:81698:1009/151028.997138:ERROR:base/apple/mach_port_rendezvous_mac.cc:256] bootstrap_look_up com.google.chrome.for.testing.MachPortRendezvousServer.23326: Permission denied (1100)\n[23388:81698:1009/151028.997292:ERROR:base/memory/shared_memory_switch.cc:261] No rendezvous client, terminating process (parent died?)\n[23389:81704:1009/151029.013137:ERROR:base/apple/mach_port_rendezvous_mac.cc:256] bootstrap_look_up com.google.chrome.for.testing.MachPortRendezvousServer.23326: Permission denied (1100)\n[23389:81704:1009/151029.013402:ERROR:base/memory/shared_memory_switch.cc:261] No rendezvous client, terminating process (parent died?)\n[23326:81372:1009/151029.014766:ERROR:content/browser/network_service_instance_impl.cc:653] Network service crashed or was terminated, restarting service.\n[23390:81706:1009/151029.021801:ERROR:base/apple/mach_port_rendezvous_mac.cc:256] bootstrap_look_up com.google.chrome.for.testing.MachPortRendezvousServer.23326: Permission denied (1100)\n[23390:81706:1009/151029.022026:ERROR:base/memory/shared_memory_switch.cc:261] No rendezvous client, terminating process (parent died?)\n[23391:81709:1009/151029.035086:ERROR:base/apple/mach_port_rendezvous_mac.cc:256] bootstrap_look_up com.google.chrome.for.testing.MachPortRendezvousServer.23326: Permission denied (1100)\n[23391:81709:1009/151029.035250:ERROR:base/memory/shared_memory_switch.cc:261] No rendezvous client, terminating process (parent died?)\n[23392:81714:1009/151029.057033:ERROR:base/apple/mach_port_rendezvous_mac.cc:256] bootstrap_look_up com.google.chrome.for.testing.MachPortRendezvousServer.23326: Permission denied (1100)\n[23392:81714:1009/151029.057276:ERROR:base/memory/shared_memory_switch.cc:261] No rendezvous client, terminating process (parent died?)\n[23326:81372:1009/151029.058735:ERROR:content/browser/network_service_instance_impl.cc:653] Network service crashed or was terminated, restarting service.\n[23393:81717:1009/151029.066633:ERROR:base/apple/mach_port_rendezvous_mac.cc:256] bootstrap_look_up com.google.chrome.for.testing.MachPortRendezvousServer.23326: Permission denied (1100)\n[23393:81717:1009/151029.066847:ERROR:base/memory/shared_memory_switch.cc:261] No rendezvous client, terminating process (parent died?)\n[23394:81720:100")
Chrome page-creation probe: endpoint discovery start
Chrome page-creation probe: WebSocket connect start
Chrome page-creation probe sending: Target.getTargets
Chrome page-creation probe Target.getTargets: Ok(Object {"targetInfos": Array [Object {"attached": Bool(false), "browserContextId": String("2912C68F62E63F26B153F3328A36016D"), "canAccessOpener": Bool(false), "targetId": String("64477E49AE3C034A0DF0D36B003147AE"), "title": String(""), "type": String("page"), "url": String("about:blank")}, Object {"attached": Bool(false), "browserContextId": String("2912C68F62E63F26B153F3328A36016D"), "canAccessOpener": Bool(false), "targetId": String("644C36140661403205E4450E12D50495"), "title": String(""), "type": String("browser_ui"), "url": String("chrome://omnibox-popup.top-chrome/omnibox_popup_aim.html")}, Object {"attached": Bool(false), "browserContextId": String("2912C68F62E63F26B153F3328A36016D"), "canAccessOpener": Bool(false), "targetId": String("2C86A8891088887CFD043E4D97E329AC"), "title": String(""), "type": String("browser_ui"), "url": String("chrome://omnibox-popup.top-chrome/")}]})
Chrome page-creation probe sending: Target.getBrowserContexts
Chrome page-creation probe Target.getBrowserContexts: Ok(Object {"browserContextIds": Array [], "defaultBrowserContextId": String("2912C68F62E63F26B153F3328A36016D")})
Chrome page-creation probe sending: Target.attachToTarget target=64477E49AE3C034A0DF0D36B003147AE
Chrome page-creation probe Target.attachToTarget: Ok(Object {"sessionId": String("73FB58E57AAA1AEA9484A9ABB73D65D8")})
Chrome page-creation probe sending: Page.enable target=64477E49AE3C034A0DF0D36B003147AE
Chrome page-creation probe completion: Err(Elapsed(()))

thread 'chrome_isolated_storage' (81371) panicked at tests/http_compat.rs:170:17:
Initial Chrome page creation exceeded 30 seconds: Elapsed(())
stack backtrace:
   0: __rustc::rust_begin_unwind
             at /rustc/b940084d7eb6a299eb4bfeb8e34901bc051e7ac4/library/std/src/panicking.rs:679:5
   1: core::panicking::panic_fmt
             at /rustc/b940084d7eb6a299eb4bfeb8e34901bc051e7ac4/library/core/src/panicking.rs:80:14
   2: http_compat::open::{closure#0}
             at ./http_compat.rs:170:17
   3: http_compat::isolated_storage::{closure#0}
             at ./http_compat.rs:489:54
   4: http_compat::chrome_isolated_storage::{closure#0}
             at ./http_compat.rs:193:30
   5: <core::pin::Pin<&mut dyn core::future::future::Future<Output = ()>> as core::future::future::Future>::poll
             at /rustc/b940084d7eb6a299eb4bfeb8e34901bc051e7ac4/library/core/src/future/future.rs:133:9
   6: <core::pin::Pin<&mut core::pin::Pin<&mut dyn core::future::future::Future<Output = ()>>> as core::future::future::Future>::poll
             at /rustc/b940084d7eb6a299eb4bfeb8e34901bc051e7ac4/library/core/src/future/future.rs:133:9
   7: <tokio::runtime::scheduler::current_thread::CoreGuard>::block_on::<core::pin::Pin<&mut core::pin::Pin<&mut dyn core::future::future::Future<Output = ()>>>>::{closure#0}::{closure#0}::{closure#0}
             at /Users/runner/.cargo/registry/src/index.crates.io-1949cf8c6b5b557f/tokio-1.53.1/src/runtime/scheduler/current_thread/mod.rs:830:70
   8: tokio::task::coop::with_budget::<core::task::poll::Poll<()>, <tokio::runtime::scheduler::current_thread::CoreGuard>::block_on<core::pin::Pin<&mut core::pin::Pin<&mut dyn core::future::future::Future<Output = ()>>>>::{closure#0}::{closure#0}::{closure#0}>
             at /Users/runner/.cargo/registry/src/index.crates.io-1949cf8c6b5b557f/tokio-1.53.1/src/task/coop/mod.rs:167:5
   9: tokio::task::coop::budget::<core::task::poll::Poll<()>, <tokio::runtime::scheduler::current_thread::CoreGuard>::block_on<core::pin::Pin<&mut core::pin::Pin<&mut dyn core::future::future::Future<Output = ()>>>>::{closure#0}::{closure#0}::{closure#0}>
             at /Users/runner/.cargo/registry/src/index.crates.io-1949cf8c6b5b557f/tokio-1.53.1/src/task/coop/mod.rs:133:5
  10: <tokio::runtime::scheduler::current_thread::CoreGuard>::block_on::<core::pin::Pin<&mut core::pin::Pin<&mut dyn core::future::future::Future<Output = ()>>>>::{closure#0}::{closure#0}
             at /Users/runner/.cargo/registry/src/index.crates.io-1949cf8c6b5b557f/tokio-1.53.1/src/runtime/scheduler/current_thread/mod.rs:830:25
  11: <tokio::runtime::scheduler::current_thread::Context>::enter::<core::task::poll::Poll<()>, <tokio::runtime::scheduler::current_thread::CoreGuard>::block_on<core::pin::Pin<&mut core::pin::Pin<&mut dyn core::future::future::Future<Output = ()>>>>::{closure#0}::{closure#0}>
             at /Users/runner/.cargo/registry/src/index.crates.io-1949cf8c6b5b557f/tokio-1.53.1/src/runtime/scheduler/current_thread/mod.rs:488:19
  12: <tokio::runtime::scheduler::current_thread::CoreGuard>::block_on::<core::pin::Pin<&mut core::pin::Pin<&mut dyn core::future::future::Future<Output = ()>>>>::{closure#0}
             at /Users/runner/.cargo/registry/src/index.crates.io-1949cf8c6b5b557f/tokio-1.53.1/src/runtime/scheduler/current_thread/mod.rs:829:44
  13: <tokio::runtime::scheduler::current_thread::CoreGuard>::enter::<<tokio::runtime::scheduler::current_thread::CoreGuard>::block_on<core::pin::Pin<&mut core::pin::Pin<&mut dyn core::future::future::Future<Output = ()>>>>::{closure#0}, core::option::Option<()>>::{closure#0}
             at /Users/runner/.cargo/registry/src/index.crates.io-1949cf8c6b5b557f/tokio-1.53.1/src/runtime/scheduler/current_thread/mod.rs:906:68
  14: <tokio::runtime::context::scoped::Scoped<tokio::runtime::scheduler::Context>>::set::<<tokio::runtime::scheduler::current_thread::CoreGuard>::enter<<tokio::runtime::scheduler::current_thread::CoreGuard>::block_on<core::pin::Pin<&mut core::pin::Pin<&mut dyn core::future::future::Future<Output = ()>>>>::{closure#0}, core::option::Option<()>>::{closure#0}, (alloc::boxed::Box<tokio::runtime::scheduler::current_thread::Core>, core::option::Option<()>)>
             at /Users/runner/.cargo/registry/src/index.crates.io-1949cf8c6b5b557f/tokio-1.53.1/src/runtime/context/scoped.rs:40:9
  15: tokio::runtime::context::set_scheduler::<(alloc::boxed::Box<tokio::runtime::scheduler::current_thread::Core>, core::option::Option<()>), <tokio::runtime::scheduler::current_thread::CoreGuard>::enter<<tokio::runtime::scheduler::current_thread::CoreGuard>::block_on<core::pin::Pin<&mut core::pin::Pin<&mut dyn core::future::future::Future<Output = ()>>>>::{closure#0}, core::option::Option<()>>::{closure#0}>::{closure#0}
             at /Users/runner/.cargo/registry/src/index.crates.io-1949cf8c6b5b557f/tokio-1.53.1/src/runtime/context.rs:187:38
  16: <std::thread::local::LocalKey<tokio::runtime::context::Context>>::try_with::<tokio::runtime::context::set_scheduler<(alloc::boxed::Box<tokio::runtime::scheduler::current_thread::Core>, core::option::Option<()>), <tokio::runtime::scheduler::current_thread::CoreGuard>::enter<<tokio::runtime::scheduler::current_thread::CoreGuard>::block_on<core::pin::Pin<&mut core::pin::Pin<&mut dyn core::future::future::Future<Output = ()>>>>::{closure#0}, core::option::Option<()>>::{closure#0}>::{closure#0}, (alloc::boxed::Box<tokio::runtime::scheduler::current_thread::Core>, core::option::Option<()>)>
             at /rustc/b940084d7eb6a299eb4bfeb8e34901bc051e7ac4/library/std/src/thread/local.rs:463:12
  17: <std::thread::local::LocalKey<tokio::runtime::context::Context>>::with::<tokio::runtime::context::set_scheduler<(alloc::boxed::Box<tokio::runtime::scheduler::current_thread::Core>, core::option::Option<()>), <tokio::runtime::scheduler::current_thread::CoreGuard>::enter<<tokio::runtime::scheduler::current_thread::CoreGuard>::block_on<core::pin::Pin<&mut core::pin::Pin<&mut dyn core::future::future::Future<Output = ()>>>>::{closure#0}, core::option::Option<()>>::{closure#0}>::{closure#0}, (alloc::boxed::Box<tokio::runtime::scheduler::current_thread::Core>, core::option::Option<()>)>
             at /rustc/b940084d7eb6a299eb4bfeb8e34901bc051e7ac4/library/std/src/thread/local.rs:427:20
  18: tokio::runtime::context::set_scheduler::<(alloc::boxed::Box<tokio::runtime::scheduler::current_thread::Core>, core::option::Option<()>), <tokio::runtime::scheduler::current_thread::CoreGuard>::enter<<tokio::runtime::scheduler::current_thread::CoreGuard>::block_on<core::pin::Pin<&mut core::pin::Pin<&mut dyn core::future::future::Future<Output = ()>>>>::{closure#0}, core::option::Option<()>>::{closure#0}>
             at /Users/runner/.cargo/registry/src/index.crates.io-1949cf8c6b5b557f/tokio-1.53.1/src/runtime/context.rs:187:17
  19: <tokio::runtime::scheduler::current_thread::CoreGuard>::enter::<<tokio::runtime::scheduler::current_thread::CoreGuard>::block_on<core::pin::Pin<&mut core::pin::Pin<&mut dyn core::future::future::Future<Output = ()>>>>::{closure#0}, core::option::Option<()>>
             at /Users/runner/.cargo/registry/src/index.crates.io-1949cf8c6b5b557f/tokio-1.53.1/src/runtime/scheduler/current_thread/mod.rs:906:27
  20: <tokio::runtime::scheduler::current_thread::CoreGuard>::block_on::<core::pin::Pin<&mut core::pin::Pin<&mut dyn core::future::future::Future<Output = ()>>>>
             at /Users/runner/.cargo/registry/src/index.crates.io-1949cf8c6b5b557f/tokio-1.53.1/src/runtime/scheduler/current_thread/mod.rs:817:24
  21: <tokio::runtime::scheduler::current_thread::CurrentThread>::block_on::<core::pin::Pin<&mut dyn core::future::future::Future<Output = ()>>>::{closure#0}
             at /Users/runner/.cargo/registry/src/index.crates.io-1949cf8c6b5b557f/tokio-1.53.1/src/runtime/scheduler/current_thread/mod.rs:218:33
  22: tokio::runtime::context::runtime::enter_runtime::<<tokio::runtime::scheduler::current_thread::CurrentThread>::block_on<core::pin::Pin<&mut dyn core::future::future::Future<Output = ()>>>::{closure#0}, ()>
             at /Users/runner/.cargo/registry/src/index.crates.io-1949cf8c6b5b557f/tokio-1.53.1/src/runtime/context/runtime.rs:65:16
  23: <tokio::runtime::scheduler::current_thread::CurrentThread>::block_on::<core::pin::Pin<&mut dyn core::future::future::Future<Output = ()>>>
             at /Users/runner/.cargo/registry/src/index.crates.io-1949cf8c6b5b557f/tokio-1.53.1/src/runtime/scheduler/current_thread/mod.rs:206:9
  24: <tokio::runtime::runtime::Runtime>::block_on_inner::<core::pin::Pin<&mut dyn core::future::future::Future<Output = ()>>>
             at /Users/runner/.cargo/registry/src/index.crates.io-1949cf8c6b5b557f/tokio-1.53.1/src/runtime/runtime.rs:374:52
  25: <tokio::runtime::runtime::Runtime>::block_on::<core::pin::Pin<&mut dyn core::future::future::Future<Output = ()>>>
             at /Users/runner/.cargo/registry/src/index.crates.io-1949cf8c6b5b557f/tokio-1.53.1/src/runtime/runtime.rs:343:18
  26: http_compat::chrome_isolated_storage
             at ./http_compat.rs:193:35
  27: http_compat::chrome_isolated_storage::{closure#0}
             at ./http_compat.rs:192:27
  28: <http_compat::chrome_isolated_storage::{closure#0} as core::ops::function::FnOnce<()>>::call_once
             at /rustc/b940084d7eb6a299eb4bfeb8e34901bc051e7ac4/library/core/src/ops/function.rs:250:5
  29: <fn() -> core::result::Result<(), alloc::string::String> as core::ops::function::FnOnce<()>>::call_once
             at /rustc/b940084d7eb6a299eb4bfeb8e34901bc051e7ac4/library/core/src/ops/function.rs:250:5
note: Some details are omitted, run with `RUST_BACKTRACE=full` for a verbose backtrace.
FAILED
test chrome_javascript_exceptions ... Chrome version: Chrome/155.0.8059.39
HTTP compat Chrome stage: new_page start
HTTP compat Chrome new_page timed out: Elapsed(())
Chrome page-creation launch diagnostics: BrowserDiagnostics { product: "Chrome/155.0.8059.39", protocol_version: "1.3", user_agent: "Mozilla/5.0 (Macintosh; Intel Mac OS X 10_15_7) AppleWebKit/537.36 (KHTML, like Gecko) HeadlessChrome/155.0.0.0 Safari/537.36", executable: Some("/Users/runner/hostedtoolcache/setup-chrome/chrome/stable/arm64/Contents/MacOS/Google Chrome for Testing"), launch_args: ["--remote-debugging-port=0", "--no-first-run", "--no-default-browser-check", "--user-data-dir=/var/folders/36/tjdph2t965j8snz9_vkdnw0r0000gn/T/rustwright-2285-1791558663336040000-9", "--headless=new", "--disable-gpu", "--hide-scrollbars", "--mute-audio", "about:blank"], user_data_dir: Some("/var/folders/36/tjdph2t965j8snz9_vkdnw0r0000gn/T/rustwright-2285-1791558663336040000-9"), endpoint: Some("http://127.0.0.1:49234"), pid: Some(26179), ephemeral_profile: true, browser_log: Some("/var/folders/36/tjdph2t965j8snz9_vkdnw0r0000gn/T/rustwright-2285-1791558663336040000-9/rustwright-chrome.log") }
Chrome page-creation pending commands: 0
Chrome stderr (first 16 KiB): Ok("[26191:90721:1009/151103.739508:ERROR:base/apple/mach_port_rendezvous_mac.cc:256] bootstrap_look_up com.google.chrome.for.testing.MachPortRendezvousServer.26179: Permission denied (1100)\n[26191:90721:1009/151103.741312:ERROR:base/memory/shared_memory_switch.cc:261] No rendezvous client, terminating process (parent died?)\n[26192:90723:1009/151103.742575:ERROR:base/apple/mach_port_rendezvous_mac.cc:256] bootstrap_look_up com.google.chrome.for.testing.MachPortRendezvousServer.26179: Permission denied (1100)\n[26192:90723:1009/151103.743122:ERROR:base/memory/shared_memory_switch.cc:261] No rendezvous client, terminating process (parent died?)\n\nDevTools listening on ws://127.0.0.1:49234/devtools/browser/6b1b9b61-078c-4dc3-81ca-a2637bc3dce5\n[26194:90754:1009/151103.825679:ERROR:base/apple/mach_port_rendezvous_mac.cc:256] bootstrap_look_up com.google.chrome.for.testing.MachPortRendezvousServer.26179: Unknown service name (1102)\n[26194:90754:1009/151103.826058:ERROR:base/memory/shared_memory_switch.cc:261] No rendezvous client, terminating process (parent died?)\n[26193:90753:1009/151103.827979:ERROR:base/apple/mach_port_rendezvous_mac.cc:256] bootstrap_look_up com.google.chrome.for.testing.MachPortRendezvousServer.26179: Permission denied (1100)\n[26193:90753:1009/151103.828191:ERROR:base/memory/shared_memory_switch.cc:261] No rendezvous client, terminating process (parent died?)\n[26195:90782:1009/151103.980453:ERROR:base/apple/mach_port_rendezvous_mac.cc:256] bootstrap_look_up com.google.chrome.for.testing.MachPortRendezvousServer.26179: Permission denied (1100)\n[26195:90782:1009/151103.980776:ERROR:base/memory/shared_memory_switch.cc:261] No rendezvous client, terminating process (parent died?)\n[26198:90792:1009/151104.043136:ERROR:base/apple/mach_port_rendezvous_mac.cc:256] bootstrap_look_up com.google.chrome.for.testing.MachPortRendezvousServer.26179: Permission denied (1100)\n[26198:90792:1009/151104.043384:ERROR:base/memory/shared_memory_switch.cc:261] No rendezvous client, terminating process (parent died?)\n[26199:90793:1009/151104.043069:ERROR:base/apple/mach_port_rendezvous_mac.cc:256] bootstrap_look_up com.google.chrome.for.testing.MachPortRendezvousServer.26179: Permission denied (1100)\n[26199:90793:1009/151104.043489:ERROR:base/memory/shared_memory_switch.cc:261] No rendezvous client, terminating process (parent died?)\n[26179:90615:1009/151104.101877:ERROR:content/browser/network_service_instance_impl.cc:653] Network service crashed or was terminated, restarting service.\n[26200:90799:1009/151104.215469:ERROR:base/apple/mach_port_rendezvous_mac.cc:256] bootstrap_look_up com.google.chrome.for.testing.MachPortRendezvousServer.26179: Permission denied (1100)\n[26200:90799:1009/151104.219018:ERROR:base/memory/shared_memory_switch.cc:261] No rendezvous client, terminating process (parent died?)\n[26201:90800:1009/151104.225927:ERROR:base/apple/mach_port_rendezvous_mac.cc:256] bootstrap_look_up com.google.chrome.for.testing.MachPortRendezvousServer.26179: Permission denied (1100)\n[26201:90800:1009/151104.226497:ERROR:base/memory/shared_memory_switch.cc:261] No rendezvous client, terminating process (parent died?)\n[26202:90801:1009/151104.245532:ERROR:base/apple/mach_port_rendezvous_mac.cc:256] bootstrap_look_up com.google.chrome.for.testing.MachPortRendezvousServer.26179: Permission denied (1100)\n[26202:90801:1009/151104.245786:ERROR:base/memory/shared_memory_switch.cc:261] No rendezvous client, terminating process (parent died?)\n[26203:90805:1009/151104.260351:ERROR:base/apple/mach_port_rendezvous_mac.cc:256] bootstrap_look_up com.google.chrome.for.testing.MachPortRendezvousServer.26179: Permission denied (1100)\n[26203:90805:1009/151104.260721:ERROR:base/memory/shared_memory_switch.cc:261] No rendezvous client, terminating process (parent died?)\n[26204:90815:1009/151104.287668:ERROR:base/apple/mach_port_rendezvous_mac.cc:256] bootstrap_look_up com.google.chrome.for.testing.MachPortRendezvousServer.26179: Permission denied (1100)\n[26204:90815:1009/151104.287937:ERROR:base/memory/shared_memory_switch.cc:261] No rendezvous client, terminating process (parent died?)\n[26205:90816:1009/151104.288626:ERROR:base/apple/mach_port_rendezvous_mac.cc:256] bootstrap_look_up com.google.chrome.for.testing.MachPortRendezvousServer.26179: Permission denied (1100)\n[26205:90816:1009/151104.288857:ERROR:base/memory/shared_memory_switch.cc:261] No rendezvous client, terminating process (parent died?)\n[26179:90615:1009/151104.290611:ERROR:content/browser/network_service_instance_impl.cc:653] Network service crashed or was terminated, restarting service.\n[26206:90820:1009/151104.336567:ERROR:base/apple/mach_port_rendezvous_mac.cc:256] bootstrap_look_up com.google.chrome.for.testing.MachPortRendezvousServer.26179: Permission denied (1100)\n[26206:90820:1009/151104.336825:ERROR:base/memory/shared_memory_switch.cc:261] No rendezvous client, terminating process (parent died?)\n[26208:90825:1009/151104.340430:ERROR:base/apple/mach_port_rendezvous_mac.cc:256] bootstrap_look_up com.google.chrome.for.testing.MachPortRendezvousServer.26179: Permission denied (1100)\n[26208:90825:1009/151104.340598:ERROR:base/memory/shared_memory_switch.cc:261] No rendezvous client, terminating process (parent died?)\n[26207:90824:1009/151104.348005:ERROR:base/apple/mach_port_rendezvous_mac.cc:256] bootstrap_look_up com.google.chrome.for.testing.MachPortRendezvousServer.26179: Permission denied (1100)\n[26207:90824:1009/151104.348688:ERROR:base/memory/shared_memory_switch.cc:261] No rendezvous client, terminating process (parent died?)\n[26210:90836:1009/151104.385705:ERROR:base/apple/mach_port_rendezvous_mac.cc:256] bootstrap_look_up com.google.chrome.for.testing.MachPortRendezvousServer.26179: Permission denied (1100)\n[26210:90836:1009/151104.386002:ERROR:base/memory/shared_memory_switch.cc:261] No rendezvous client, terminating process (parent died?)\n[26209:90833:1009/151104.383682:ERROR:base/apple/mach_port_rendezvous_mac.cc:256] bootstrap_look_up com.google.chrome.for.testing.MachPortRendezvousServer.26179: Permission denied (1100)\n[26209:90833:1009/151104.387580:ERROR:base/memory/shared_memory_switch.cc:261] No rendezvous client, terminating process (parent died?)\n[26179:90615:1009/151104.390520:ERROR:content/browser/network_service_instance_impl.cc:653] Network service crashed or was terminated, restarting service.\n[26211:90837:1009/151104.408655:ERROR:base/apple/mach_port_rendezvous_mac.cc:256] bootstrap_look_up com.google.chrome.for.testing.MachPortRendezvousServer.26179: Permission denied (1100)\n[26211:90837:1009/151104.408916:ERROR:base/memory/shared_memory_switch.cc:261] No rendezvous client, terminating process (parent died?)\n[26212:90838:1009/151104.422138:ERROR:base/apple/mach_port_rendezvous_mac.cc:256] bootstrap_look_up com.google.chrome.for.testing.MachPortRendezvousServer.26179: Permission denied (1100)\n[26212:90838:1009/151104.422355:ERROR:base/memory/shared_memory_switch.cc:261] No rendezvous client, terminating process (parent died?)\n[26213:90843:1009/151104.447927:ERROR:base/apple/mach_port_rendezvous_mac.cc:256] bootstrap_look_up com.google.chrome.for.testing.MachPortRendezvousServer.26179: Permission denied (1100)\n[26213:90843:1009/151104.448175:ERROR:base/memory/shared_memory_switch.cc:261] No rendezvous client, terminating process (parent died?)\n[26179:90615:1009/151104.449516:ERROR:content/browser/network_service_instance_impl.cc:653] Network service crashed or was terminated, restarting service.\n[26179:90615:1009/151104.452591:ERROR:chrome/browser/component_updater/soda_component_installer.cc:100] On demand update of the SODA component failed with error: 5\n[26214:90848:1009/151104.461718:ERROR:base/apple/mach_port_rendezvous_mac.cc:256] bootstrap_look_up com.google.chrome.for.testing.MachPortRendezvousServer.26179: Permission denied (1100)\n[26214:90848:1009/151104.461974:ERROR:base/memory/shared_memory_switch.cc:261] No rendezvous client, terminating process (parent died?)\n[26215:90851:1009/151104.461918:ERROR:base/apple/mach_port_rendezvous_mac.cc:256] bootstrap_look_up com.google.chrome.for.testing.MachPortRendezvousServer.26179: Permission denied (1100)\n[26215:90851:1009/151104.462190:ERROR:base/memory/shared_memory_switch.cc:261] No rendezvous client, terminating process (parent died?)\n[26216:90855:1009/151104.497669:ERROR:base/apple/mach_port_rendezvous_mac.cc:256] bootstrap_look_up com.google.chrome.for.testing.MachPortRendezvousServer.26179: Permission denied (1100)\n[26216:90855:1009/151104.498193:ERROR:base/memory/shared_memory_switch.cc:261] No rendezvous client, terminating process (parent died?)\n[26217:90862:1009/151104.500356:ERROR:base/apple/mach_port_rendezvous_mac.cc:256] bootstrap_look_up com.google.chrome.for.testing.MachPortRendezvousServer.26179: Permission denied (1100)\n[26179:90615:1009/151104.500631:ERROR:content/browser/network_service_instance_impl.cc:653] Network service crashed or was terminated, restarting service.\n[26217:90862:1009/151104.500595:ERROR:base/memory/shared_memory_switch.cc:261] No rendezvous client, terminating process (parent died?)\n[26179:90615:1009/151104.503216:ERROR:chrome/browser/component_updater/soda_language_pack_component_installer.cc:86] On demand update of the SODA language component failed with error: 5\n[26218:90863:1009/151104.513828:ERROR:base/apple/mach_port_rendezvous_mac.cc:256] bootstrap_look_up com.google.chrome.for.testing.MachPortRendezvousServer.26179: Permission denied (1100)\n[26218:90863:1009/151104.514250:ERROR:base/memory/shared_memory_switch.cc:261] No rendezvous client, terminating process (parent died?)\n[26220:90870:1009/151104.540785:ERROR:base/apple/mach_port_rendezvous_mac.cc:256] bootstrap_look_up com.google.chrome.for.testing.MachPortRendezvousServer.26179: Permission denied (1100)\n[26220:90870:1009/151104.540960:ERROR:base/memory/shared_memory_switch.cc:261] No rendezvous client, terminating process (parent died?)\n[26219:90869:1009/151104.548149:ERROR:base/apple/mach_port_rendezvous_mac.cc:256] bootstrap_look_up com.google.chrome.for.testing.MachPortRendezvousServer.26179: Permission denied (1100)\n[26219:90869:1009/151104.548432:ERROR:base/memory/shared_memory_switch.cc:261] No rendezvous client, terminating process (parent died?)\n[26179:90615:1009/151104.550052:ERROR:content/browser/network_service_instance_impl.cc:653] Network service crashed or was terminated, restarting service.\n[26221:90875:1009/151104.567333:ERROR:base/apple/mach_port_rendezvous_mac.cc:256] bootstrap_look_up com.google.chrome.for.testing.MachPortRendezvousServer.26179: Permission denied (1100)\n[26221:90875:1009/151104.567624:ERROR:base/memory/shared_memory_switch.cc:261] No rendezvous client, terminating process (parent died?)\n[26222:90878:1009/151104.585458:ERROR:base/apple/mach_port_rendezvous_mac.cc:256] bootstrap_look_up com.google.chrome.for.testing.MachPortRendezvousServer.26179: Permission denied (1100)\n[26222:90878:1009/151104.585656:ERROR:base/memory/shared_memory_switch.cc:261] No rendezvous client, terminating process (parent died?)\n[26223:90881:1009/151104.600509:ERROR:base/apple/mach_port_rendezvous_mac.cc:256] bootstrap_look_up com.google.chrome.for.testing.MachPortRendezvousServer.26179: Permission denied (1100)\n[26223:90881:1009/151104.600819:ERROR:base/memory/shared_memory_switch.cc:261] No rendezvous client, terminating process (parent died?)\n[26179:90615:1009/151104.602411:ERROR:content/browser/network_service_instance_impl.cc:653] Network service crashed or was terminated, restarting service.\n[26224:90886:1009/151104.619584:ERROR:base/apple/mach_port_rendezvous_mac.cc:256] bootstrap_look_up com.google.chrome.for.testing.MachPortRendezvousServer.26179: Permission denied (1100)\n[26224:90886:1009/151104.619989:ERROR:base/memory/shared_memory_switch.cc:261] No rendezvous client, terminating process (parent died?)\n[26225:90888:1009/151104.626828:ERROR:base/apple/mach_port_rendezvous_mac.cc:256] bootstrap_look_up com.google.chrome.for.testing.MachPortRendezvousServer.26179: Permission denied (1100)\n[26225:90888:1009/151104.627044:ERROR:base/memory/shared_memory_switch.cc:261] No rendezvous client, terminating process (parent died?)\n[26226:90892:1009/151104.659505:ERROR:base/apple/mach_port_rendezvous_mac.cc:256] bootstrap_look_up com.google.chrome.for.testing.MachPortRendezvousServer.26179: Permission denied (1100)\n[26226:90892:1009/151104.659797:ERROR:base/memory/shared_memory_switch.cc:261] No rendezvous client, terminating process (parent died?)\n[26179:90615:1009/151104.661359:ERROR:content/browser/network_service_instance_impl.cc:653] Network service crashed or was terminated, restarting service.\n[26228:90900:1009/151104.674351:ERROR:base/apple/mach_port_rendezvous_mac.cc:256] bootstrap_look_up com.google.chrome.for.testing.MachPortRendezvousServer.26179: Permission denied (1100)\n[26228:90900:1009/151104.674630:ERROR:base/memory/shared_memory_switch.cc:261] No rendezvous client, terminating process (parent died?)\n[26227:90899:1009/151104.676047:ERROR:base/apple/mach_port_rendezvous_mac.cc:256] bootstrap_look_up com.google.chrome.for.testing.MachPortRendezvousServer.26179: Permission denied (1100)\n[26227:90899:1009/151104.676412:ERROR:base/memory/shared_memory_switch.cc:261] No rendezvous client, terminating process (parent died?)\n[26229:90903:1009/151104.709303:ERROR:base/apple/mach_port_rendezvous_mac.cc:256] bootstrap_look_up com.google.chrome.for.testing.MachPortRendezvousServer.26179: Permission denied (1100)\n[26229:90903:1009/151104.709745:ERROR:base/memory/shared_memory_switch.cc:261] No rendezvous client, terminating process (parent died?)\n[26230:90909:1009/151104.710777:ERROR:base/apple/mach_port_rendezvous_mac.cc:256] bootstrap_look_up com.google.chrome.for.testing.MachPortRendezvousServer.26179: Permission denied (1100)\n[26230:90909:1009/151104.711019:ERROR:base/memory/shared_memory_switch.cc:261] No rendezvous client, terminating process (parent died?)\n[26179:90615:1009/151104.711370:ERROR:content/browser/network_service_instance_impl.cc:653] Network service crashed or was terminated, restarting service.\n[26231:90910:1009/151104.725298:ERROR:base/apple/mach_port_rendezvous_mac.cc:256] bootstrap_look_up com.google.chrome.for.testing.MachPortRendezvousServer.26179: Permission denied (1100)\n[26231:90910:1009/151104.725561:ERROR:base/memory/shared_memory_switch.cc:261] No rendezvous client, terminating process (parent died?)\n[26233:90914:1009/151104.754004:ERROR:base/apple/mach_port_rendezvous_mac.cc:256] bootstrap_look_up com.google.chrome.for.testing.MachPortRendezvousServer.26179: Permission denied (1100)\n[26233:90914:1009/151104.754177:ERROR:base/memory/shared_memory_switch.cc:261] No rendezvous client, terminating process (parent died?)\n[26232:90913:1009/151104.759358:ERROR:base/apple/mach_port_rendezvous_mac.cc:256] bootstrap_look_up com.google.chrome.for.testing.MachPortRendezvousServer.26179: Permission denied (1100)\n[26232:90913:1009/151104.759650:ERROR:base/memory/shared_memory_switch.cc:261] No rendezvous client, terminating process (parent died?)\n[26179:90615:1009/151104.761422:ERROR:content/browser/network_service_instance_impl.cc:653] Network service crashed or was terminated, restarting service.\n[26234:90919:1009/151104.780181:ERROR:base/apple/mach_port_rendezvous_mac.cc:256] bootstrap_look_up com.google.chrome.for.testing.MachPortRendezvousServer.26179: Permission denied (1100)\n[26234:90919:1009/151104.780474:ERROR:base/memory/shared_memory_switch.cc:261] No rendezvous client, terminating process (parent died?)\n[26235:90923:1009/151104.799917:ERROR:base/apple/mach_port_rendezvous_mac.cc:256] bootstrap_look_up com.google.chrome.for.testing.MachPortRendezvousServer.26179: Permission denied (1100)\n[26235:90923:1009/151104.800162:ERROR:base/memory/shared_memory_switch.cc:261] No rendezvous client, terminating process (parent died?)\n[26236:90924:1009/151104.811110:ERROR:base/apple/mach_port_rendezvous_mac.cc:256] bootstrap_look_up com.google.chrome.for.testing.MachPortRendezvousServer.26179: Permission denied (1100)\n[26236:90924:1009/151104.811459:ERROR:base/memory/shared_memory_switch.cc:261] No rendezvous client, terminating process (parent died?)\n[26179:90615:1009/151104.813035:ERROR:content/browser/network_service_instance_impl.cc:653] Network service crashed or was terminated, restarting service.\n[26237:90929:100")
Chrome page-creation probe: endpoint discovery start
Chrome page-creation probe: WebSocket connect start
Chrome page-creation probe sending: Target.getTargets
Chrome page-creation probe Target.getTargets: Ok(Object {"targetInfos": Array [Object {"attached": Bool(false), "browserContextId": String("5C5C3E704707776EB5641E41ECF214E9"), "canAccessOpener": Bool(false), "targetId": String("294823FFBA3115715799BE01EE425E6B"), "title": String(""), "type": String("page"), "url": String("about:blank")}, Object {"attached": Bool(false), "browserContextId": String("5C5C3E704707776EB5641E41ECF214E9"), "canAccessOpener": Bool(false), "targetId": String("D910AA66E2239E1089D29935AEC2BF91"), "title": String(""), "type": String("browser_ui"), "url": String("chrome://omnibox-popup.top-chrome/omnibox_popup_aim.html")}, Object {"attached": Bool(false), "browserContextId": String("5C5C3E704707776EB5641E41ECF214E9"), "canAccessOpener": Bool(false), "targetId": String("A6FB970B5312A8167121950390989FFA"), "title": String(""), "type": String("browser_ui"), "url": String("chrome://omnibox-popup.top-chrome/")}]})
Chrome page-creation probe sending: Target.getBrowserContexts
Chrome page-creation probe Target.getBrowserContexts: Ok(Object {"browserContextIds": Array [], "defaultBrowserContextId": String("5C5C3E704707776EB5641E41ECF214E9")})
Chrome page-creation probe sending: Target.attachToTarget target=294823FFBA3115715799BE01EE425E6B
Chrome page-creation probe Target.attachToTarget: Ok(Object {"sessionId": String("4D1F8BFD584CA792F7B41D9D908E434C")})
Chrome page-creation probe sending: Page.enable target=294823FFBA3115715799BE01EE425E6B
Chrome page-creation probe completion: Err(Elapsed(()))

thread 'chrome_javascript_exceptions' (90612) panicked at tests/http_compat.rs:170:17:
Initial Chrome page creation exceeded 30 seconds: Elapsed(())
stack backtrace:
   0: __rustc::rust_begin_unwind
             at /rustc/b940084d7eb6a299eb4bfeb8e34901bc051e7ac4/library/std/src/panicking.rs:679:5
   1: core::panicking::panic_fmt
             at /rustc/b940084d7eb6a299eb4bfeb8e34901bc051e7ac4/library/core/src/panicking.rs:80:14
   2: http_compat::open::{closure#0}
             at ./http_compat.rs:170:17
   3: http_compat::javascript_exceptions::{closure#0}
             at ./http_compat.rs:238:51
   4: http_compat::chrome_javascript_exceptions::{closure#0}
             at ./http_compat.rs:193:30
   5: <core::pin::Pin<&mut dyn core::future::future::Future<Output = ()>> as core::future::future::Future>::poll
             at /rustc/b940084d7eb6a299eb4bfeb8e34901bc051e7ac4/library/core/src/future/future.rs:133:9
   6: <core::pin::Pin<&mut core::pin::Pin<&mut dyn core::future::future::Future<Output = ()>>> as core::future::future::Future>::poll
             at /rustc/b940084d7eb6a299eb4bfeb8e34901bc051e7ac4/library/core/src/future/future.rs:133:9
   7: <tokio::runtime::scheduler::current_thread::CoreGuard>::block_on::<core::pin::Pin<&mut core::pin::Pin<&mut dyn core::future::future::Future<Output = ()>>>>::{closure#0}::{closure#0}::{closure#0}
             at /Users/runner/.cargo/registry/src/index.crates.io-1949cf8c6b5b557f/tokio-1.53.1/src/runtime/scheduler/current_thread/mod.rs:830:70
   8: tokio::task::coop::with_budget::<core::task::poll::Poll<()>, <tokio::runtime::scheduler::current_thread::CoreGuard>::block_on<core::pin::Pin<&mut core::pin::Pin<&mut dyn core::future::future::Future<Output = ()>>>>::{closure#0}::{closure#0}::{closure#0}>
             at /Users/runner/.cargo/registry/src/index.crates.io-1949cf8c6b5b557f/tokio-1.53.1/src/task/coop/mod.rs:167:5
   9: tokio::task::coop::budget::<core::task::poll::Poll<()>, <tokio::runtime::scheduler::current_thread::CoreGuard>::block_on<core::pin::Pin<&mut core::pin::Pin<&mut dyn core::future::future::Future<Output = ()>>>>::{closure#0}::{closure#0}::{closure#0}>
             at /Users/runner/.cargo/registry/src/index.crates.io-1949cf8c6b5b557f/tokio-1.53.1/src/task/coop/mod.rs:133:5
  10: <tokio::runtime::scheduler::current_thread::CoreGuard>::block_on::<core::pin::Pin<&mut core::pin::Pin<&mut dyn core::future::future::Future<Output = ()>>>>::{closure#0}::{closure#0}
             at /Users/runner/.cargo/registry/src/index.crates.io-1949cf8c6b5b557f/tokio-1.53.1/src/runtime/scheduler/current_thread/mod.rs:830:25
  11: <tokio::runtime::scheduler::current_thread::Context>::enter::<core::task::poll::Poll<()>, <tokio::runtime::scheduler::current_thread::CoreGuard>::block_on<core::pin::Pin<&mut core::pin::Pin<&mut dyn core::future::future::Future<Output = ()>>>>::{closure#0}::{closure#0}>
             at /Users/runner/.cargo/registry/src/index.crates.io-1949cf8c6b5b557f/tokio-1.53.1/src/runtime/scheduler/current_thread/mod.rs:488:19
  12: <tokio::runtime::scheduler::current_thread::CoreGuard>::block_on::<core::pin::Pin<&mut core::pin::Pin<&mut dyn core::future::future::Future<Output = ()>>>>::{closure#0}
             at /Users/runner/.cargo/registry/src/index.crates.io-1949cf8c6b5b557f/tokio-1.53.1/src/runtime/scheduler/current_thread/mod.rs:829:44
  13: <tokio::runtime::scheduler::current_thread::CoreGuard>::enter::<<tokio::runtime::scheduler::current_thread::CoreGuard>::block_on<core::pin::Pin<&mut core::pin::Pin<&mut dyn core::future::future::Future<Output = ()>>>>::{closure#0}, core::option::Option<()>>::{closure#0}
             at /Users/runner/.cargo/registry/src/index.crates.io-1949cf8c6b5b557f/tokio-1.53.1/src/runtime/scheduler/current_thread/mod.rs:906:68
  14: <tokio::runtime::context::scoped::Scoped<tokio::runtime::scheduler::Context>>::set::<<tokio::runtime::scheduler::current_thread::CoreGuard>::enter<<tokio::runtime::scheduler::current_thread::CoreGuard>::block_on<core::pin::Pin<&mut core::pin::Pin<&mut dyn core::future::future::Future<Output = ()>>>>::{closure#0}, core::option::Option<()>>::{closure#0}, (alloc::boxed::Box<tokio::runtime::scheduler::current_thread::Core>, core::option::Option<()>)>
             at /Users/runner/.cargo/registry/src/index.crates.io-1949cf8c6b5b557f/tokio-1.53.1/src/runtime/context/scoped.rs:40:9
  15: tokio::runtime::context::set_scheduler::<(alloc::boxed::Box<tokio::runtime::scheduler::current_thread::Core>, core::option::Option<()>), <tokio::runtime::scheduler::current_thread::CoreGuard>::enter<<tokio::runtime::scheduler::current_thread::CoreGuard>::block_on<core::pin::Pin<&mut core::pin::Pin<&mut dyn core::future::future::Future<Output = ()>>>>::{closure#0}, core::option::Option<()>>::{closure#0}>::{closure#0}
             at /Users/runner/.cargo/registry/src/index.crates.io-1949cf8c6b5b557f/tokio-1.53.1/src/runtime/context.rs:187:38
  16: <std::thread::local::LocalKey<tokio::runtime::context::Context>>::try_with::<tokio::runtime::context::set_scheduler<(alloc::boxed::Box<tokio::runtime::scheduler::current_thread::Core>, core::option::Option<()>), <tokio::runtime::scheduler::current_thread::CoreGuard>::enter<<tokio::runtime::scheduler::current_thread::CoreGuard>::block_on<core::pin::Pin<&mut core::pin::Pin<&mut dyn core::future::future::Future<Output = ()>>>>::{closure#0}, core::option::Option<()>>::{closure#0}>::{closure#0}, (alloc::boxed::Box<tokio::runtime::scheduler::current_thread::Core>, core::option::Option<()>)>
             at /rustc/b940084d7eb6a299eb4bfeb8e34901bc051e7ac4/library/std/src/thread/local.rs:463:12
  17: <std::thread::local::LocalKey<tokio::runtime::context::Context>>::with::<tokio::runtime::context::set_scheduler<(alloc::boxed::Box<tokio::runtime::scheduler::current_thread::Core>, core::option::Option<()>), <tokio::runtime::scheduler::current_thread::CoreGuard>::enter<<tokio::runtime::scheduler::current_thread::CoreGuard>::block_on<core::pin::Pin<&mut core::pin::Pin<&mut dyn core::future::future::Future<Output = ()>>>>::{closure#0}, core::option::Option<()>>::{closure#0}>::{closure#0}, (alloc::boxed::Box<tokio::runtime::scheduler::current_thread::Core>, core::option::Option<()>)>
             at /rustc/b940084d7eb6a299eb4bfeb8e34901bc051e7ac4/library/std/src/thread/local.rs:427:20
  18: tokio::runtime::context::set_scheduler::<(alloc::boxed::Box<tokio::runtime::scheduler::current_thread::Core>, core::option::Option<()>), <tokio::runtime::scheduler::current_thread::CoreGuard>::enter<<tokio::runtime::scheduler::current_thread::CoreGuard>::block_on<core::pin::Pin<&mut core::pin::Pin<&mut dyn core::future::future::Future<Output = ()>>>>::{closure#0}, core::option::Option<()>>::{closure#0}>
             at /Users/runner/.cargo/registry/src/index.crates.io-1949cf8c6b5b557f/tokio-1.53.1/src/runtime/context.rs:187:17
  19: <tokio::runtime::scheduler::current_thread::CoreGuard>::enter::<<tokio::runtime::scheduler::current_thread::CoreGuard>::block_on<core::pin::Pin<&mut core::pin::Pin<&mut dyn core::future::future::Future<Output = ()>>>>::{closure#0}, core::option::Option<()>>
             at /Users/runner/.cargo/registry/src/index.crates.io-1949cf8c6b5b557f/tokio-1.53.1/src/runtime/scheduler/current_thread/mod.rs:906:27
  20: <tokio::runtime::scheduler::current_thread::CoreGuard>::block_on::<core::pin::Pin<&mut core::pin::Pin<&mut dyn core::future::future::Future<Output = ()>>>>
             at /Users/runner/.cargo/registry/src/index.crates.io-1949cf8c6b5b557f/tokio-1.53.1/src/runtime/scheduler/current_thread/mod.rs:817:24
  21: <tokio::runtime::scheduler::current_thread::CurrentThread>::block_on::<core::pin::Pin<&mut dyn core::future::future::Future<Output = ()>>>::{closure#0}
             at /Users/runner/.cargo/registry/src/index.crates.io-1949cf8c6b5b557f/tokio-1.53.1/src/runtime/scheduler/current_thread/mod.rs:218:33
  22: tokio::runtime::context::runtime::enter_runtime::<<tokio::runtime::scheduler::current_thread::CurrentThread>::block_on<core::pin::Pin<&mut dyn core::future::future::Future<Output = ()>>>::{closure#0}, ()>
             at /Users/runner/.cargo/registry/src/index.crates.io-1949cf8c6b5b557f/tokio-1.53.1/src/runtime/context/runtime.rs:65:16
  23: <tokio::runtime::scheduler::current_thread::CurrentThread>::block_on::<core::pin::Pin<&mut dyn core::future::future::Future<Output = ()>>>
             at /Users/runner/.cargo/registry/src/index.crates.io-1949cf8c6b5b557f/tokio-1.53.1/src/runtime/scheduler/current_thread/mod.rs:206:9
  24: <tokio::runtime::runtime::Runtime>::block_on_inner::<core::pin::Pin<&mut dyn core::future::future::Future<Output = ()>>>
             at /Users/runner/.cargo/registry/src/index.crates.io-1949cf8c6b5b557f/tokio-1.53.1/src/runtime/runtime.rs:374:52
  25: <tokio::runtime::runtime::Runtime>::block_on::<core::pin::Pin<&mut dyn core::future::future::Future<Output = ()>>>
             at /Users/runner/.cargo/registry/src/index.crates.io-1949cf8c6b5b557f/tokio-1.53.1/src/runtime/runtime.rs:343:18
  26: http_compat::chrome_javascript_exceptions
             at ./http_compat.rs:193:35
  27: http_compat::chrome_javascript_exceptions::{closure#0}
             at ./http_compat.rs:192:27
  28: <http_compat::chrome_javascript_exceptions::{closure#0} as core::ops::function::FnOnce<()>>::call_once
             at /rustc/b940084d7eb6a299eb4bfeb8e34901bc051e7ac4/library/core/src/ops/function.rs:250:5
  29: <fn() -> core::result::Result<(), alloc::string::String> as core::ops::function::FnOnce<()>>::call_once
             at /rustc/b940084d7eb6a299eb4bfeb8e34901bc051e7ac4/library/core/src/ops/function.rs:250:5
note: Some details are omitted, run with `RUST_BACKTRACE=full` for a verbose backtrace.
FAILED
test chrome_navigation_and_forms ... Chrome version: Chrome/155.0.8059.39
HTTP compat Chrome stage: new_page start
HTTP compat Chrome new_page timed out: Elapsed(())
Chrome page-creation launch diagnostics: BrowserDiagnostics { product: "Chrome/155.0.8059.39", protocol_version: "1.3", user_agent: "Mozilla/5.0 (Macintosh; Intel Mac OS X 10_15_7) AppleWebKit/537.36 (KHTML, like Gecko) HeadlessChrome/155.0.0.0 Safari/537.36", executable: Some("/Users/runner/hostedtoolcache/setup-chrome/chrome/stable/arm64/Contents/MacOS/Google Chrome for Testing"), launch_args: ["--remote-debugging-port=0", "--no-first-run", "--no-default-browser-check", "--user-data-dir=/var/folders/36/tjdph2t965j8snz9_vkdnw0r0000gn/T/rustwright-2285-1791558699240169000-10", "--headless=new", "--disable-gpu", "--hide-scrollbars", "--mute-audio", "about:blank"], user_data_dir: Some("/var/folders/36/tjdph2t965j8snz9_vkdnw0r0000gn/T/rustwright-2285-1791558699240169000-10"), endpoint: Some("http://127.0.0.1:49239"), pid: Some(29033), ephemeral_profile: true, browser_log: Some("/var/folders/36/tjdph2t965j8snz9_vkdnw0r0000gn/T/rustwright-2285-1791558699240169000-10/rustwright-chrome.log") }
Chrome page-creation pending commands: 0
Chrome stderr (first 16 KiB): Ok("[29042:100026:1009/151139.621388:ERROR:base/apple/mach_port_rendezvous_mac.cc:256] bootstrap_look_up com.google.chrome.for.testing.MachPortRendezvousServer.29033: Permission denied (1100)\n[29042:100026:1009/151139.621693:ERROR:base/memory/shared_memory_switch.cc:261] No rendezvous client, terminating process (parent died?)\n[29041:100024:1009/151139.621905:ERROR:base/apple/mach_port_rendezvous_mac.cc:256] bootstrap_look_up com.google.chrome.for.testing.MachPortRendezvousServer.29033: Permission denied (1100)\n[29041:100024:1009/151139.622070:ERROR:base/memory/shared_memory_switch.cc:261] No rendezvous client, terminating process (parent died?)\n\nDevTools listening on ws://127.0.0.1:49239/devtools/browser/46404534-e1d9-4516-b0ff-3ceeea7463e7\n[29044:100055:1009/151139.733370:ERROR:base/apple/mach_port_rendezvous_mac.cc:256] bootstrap_look_up com.google.chrome.for.testing.MachPortRendezvousServer.29033: Unknown service name (1102)\n[29044:100055:1009/151139.733840:ERROR:base/memory/shared_memory_switch.cc:261] No rendezvous client, terminating process (parent died?)\n[29043:100054:1009/151139.737575:ERROR:base/apple/mach_port_rendezvous_mac.cc:256] bootstrap_look_up com.google.chrome.for.testing.MachPortRendezvousServer.29033: Permission denied (1100)\n[29043:100054:1009/151139.738011:ERROR:base/memory/shared_memory_switch.cc:261] No rendezvous client, terminating process (parent died?)\n[29047:100086:1009/151139.960296:ERROR:base/apple/mach_port_rendezvous_mac.cc:256] bootstrap_look_up com.google.chrome.for.testing.MachPortRendezvousServer.29033: Permission denied (1100)\n[29047:100086:1009/151139.961238:ERROR:base/memory/shared_memory_switch.cc:261] No rendezvous client, terminating process (parent died?)\n[29049:100096:1009/151140.056239:ERROR:base/apple/mach_port_rendezvous_mac.cc:256] bootstrap_look_up com.google.chrome.for.testing.MachPortRendezvousServer.29033: Permission denied (1100)\n[29049:100096:1009/151140.056775:ERROR:base/memory/shared_memory_switch.cc:261] No rendezvous client, terminating process (parent died?)\n[29048:100095:1009/151140.058999:ERROR:base/apple/mach_port_rendezvous_mac.cc:256] bootstrap_look_up com.google.chrome.for.testing.MachPortRendezvousServer.29033: Permission denied (1100)\n[29048:100095:1009/151140.059249:ERROR:base/memory/shared_memory_switch.cc:261] No rendezvous client, terminating process (parent died?)\n[29033:99923:1009/151140.082849:ERROR:content/browser/network_service_instance_impl.cc:653] Network service crashed or was terminated, restarting service.\n[29050:100113:1009/151140.175083:ERROR:base/apple/mach_port_rendezvous_mac.cc:256] bootstrap_look_up com.google.chrome.for.testing.MachPortRendezvousServer.29033: Permission denied (1100)\n[29050:100113:1009/151140.175395:ERROR:base/memory/shared_memory_switch.cc:261] No rendezvous client, terminating process (parent died?)\n[29051:100114:1009/151140.197264:ERROR:base/apple/mach_port_rendezvous_mac.cc:256] bootstrap_look_up com.google.chrome.for.testing.MachPortRendezvousServer.29033: Permission denied (1100)\n[29051:100114:1009/151140.197644:ERROR:base/memory/shared_memory_switch.cc:261] No rendezvous client, terminating process (parent died?)\n[29052:100115:1009/151140.199597:ERROR:base/apple/mach_port_rendezvous_mac.cc:256] bootstrap_look_up com.google.chrome.for.testing.MachPortRendezvousServer.29033: Permission denied (1100)\n[29052:100115:1009/151140.199847:ERROR:base/memory/shared_memory_switch.cc:261] No rendezvous client, terminating process (parent died?)\n[29033:99923:1009/151140.247451:ERROR:content/browser/network_service_instance_impl.cc:653] Network service crashed or was terminated, restarting service.\n[29053:100124:1009/151140.330312:ERROR:base/apple/mach_port_rendezvous_mac.cc:256] bootstrap_look_up com.google.chrome.for.testing.MachPortRendezvousServer.29033: Permission denied (1100)\n[29053:100124:1009/151140.330700:ERROR:base/memory/shared_memory_switch.cc:261] No rendezvous client, terminating process (parent died?)\n[29054:100125:1009/151140.338240:ERROR:base/apple/mach_port_rendezvous_mac.cc:256] bootstrap_look_up com.google.chrome.for.testing.MachPortRendezvousServer.29033: Permission denied (1100)\n[29054:100125:1009/151140.338570:ERROR:base/memory/shared_memory_switch.cc:261] No rendezvous client, terminating process (parent died?)\n[29055:100126:1009/151140.342638:ERROR:base/apple/mach_port_rendezvous_mac.cc:256] bootstrap_look_up com.google.chrome.for.testing.MachPortRendezvousServer.29033: Permission denied (1100)\n[29055:100126:1009/151140.342886:ERROR:base/memory/shared_memory_switch.cc:261] No rendezvous client, terminating process (parent died?)\n[29033:99923:1009/151140.351823:ERROR:content/browser/network_service_instance_impl.cc:653] Network service crashed or was terminated, restarting service.\n[29059:100141:1009/151140.422340:ERROR:base/apple/mach_port_rendezvous_mac.cc:256] bootstrap_look_up com.google.chrome.for.testing.MachPortRendezvousServer.29033: Permission denied (1100)\n[29059:100141:1009/151140.422600:ERROR:base/memory/shared_memory_switch.cc:261] No rendezvous client, terminating process (parent died?)\n[29058:100140:1009/151140.573820:ERROR:base/apple/mach_port_rendezvous_mac.cc:256] bootstrap_look_up com.google.chrome.for.testing.MachPortRendezvousServer.29033: Permission denied (1100)\n[29058:100140:1009/151140.575087:ERROR:base/memory/shared_memory_switch.cc:261] No rendezvous client, terminating process (parent died?)\n[29057:100139:1009/151140.491650:ERROR:base/apple/mach_port_rendezvous_mac.cc:256] bootstrap_look_up com.google.chrome.for.testing.MachPortRendezvousServer.29033: Permission denied (1100)\n[29057:100139:1009/151140.582895:ERROR:base/memory/shared_memory_switch.cc:261] No rendezvous client, terminating process (parent died?)\n[29060:100148:1009/151140.594481:ERROR:base/apple/mach_port_rendezvous_mac.cc:256] bootstrap_look_up com.google.chrome.for.testing.MachPortRendezvousServer.29033: Permission denied (1100)\n[29060:100148:1009/151140.595273:ERROR:base/memory/shared_memory_switch.cc:261] No rendezvous client, terminating process (parent died?)\n[29061:100149:1009/151140.596230:ERROR:base/apple/mach_port_rendezvous_mac.cc:256] bootstrap_look_up com.google.chrome.for.testing.MachPortRendezvousServer.29033: Permission denied (1100)\n[29061:100149:1009/151140.596664:ERROR:base/memory/shared_memory_switch.cc:261] No rendezvous client, terminating process (parent died?)\n[29033:99923:1009/151140.629102:ERROR:content/browser/network_service_instance_impl.cc:653] Network service crashed or was terminated, restarting service.\n[29064:100244:1009/151140.689500:ERROR:base/apple/mach_port_rendezvous_mac.cc:256] bootstrap_look_up com.google.chrome.for.testing.MachPortRendezvousServer.29033: Permission denied (1100)\n[29064:100244:1009/151140.689659:ERROR:base/memory/shared_memory_switch.cc:261] No rendezvous client, terminating process (parent died?)\n[29066:100246:1009/151140.708238:ERROR:base/apple/mach_port_rendezvous_mac.cc:256] bootstrap_look_up com.google.chrome.for.testing.MachPortRendezvousServer.29033: Permission denied (1100)\n[29066:100246:1009/151140.708635:ERROR:base/memory/shared_memory_switch.cc:261] No rendezvous client, terminating process (parent died?)\n[29065:100245:1009/151140.712968:ERROR:base/apple/mach_port_rendezvous_mac.cc:256] bootstrap_look_up com.google.chrome.for.testing.MachPortRendezvousServer.29033: Permission denied (1100)\n[29065:100245:1009/151140.713242:ERROR:base/memory/shared_memory_switch.cc:261] No rendezvous client, terminating process (parent died?)\n[29033:99923:1009/151140.716176:ERROR:content/browser/network_service_instance_impl.cc:653] Network service crashed or was terminated, restarting service.\n[29069:100259:1009/151140.836283:ERROR:base/apple/mach_port_rendezvous_mac.cc:256] bootstrap_look_up com.google.chrome.for.testing.MachPortRendezvousServer.29033: Permission denied (1100)\n[29069:100259:1009/151140.836512:ERROR:base/memory/shared_memory_switch.cc:261] No rendezvous client, terminating process (parent died?)\n[29072:100265:1009/151140.913613:ERROR:base/apple/mach_port_rendezvous_mac.cc:256] bootstrap_look_up com.google.chrome.for.testing.MachPortRendezvousServer.29033: Permission denied (1100)\n[29072:100265:1009/151140.914144:ERROR:base/memory/shared_memory_switch.cc:261] No rendezvous client, terminating process (parent died?)\n[29073:100266:1009/151140.925981:ERROR:base/apple/mach_port_rendezvous_mac.cc:256] bootstrap_look_up com.google.chrome.for.testing.MachPortRendezvousServer.29033: Permission denied (1100)\n[29073:100266:1009/151140.926937:ERROR:base/memory/shared_memory_switch.cc:261] No rendezvous client, terminating process (parent died?)\n[29074:100267:1009/151140.927337:ERROR:base/apple/mach_port_rendezvous_mac.cc:256] bootstrap_look_up com.google.chrome.for.testing.MachPortRendezvousServer.29033: Permission denied (1100)\n[29074:100267:1009/151140.927508:ERROR:base/memory/shared_memory_switch.cc:261] No rendezvous client, terminating process (parent died?)\n[29070:100260:1009/151140.946202:ERROR:base/apple/mach_port_rendezvous_mac.cc:256] bootstrap_look_up com.google.chrome.for.testing.MachPortRendezvousServer.29033: Permission denied (1100)\n[29070:100260:1009/151140.946572:ERROR:base/memory/shared_memory_switch.cc:261] No rendezvous client, terminating process (parent died?)\n[29033:99923:1009/151140.949064:ERROR:content/browser/network_service_instance_impl.cc:653] Network service crashed or was terminated, restarting service.\n[29075:100275:1009/151140.998688:ERROR:base/apple/mach_port_rendezvous_mac.cc:256] bootstrap_look_up com.google.chrome.for.testing.MachPortRendezvousServer.29033: Permission denied (1100)\n[29075:100275:1009/151140.998858:ERROR:base/memory/shared_memory_switch.cc:261] No rendezvous client, terminating process (parent died?)\n[29071:100261:1009/151141.001878:ERROR:base/apple/mach_port_rendezvous_mac.cc:256] bootstrap_look_up com.google.chrome.for.testing.MachPortRendezvousServer.29033: Permission denied (1100)\n[29071:100261:1009/151141.002433:ERROR:base/memory/shared_memory_switch.cc:261] No rendezvous client, terminating process (parent died?)\n[29076:100278:1009/151141.051025:ERROR:base/apple/mach_port_rendezvous_mac.cc:256] bootstrap_look_up com.google.chrome.for.testing.MachPortRendezvousServer.29033: Permission denied (1100)\n[29076:100278:1009/151141.051510:ERROR:base/memory/shared_memory_switch.cc:261] No rendezvous client, terminating process (parent died?)\n[29033:99923:1009/151141.053600:ERROR:content/browser/network_service_instance_impl.cc:653] Network service crashed or was terminated, restarting service.\n[29033:99923:1009/151141.055155:ERROR:chrome/browser/component_updater/soda_component_installer.cc:100] On demand update of the SODA component failed with error: 5\n[29077:100285:1009/151141.056136:ERROR:base/apple/mach_port_rendezvous_mac.cc:256] bootstrap_look_up com.google.chrome.for.testing.MachPortRendezvousServer.29033: Permission denied (1100)\n[29077:100285:1009/151141.056290:ERROR:base/memory/shared_memory_switch.cc:261] No rendezvous client, terminating process (parent died?)\n[29078:100288:1009/151141.076002:ERROR:base/apple/mach_port_rendezvous_mac.cc:256] bootstrap_look_up com.google.chrome.for.testing.MachPortRendezvousServer.29033: Permission denied (1100)\n[29078:100288:1009/151141.076336:ERROR:base/memory/shared_memory_switch.cc:261] No rendezvous client, terminating process (parent died?)\n[29080:100295:1009/151141.101686:ERROR:base/apple/mach_port_rendezvous_mac.cc:256] bootstrap_look_up com.google.chrome.for.testing.MachPortRendezvousServer.29033: Permission denied (1100)\n[29080:100295:1009/151141.101851:ERROR:base/memory/shared_memory_switch.cc:261] No rendezvous client, terminating process (parent died?)\n[29079:100294:1009/151141.102259:ERROR:base/apple/mach_port_rendezvous_mac.cc:256] bootstrap_look_up com.google.chrome.for.testing.MachPortRendezvousServer.29033: Permission denied (1100)\n[29079:100294:1009/151141.102500:ERROR:base/memory/shared_memory_switch.cc:261] No rendezvous client, terminating process (parent died?)\n[29033:99923:1009/151141.103906:ERROR:content/browser/network_service_instance_impl.cc:653] Network service crashed or was terminated, restarting service.\n[29033:99923:1009/151141.105089:ERROR:chrome/browser/component_updater/soda_language_pack_component_installer.cc:86] On demand update of the SODA language component failed with error: 5\n[29081:100300:1009/151141.129773:ERROR:base/apple/mach_port_rendezvous_mac.cc:256] bootstrap_look_up com.google.chrome.for.testing.MachPortRendezvousServer.29033: Permission denied (1100)\n[29081:100300:1009/151141.130085:ERROR:base/memory/shared_memory_switch.cc:261] No rendezvous client, terminating process (parent died?)\n[29082:100306:1009/151141.157809:ERROR:base/apple/mach_port_rendezvous_mac.cc:256] bootstrap_look_up com.google.chrome.for.testing.MachPortRendezvousServer.29033: Permission denied (1100)\n[29082:100306:1009/151141.158099:ERROR:base/memory/shared_memory_switch.cc:261] No rendezvous client, terminating process (parent died?)\n[29083:100307:1009/151141.157959:ERROR:base/apple/mach_port_rendezvous_mac.cc:256] bootstrap_look_up com.google.chrome.for.testing.MachPortRendezvousServer.29033: Permission denied (1100)\n[29083:100307:1009/151141.158290:ERROR:base/memory/shared_memory_switch.cc:261] No rendezvous client, terminating process (parent died?)\n[29033:99923:1009/151141.160412:ERROR:content/browser/network_service_instance_impl.cc:653] Network service crashed or was terminated, restarting service.\n[29086:100318:1009/151141.194262:ERROR:base/apple/mach_port_rendezvous_mac.cc:256] bootstrap_look_up com.google.chrome.for.testing.MachPortRendezvousServer.29033: Permission denied (1100)\n[29086:100318:1009/151141.194398:ERROR:base/memory/shared_memory_switch.cc:261] No rendezvous client, terminating process (parent died?)\n[29085:100313:1009/151141.197044:ERROR:base/apple/mach_port_rendezvous_mac.cc:256] bootstrap_look_up com.google.chrome.for.testing.MachPortRendezvousServer.29033: Unknown service name (1102)\n[29085:100313:1009/151141.198134:ERROR:base/memory/shared_memory_switch.cc:261] No rendezvous client, terminating process (parent died?)\n[29084:100312:1009/151141.204492:ERROR:base/apple/mach_port_rendezvous_mac.cc:256] bootstrap_look_up com.google.chrome.for.testing.MachPortRendezvousServer.29033: Permission denied (1100)\n[29084:100312:1009/151141.204744:ERROR:base/memory/shared_memory_switch.cc:261] No rendezvous client, terminating process (parent died?)\n[29087:100319:1009/151141.212494:ERROR:base/apple/mach_port_rendezvous_mac.cc:256] bootstrap_look_up com.google.chrome.for.testing.MachPortRendezvousServer.29033: Permission denied (1100)\n[29087:100319:1009/151141.212785:ERROR:base/memory/shared_memory_switch.cc:261] No rendezvous client, terminating process (parent died?)\n[29033:99923:1009/151141.214328:ERROR:content/browser/network_service_instance_impl.cc:653] Network service crashed or was terminated, restarting service.\n[29088:100324:1009/151141.238111:ERROR:base/apple/mach_port_rendezvous_mac.cc:256] bootstrap_look_up com.google.chrome.for.testing.MachPortRendezvousServer.29033: Permission denied (1100)\n[29088:100324:1009/151141.238384:ERROR:base/memory/shared_memory_switch.cc:261] No rendezvous client, terminating process (parent died?)\n[29089:100330:1009/151141.257472:ERROR:base/apple/mach_port_rendezvous_mac.cc:256] bootstrap_look_up com.google.chrome.for.testing.MachPortRendezvousServer.29033: Permission denied (1100)\n[29089:100330:1009/151141.257950:ERROR:base/memory/shared_memory_switch.cc:261] No rendezvous client, terminating process (parent died?)\n[29090:100331:1009/151141.267765:ERROR:base/apple/mach_port_rendezvous_mac.cc:256] bootstrap_look_up com.google.chrome.for.testing.MachPortRendezvousServer.29033: Permission denied (1100)\n[29090:100331:1009/151141.268061:ERROR:base/memory/shared_memory_switch.cc:261] No rendezvous client, terminating process (parent died?)\n[29033:99923:1009/151141.269719:ERROR:content/browser/network_service_instance_impl.cc:653] Network service crashed or was terminated, restarting service.\n[29091:100333:1009/151141.287025:ERROR:base/apple/mach_port_rendezvous_mac.cc:256] bootstrap_look_up com.google.chrome.for.testing.MachPortRendezvousServer.29033: Permission denied (1100)\n[29091:100333:1009/151141.287210:ERROR:base/memory/shared_memo")
Chrome page-creation probe: endpoint discovery start
Chrome page-creation probe: WebSocket connect start
Chrome page-creation probe sending: Target.getTargets
Chrome page-creation probe Target.getTargets: Ok(Object {"targetInfos": Array [Object {"attached": Bool(false), "browserContextId": String("8B5C380D0B51373F7669225F8CD79047"), "canAccessOpener": Bool(false), "targetId": String("3A2ABBBC8466218AECCF3D7672FC8C38"), "title": String(""), "type": String("page"), "url": String("about:blank")}, Object {"attached": Bool(false), "browserContextId": String("8B5C380D0B51373F7669225F8CD79047"), "canAccessOpener": Bool(false), "targetId": String("3D6B33BDDFEEDA8C7E5987EBB58D64DF"), "title": String(""), "type": String("browser_ui"), "url": String("chrome://omnibox-popup.top-chrome/omnibox_popup_aim.html")}, Object {"attached": Bool(false), "browserContextId": String("8B5C380D0B51373F7669225F8CD79047"), "canAccessOpener": Bool(false), "targetId": String("BFAC880C5AE1EAF60DB2DB2DC56C2DA8"), "title": String(""), "type": String("browser_ui"), "url": String("chrome://omnibox-popup.top-chrome/")}]})
Chrome page-creation probe sending: Target.getBrowserContexts
Chrome page-creation probe Target.getBrowserContexts: Ok(Object {"browserContextIds": Array [], "defaultBrowserContextId": String("8B5C380D0B51373F7669225F8CD79047")})
Chrome page-creation probe sending: Target.attachToTarget target=3A2ABBBC8466218AECCF3D7672FC8C38
Chrome page-creation probe Target.attachToTarget: Ok(Object {"sessionId": String("C45EA2BD00AF8A8306E47073E509F4F2")})
Chrome page-creation probe sending: Page.enable target=3A2ABBBC8466218AECCF3D7672FC8C38
Chrome page-creation probe completion: Err(Elapsed(()))

thread 'chrome_navigation_and_forms' (99922) panicked at tests/http_compat.rs:170:17:
Initial Chrome page creation exceeded 30 seconds: Elapsed(())
stack backtrace:
   0: __rustc::rust_begin_unwind
             at /rustc/b940084d7eb6a299eb4bfeb8e34901bc051e7ac4/library/std/src/panicking.rs:679:5
   1: core::panicking::panic_fmt
             at /rustc/b940084d7eb6a299eb4bfeb8e34901bc051e7ac4/library/core/src/panicking.rs:80:14
   2: http_compat::open::{closure#0}
             at ./http_compat.rs:170:17
   3: http_compat::navigation_and_forms::{closure#0}
             at ./http_compat.rs:203:50
   4: http_compat::chrome_navigation_and_forms::{closure#0}
             at ./http_compat.rs:193:30
   5: <core::pin::Pin<&mut dyn core::future::future::Future<Output = ()>> as core::future::future::Future>::poll
             at /rustc/b940084d7eb6a299eb4bfeb8e34901bc051e7ac4/library/core/src/future/future.rs:133:9
   6: <core::pin::Pin<&mut core::pin::Pin<&mut dyn core::future::future::Future<Output = ()>>> as core::future::future::Future>::poll
             at /rustc/b940084d7eb6a299eb4bfeb8e34901bc051e7ac4/library/core/src/future/future.rs:133:9
   7: <tokio::runtime::scheduler::current_thread::CoreGuard>::block_on::<core::pin::Pin<&mut core::pin::Pin<&mut dyn core::future::future::Future<Output = ()>>>>::{closure#0}::{closure#0}::{closure#0}
             at /Users/runner/.cargo/registry/src/index.crates.io-1949cf8c6b5b557f/tokio-1.53.1/src/runtime/scheduler/current_thread/mod.rs:830:70
   8: tokio::task::coop::with_budget::<core::task::poll::Poll<()>, <tokio::runtime::scheduler::current_thread::CoreGuard>::block_on<core::pin::Pin<&mut core::pin::Pin<&mut dyn core::future::future::Future<Output = ()>>>>::{closure#0}::{closure#0}::{closure#0}>
             at /Users/runner/.cargo/registry/src/index.crates.io-1949cf8c6b5b557f/tokio-1.53.1/src/task/coop/mod.rs:167:5
   9: tokio::task::coop::budget::<core::task::poll::Poll<()>, <tokio::runtime::scheduler::current_thread::CoreGuard>::block_on<core::pin::Pin<&mut core::pin::Pin<&mut dyn core::future::future::Future<Output = ()>>>>::{closure#0}::{closure#0}::{closure#0}>
             at /Users/runner/.cargo/registry/src/index.crates.io-1949cf8c6b5b557f/tokio-1.53.1/src/task/coop/mod.rs:133:5
  10: <tokio::runtime::scheduler::current_thread::CoreGuard>::block_on::<core::pin::Pin<&mut core::pin::Pin<&mut dyn core::future::future::Future<Output = ()>>>>::{closure#0}::{closure#0}
             at /Users/runner/.cargo/registry/src/index.crates.io-1949cf8c6b5b557f/tokio-1.53.1/src/runtime/scheduler/current_thread/mod.rs:830:25
  11: <tokio::runtime::scheduler::current_thread::Context>::enter::<core::task::poll::Poll<()>, <tokio::runtime::scheduler::current_thread::CoreGuard>::block_on<core::pin::Pin<&mut core::pin::Pin<&mut dyn core::future::future::Future<Output = ()>>>>::{closure#0}::{closure#0}>
             at /Users/runner/.cargo/registry/src/index.crates.io-1949cf8c6b5b557f/tokio-1.53.1/src/runtime/scheduler/current_thread/mod.rs:488:19
  12: <tokio::runtime::scheduler::current_thread::CoreGuard>::block_on::<core::pin::Pin<&mut core::pin::Pin<&mut dyn core::future::future::Future<Output = ()>>>>::{closure#0}
             at /Users/runner/.cargo/registry/src/index.crates.io-1949cf8c6b5b557f/tokio-1.53.1/src/runtime/scheduler/current_thread/mod.rs:829:44
  13: <tokio::runtime::scheduler::current_thread::CoreGuard>::enter::<<tokio::runtime::scheduler::current_thread::CoreGuard>::block_on<core::pin::Pin<&mut core::pin::Pin<&mut dyn core::future::future::Future<Output = ()>>>>::{closure#0}, core::option::Option<()>>::{closure#0}
             at /Users/runner/.cargo/registry/src/index.crates.io-1949cf8c6b5b557f/tokio-1.53.1/src/runtime/scheduler/current_thread/mod.rs:906:68
  14: <tokio::runtime::context::scoped::Scoped<tokio::runtime::scheduler::Context>>::set::<<tokio::runtime::scheduler::current_thread::CoreGuard>::enter<<tokio::runtime::scheduler::current_thread::CoreGuard>::block_on<core::pin::Pin<&mut core::pin::Pin<&mut dyn core::future::future::Future<Output = ()>>>>::{closure#0}, core::option::Option<()>>::{closure#0}, (alloc::boxed::Box<tokio::runtime::scheduler::current_thread::Core>, core::option::Option<()>)>
             at /Users/runner/.cargo/registry/src/index.crates.io-1949cf8c6b5b557f/tokio-1.53.1/src/runtime/context/scoped.rs:40:9
  15: tokio::runtime::context::set_scheduler::<(alloc::boxed::Box<tokio::runtime::scheduler::current_thread::Core>, core::option::Option<()>), <tokio::runtime::scheduler::current_thread::CoreGuard>::enter<<tokio::runtime::scheduler::current_thread::CoreGuard>::block_on<core::pin::Pin<&mut core::pin::Pin<&mut dyn core::future::future::Future<Output = ()>>>>::{closure#0}, core::option::Option<()>>::{closure#0}>::{closure#0}
             at /Users/runner/.cargo/registry/src/index.crates.io-1949cf8c6b5b557f/tokio-1.53.1/src/runtime/context.rs:187:38
  16: <std::thread::local::LocalKey<tokio::runtime::context::Context>>::try_with::<tokio::runtime::context::set_scheduler<(alloc::boxed::Box<tokio::runtime::scheduler::current_thread::Core>, core::option::Option<()>), <tokio::runtime::scheduler::current_thread::CoreGuard>::enter<<tokio::runtime::scheduler::current_thread::CoreGuard>::block_on<core::pin::Pin<&mut core::pin::Pin<&mut dyn core::future::future::Future<Output = ()>>>>::{closure#0}, core::option::Option<()>>::{closure#0}>::{closure#0}, (alloc::boxed::Box<tokio::runtime::scheduler::current_thread::Core>, core::option::Option<()>)>
             at /rustc/b940084d7eb6a299eb4bfeb8e34901bc051e7ac4/library/std/src/thread/local.rs:463:12
  17: <std::thread::local::LocalKey<tokio::runtime::context::Context>>::with::<tokio::runtime::context::set_scheduler<(alloc::boxed::Box<tokio::runtime::scheduler::current_thread::Core>, core::option::Option<()>), <tokio::runtime::scheduler::current_thread::CoreGuard>::enter<<tokio::runtime::scheduler::current_thread::CoreGuard>::block_on<core::pin::Pin<&mut core::pin::Pin<&mut dyn core::future::future::Future<Output = ()>>>>::{closure#0}, core::option::Option<()>>::{closure#0}>::{closure#0}, (alloc::boxed::Box<tokio::runtime::scheduler::current_thread::Core>, core::option::Option<()>)>
             at /rustc/b940084d7eb6a299eb4bfeb8e34901bc051e7ac4/library/std/src/thread/local.rs:427:20
  18: tokio::runtime::context::set_scheduler::<(alloc::boxed::Box<tokio::runtime::scheduler::current_thread::Core>, core::option::Option<()>), <tokio::runtime::scheduler::current_thread::CoreGuard>::enter<<tokio::runtime::scheduler::current_thread::CoreGuard>::block_on<core::pin::Pin<&mut core::pin::Pin<&mut dyn core::future::future::Future<Output = ()>>>>::{closure#0}, core::option::Option<()>>::{closure#0}>
             at /Users/runner/.cargo/registry/src/index.crates.io-1949cf8c6b5b557f/tokio-1.53.1/src/runtime/context.rs:187:17
  19: <tokio::runtime::scheduler::current_thread::CoreGuard>::enter::<<tokio::runtime::scheduler::current_thread::CoreGuard>::block_on<core::pin::Pin<&mut core::pin::Pin<&mut dyn core::future::future::Future<Output = ()>>>>::{closure#0}, core::option::Option<()>>
             at /Users/runner/.cargo/registry/src/index.crates.io-1949cf8c6b5b557f/tokio-1.53.1/src/runtime/scheduler/current_thread/mod.rs:906:27
  20: <tokio::runtime::scheduler::current_thread::CoreGuard>::block_on::<core::pin::Pin<&mut core::pin::Pin<&mut dyn core::future::future::Future<Output = ()>>>>
             at /Users/runner/.cargo/registry/src/index.crates.io-1949cf8c6b5b557f/tokio-1.53.1/src/runtime/scheduler/current_thread/mod.rs:817:24
  21: <tokio::runtime::scheduler::current_thread::CurrentThread>::block_on::<core::pin::Pin<&mut dyn core::future::future::Future<Output = ()>>>::{closure#0}
             at /Users/runner/.cargo/registry/src/index.crates.io-1949cf8c6b5b557f/tokio-1.53.1/src/runtime/scheduler/current_thread/mod.rs:218:33
  22: tokio::runtime::context::runtime::enter_runtime::<<tokio::runtime::scheduler::current_thread::CurrentThread>::block_on<core::pin::Pin<&mut dyn core::future::future::Future<Output = ()>>>::{closure#0}, ()>
             at /Users/runner/.cargo/registry/src/index.crates.io-1949cf8c6b5b557f/tokio-1.53.1/src/runtime/context/runtime.rs:65:16
  23: <tokio::runtime::scheduler::current_thread::CurrentThread>::block_on::<core::pin::Pin<&mut dyn core::future::future::Future<Output = ()>>>
             at /Users/runner/.cargo/registry/src/index.crates.io-1949cf8c6b5b557f/tokio-1.53.1/src/runtime/scheduler/current_thread/mod.rs:206:9
  24: <tokio::runtime::runtime::Runtime>::block_on_inner::<core::pin::Pin<&mut dyn core::future::future::Future<Output = ()>>>
             at /Users/runner/.cargo/registry/src/index.crates.io-1949cf8c6b5b557f/tokio-1.53.1/src/runtime/runtime.rs:374:52
  25: <tokio::runtime::runtime::Runtime>::block_on::<core::pin::Pin<&mut dyn core::future::future::Future<Output = ()>>>
             at /Users/runner/.cargo/registry/src/index.crates.io-1949cf8c6b5b557f/tokio-1.53.1/src/runtime/runtime.rs:343:18
  26: http_compat::chrome_navigation_and_forms
             at ./http_compat.rs:193:35
  27: http_compat::chrome_navigation_and_forms::{closure#0}
             at ./http_compat.rs:192:27
  28: <http_compat::chrome_navigation_and_forms::{closure#0} as core::ops::function::FnOnce<()>>::call_once
             at /rustc/b940084d7eb6a299eb4bfeb8e34901bc051e7ac4/library/core/src/ops/function.rs:250:5
  29: <fn() -> core::result::Result<(), alloc::string::String> as core::ops::function::FnOnce<()>>::call_once
             at /rustc/b940084d7eb6a299eb4bfeb8e34901bc051e7ac4/library/core/src/ops/function.rs:250:5
note: Some details are omitted, run with `RUST_BACKTRACE=full` for a verbose backtrace.
FAILED
test chrome_wait_deadline ... Chrome version: Chrome/155.0.8059.39
HTTP compat Chrome stage: new_page start
HTTP compat Chrome new_page timed out: Elapsed(())
Chrome page-creation launch diagnostics: BrowserDiagnostics { product: "Chrome/155.0.8059.39", protocol_version: "1.3", user_agent: "Mozilla/5.0 (Macintosh; Intel Mac OS X 10_15_7) AppleWebKit/537.36 (KHTML, like Gecko) HeadlessChrome/155.0.0.0 Safari/537.36", executable: Some("/Users/runner/hostedtoolcache/setup-chrome/chrome/stable/arm64/Contents/MacOS/Google Chrome for Testing"), launch_args: ["--remote-debugging-port=0", "--no-first-run", "--no-default-browser-check", "--user-data-dir=/var/folders/36/tjdph2t965j8snz9_vkdnw0r0000gn/T/rustwright-2285-1791558735388134000-11", "--headless=new", "--disable-gpu", "--hide-scrollbars", "--mute-audio", "about:blank"], user_data_dir: Some("/var/folders/36/tjdph2t965j8snz9_vkdnw0r0000gn/T/rustwright-2285-1791558735388134000-11"), endpoint: Some("http://127.0.0.1:49245"), pid: Some(31948), ephemeral_profile: true, browser_log: Some("/var/folders/36/tjdph2t965j8snz9_vkdnw0r0000gn/T/rustwright-2285-1791558735388134000-11/rustwright-chrome.log") }
Chrome page-creation pending commands: 0
Chrome stderr (first 16 KiB): Ok("[31957:109507:1009/151215.727733:ERROR:base/apple/mach_port_rendezvous_mac.cc:256] bootstrap_look_up com.google.chrome.for.testing.MachPortRendezvousServer.31948: Permission denied (1100)\n[31957:109507:1009/151215.728618:ERROR:base/memory/shared_memory_switch.cc:261] No rendezvous client, terminating process (parent died?)\n[31956:109505:1009/151215.728415:ERROR:base/apple/mach_port_rendezvous_mac.cc:256] bootstrap_look_up com.google.chrome.for.testing.MachPortRendezvousServer.31948: Permission denied (1100)\n[31956:109505:1009/151215.730603:ERROR:base/memory/shared_memory_switch.cc:261] No rendezvous client, terminating process (parent died?)\n\nDevTools listening on ws://127.0.0.1:49245/devtools/browser/4fb1b650-d299-4bdb-8778-b077cc96e97b\n[31959:109537:1009/151215.808523:ERROR:base/apple/mach_port_rendezvous_mac.cc:256] bootstrap_look_up com.google.chrome.for.testing.MachPortRendezvousServer.31948: Unknown service name (1102)\n[31959:109537:1009/151215.808773:ERROR:base/memory/shared_memory_switch.cc:261] No rendezvous client, terminating process (parent died?)\n[31958:109535:1009/151215.809360:ERROR:base/apple/mach_port_rendezvous_mac.cc:256] bootstrap_look_up com.google.chrome.for.testing.MachPortRendezvousServer.31948: Permission denied (1100)\n[31958:109535:1009/151215.809508:ERROR:base/memory/shared_memory_switch.cc:261] No rendezvous client, terminating process (parent died?)\n[31960:109548:1009/151215.938674:ERROR:base/apple/mach_port_rendezvous_mac.cc:256] bootstrap_look_up com.google.chrome.for.testing.MachPortRendezvousServer.31948: Permission denied (1100)\n[31960:109548:1009/151215.938930:ERROR:base/memory/shared_memory_switch.cc:261] No rendezvous client, terminating process (parent died?)\n[31962:109555:1009/151215.995454:ERROR:base/apple/mach_port_rendezvous_mac.cc:256] bootstrap_look_up com.google.chrome.for.testing.MachPortRendezvousServer.31948: Permission denied (1100)\n[31962:109555:1009/151215.995853:ERROR:base/memory/shared_memory_switch.cc:261] No rendezvous client, terminating process (parent died?)\n[31961:109554:1009/151215.995740:ERROR:base/apple/mach_port_rendezvous_mac.cc:256] bootstrap_look_up com.google.chrome.for.testing.MachPortRendezvousServer.31948: Permission denied (1100)\n[31961:109554:1009/151215.996198:ERROR:base/memory/shared_memory_switch.cc:261] No rendezvous client, terminating process (parent died?)\n[31948:109421:1009/151216.041646:ERROR:content/browser/network_service_instance_impl.cc:653] Network service crashed or was terminated, restarting service.\n[31963:109573:1009/151216.156196:ERROR:base/apple/mach_port_rendezvous_mac.cc:256] bootstrap_look_up com.google.chrome.for.testing.MachPortRendezvousServer.31948: Permission denied (1100)\n[31963:109573:1009/151216.157069:ERROR:base/memory/shared_memory_switch.cc:261] No rendezvous client, terminating process (parent died?)\n[31965:109577:1009/151216.157883:ERROR:base/apple/mach_port_rendezvous_mac.cc:256] bootstrap_look_up com.google.chrome.for.testing.MachPortRendezvousServer.31948: Permission denied (1100)\n[31965:109577:1009/151216.158034:ERROR:base/memory/shared_memory_switch.cc:261] No rendezvous client, terminating process (parent died?)\n[31964:109576:1009/151216.161617:ERROR:base/apple/mach_port_rendezvous_mac.cc:256] bootstrap_look_up com.google.chrome.for.testing.MachPortRendezvousServer.31948: Permission denied (1100)\n[31964:109576:1009/151216.161904:ERROR:base/memory/shared_memory_switch.cc:261] No rendezvous client, terminating process (parent died?)\n[31948:109421:1009/151216.199984:ERROR:content/browser/network_service_instance_impl.cc:653] Network service crashed or was terminated, restarting service.\n[31969:109592:1009/151216.282550:ERROR:base/apple/mach_port_rendezvous_mac.cc:256] bootstrap_look_up com.google.chrome.for.testing.MachPortRendezvousServer.31948: Permission denied (1100)\n[31969:109592:1009/151216.283167:ERROR:base/memory/shared_memory_switch.cc:261] No rendezvous client, terminating process (parent died?)\n[31967:109590:1009/151216.286095:ERROR:base/apple/mach_port_rendezvous_mac.cc:256] bootstrap_look_up com.google.chrome.for.testing.MachPortRendezvousServer.31948: Permission denied (1100)\n[31967:109590:1009/151216.286534:ERROR:base/memory/shared_memory_switch.cc:261] No rendezvous client, terminating process (parent died?)\n[31966:109589:1009/151216.290379:ERROR:base/apple/mach_port_rendezvous_mac.cc:256] bootstrap_look_up com.google.chrome.for.testing.MachPortRendezvousServer.31948: Permission denied (1100)\n[31966:109589:1009/151216.290633:ERROR:base/memory/shared_memory_switch.cc:261] No rendezvous client, terminating process (parent died?)\n[31970:109593:1009/151216.305549:ERROR:base/apple/mach_port_rendezvous_mac.cc:256] bootstrap_look_up com.google.chrome.for.testing.MachPortRendezvousServer.31948: Permission denied (1100)\n[31970:109593:1009/151216.305813:ERROR:base/memory/shared_memory_switch.cc:261] No rendezvous client, terminating process (parent died?)\n[31971:109603:1009/151216.344600:ERROR:base/apple/mach_port_rendezvous_mac.cc:256] bootstrap_look_up com.google.chrome.for.testing.MachPortRendezvousServer.31948: Permission denied (1100)\n[31971:109603:1009/151216.344947:ERROR:base/memory/shared_memory_switch.cc:261] No rendezvous client, terminating process (parent died?)\n[31972:109605:1009/151216.344728:ERROR:base/apple/mach_port_rendezvous_mac.cc:256] bootstrap_look_up com.google.chrome.for.testing.MachPortRendezvousServer.31948: Permission denied (1100)\n[31972:109605:1009/151216.345063:ERROR:base/memory/shared_memory_switch.cc:261] No rendezvous client, terminating process (parent died?)\n[31968:109591:1009/151216.353102:ERROR:base/apple/mach_port_rendezvous_mac.cc:256] bootstrap_look_up com.google.chrome.for.testing.MachPortRendezvousServer.31948: Permission denied (1100)\n[31968:109591:1009/151216.353451:ERROR:base/memory/shared_memory_switch.cc:261] No rendezvous client, terminating process (parent died?)\n[31973:109607:1009/151216.360609:ERROR:base/apple/mach_port_rendezvous_mac.cc:256] bootstrap_look_up com.google.chrome.for.testing.MachPortRendezvousServer.31948: Permission denied (1100)\n[31973:109607:1009/151216.360790:ERROR:base/memory/shared_memory_switch.cc:261] No rendezvous client, terminating process (parent died?)\n[31948:109421:1009/151216.365353:ERROR:content/browser/network_service_instance_impl.cc:653] Network service crashed or was terminated, restarting service.\n[31976:109618:1009/151216.407723:ERROR:base/apple/mach_port_rendezvous_mac.cc:256] bootstrap_look_up com.google.chrome.for.testing.MachPortRendezvousServer.31948: Permission denied (1100)\n[31976:109618:1009/151216.408018:ERROR:base/memory/shared_memory_switch.cc:261] No rendezvous client, terminating process (parent died?)\n[31978:109621:1009/151216.411265:ERROR:base/apple/mach_port_rendezvous_mac.cc:256] bootstrap_look_up com.google.chrome.for.testing.MachPortRendezvousServer.31948: Permission denied (1100)\n[31978:109621:1009/151216.411436:ERROR:base/memory/shared_memory_switch.cc:261] No rendezvous client, terminating process (parent died?)\n[31977:109620:1009/151216.420118:ERROR:base/apple/mach_port_rendezvous_mac.cc:256] bootstrap_look_up com.google.chrome.for.testing.MachPortRendezvousServer.31948: Permission denied (1100)\n[31977:109620:1009/151216.420328:ERROR:base/memory/shared_memory_switch.cc:261] No rendezvous client, terminating process (parent died?)\n[31948:109421:1009/151216.421865:ERROR:content/browser/network_service_instance_impl.cc:653] Network service crashed or was terminated, restarting service.\n[31948:109421:1009/151216.422908:ERROR:chrome/browser/component_updater/soda_component_installer.cc:100] On demand update of the SODA component failed with error: 5\n[31980:109631:1009/151216.456511:ERROR:base/apple/mach_port_rendezvous_mac.cc:256] bootstrap_look_up com.google.chrome.for.testing.MachPortRendezvousServer.31948: Permission denied (1100)\n[31980:109631:1009/151216.456775:ERROR:base/memory/shared_memory_switch.cc:261] No rendezvous client, terminating process (parent died?)\n[31979:109630:1009/151216.460410:ERROR:base/apple/mach_port_rendezvous_mac.cc:256] bootstrap_look_up com.google.chrome.for.testing.MachPortRendezvousServer.31948: Permission denied (1100)\n[31979:109630:1009/151216.460682:ERROR:base/memory/shared_memory_switch.cc:261] No rendezvous client, terminating process (parent died?)\n[31981:109634:1009/151216.471650:ERROR:base/apple/mach_port_rendezvous_mac.cc:256] bootstrap_look_up com.google.chrome.for.testing.MachPortRendezvousServer.31948: Permission denied (1100)\n[31981:109634:1009/151216.471843:ERROR:base/memory/shared_memory_switch.cc:261] No rendezvous client, terminating process (parent died?)\n[31948:109421:1009/151216.473473:ERROR:content/browser/network_service_instance_impl.cc:653] Network service crashed or was terminated, restarting service.\n[31948:109421:1009/151216.474813:ERROR:chrome/browser/component_updater/soda_language_pack_component_installer.cc:86] On demand update of the SODA language component failed with error: 5\n[31982:109641:1009/151216.502053:ERROR:base/apple/mach_port_rendezvous_mac.cc:256] bootstrap_look_up com.google.chrome.for.testing.MachPortRendezvousServer.31948: Permission denied (1100)\n[31982:109641:1009/151216.502237:ERROR:base/memory/shared_memory_switch.cc:261] No rendezvous client, terminating process (parent died?)\n[31983:109642:1009/151216.514267:ERROR:base/apple/mach_port_rendezvous_mac.cc:256] bootstrap_look_up com.google.chrome.for.testing.MachPortRendezvousServer.31948: Permission denied (1100)\n[31983:109642:1009/151216.514550:ERROR:base/memory/shared_memory_switch.cc:261] No rendezvous client, terminating process (parent died?)\n[31984:109645:1009/151216.524230:ERROR:base/apple/mach_port_rendezvous_mac.cc:256] bootstrap_look_up com.google.chrome.for.testing.MachPortRendezvousServer.31948: Permission denied (1100)\n[31984:109645:1009/151216.524502:ERROR:base/memory/shared_memory_switch.cc:261] No rendezvous client, terminating process (parent died?)\n[31948:109421:1009/151216.526187:ERROR:content/browser/network_service_instance_impl.cc:653] Network service crashed or was terminated, restarting service.\n[31985:109648:1009/151216.545209:ERROR:base/apple/mach_port_rendezvous_mac.cc:256] bootstrap_look_up com.google.chrome.for.testing.MachPortRendezvousServer.31948: Permission denied (1100)\n[31985:109648:1009/151216.545382:ERROR:base/memory/shared_memory_switch.cc:261] No rendezvous client, terminating process (parent died?)\n[31986:109653:1009/151216.570044:ERROR:base/apple/mach_port_rendezvous_mac.cc:256] bootstrap_look_up com.google.chrome.for.testing.MachPortRendezvousServer.31948: Permission denied (1100)\n[31986:109653:1009/151216.570663:ERROR:base/memory/shared_memory_switch.cc:261] No rendezvous client, terminating process (parent died?)\n[31987:109656:1009/151216.575003:ERROR:base/apple/mach_port_rendezvous_mac.cc:256] bootstrap_look_up com.google.chrome.for.testing.MachPortRendezvousServer.31948: Permission denied (1100)\n[31987:109656:1009/151216.575235:ERROR:base/memory/shared_memory_switch.cc:261] No rendezvous client, terminating process (parent died?)\n[31948:109421:1009/151216.576904:ERROR:content/browser/network_service_instance_impl.cc:653] Network service crashed or was terminated, restarting service.\n[31988:109660:1009/151216.590850:ERROR:base/apple/mach_port_rendezvous_mac.cc:256] bootstrap_look_up com.google.chrome.for.testing.MachPortRendezvousServer.31948: Permission denied (1100)\n[31988:109660:1009/151216.591015:ERROR:base/memory/shared_memory_switch.cc:261] No rendezvous client, terminating process (parent died?)\n[31990:109668:1009/151216.622274:ERROR:base/apple/mach_port_rendezvous_mac.cc:256] bootstrap_look_up com.google.chrome.for.testing.MachPortRendezvousServer.31948: Permission denied (1100)\n[31990:109668:1009/151216.622461:ERROR:base/memory/shared_memory_switch.cc:261] No rendezvous client, terminating process (parent died?)\n[31989:109667:1009/151216.622162:ERROR:base/apple/mach_port_rendezvous_mac.cc:256] bootstrap_look_up com.google.chrome.for.testing.MachPortRendezvousServer.31948: Permission denied (1100)\n[31989:109667:1009/151216.622624:ERROR:base/memory/shared_memory_switch.cc:261] No rendezvous client, terminating process (parent died?)\n[31948:109421:1009/151216.624341:ERROR:content/browser/network_service_instance_impl.cc:653] Network service crashed or was terminated, restarting service.\n[31991:109670:1009/151216.630969:ERROR:base/apple/mach_port_rendezvous_mac.cc:256] bootstrap_look_up com.google.chrome.for.testing.MachPortRendezvousServer.31948: Permission denied (1100)\n[31991:109670:1009/151216.631171:ERROR:base/memory/shared_memory_switch.cc:261] No rendezvous client, terminating process (parent died?)\n[31992:109679:1009/151216.671362:ERROR:base/apple/mach_port_rendezvous_mac.cc:256] bootstrap_look_up com.google.chrome.for.testing.MachPortRendezvousServer.31948: Permission denied (1100)\n[31992:109679:1009/151216.671921:ERROR:base/memory/shared_memory_switch.cc:261] No rendezvous client, terminating process (parent died?)\n[31948:109421:1009/151216.673696:ERROR:content/browser/network_service_instance_impl.cc:653] Network service crashed or was terminated, restarting service.\n[31993:109680:1009/151216.675863:ERROR:base/apple/mach_port_rendezvous_mac.cc:256] bootstrap_look_up com.google.chrome.for.testing.MachPortRendezvousServer.31948: Permission denied (1100)\n[31993:109680:1009/151216.676298:ERROR:base/memory/shared_memory_switch.cc:261] No rendezvous client, terminating process (parent died?)\n[31994:109681:1009/151216.677607:ERROR:base/apple/mach_port_rendezvous_mac.cc:256] bootstrap_look_up com.google.chrome.for.testing.MachPortRendezvousServer.31948: Permission denied (1100)\n[31994:109681:1009/151216.677796:ERROR:base/memory/shared_memory_switch.cc:261] No rendezvous client, terminating process (parent died?)\n[31996:109691:1009/151216.728675:ERROR:base/apple/mach_port_rendezvous_mac.cc:256] bootstrap_look_up com.google.chrome.for.testing.MachPortRendezvousServer.31948: Permission denied (1100)\n[31996:109691:1009/151216.729087:ERROR:base/memory/shared_memory_switch.cc:261] No rendezvous client, terminating process (parent died?)\n[31997:109692:1009/151216.728981:ERROR:base/apple/mach_port_rendezvous_mac.cc:256] bootstrap_look_up com.google.chrome.for.testing.MachPortRendezvousServer.31948: Permission denied (1100)\n[31997:109692:1009/151216.729556:ERROR:base/memory/shared_memory_switch.cc:261] No rendezvous client, terminating process (parent died?)\n[31995:109690:1009/151216.730415:ERROR:base/apple/mach_port_rendezvous_mac.cc:256] bootstrap_look_up com.google.chrome.for.testing.MachPortRendezvousServer.31948: Permission denied (1100)\n[31995:109690:1009/151216.731162:ERROR:base/memory/shared_memory_switch.cc:261] No rendezvous client, terminating process (parent died?)\n[31948:109421:1009/151216.733267:ERROR:content/browser/network_service_instance_impl.cc:653] Network service crashed or was terminated, restarting service.\n[31999:109702:1009/151216.778583:ERROR:base/apple/mach_port_rendezvous_mac.cc:256] bootstrap_look_up com.google.chrome.for.testing.MachPortRendezvousServer.31948: Permission denied (1100)\n[31999:109702:1009/151216.778765:ERROR:base/memory/shared_memory_switch.cc:261] No rendezvous client, terminating process (parent died?)\n[31998:109701:1009/151216.786466:ERROR:base/apple/mach_port_rendezvous_mac.cc:256] bootstrap_look_up com.google.chrome.for.testing.MachPortRendezvousServer.31948: Permission denied (1100)\n[31998:109701:1009/151216.786757:ERROR:base/memory/shared_memory_switch.cc:261] No rendezvous client, terminating process (parent died?)\n[32000:109703:1009/151216.793316:ERROR:base/apple/mach_port_rendezvous_mac.cc:256] bootstrap_look_up com.google.chrome.for.testing.MachPortRendezvousServer.31948: Permission denied (1100)\n[32000:109703:1009/151216.793648:ERROR:base/memory/shared_memory_switch.cc:261] No rendezvous client, terminating process (parent died?)\n[31948:109421:1009/151216.795156:ERROR:content/browser/network_service_instance_impl.cc:653] Network service crashed or was terminated, restarting service.\n[32001:109709:1009/151216.823393:ERROR:base/apple/mach_port_rendezvous_mac.cc:256] bootstrap_look_up com.google.chrome.for.testing.MachPortRendezvousServer.31948: Permission denied (1100)\n[32001:109709:1009/151216.823563:ERROR:base/memory/s")
Chrome page-creation probe: endpoint discovery start
Chrome page-creation probe: WebSocket connect start
Chrome page-creation probe sending: Target.getTargets
Chrome page-creation probe Target.getTargets: Ok(Object {"targetInfos": Array [Object {"attached": Bool(false), "browserContextId": String("0EE96CBF67E381975556EB0C6BC081E5"), "canAccessOpener": Bool(false), "targetId": String("A23611A6E50A3289C572A0943D3FB928"), "title": String(""), "type": String("page"), "url": String("about:blank")}, Object {"attached": Bool(false), "browserContextId": String("0EE96CBF67E381975556EB0C6BC081E5"), "canAccessOpener": Bool(false), "targetId": String("D3236BC4B3FEF913E8C31F20FD941AA5"), "title": String(""), "type": String("browser_ui"), "url": String("chrome://omnibox-popup.top-chrome/omnibox_popup_aim.html")}, Object {"attached": Bool(false), "browserContextId": String("0EE96CBF67E381975556EB0C6BC081E5"), "canAccessOpener": Bool(false), "targetId": String("57CCDA4CC6FCC0DEB513FD74FAE57670"), "title": String(""), "type": String("browser_ui"), "url": String("chrome://omnibox-popup.top-chrome/")}]})
Chrome page-creation probe sending: Target.getBrowserContexts
Chrome page-creation probe Target.getBrowserContexts: Ok(Object {"browserContextIds": Array [], "defaultBrowserContextId": String("0EE96CBF67E381975556EB0C6BC081E5")})
Chrome page-creation probe sending: Target.attachToTarget target=A23611A6E50A3289C572A0943D3FB928
Chrome page-creation probe Target.attachToTarget: Ok(Object {"sessionId": String("BEAB4D1618258CEF1E2D59F33496AD16")})
Chrome page-creation probe sending: Page.enable target=A23611A6E50A3289C572A0943D3FB928
Chrome page-creation probe completion: Err(Elapsed(()))

thread 'chrome_wait_deadline' (109420) panicked at tests/http_compat.rs:170:17:
Initial Chrome page creation exceeded 30 seconds: Elapsed(())
stack backtrace:
   0: __rustc::rust_begin_unwind
             at /rustc/b940084d7eb6a299eb4bfeb8e34901bc051e7ac4/library/std/src/panicking.rs:679:5
   1: core::panicking::panic_fmt
             at /rustc/b940084d7eb6a299eb4bfeb8e34901bc051e7ac4/library/core/src/panicking.rs:80:14
   2: http_compat::open::{closure#0}
             at ./http_compat.rs:170:17
   3: http_compat::wait_deadline::{closure#0}
             at ./http_compat.rs:269:51
   4: http_compat::chrome_wait_deadline::{closure#0}
             at ./http_compat.rs:193:30
   5: <core::pin::Pin<&mut dyn core::future::future::Future<Output = ()>> as core::future::future::Future>::poll
             at /rustc/b940084d7eb6a299eb4bfeb8e34901bc051e7ac4/library/core/src/future/future.rs:133:9
   6: <core::pin::Pin<&mut core::pin::Pin<&mut dyn core::future::future::Future<Output = ()>>> as core::future::future::Future>::poll
             at /rustc/b940084d7eb6a299eb4bfeb8e34901bc051e7ac4/library/core/src/future/future.rs:133:9
   7: <tokio::runtime::scheduler::current_thread::CoreGuard>::block_on::<core::pin::Pin<&mut core::pin::Pin<&mut dyn core::future::future::Future<Output = ()>>>>::{closure#0}::{closure#0}::{closure#0}
             at /Users/runner/.cargo/registry/src/index.crates.io-1949cf8c6b5b557f/tokio-1.53.1/src/runtime/scheduler/current_thread/mod.rs:830:70
   8: tokio::task::coop::with_budget::<core::task::poll::Poll<()>, <tokio::runtime::scheduler::current_thread::CoreGuard>::block_on<core::pin::Pin<&mut core::pin::Pin<&mut dyn core::future::future::Future<Output = ()>>>>::{closure#0}::{closure#0}::{closure#0}>
             at /Users/runner/.cargo/registry/src/index.crates.io-1949cf8c6b5b557f/tokio-1.53.1/src/task/coop/mod.rs:167:5
   9: tokio::task::coop::budget::<core::task::poll::Poll<()>, <tokio::runtime::scheduler::current_thread::CoreGuard>::block_on<core::pin::Pin<&mut core::pin::Pin<&mut dyn core::future::future::Future<Output = ()>>>>::{closure#0}::{closure#0}::{closure#0}>
             at /Users/runner/.cargo/registry/src/index.crates.io-1949cf8c6b5b557f/tokio-1.53.1/src/task/coop/mod.rs:133:5
  10: <tokio::runtime::scheduler::current_thread::CoreGuard>::block_on::<core::pin::Pin<&mut core::pin::Pin<&mut dyn core::future::future::Future<Output = ()>>>>::{closure#0}::{closure#0}
             at /Users/runner/.cargo/registry/src/index.crates.io-1949cf8c6b5b557f/tokio-1.53.1/src/runtime/scheduler/current_thread/mod.rs:830:25
  11: <tokio::runtime::scheduler::current_thread::Context>::enter::<core::task::poll::Poll<()>, <tokio::runtime::scheduler::current_thread::CoreGuard>::block_on<core::pin::Pin<&mut core::pin::Pin<&mut dyn core::future::future::Future<Output = ()>>>>::{closure#0}::{closure#0}>
             at /Users/runner/.cargo/registry/src/index.crates.io-1949cf8c6b5b557f/tokio-1.53.1/src/runtime/scheduler/current_thread/mod.rs:488:19
  12: <tokio::runtime::scheduler::current_thread::CoreGuard>::block_on::<core::pin::Pin<&mut core::pin::Pin<&mut dyn core::future::future::Future<Output = ()>>>>::{closure#0}
             at /Users/runner/.cargo/registry/src/index.crates.io-1949cf8c6b5b557f/tokio-1.53.1/src/runtime/scheduler/current_thread/mod.rs:829:44
  13: <tokio::runtime::scheduler::current_thread::CoreGuard>::enter::<<tokio::runtime::scheduler::current_thread::CoreGuard>::block_on<core::pin::Pin<&mut core::pin::Pin<&mut dyn core::future::future::Future<Output = ()>>>>::{closure#0}, core::option::Option<()>>::{closure#0}
             at /Users/runner/.cargo/registry/src/index.crates.io-1949cf8c6b5b557f/tokio-1.53.1/src/runtime/scheduler/current_thread/mod.rs:906:68
  14: <tokio::runtime::context::scoped::Scoped<tokio::runtime::scheduler::Context>>::set::<<tokio::runtime::scheduler::current_thread::CoreGuard>::enter<<tokio::runtime::scheduler::current_thread::CoreGuard>::block_on<core::pin::Pin<&mut core::pin::Pin<&mut dyn core::future::future::Future<Output = ()>>>>::{closure#0}, core::option::Option<()>>::{closure#0}, (alloc::boxed::Box<tokio::runtime::scheduler::current_thread::Core>, core::option::Option<()>)>
             at /Users/runner/.cargo/registry/src/index.crates.io-1949cf8c6b5b557f/tokio-1.53.1/src/runtime/context/scoped.rs:40:9
  15: tokio::runtime::context::set_scheduler::<(alloc::boxed::Box<tokio::runtime::scheduler::current_thread::Core>, core::option::Option<()>), <tokio::runtime::scheduler::current_thread::CoreGuard>::enter<<tokio::runtime::scheduler::current_thread::CoreGuard>::block_on<core::pin::Pin<&mut core::pin::Pin<&mut dyn core::future::future::Future<Output = ()>>>>::{closure#0}, core::option::Option<()>>::{closure#0}>::{closure#0}
             at /Users/runner/.cargo/registry/src/index.crates.io-1949cf8c6b5b557f/tokio-1.53.1/src/runtime/context.rs:187:38
  16: <std::thread::local::LocalKey<tokio::runtime::context::Context>>::try_with::<tokio::runtime::context::set_scheduler<(alloc::boxed::Box<tokio::runtime::scheduler::current_thread::Core>, core::option::Option<()>), <tokio::runtime::scheduler::current_thread::CoreGuard>::enter<<tokio::runtime::scheduler::current_thread::CoreGuard>::block_on<core::pin::Pin<&mut core::pin::Pin<&mut dyn core::future::future::Future<Output = ()>>>>::{closure#0}, core::option::Option<()>>::{closure#0}>::{closure#0}, (alloc::boxed::Box<tokio::runtime::scheduler::current_thread::Core>, core::option::Option<()>)>
             at /rustc/b940084d7eb6a299eb4bfeb8e34901bc051e7ac4/library/std/src/thread/local.rs:463:12
  17: <std::thread::local::LocalKey<tokio::runtime::context::Context>>::with::<tokio::runtime::context::set_scheduler<(alloc::boxed::Box<tokio::runtime::scheduler::current_thread::Core>, core::option::Option<()>), <tokio::runtime::scheduler::current_thread::CoreGuard>::enter<<tokio::runtime::scheduler::current_thread::CoreGuard>::block_on<core::pin::Pin<&mut core::pin::Pin<&mut dyn core::future::future::Future<Output = ()>>>>::{closure#0}, core::option::Option<()>>::{closure#0}>::{closure#0}, (alloc::boxed::Box<tokio::runtime::scheduler::current_thread::Core>, core::option::Option<()>)>
             at /rustc/b940084d7eb6a299eb4bfeb8e34901bc051e7ac4/library/std/src/thread/local.rs:427:20
  18: tokio::runtime::context::set_scheduler::<(alloc::boxed::Box<tokio::runtime::scheduler::current_thread::Core>, core::option::Option<()>), <tokio::runtime::scheduler::current_thread::CoreGuard>::enter<<tokio::runtime::scheduler::current_thread::CoreGuard>::block_on<core::pin::Pin<&mut core::pin::Pin<&mut dyn core::future::future::Future<Output = ()>>>>::{closure#0}, core::option::Option<()>>::{closure#0}>
             at /Users/runner/.cargo/registry/src/index.crates.io-1949cf8c6b5b557f/tokio-1.53.1/src/runtime/context.rs:187:17
  19: <tokio::runtime::scheduler::current_thread::CoreGuard>::enter::<<tokio::runtime::scheduler::current_thread::CoreGuard>::block_on<core::pin::Pin<&mut core::pin::Pin<&mut dyn core::future::future::Future<Output = ()>>>>::{closure#0}, core::option::Option<()>>
             at /Users/runner/.cargo/registry/src/index.crates.io-1949cf8c6b5b557f/tokio-1.53.1/src/runtime/scheduler/current_thread/mod.rs:906:27
  20: <tokio::runtime::scheduler::current_thread::CoreGuard>::block_on::<core::pin::Pin<&mut core::pin::Pin<&mut dyn core::future::future::Future<Output = ()>>>>
             at /Users/runner/.cargo/registry/src/index.crates.io-1949cf8c6b5b557f/tokio-1.53.1/src/runtime/scheduler/current_thread/mod.rs:817:24
  21: <tokio::runtime::scheduler::current_thread::CurrentThread>::block_on::<core::pin::Pin<&mut dyn core::future::future::Future<Output = ()>>>::{closure#0}
             at /Users/runner/.cargo/registry/src/index.crates.io-1949cf8c6b5b557f/tokio-1.53.1/src/runtime/scheduler/current_thread/mod.rs:218:33
  22: tokio::runtime::context::runtime::enter_runtime::<<tokio::runtime::scheduler::current_thread::CurrentThread>::block_on<core::pin::Pin<&mut dyn core::future::future::Future<Output = ()>>>::{closure#0}, ()>
             at /Users/runner/.cargo/registry/src/index.crates.io-1949cf8c6b5b557f/tokio-1.53.1/src/runtime/context/runtime.rs:65:16
  23: <tokio::runtime::scheduler::current_thread::CurrentThread>::block_on::<core::pin::Pin<&mut dyn core::future::future::Future<Output = ()>>>
             at /Users/runner/.cargo/registry/src/index.crates.io-1949cf8c6b5b557f/tokio-1.53.1/src/runtime/scheduler/current_thread/mod.rs:206:9
  24: <tokio::runtime::runtime::Runtime>::block_on_inner::<core::pin::Pin<&mut dyn core::future::future::Future<Output = ()>>>
             at /Users/runner/.cargo/registry/src/index.crates.io-1949cf8c6b5b557f/tokio-1.53.1/src/runtime/runtime.rs:374:52
  25: <tokio::runtime::runtime::Runtime>::block_on::<core::pin::Pin<&mut dyn core::future::future::Future<Output = ()>>>
             at /Users/runner/.cargo/registry/src/index.crates.io-1949cf8c6b5b557f/tokio-1.53.1/src/runtime/runtime.rs:343:18
  26: http_compat::chrome_wait_deadline
             at ./http_compat.rs:193:35
  27: http_compat::chrome_wait_deadline::{closure#0}
             at ./http_compat.rs:192:27
  28: <http_compat::chrome_wait_deadline::{closure#0} as core::ops::function::FnOnce<()>>::call_once
             at /rustc/b940084d7eb6a299eb4bfeb8e34901bc051e7ac4/library/core/src/ops/function.rs:250:5
  29: <fn() -> core::result::Result<(), alloc::string::String> as core::ops::function::FnOnce<()>>::call_once
             at /rustc/b940084d7eb6a299eb4bfeb8e34901bc051e7ac4/library/core/src/ops/function.rs:250:5
note: Some details are omitted, run with `RUST_BACKTRACE=full` for a verbose backtrace.
FAILED
test firefox_cancelled_wait_recovers ... Firefox version: Some("157.0.1")
HTTP compat Firefox stage: new_page start
HTTP compat Firefox stage: new_page complete
HTTP compat stage: goto start backend_firefox=true, url=http://127.0.0.1:49249/page.html
HTTP compat fixture accepted: 127.0.0.1:49352
HTTP compat fixture request: peer=127.0.0.1:49352, bytes=462, line=Some("GET /page.html HTTP/1.1")
HTTP compat fixture response: peer=127.0.0.1:49352, bytes=506, content_type=text/html, write=Ok(())
HTTP compat stage: goto complete backend_firefox=true
Cancellation stage: replace wait helper start backend_firefox=true
Cancellation stage: replace wait helper complete backend_firefox=true
HTTP compat fixture accepted: 127.0.0.1:49353
HTTP compat fixture request: peer=127.0.0.1:49353, bytes=463, line=Some("GET /favicon.ico HTTP/1.1")
HTTP compat fixture response: peer=127.0.0.1:49353, bytes=506, content_type=text/html, write=Ok(())
Cancellation stage: wait abort start backend_firefox=true
Cancellation stage: wait abort complete backend_firefox=true
Cancellation stage: restore helper start backend_firefox=true
Cancellation stage: restore helper complete backend_firefox=true
Cancellation stage: visible wait start backend_firefox=true
Cancellation stage: visible wait complete backend_firefox=true
Cancellation stage: title start backend_firefox=true
Cancellation stage: title complete backend_firefox=true
Cancellation stage: close start backend_firefox=true
Cancellation stage: close complete backend_firefox=true
ok
test firefox_closing_page_wakes_wait ... Firefox version: Some("157.0.1")
HTTP compat Firefox stage: new_page start
HTTP compat Firefox stage: new_page complete
HTTP compat stage: goto start backend_firefox=true, url=http://127.0.0.1:49354/page.html
HTTP compat fixture accepted: 127.0.0.1:49412
HTTP compat fixture request: peer=127.0.0.1:49412, bytes=462, line=Some("GET /page.html HTTP/1.1")
HTTP compat fixture response: peer=127.0.0.1:49412, bytes=506, content_type=text/html, write=Ok(())
HTTP compat stage: goto complete backend_firefox=true
HTTP compat fixture accepted: 127.0.0.1:49413
HTTP compat fixture request: peer=127.0.0.1:49413, bytes=463, line=Some("GET /favicon.ico HTTP/1.1")
HTTP compat fixture response: peer=127.0.0.1:49413, bytes=506, content_type=text/html, write=Ok(())
ok
test firefox_delayed_and_absent_elements ... Firefox version: Some("157.0.1")
HTTP compat Firefox stage: new_page start
HTTP compat Firefox stage: new_page complete
HTTP compat stage: goto start backend_firefox=true, url=http://127.0.0.1:49414/page.html
HTTP compat fixture accepted: 127.0.0.1:49476
HTTP compat fixture request: peer=127.0.0.1:49476, bytes=462, line=Some("GET /page.html HTTP/1.1")
HTTP compat fixture response: peer=127.0.0.1:49476, bytes=506, content_type=text/html, write=Ok(())
HTTP compat stage: goto complete backend_firefox=true
HTTP compat fixture accepted: 127.0.0.1:49477
HTTP compat fixture request: peer=127.0.0.1:49477, bytes=463, line=Some("GET /favicon.ico HTTP/1.1")
HTTP compat fixture response: peer=127.0.0.1:49477, bytes=506, content_type=text/html, write=Ok(())
ok
test firefox_disconnect_wakes_wait ... Firefox version: Some("157.0.1")
HTTP compat Firefox stage: new_page start
HTTP compat Firefox stage: new_page complete
HTTP compat stage: goto start backend_firefox=true, url=http://127.0.0.1:49478/page.html
HTTP compat fixture accepted: 127.0.0.1:49560
HTTP compat fixture request: peer=127.0.0.1:49560, bytes=462, line=Some("GET /page.html HTTP/1.1")
HTTP compat fixture response: peer=127.0.0.1:49560, bytes=506, content_type=text/html, write=Ok(())
HTTP compat stage: goto complete backend_firefox=true
HTTP compat fixture accepted: 127.0.0.1:49561
HTTP compat fixture request: peer=127.0.0.1:49561, bytes=463, line=Some("GET /favicon.ico HTTP/1.1")
HTTP compat fixture response: peer=127.0.0.1:49561, bytes=506, content_type=text/html, write=Ok(())
ok
test firefox_frame_click ... Firefox version: Some("157.0.1")
HTTP compat Firefox stage: new_page start
HTTP compat Firefox stage: new_page complete
HTTP compat stage: goto start backend_firefox=true, url=http://127.0.0.1:49562/page.html
HTTP compat fixture accepted: 127.0.0.1:49630
HTTP compat fixture request: peer=127.0.0.1:49630, bytes=462, line=Some("GET /page.html HTTP/1.1")
HTTP compat fixture response: peer=127.0.0.1:49630, bytes=506, content_type=text/html, write=Ok(())
HTTP compat stage: goto complete backend_firefox=true
HTTP compat fixture accepted: 127.0.0.1:49631
HTTP compat fixture request: peer=127.0.0.1:49631, bytes=463, line=Some("GET /favicon.ico HTTP/1.1")
HTTP compat fixture response: peer=127.0.0.1:49631, bytes=506, content_type=text/html, write=Ok(())
HTTP compat fixture accepted: 127.0.0.1:49632
HTTP compat fixture request: peer=127.0.0.1:49632, bytes=510, line=Some("GET /frame.html HTTP/1.1")
HTTP compat fixture response: peer=127.0.0.1:49632, bytes=346, content_type=text/html, write=Ok(())
ok
test firefox_frame_hover_and_keyboard ... Firefox version: Some("157.0.1")
HTTP compat Firefox stage: new_page start
HTTP compat Firefox stage: new_page complete
HTTP compat stage: goto start backend_firefox=true, url=http://127.0.0.1:49633/page.html
HTTP compat fixture accepted: 127.0.0.1:49708
HTTP compat fixture request: peer=127.0.0.1:49708, bytes=462, line=Some("GET /page.html HTTP/1.1")
HTTP compat fixture response: peer=127.0.0.1:49708, bytes=506, content_type=text/html, write=Ok(())
HTTP compat stage: goto complete backend_firefox=true
HTTP compat fixture accepted: 127.0.0.1:49709
HTTP compat fixture request: peer=127.0.0.1:49709, bytes=463, line=Some("GET /favicon.ico HTTP/1.1")
HTTP compat fixture response: peer=127.0.0.1:49709, bytes=506, content_type=text/html, write=Ok(())
HTTP compat fixture accepted: 127.0.0.1:49710
HTTP compat fixture request: peer=127.0.0.1:49710, bytes=510, line=Some("GET /frame.html HTTP/1.1")
HTTP compat fixture response: peer=127.0.0.1:49710, bytes=346, content_type=text/html, write=Ok(())
ok
test firefox_frame_reload ... Firefox version: Some("157.0.1")
HTTP compat Firefox stage: new_page start
HTTP compat Firefox stage: new_page complete
HTTP compat stage: goto start backend_firefox=true, url=http://127.0.0.1:49711/page.html
HTTP compat fixture accepted: 127.0.0.1:49784
HTTP compat fixture request: peer=127.0.0.1:49784, bytes=462, line=Some("GET /page.html HTTP/1.1")
HTTP compat fixture response: peer=127.0.0.1:49784, bytes=506, content_type=text/html, write=Ok(())
HTTP compat stage: goto complete backend_firefox=true
HTTP compat fixture accepted: 127.0.0.1:49785
HTTP compat fixture request: peer=127.0.0.1:49785, bytes=463, line=Some("GET /favicon.ico HTTP/1.1")
HTTP compat fixture response: peer=127.0.0.1:49785, bytes=506, content_type=text/html, write=Ok(())
HTTP compat fixture accepted: 127.0.0.1:49786
HTTP compat fixture request: peer=127.0.0.1:49786, bytes=488, line=Some("GET /frame.html HTTP/1.1")
HTTP compat fixture response: peer=127.0.0.1:49786, bytes=346, content_type=text/html, write=Ok(())
HTTP compat fixture accepted: 127.0.0.1:49787
HTTP compat fixture request: peer=127.0.0.1:49787, bytes=488, line=Some("GET /frame.html HTTP/1.1")
HTTP compat fixture response: peer=127.0.0.1:49787, bytes=346, content_type=text/html, write=Ok(())
ok
test firefox_isolated_popup_ownership ... Firefox version: Some("157.0.1")
HTTP compat Firefox stage: new_page start
HTTP compat Firefox stage: new_page complete
HTTP compat stage: goto start backend_firefox=true, url=http://127.0.0.1:49788/page.html
HTTP compat fixture accepted: 127.0.0.1:49868
HTTP compat fixture request: peer=127.0.0.1:49868, bytes=462, line=Some("GET /page.html HTTP/1.1")
HTTP compat fixture response: peer=127.0.0.1:49868, bytes=506, content_type=text/html, write=Ok(())
HTTP compat stage: goto complete backend_firefox=true
HTTP compat fixture accepted: 127.0.0.1:49869
HTTP compat fixture request: peer=127.0.0.1:49869, bytes=463, line=Some("GET /favicon.ico HTTP/1.1")
HTTP compat fixture response: peer=127.0.0.1:49869, bytes=506, content_type=text/html, write=Ok(())
HTTP compat fixture accepted: 127.0.0.1:49870
HTTP compat fixture request: peer=127.0.0.1:49870, bytes=462, line=Some("GET /page.html HTTP/1.1")
HTTP compat fixture response: peer=127.0.0.1:49870, bytes=506, content_type=text/html, write=Ok(())
HTTP compat fixture accepted: 127.0.0.1:49871
HTTP compat fixture accepted: 127.0.0.1:49872
HTTP compat fixture request: peer=127.0.0.1:49872, bytes=463, line=Some("GET /favicon.ico HTTP/1.1")
HTTP compat fixture response: peer=127.0.0.1:49872, bytes=506, content_type=text/html, write=Ok(())
HTTP compat fixture request: peer=127.0.0.1:49871, bytes=462, line=Some("GET /page.html HTTP/1.1")
HTTP compat fixture response: peer=127.0.0.1:49871, bytes=506, content_type=text/html, write=Ok(())
HTTP compat fixture accepted: 127.0.0.1:49873
HTTP compat fixture request: peer=127.0.0.1:49873, bytes=463, line=Some("GET /favicon.ico HTTP/1.1")
HTTP compat fixture response: peer=127.0.0.1:49873, bytes=506, content_type=text/html, write=Ok(())
HTTP compat fixture accepted: 127.0.0.1:49874
HTTP compat fixture request: peer=127.0.0.1:49874, bytes=492, line=Some("GET /page.html HTTP/1.1")
HTTP compat fixture response: peer=127.0.0.1:49874, bytes=506, content_type=text/html, write=Ok(())
ok
test firefox_isolated_storage ... Firefox version: Some("157.0.1")
HTTP compat Firefox stage: new_page start
HTTP compat Firefox stage: new_page complete
HTTP compat stage: goto start backend_firefox=true, url=http://127.0.0.1:49875/page.html
HTTP compat fixture accepted: 127.0.0.1:49960
HTTP compat fixture request: peer=127.0.0.1:49960, bytes=462, line=Some("GET /page.html HTTP/1.1")
HTTP compat fixture response: peer=127.0.0.1:49960, bytes=506, content_type=text/html, write=Ok(())
HTTP compat stage: goto complete backend_firefox=true
HTTP compat fixture accepted: 127.0.0.1:49961
HTTP compat fixture request: peer=127.0.0.1:49961, bytes=463, line=Some("GET /favicon.ico HTTP/1.1")
HTTP compat fixture response: peer=127.0.0.1:49961, bytes=506, content_type=text/html, write=Ok(())
HTTP compat fixture accepted: 127.0.0.1:49962
HTTP compat fixture request: peer=127.0.0.1:49962, bytes=462, line=Some("GET /page.html HTTP/1.1")
HTTP compat fixture response: peer=127.0.0.1:49962, bytes=506, content_type=text/html, write=Ok(())
HTTP compat fixture accepted: 127.0.0.1:49963
HTTP compat fixture request: peer=127.0.0.1:49963, bytes=463, line=Some("GET /favicon.ico HTTP/1.1")
HTTP compat fixture response: peer=127.0.0.1:49963, bytes=506, content_type=text/html, write=Ok(())
HTTP compat fixture accepted: 127.0.0.1:49964
HTTP compat fixture request: peer=127.0.0.1:49964, bytes=462, line=Some("GET /page.html HTTP/1.1")
HTTP compat fixture response: peer=127.0.0.1:49964, bytes=506, content_type=text/html, write=Ok(())
HTTP compat fixture accepted: 127.0.0.1:49965
HTTP compat fixture request: peer=127.0.0.1:49965, bytes=463, line=Some("GET /favicon.ico HTTP/1.1")
HTTP compat fixture response: peer=127.0.0.1:49965, bytes=506, content_type=text/html, write=Ok(())
ok
test firefox_javascript_exceptions ... Firefox version: Some("157.0.1")
HTTP compat Firefox stage: new_page start
HTTP compat Firefox stage: new_page complete
HTTP compat stage: goto start backend_firefox=true, url=http://127.0.0.1:49966/page.html
HTTP compat fixture accepted: 127.0.0.1:50047
HTTP compat fixture request: peer=127.0.0.1:50047, bytes=462, line=Some("GET /page.html HTTP/1.1")
HTTP compat fixture response: peer=127.0.0.1:50047, bytes=506, content_type=text/html, write=Ok(())
HTTP compat stage: goto complete backend_firefox=true
HTTP compat fixture accepted: 127.0.0.1:50049
HTTP compat fixture request: peer=127.0.0.1:50049, bytes=463, line=Some("GET /favicon.ico HTTP/1.1")
HTTP compat fixture response: peer=127.0.0.1:50049, bytes=506, content_type=text/html, write=Ok(())
ok
test firefox_navigation_and_forms ... Firefox version: Some("157.0.1")
HTTP compat Firefox stage: new_page start
HTTP compat Firefox stage: new_page complete
HTTP compat stage: goto start backend_firefox=true, url=http://127.0.0.1:50050/page.html
HTTP compat fixture accepted: 127.0.0.1:50108
HTTP compat fixture request: peer=127.0.0.1:50108, bytes=462, line=Some("GET /page.html HTTP/1.1")
HTTP compat fixture response: peer=127.0.0.1:50108, bytes=506, content_type=text/html, write=Ok(())
HTTP compat stage: goto complete backend_firefox=true
HTTP compat fixture accepted: 127.0.0.1:50109
HTTP compat fixture request: peer=127.0.0.1:50109, bytes=463, line=Some("GET /favicon.ico HTTP/1.1")
HTTP compat fixture response: peer=127.0.0.1:50109, bytes=506, content_type=text/html, write=Ok(())
ok
test firefox_wait_deadline ... Firefox version: Some("157.0.1")
HTTP compat Firefox stage: new_page start
HTTP compat Firefox stage: new_page complete
HTTP compat stage: goto start backend_firefox=true, url=http://127.0.0.1:50110/page.html
HTTP compat fixture accepted: 127.0.0.1:50193
HTTP compat fixture request: peer=127.0.0.1:50193, bytes=462, line=Some("GET /page.html HTTP/1.1")
HTTP compat fixture response: peer=127.0.0.1:50193, bytes=506, content_type=text/html, write=Ok(())
HTTP compat stage: goto complete backend_firefox=true
HTTP compat fixture accepted: 127.0.0.1:50194
HTTP compat fixture request: peer=127.0.0.1:50194, bytes=463, line=Some("GET /favicon.ico HTTP/1.1")
HTTP compat fixture response: peer=127.0.0.1:50194, bytes=506, content_type=text/html, write=Ok(())
ok

failures:

failures:
    chrome_cancelled_wait_recovers
    chrome_closing_page_wakes_wait
    chrome_delayed_and_absent_elements
    chrome_disconnect_wakes_wait
    chrome_frame_click
    chrome_frame_hover_and_keyboard
    chrome_frame_reload
    chrome_isolated_popup_ownership
    chrome_isolated_storage
    chrome_javascript_exceptions
    chrome_navigation_and_forms
    chrome_wait_deadline

test result: FAILED. 12 passed; 12 failed; 0 ignored; 0 measured; 0 filtered out; finished in 479.31s

[1m[91merror[0m: test failed, to rerun pass `-p rustwright-integration-tests --test http_compat`
