[1m[92m    Updating[0m crates.io index
[1m[92m Downloading[0m crates ...
[1m[92m  Downloaded[0m block-buffer v0.12.1
[1m[92m  Downloaded[0m cfg-if v1.0.5
[1m[92m  Downloaded[0m chacha20 v0.10.2
[1m[92m  Downloaded[0m cpufeatures v0.3.1
[1m[92m  Downloaded[0m futures-core v0.3.34
[1m[92m  Downloaded[0m base64 v0.22.1
[1m[92m  Downloaded[0m bytes v1.12.1
[1m[92m  Downloaded[0m futures-macro v0.3.34
[1m[92m  Downloaded[0m crypto-common v0.2.2
[1m[92m  Downloaded[0m tokio-macros v2.7.2
[1m[92m  Downloaded[0m itoa v1.0.18
[1m[92m  Downloaded[0m futures-sink v0.3.34
[1m[92m  Downloaded[0m sha1 v0.11.0
[1m[92m  Downloaded[0m futures-task v0.3.34
[1m[92m  Downloaded[0m thiserror-impl v2.0.20
[1m[92m  Downloaded[0m digest v0.11.3
[1m[92m  Downloaded[0m pin-project-lite v0.2.17
[1m[92m  Downloaded[0m rand_core v0.10.1
[1m[92m  Downloaded[0m thiserror v2.0.20
[1m[92m  Downloaded[0m signal-hook-registry v1.4.8
[1m[92m  Downloaded[0m slab v0.4.12
[1m[92m  Downloaded[0m zmij v1.0.23
[1m[92m  Downloaded[0m quote v1.0.47
[1m[92m  Downloaded[0m data-encoding v2.11.1
[1m[92m  Downloaded[0m errno v0.3.14
[1m[92m  Downloaded[0m once_cell v1.21.4
[1m[92m  Downloaded[0m tracing-attributes v0.1.31
[1m[92m  Downloaded[0m httparse v1.10.1
[1m[92m  Downloaded[0m tokio-tungstenite v0.30.0
[1m[92m  Downloaded[0m hybrid-array v0.4.15
[1m[92m  Downloaded[0m unicode-ident v1.0.26
[1m[92m  Downloaded[0m getrandom v0.4.3
[1m[92m  Downloaded[0m log v0.4.34
[1m[92m  Downloaded[0m socket2 v0.6.5
[1m[92m  Downloaded[0m serde_derive v1.0.229
[1m[92m  Downloaded[0m const-oid v0.10.2
[1m[92m  Downloaded[0m proc-macro2 v1.0.107
[1m[92m  Downloaded[0m tracing-core v0.1.36
[1m[92m  Downloaded[0m serde_core v1.0.229
[1m[92m  Downloaded[0m tungstenite v0.30.0
[1m[92m  Downloaded[0m serde v1.0.229
[1m[92m  Downloaded[0m typenum v1.20.1
[1m[92m  Downloaded[0m http v1.5.0
[1m[92m  Downloaded[0m memchr v2.8.3
[1m[92m  Downloaded[0m rand v0.10.2
[1m[92m  Downloaded[0m mio v1.2.3
[1m[92m  Downloaded[0m futures-util v0.3.34
[1m[92m  Downloaded[0m serde_json v1.0.151
[1m[92m  Downloaded[0m syn v2.0.119
[1m[92m  Downloaded[0m syn v3.0.6
[1m[92m  Downloaded[0m tracing v0.1.44
[1m[92m  Downloaded[0m libc v0.2.189
[1m[92m  Downloaded[0m tokio v1.53.1
[1m[92m   Compiling[0m proc-macro2 v1.0.107
[1m[92m   Compiling[0m unicode-ident v1.0.26
[1m[92m   Compiling[0m quote v1.0.47
[1m[92m   Compiling[0m libc v0.2.189
[1m[92m   Compiling[0m typenum v1.20.1
[1m[92m   Compiling[0m cfg-if v1.0.5
[1m[92m   Compiling[0m rand_core v0.10.1
[1m[92m   Compiling[0m cpufeatures v0.3.1
[1m[92m   Compiling[0m getrandom v0.4.3
[1m[92m   Compiling[0m hybrid-array v0.4.15
[1m[92m   Compiling[0m itoa v1.0.18
[1m[92m   Compiling[0m serde_core v1.0.229
[1m[92m   Compiling[0m crypto-common v0.2.2
[1m[92m   Compiling[0m block-buffer v0.12.1
[1m[92m   Compiling[0m syn v3.0.6
[1m[92m   Compiling[0m httparse v1.10.1
[1m[92m   Compiling[0m const-oid v0.10.2
[1m[92m   Compiling[0m thiserror v2.0.20
[1m[92m   Compiling[0m pin-project-lite v0.2.17
[1m[92m   Compiling[0m zmij v1.0.23
[1m[92m   Compiling[0m bytes v1.12.1
[1m[92m   Compiling[0m digest v0.11.3
[1m[92m   Compiling[0m errno v0.3.14
[1m[92m   Compiling[0m chacha20 v0.10.2
[1m[92m   Compiling[0m serde_json v1.0.151
[1m[92m   Compiling[0m rand v0.10.2
[1m[92m   Compiling[0m signal-hook-registry v1.4.8
[1m[92m   Compiling[0m http v1.5.0
[1m[92m   Compiling[0m sha1 v0.11.0
[1m[92m   Compiling[0m mio v1.2.3
[1m[92m   Compiling[0m socket2 v0.6.5
[1m[92m   Compiling[0m syn v2.0.119
[1m[92m   Compiling[0m log v0.4.34
[1m[92m   Compiling[0m once_cell v1.21.4
[1m[92m   Compiling[0m futures-sink v0.3.34
[1m[92m   Compiling[0m memchr v2.8.3
[1m[92m   Compiling[0m thiserror-impl v2.0.20
[1m[92m   Compiling[0m tokio-macros v2.7.2
[1m[92m   Compiling[0m futures-macro v0.3.34
[1m[92m   Compiling[0m slab v0.4.12
[1m[92m   Compiling[0m futures-task v0.3.34
[1m[92m   Compiling[0m futures-core v0.3.34
[1m[92m   Compiling[0m serde v1.0.229
[1m[92m   Compiling[0m data-encoding v2.11.1
[1m[92m   Compiling[0m futures-util v0.3.34
[1m[92m   Compiling[0m tokio v1.53.1
[1m[92m   Compiling[0m tungstenite v0.30.0
[1m[92m   Compiling[0m serde_derive v1.0.229
[1m[92m   Compiling[0m tracing-attributes v0.1.31
[1m[92m   Compiling[0m tracing-core v0.1.36
[1m[92m   Compiling[0m rustwright-common v0.1.0 (/home/runner/work/rustwright/rustwright/crates/rustwright-common)
[1m[92m   Compiling[0m base64 v0.22.1
[1m[92m   Compiling[0m tracing v0.1.44
[1m[92m   Compiling[0m tokio-tungstenite v0.30.0
[1m[92m   Compiling[0m rustwright-cdp v0.1.0 (/home/runner/work/rustwright/rustwright/crates/rustwright-cdp)
[1m[92m   Compiling[0m rustwright-browser v0.1.0 (/home/runner/work/rustwright/rustwright/crates/rustwright-browser)
[1m[92m   Compiling[0m rustwright-bidi v0.1.0 (/home/runner/work/rustwright/rustwright/crates/rustwright-bidi)
[1m[92m   Compiling[0m rustwright-core v0.1.0 (/home/runner/work/rustwright/rustwright/crates/rustwright-core)
[1m[92m   Compiling[0m rustwright v0.1.0 (/home/runner/work/rustwright/rustwright/crates/rustwright)
[1m[92m   Compiling[0m rustwright-integration-tests v0.1.0 (/home/runner/work/rustwright/rustwright/tests)
[1m[92m    Finished[0m `test` profile [unoptimized + debuginfo] target(s) in 15.36s
[1m[92m     Running[0m http_compat.rs (target/debug/deps/http_compat-a77bcbe15319c0dc)

running 24 tests
test chrome_cancelled_wait_recovers ... 
thread 'chrome_cancelled_wait_recovers' (3449) panicked at tests/http_compat.rs:162:14:
Chrome must start; no skip: Browser(EarlyExit { status: "signal: 6 (SIGABRT) (core dumped)", log_path: "/tmp/rustwright-3448-1791562783982418826-0/rustwright-chrome.log" })
stack backtrace:
   0: __rustc::rust_begin_unwind
             at /rustc/b940084d7eb6a299eb4bfeb8e34901bc051e7ac4/library/std/src/panicking.rs:679:5
   1: core::panicking::panic_fmt
             at /rustc/b940084d7eb6a299eb4bfeb8e34901bc051e7ac4/library/core/src/panicking.rs:80:14
   2: core::result::unwrap_failed
             at /rustc/b940084d7eb6a299eb4bfeb8e34901bc051e7ac4/library/core/src/result.rs:1871:5
   3: <core::result::Result<rustwright_core::browser::Browser, rustwright_core::error::Error>>::expect
             at /rustc/b940084d7eb6a299eb4bfeb8e34901bc051e7ac4/library/core/src/result.rs:1184:23
   4: http_compat::open::{closure#0}
             at ./http_compat.rs:162:14
   5: http_compat::cancelled_wait_recovers::{closure#0}
             at ./http_compat.rs:408:50
   6: http_compat::chrome_cancelled_wait_recovers::{closure#0}
             at ./http_compat.rs:193:30
   7: <core::pin::Pin<&mut dyn core::future::future::Future<Output = ()>> as core::future::future::Future>::poll
             at /rustc/b940084d7eb6a299eb4bfeb8e34901bc051e7ac4/library/core/src/future/future.rs:133:9
   8: <core::pin::Pin<&mut core::pin::Pin<&mut dyn core::future::future::Future<Output = ()>>> as core::future::future::Future>::poll
             at /rustc/b940084d7eb6a299eb4bfeb8e34901bc051e7ac4/library/core/src/future/future.rs:133:9
   9: <tokio::runtime::scheduler::current_thread::CoreGuard>::block_on::<core::pin::Pin<&mut core::pin::Pin<&mut dyn core::future::future::Future<Output = ()>>>>::{closure#0}::{closure#0}::{closure#0}
             at /home/runner/.cargo/registry/src/index.crates.io-1949cf8c6b5b557f/tokio-1.53.1/src/runtime/scheduler/current_thread/mod.rs:830:70
  10: tokio::task::coop::with_budget::<core::task::poll::Poll<()>, <tokio::runtime::scheduler::current_thread::CoreGuard>::block_on<core::pin::Pin<&mut core::pin::Pin<&mut dyn core::future::future::Future<Output = ()>>>>::{closure#0}::{closure#0}::{closure#0}>
             at /home/runner/.cargo/registry/src/index.crates.io-1949cf8c6b5b557f/tokio-1.53.1/src/task/coop/mod.rs:167:5
  11: tokio::task::coop::budget::<core::task::poll::Poll<()>, <tokio::runtime::scheduler::current_thread::CoreGuard>::block_on<core::pin::Pin<&mut core::pin::Pin<&mut dyn core::future::future::Future<Output = ()>>>>::{closure#0}::{closure#0}::{closure#0}>
             at /home/runner/.cargo/registry/src/index.crates.io-1949cf8c6b5b557f/tokio-1.53.1/src/task/coop/mod.rs:133:5
  12: <tokio::runtime::scheduler::current_thread::CoreGuard>::block_on::<core::pin::Pin<&mut core::pin::Pin<&mut dyn core::future::future::Future<Output = ()>>>>::{closure#0}::{closure#0}
             at /home/runner/.cargo/registry/src/index.crates.io-1949cf8c6b5b557f/tokio-1.53.1/src/runtime/scheduler/current_thread/mod.rs:830:25
  13: <tokio::runtime::scheduler::current_thread::Context>::enter::<core::task::poll::Poll<()>, <tokio::runtime::scheduler::current_thread::CoreGuard>::block_on<core::pin::Pin<&mut core::pin::Pin<&mut dyn core::future::future::Future<Output = ()>>>>::{closure#0}::{closure#0}>
             at /home/runner/.cargo/registry/src/index.crates.io-1949cf8c6b5b557f/tokio-1.53.1/src/runtime/scheduler/current_thread/mod.rs:488:19
  14: <tokio::runtime::scheduler::current_thread::CoreGuard>::block_on::<core::pin::Pin<&mut core::pin::Pin<&mut dyn core::future::future::Future<Output = ()>>>>::{closure#0}
             at /home/runner/.cargo/registry/src/index.crates.io-1949cf8c6b5b557f/tokio-1.53.1/src/runtime/scheduler/current_thread/mod.rs:829:44
  15: <tokio::runtime::scheduler::current_thread::CoreGuard>::enter::<<tokio::runtime::scheduler::current_thread::CoreGuard>::block_on<core::pin::Pin<&mut core::pin::Pin<&mut dyn core::future::future::Future<Output = ()>>>>::{closure#0}, core::option::Option<()>>::{closure#0}
             at /home/runner/.cargo/registry/src/index.crates.io-1949cf8c6b5b557f/tokio-1.53.1/src/runtime/scheduler/current_thread/mod.rs:906:68
  16: <tokio::runtime::context::scoped::Scoped<tokio::runtime::scheduler::Context>>::set::<<tokio::runtime::scheduler::current_thread::CoreGuard>::enter<<tokio::runtime::scheduler::current_thread::CoreGuard>::block_on<core::pin::Pin<&mut core::pin::Pin<&mut dyn core::future::future::Future<Output = ()>>>>::{closure#0}, core::option::Option<()>>::{closure#0}, (alloc::boxed::Box<tokio::runtime::scheduler::current_thread::Core>, core::option::Option<()>)>
             at /home/runner/.cargo/registry/src/index.crates.io-1949cf8c6b5b557f/tokio-1.53.1/src/runtime/context/scoped.rs:40:9
  17: tokio::runtime::context::set_scheduler::<(alloc::boxed::Box<tokio::runtime::scheduler::current_thread::Core>, core::option::Option<()>), <tokio::runtime::scheduler::current_thread::CoreGuard>::enter<<tokio::runtime::scheduler::current_thread::CoreGuard>::block_on<core::pin::Pin<&mut core::pin::Pin<&mut dyn core::future::future::Future<Output = ()>>>>::{closure#0}, core::option::Option<()>>::{closure#0}>::{closure#0}
             at /home/runner/.cargo/registry/src/index.crates.io-1949cf8c6b5b557f/tokio-1.53.1/src/runtime/context.rs:187:38
  18: <std::thread::local::LocalKey<tokio::runtime::context::Context>>::try_with::<tokio::runtime::context::set_scheduler<(alloc::boxed::Box<tokio::runtime::scheduler::current_thread::Core>, core::option::Option<()>), <tokio::runtime::scheduler::current_thread::CoreGuard>::enter<<tokio::runtime::scheduler::current_thread::CoreGuard>::block_on<core::pin::Pin<&mut core::pin::Pin<&mut dyn core::future::future::Future<Output = ()>>>>::{closure#0}, core::option::Option<()>>::{closure#0}>::{closure#0}, (alloc::boxed::Box<tokio::runtime::scheduler::current_thread::Core>, core::option::Option<()>)>
             at /rustc/b940084d7eb6a299eb4bfeb8e34901bc051e7ac4/library/std/src/thread/local.rs:463:12
  19: <std::thread::local::LocalKey<tokio::runtime::context::Context>>::with::<tokio::runtime::context::set_scheduler<(alloc::boxed::Box<tokio::runtime::scheduler::current_thread::Core>, core::option::Option<()>), <tokio::runtime::scheduler::current_thread::CoreGuard>::enter<<tokio::runtime::scheduler::current_thread::CoreGuard>::block_on<core::pin::Pin<&mut core::pin::Pin<&mut dyn core::future::future::Future<Output = ()>>>>::{closure#0}, core::option::Option<()>>::{closure#0}>::{closure#0}, (alloc::boxed::Box<tokio::runtime::scheduler::current_thread::Core>, core::option::Option<()>)>
             at /rustc/b940084d7eb6a299eb4bfeb8e34901bc051e7ac4/library/std/src/thread/local.rs:427:20
  20: tokio::runtime::context::set_scheduler::<(alloc::boxed::Box<tokio::runtime::scheduler::current_thread::Core>, core::option::Option<()>), <tokio::runtime::scheduler::current_thread::CoreGuard>::enter<<tokio::runtime::scheduler::current_thread::CoreGuard>::block_on<core::pin::Pin<&mut core::pin::Pin<&mut dyn core::future::future::Future<Output = ()>>>>::{closure#0}, core::option::Option<()>>::{closure#0}>
             at /home/runner/.cargo/registry/src/index.crates.io-1949cf8c6b5b557f/tokio-1.53.1/src/runtime/context.rs:187:17
  21: <tokio::runtime::scheduler::current_thread::CoreGuard>::enter::<<tokio::runtime::scheduler::current_thread::CoreGuard>::block_on<core::pin::Pin<&mut core::pin::Pin<&mut dyn core::future::future::Future<Output = ()>>>>::{closure#0}, core::option::Option<()>>
             at /home/runner/.cargo/registry/src/index.crates.io-1949cf8c6b5b557f/tokio-1.53.1/src/runtime/scheduler/current_thread/mod.rs:906:27
  22: <tokio::runtime::scheduler::current_thread::CoreGuard>::block_on::<core::pin::Pin<&mut core::pin::Pin<&mut dyn core::future::future::Future<Output = ()>>>>
             at /home/runner/.cargo/registry/src/index.crates.io-1949cf8c6b5b557f/tokio-1.53.1/src/runtime/scheduler/current_thread/mod.rs:817:24
  23: <tokio::runtime::scheduler::current_thread::CurrentThread>::block_on::<core::pin::Pin<&mut dyn core::future::future::Future<Output = ()>>>::{closure#0}
             at /home/runner/.cargo/registry/src/index.crates.io-1949cf8c6b5b557f/tokio-1.53.1/src/runtime/scheduler/current_thread/mod.rs:218:33
  24: tokio::runtime::context::runtime::enter_runtime::<<tokio::runtime::scheduler::current_thread::CurrentThread>::block_on<core::pin::Pin<&mut dyn core::future::future::Future<Output = ()>>>::{closure#0}, ()>
             at /home/runner/.cargo/registry/src/index.crates.io-1949cf8c6b5b557f/tokio-1.53.1/src/runtime/context/runtime.rs:65:16
  25: <tokio::runtime::scheduler::current_thread::CurrentThread>::block_on::<core::pin::Pin<&mut dyn core::future::future::Future<Output = ()>>>
             at /home/runner/.cargo/registry/src/index.crates.io-1949cf8c6b5b557f/tokio-1.53.1/src/runtime/scheduler/current_thread/mod.rs:206:9
  26: <tokio::runtime::runtime::Runtime>::block_on_inner::<core::pin::Pin<&mut dyn core::future::future::Future<Output = ()>>>
             at /home/runner/.cargo/registry/src/index.crates.io-1949cf8c6b5b557f/tokio-1.53.1/src/runtime/runtime.rs:374:52
  27: <tokio::runtime::runtime::Runtime>::block_on::<core::pin::Pin<&mut dyn core::future::future::Future<Output = ()>>>
             at /home/runner/.cargo/registry/src/index.crates.io-1949cf8c6b5b557f/tokio-1.53.1/src/runtime/runtime.rs:343:18
  28: http_compat::chrome_cancelled_wait_recovers
             at ./http_compat.rs:193:35
  29: http_compat::chrome_cancelled_wait_recovers::{closure#0}
             at ./http_compat.rs:192:27
  30: <http_compat::chrome_cancelled_wait_recovers::{closure#0} as core::ops::function::FnOnce<()>>::call_once
             at /rustc/b940084d7eb6a299eb4bfeb8e34901bc051e7ac4/library/core/src/ops/function.rs:250:5
  31: <fn() -> core::result::Result<(), alloc::string::String> as core::ops::function::FnOnce<()>>::call_once
             at /rustc/b940084d7eb6a299eb4bfeb8e34901bc051e7ac4/library/core/src/ops/function.rs:250:5
note: Some details are omitted, run with `RUST_BACKTRACE=full` for a verbose backtrace.
FAILED
test chrome_closing_page_wakes_wait ... 
thread 'chrome_closing_page_wakes_wait' (3468) panicked at tests/http_compat.rs:162:14:
Chrome must start; no skip: Browser(EarlyExit { status: "signal: 6 (SIGABRT) (core dumped)", log_path: "/tmp/rustwright-3448-1791562784336143920-1/rustwright-chrome.log" })
stack backtrace:
   0: __rustc::rust_begin_unwind
             at /rustc/b940084d7eb6a299eb4bfeb8e34901bc051e7ac4/library/std/src/panicking.rs:679:5
   1: core::panicking::panic_fmt
             at /rustc/b940084d7eb6a299eb4bfeb8e34901bc051e7ac4/library/core/src/panicking.rs:80:14
   2: core::result::unwrap_failed
             at /rustc/b940084d7eb6a299eb4bfeb8e34901bc051e7ac4/library/core/src/result.rs:1871:5
   3: <core::result::Result<rustwright_core::browser::Browser, rustwright_core::error::Error>>::expect
             at /rustc/b940084d7eb6a299eb4bfeb8e34901bc051e7ac4/library/core/src/result.rs:1184:23
   4: http_compat::open::{closure#0}
             at ./http_compat.rs:162:14
   5: http_compat::closing_page_wakes_wait::{closure#0}
             at ./http_compat.rs:357:51
   6: http_compat::chrome_closing_page_wakes_wait::{closure#0}
             at ./http_compat.rs:193:30
   7: <core::pin::Pin<&mut dyn core::future::future::Future<Output = ()>> as core::future::future::Future>::poll
             at /rustc/b940084d7eb6a299eb4bfeb8e34901bc051e7ac4/library/core/src/future/future.rs:133:9
   8: <core::pin::Pin<&mut core::pin::Pin<&mut dyn core::future::future::Future<Output = ()>>> as core::future::future::Future>::poll
             at /rustc/b940084d7eb6a299eb4bfeb8e34901bc051e7ac4/library/core/src/future/future.rs:133:9
   9: <tokio::runtime::scheduler::current_thread::CoreGuard>::block_on::<core::pin::Pin<&mut core::pin::Pin<&mut dyn core::future::future::Future<Output = ()>>>>::{closure#0}::{closure#0}::{closure#0}
             at /home/runner/.cargo/registry/src/index.crates.io-1949cf8c6b5b557f/tokio-1.53.1/src/runtime/scheduler/current_thread/mod.rs:830:70
  10: tokio::task::coop::with_budget::<core::task::poll::Poll<()>, <tokio::runtime::scheduler::current_thread::CoreGuard>::block_on<core::pin::Pin<&mut core::pin::Pin<&mut dyn core::future::future::Future<Output = ()>>>>::{closure#0}::{closure#0}::{closure#0}>
             at /home/runner/.cargo/registry/src/index.crates.io-1949cf8c6b5b557f/tokio-1.53.1/src/task/coop/mod.rs:167:5
  11: tokio::task::coop::budget::<core::task::poll::Poll<()>, <tokio::runtime::scheduler::current_thread::CoreGuard>::block_on<core::pin::Pin<&mut core::pin::Pin<&mut dyn core::future::future::Future<Output = ()>>>>::{closure#0}::{closure#0}::{closure#0}>
             at /home/runner/.cargo/registry/src/index.crates.io-1949cf8c6b5b557f/tokio-1.53.1/src/task/coop/mod.rs:133:5
  12: <tokio::runtime::scheduler::current_thread::CoreGuard>::block_on::<core::pin::Pin<&mut core::pin::Pin<&mut dyn core::future::future::Future<Output = ()>>>>::{closure#0}::{closure#0}
             at /home/runner/.cargo/registry/src/index.crates.io-1949cf8c6b5b557f/tokio-1.53.1/src/runtime/scheduler/current_thread/mod.rs:830:25
  13: <tokio::runtime::scheduler::current_thread::Context>::enter::<core::task::poll::Poll<()>, <tokio::runtime::scheduler::current_thread::CoreGuard>::block_on<core::pin::Pin<&mut core::pin::Pin<&mut dyn core::future::future::Future<Output = ()>>>>::{closure#0}::{closure#0}>
             at /home/runner/.cargo/registry/src/index.crates.io-1949cf8c6b5b557f/tokio-1.53.1/src/runtime/scheduler/current_thread/mod.rs:488:19
  14: <tokio::runtime::scheduler::current_thread::CoreGuard>::block_on::<core::pin::Pin<&mut core::pin::Pin<&mut dyn core::future::future::Future<Output = ()>>>>::{closure#0}
             at /home/runner/.cargo/registry/src/index.crates.io-1949cf8c6b5b557f/tokio-1.53.1/src/runtime/scheduler/current_thread/mod.rs:829:44
  15: <tokio::runtime::scheduler::current_thread::CoreGuard>::enter::<<tokio::runtime::scheduler::current_thread::CoreGuard>::block_on<core::pin::Pin<&mut core::pin::Pin<&mut dyn core::future::future::Future<Output = ()>>>>::{closure#0}, core::option::Option<()>>::{closure#0}
             at /home/runner/.cargo/registry/src/index.crates.io-1949cf8c6b5b557f/tokio-1.53.1/src/runtime/scheduler/current_thread/mod.rs:906:68
  16: <tokio::runtime::context::scoped::Scoped<tokio::runtime::scheduler::Context>>::set::<<tokio::runtime::scheduler::current_thread::CoreGuard>::enter<<tokio::runtime::scheduler::current_thread::CoreGuard>::block_on<core::pin::Pin<&mut core::pin::Pin<&mut dyn core::future::future::Future<Output = ()>>>>::{closure#0}, core::option::Option<()>>::{closure#0}, (alloc::boxed::Box<tokio::runtime::scheduler::current_thread::Core>, core::option::Option<()>)>
             at /home/runner/.cargo/registry/src/index.crates.io-1949cf8c6b5b557f/tokio-1.53.1/src/runtime/context/scoped.rs:40:9
  17: tokio::runtime::context::set_scheduler::<(alloc::boxed::Box<tokio::runtime::scheduler::current_thread::Core>, core::option::Option<()>), <tokio::runtime::scheduler::current_thread::CoreGuard>::enter<<tokio::runtime::scheduler::current_thread::CoreGuard>::block_on<core::pin::Pin<&mut core::pin::Pin<&mut dyn core::future::future::Future<Output = ()>>>>::{closure#0}, core::option::Option<()>>::{closure#0}>::{closure#0}
             at /home/runner/.cargo/registry/src/index.crates.io-1949cf8c6b5b557f/tokio-1.53.1/src/runtime/context.rs:187:38
  18: <std::thread::local::LocalKey<tokio::runtime::context::Context>>::try_with::<tokio::runtime::context::set_scheduler<(alloc::boxed::Box<tokio::runtime::scheduler::current_thread::Core>, core::option::Option<()>), <tokio::runtime::scheduler::current_thread::CoreGuard>::enter<<tokio::runtime::scheduler::current_thread::CoreGuard>::block_on<core::pin::Pin<&mut core::pin::Pin<&mut dyn core::future::future::Future<Output = ()>>>>::{closure#0}, core::option::Option<()>>::{closure#0}>::{closure#0}, (alloc::boxed::Box<tokio::runtime::scheduler::current_thread::Core>, core::option::Option<()>)>
             at /rustc/b940084d7eb6a299eb4bfeb8e34901bc051e7ac4/library/std/src/thread/local.rs:463:12
  19: <std::thread::local::LocalKey<tokio::runtime::context::Context>>::with::<tokio::runtime::context::set_scheduler<(alloc::boxed::Box<tokio::runtime::scheduler::current_thread::Core>, core::option::Option<()>), <tokio::runtime::scheduler::current_thread::CoreGuard>::enter<<tokio::runtime::scheduler::current_thread::CoreGuard>::block_on<core::pin::Pin<&mut core::pin::Pin<&mut dyn core::future::future::Future<Output = ()>>>>::{closure#0}, core::option::Option<()>>::{closure#0}>::{closure#0}, (alloc::boxed::Box<tokio::runtime::scheduler::current_thread::Core>, core::option::Option<()>)>
             at /rustc/b940084d7eb6a299eb4bfeb8e34901bc051e7ac4/library/std/src/thread/local.rs:427:20
  20: tokio::runtime::context::set_scheduler::<(alloc::boxed::Box<tokio::runtime::scheduler::current_thread::Core>, core::option::Option<()>), <tokio::runtime::scheduler::current_thread::CoreGuard>::enter<<tokio::runtime::scheduler::current_thread::CoreGuard>::block_on<core::pin::Pin<&mut core::pin::Pin<&mut dyn core::future::future::Future<Output = ()>>>>::{closure#0}, core::option::Option<()>>::{closure#0}>
             at /home/runner/.cargo/registry/src/index.crates.io-1949cf8c6b5b557f/tokio-1.53.1/src/runtime/context.rs:187:17
  21: <tokio::runtime::scheduler::current_thread::CoreGuard>::enter::<<tokio::runtime::scheduler::current_thread::CoreGuard>::block_on<core::pin::Pin<&mut core::pin::Pin<&mut dyn core::future::future::Future<Output = ()>>>>::{closure#0}, core::option::Option<()>>
             at /home/runner/.cargo/registry/src/index.crates.io-1949cf8c6b5b557f/tokio-1.53.1/src/runtime/scheduler/current_thread/mod.rs:906:27
  22: <tokio::runtime::scheduler::current_thread::CoreGuard>::block_on::<core::pin::Pin<&mut core::pin::Pin<&mut dyn core::future::future::Future<Output = ()>>>>
             at /home/runner/.cargo/registry/src/index.crates.io-1949cf8c6b5b557f/tokio-1.53.1/src/runtime/scheduler/current_thread/mod.rs:817:24
  23: <tokio::runtime::scheduler::current_thread::CurrentThread>::block_on::<core::pin::Pin<&mut dyn core::future::future::Future<Output = ()>>>::{closure#0}
             at /home/runner/.cargo/registry/src/index.crates.io-1949cf8c6b5b557f/tokio-1.53.1/src/runtime/scheduler/current_thread/mod.rs:218:33
  24: tokio::runtime::context::runtime::enter_runtime::<<tokio::runtime::scheduler::current_thread::CurrentThread>::block_on<core::pin::Pin<&mut dyn core::future::future::Future<Output = ()>>>::{closure#0}, ()>
             at /home/runner/.cargo/registry/src/index.crates.io-1949cf8c6b5b557f/tokio-1.53.1/src/runtime/context/runtime.rs:65:16
  25: <tokio::runtime::scheduler::current_thread::CurrentThread>::block_on::<core::pin::Pin<&mut dyn core::future::future::Future<Output = ()>>>
             at /home/runner/.cargo/registry/src/index.crates.io-1949cf8c6b5b557f/tokio-1.53.1/src/runtime/scheduler/current_thread/mod.rs:206:9
  26: <tokio::runtime::runtime::Runtime>::block_on_inner::<core::pin::Pin<&mut dyn core::future::future::Future<Output = ()>>>
             at /home/runner/.cargo/registry/src/index.crates.io-1949cf8c6b5b557f/tokio-1.53.1/src/runtime/runtime.rs:374:52
  27: <tokio::runtime::runtime::Runtime>::block_on::<core::pin::Pin<&mut dyn core::future::future::Future<Output = ()>>>
             at /home/runner/.cargo/registry/src/index.crates.io-1949cf8c6b5b557f/tokio-1.53.1/src/runtime/runtime.rs:343:18
  28: http_compat::chrome_closing_page_wakes_wait
             at ./http_compat.rs:193:35
  29: http_compat::chrome_closing_page_wakes_wait::{closure#0}
             at ./http_compat.rs:192:27
  30: <http_compat::chrome_closing_page_wakes_wait::{closure#0} as core::ops::function::FnOnce<()>>::call_once
             at /rustc/b940084d7eb6a299eb4bfeb8e34901bc051e7ac4/library/core/src/ops/function.rs:250:5
  31: <fn() -> core::result::Result<(), alloc::string::String> as core::ops::function::FnOnce<()>>::call_once
             at /rustc/b940084d7eb6a299eb4bfeb8e34901bc051e7ac4/library/core/src/ops/function.rs:250:5
note: Some details are omitted, run with `RUST_BACKTRACE=full` for a verbose backtrace.
FAILED
test chrome_delayed_and_absent_elements ... 
thread 'chrome_delayed_and_absent_elements' (3486) panicked at tests/http_compat.rs:162:14:
Chrome must start; no skip: Browser(EarlyExit { status: "signal: 6 (SIGABRT) (core dumped)", log_path: "/tmp/rustwright-3448-1791562784564378838-2/rustwright-chrome.log" })
stack backtrace:
   0: __rustc::rust_begin_unwind
             at /rustc/b940084d7eb6a299eb4bfeb8e34901bc051e7ac4/library/std/src/panicking.rs:679:5
   1: core::panicking::panic_fmt
             at /rustc/b940084d7eb6a299eb4bfeb8e34901bc051e7ac4/library/core/src/panicking.rs:80:14
   2: core::result::unwrap_failed
             at /rustc/b940084d7eb6a299eb4bfeb8e34901bc051e7ac4/library/core/src/result.rs:1871:5
   3: <core::result::Result<rustwright_core::browser::Browser, rustwright_core::error::Error>>::expect
             at /rustc/b940084d7eb6a299eb4bfeb8e34901bc051e7ac4/library/core/src/result.rs:1184:23
   4: http_compat::open::{closure#0}
             at ./http_compat.rs:162:14
   5: http_compat::delayed_and_absent_elements::{closure#0}
             at ./http_compat.rs:380:51
   6: http_compat::chrome_delayed_and_absent_elements::{closure#0}
             at ./http_compat.rs:193:30
   7: <core::pin::Pin<&mut dyn core::future::future::Future<Output = ()>> as core::future::future::Future>::poll
             at /rustc/b940084d7eb6a299eb4bfeb8e34901bc051e7ac4/library/core/src/future/future.rs:133:9
   8: <core::pin::Pin<&mut core::pin::Pin<&mut dyn core::future::future::Future<Output = ()>>> as core::future::future::Future>::poll
             at /rustc/b940084d7eb6a299eb4bfeb8e34901bc051e7ac4/library/core/src/future/future.rs:133:9
   9: <tokio::runtime::scheduler::current_thread::CoreGuard>::block_on::<core::pin::Pin<&mut core::pin::Pin<&mut dyn core::future::future::Future<Output = ()>>>>::{closure#0}::{closure#0}::{closure#0}
             at /home/runner/.cargo/registry/src/index.crates.io-1949cf8c6b5b557f/tokio-1.53.1/src/runtime/scheduler/current_thread/mod.rs:830:70
  10: tokio::task::coop::with_budget::<core::task::poll::Poll<()>, <tokio::runtime::scheduler::current_thread::CoreGuard>::block_on<core::pin::Pin<&mut core::pin::Pin<&mut dyn core::future::future::Future<Output = ()>>>>::{closure#0}::{closure#0}::{closure#0}>
             at /home/runner/.cargo/registry/src/index.crates.io-1949cf8c6b5b557f/tokio-1.53.1/src/task/coop/mod.rs:167:5
  11: tokio::task::coop::budget::<core::task::poll::Poll<()>, <tokio::runtime::scheduler::current_thread::CoreGuard>::block_on<core::pin::Pin<&mut core::pin::Pin<&mut dyn core::future::future::Future<Output = ()>>>>::{closure#0}::{closure#0}::{closure#0}>
             at /home/runner/.cargo/registry/src/index.crates.io-1949cf8c6b5b557f/tokio-1.53.1/src/task/coop/mod.rs:133:5
  12: <tokio::runtime::scheduler::current_thread::CoreGuard>::block_on::<core::pin::Pin<&mut core::pin::Pin<&mut dyn core::future::future::Future<Output = ()>>>>::{closure#0}::{closure#0}
             at /home/runner/.cargo/registry/src/index.crates.io-1949cf8c6b5b557f/tokio-1.53.1/src/runtime/scheduler/current_thread/mod.rs:830:25
  13: <tokio::runtime::scheduler::current_thread::Context>::enter::<core::task::poll::Poll<()>, <tokio::runtime::scheduler::current_thread::CoreGuard>::block_on<core::pin::Pin<&mut core::pin::Pin<&mut dyn core::future::future::Future<Output = ()>>>>::{closure#0}::{closure#0}>
             at /home/runner/.cargo/registry/src/index.crates.io-1949cf8c6b5b557f/tokio-1.53.1/src/runtime/scheduler/current_thread/mod.rs:488:19
  14: <tokio::runtime::scheduler::current_thread::CoreGuard>::block_on::<core::pin::Pin<&mut core::pin::Pin<&mut dyn core::future::future::Future<Output = ()>>>>::{closure#0}
             at /home/runner/.cargo/registry/src/index.crates.io-1949cf8c6b5b557f/tokio-1.53.1/src/runtime/scheduler/current_thread/mod.rs:829:44
  15: <tokio::runtime::scheduler::current_thread::CoreGuard>::enter::<<tokio::runtime::scheduler::current_thread::CoreGuard>::block_on<core::pin::Pin<&mut core::pin::Pin<&mut dyn core::future::future::Future<Output = ()>>>>::{closure#0}, core::option::Option<()>>::{closure#0}
             at /home/runner/.cargo/registry/src/index.crates.io-1949cf8c6b5b557f/tokio-1.53.1/src/runtime/scheduler/current_thread/mod.rs:906:68
  16: <tokio::runtime::context::scoped::Scoped<tokio::runtime::scheduler::Context>>::set::<<tokio::runtime::scheduler::current_thread::CoreGuard>::enter<<tokio::runtime::scheduler::current_thread::CoreGuard>::block_on<core::pin::Pin<&mut core::pin::Pin<&mut dyn core::future::future::Future<Output = ()>>>>::{closure#0}, core::option::Option<()>>::{closure#0}, (alloc::boxed::Box<tokio::runtime::scheduler::current_thread::Core>, core::option::Option<()>)>
             at /home/runner/.cargo/registry/src/index.crates.io-1949cf8c6b5b557f/tokio-1.53.1/src/runtime/context/scoped.rs:40:9
  17: tokio::runtime::context::set_scheduler::<(alloc::boxed::Box<tokio::runtime::scheduler::current_thread::Core>, core::option::Option<()>), <tokio::runtime::scheduler::current_thread::CoreGuard>::enter<<tokio::runtime::scheduler::current_thread::CoreGuard>::block_on<core::pin::Pin<&mut core::pin::Pin<&mut dyn core::future::future::Future<Output = ()>>>>::{closure#0}, core::option::Option<()>>::{closure#0}>::{closure#0}
             at /home/runner/.cargo/registry/src/index.crates.io-1949cf8c6b5b557f/tokio-1.53.1/src/runtime/context.rs:187:38
  18: <std::thread::local::LocalKey<tokio::runtime::context::Context>>::try_with::<tokio::runtime::context::set_scheduler<(alloc::boxed::Box<tokio::runtime::scheduler::current_thread::Core>, core::option::Option<()>), <tokio::runtime::scheduler::current_thread::CoreGuard>::enter<<tokio::runtime::scheduler::current_thread::CoreGuard>::block_on<core::pin::Pin<&mut core::pin::Pin<&mut dyn core::future::future::Future<Output = ()>>>>::{closure#0}, core::option::Option<()>>::{closure#0}>::{closure#0}, (alloc::boxed::Box<tokio::runtime::scheduler::current_thread::Core>, core::option::Option<()>)>
             at /rustc/b940084d7eb6a299eb4bfeb8e34901bc051e7ac4/library/std/src/thread/local.rs:463:12
  19: <std::thread::local::LocalKey<tokio::runtime::context::Context>>::with::<tokio::runtime::context::set_scheduler<(alloc::boxed::Box<tokio::runtime::scheduler::current_thread::Core>, core::option::Option<()>), <tokio::runtime::scheduler::current_thread::CoreGuard>::enter<<tokio::runtime::scheduler::current_thread::CoreGuard>::block_on<core::pin::Pin<&mut core::pin::Pin<&mut dyn core::future::future::Future<Output = ()>>>>::{closure#0}, core::option::Option<()>>::{closure#0}>::{closure#0}, (alloc::boxed::Box<tokio::runtime::scheduler::current_thread::Core>, core::option::Option<()>)>
             at /rustc/b940084d7eb6a299eb4bfeb8e34901bc051e7ac4/library/std/src/thread/local.rs:427:20
  20: tokio::runtime::context::set_scheduler::<(alloc::boxed::Box<tokio::runtime::scheduler::current_thread::Core>, core::option::Option<()>), <tokio::runtime::scheduler::current_thread::CoreGuard>::enter<<tokio::runtime::scheduler::current_thread::CoreGuard>::block_on<core::pin::Pin<&mut core::pin::Pin<&mut dyn core::future::future::Future<Output = ()>>>>::{closure#0}, core::option::Option<()>>::{closure#0}>
             at /home/runner/.cargo/registry/src/index.crates.io-1949cf8c6b5b557f/tokio-1.53.1/src/runtime/context.rs:187:17
  21: <tokio::runtime::scheduler::current_thread::CoreGuard>::enter::<<tokio::runtime::scheduler::current_thread::CoreGuard>::block_on<core::pin::Pin<&mut core::pin::Pin<&mut dyn core::future::future::Future<Output = ()>>>>::{closure#0}, core::option::Option<()>>
             at /home/runner/.cargo/registry/src/index.crates.io-1949cf8c6b5b557f/tokio-1.53.1/src/runtime/scheduler/current_thread/mod.rs:906:27
  22: <tokio::runtime::scheduler::current_thread::CoreGuard>::block_on::<core::pin::Pin<&mut core::pin::Pin<&mut dyn core::future::future::Future<Output = ()>>>>
             at /home/runner/.cargo/registry/src/index.crates.io-1949cf8c6b5b557f/tokio-1.53.1/src/runtime/scheduler/current_thread/mod.rs:817:24
  23: <tokio::runtime::scheduler::current_thread::CurrentThread>::block_on::<core::pin::Pin<&mut dyn core::future::future::Future<Output = ()>>>::{closure#0}
             at /home/runner/.cargo/registry/src/index.crates.io-1949cf8c6b5b557f/tokio-1.53.1/src/runtime/scheduler/current_thread/mod.rs:218:33
  24: tokio::runtime::context::runtime::enter_runtime::<<tokio::runtime::scheduler::current_thread::CurrentThread>::block_on<core::pin::Pin<&mut dyn core::future::future::Future<Output = ()>>>::{closure#0}, ()>
             at /home/runner/.cargo/registry/src/index.crates.io-1949cf8c6b5b557f/tokio-1.53.1/src/runtime/context/runtime.rs:65:16
  25: <tokio::runtime::scheduler::current_thread::CurrentThread>::block_on::<core::pin::Pin<&mut dyn core::future::future::Future<Output = ()>>>
             at /home/runner/.cargo/registry/src/index.crates.io-1949cf8c6b5b557f/tokio-1.53.1/src/runtime/scheduler/current_thread/mod.rs:206:9
  26: <tokio::runtime::runtime::Runtime>::block_on_inner::<core::pin::Pin<&mut dyn core::future::future::Future<Output = ()>>>
             at /home/runner/.cargo/registry/src/index.crates.io-1949cf8c6b5b557f/tokio-1.53.1/src/runtime/runtime.rs:374:52
  27: <tokio::runtime::runtime::Runtime>::block_on::<core::pin::Pin<&mut dyn core::future::future::Future<Output = ()>>>
             at /home/runner/.cargo/registry/src/index.crates.io-1949cf8c6b5b557f/tokio-1.53.1/src/runtime/runtime.rs:343:18
  28: http_compat::chrome_delayed_and_absent_elements
             at ./http_compat.rs:193:35
  29: http_compat::chrome_delayed_and_absent_elements::{closure#0}
             at ./http_compat.rs:192:27
  30: <http_compat::chrome_delayed_and_absent_elements::{closure#0} as core::ops::function::FnOnce<()>>::call_once
             at /rustc/b940084d7eb6a299eb4bfeb8e34901bc051e7ac4/library/core/src/ops/function.rs:250:5
  31: <fn() -> core::result::Result<(), alloc::string::String> as core::ops::function::FnOnce<()>>::call_once
             at /rustc/b940084d7eb6a299eb4bfeb8e34901bc051e7ac4/library/core/src/ops/function.rs:250:5
note: Some details are omitted, run with `RUST_BACKTRACE=full` for a verbose backtrace.
FAILED
test chrome_disconnect_wakes_wait ... 
thread 'chrome_disconnect_wakes_wait' (3512) panicked at tests/http_compat.rs:162:14:
Chrome must start; no skip: Browser(EarlyExit { status: "signal: 6 (SIGABRT) (core dumped)", log_path: "/tmp/rustwright-3448-1791562784793889971-3/rustwright-chrome.log" })
stack backtrace:
   0: __rustc::rust_begin_unwind
             at /rustc/b940084d7eb6a299eb4bfeb8e34901bc051e7ac4/library/std/src/panicking.rs:679:5
   1: core::panicking::panic_fmt
             at /rustc/b940084d7eb6a299eb4bfeb8e34901bc051e7ac4/library/core/src/panicking.rs:80:14
   2: core::result::unwrap_failed
             at /rustc/b940084d7eb6a299eb4bfeb8e34901bc051e7ac4/library/core/src/result.rs:1871:5
   3: <core::result::Result<rustwright_core::browser::Browser, rustwright_core::error::Error>>::expect
             at /rustc/b940084d7eb6a299eb4bfeb8e34901bc051e7ac4/library/core/src/result.rs:1184:23
   4: http_compat::open::{closure#0}
             at ./http_compat.rs:162:14
   5: http_compat::disconnect_wakes_wait::{closure#0}
             at ./http_compat.rs:467:51
   6: http_compat::chrome_disconnect_wakes_wait::{closure#0}
             at ./http_compat.rs:193:30
   7: <core::pin::Pin<&mut dyn core::future::future::Future<Output = ()>> as core::future::future::Future>::poll
             at /rustc/b940084d7eb6a299eb4bfeb8e34901bc051e7ac4/library/core/src/future/future.rs:133:9
   8: <core::pin::Pin<&mut core::pin::Pin<&mut dyn core::future::future::Future<Output = ()>>> as core::future::future::Future>::poll
             at /rustc/b940084d7eb6a299eb4bfeb8e34901bc051e7ac4/library/core/src/future/future.rs:133:9
   9: <tokio::runtime::scheduler::current_thread::CoreGuard>::block_on::<core::pin::Pin<&mut core::pin::Pin<&mut dyn core::future::future::Future<Output = ()>>>>::{closure#0}::{closure#0}::{closure#0}
             at /home/runner/.cargo/registry/src/index.crates.io-1949cf8c6b5b557f/tokio-1.53.1/src/runtime/scheduler/current_thread/mod.rs:830:70
  10: tokio::task::coop::with_budget::<core::task::poll::Poll<()>, <tokio::runtime::scheduler::current_thread::CoreGuard>::block_on<core::pin::Pin<&mut core::pin::Pin<&mut dyn core::future::future::Future<Output = ()>>>>::{closure#0}::{closure#0}::{closure#0}>
             at /home/runner/.cargo/registry/src/index.crates.io-1949cf8c6b5b557f/tokio-1.53.1/src/task/coop/mod.rs:167:5
  11: tokio::task::coop::budget::<core::task::poll::Poll<()>, <tokio::runtime::scheduler::current_thread::CoreGuard>::block_on<core::pin::Pin<&mut core::pin::Pin<&mut dyn core::future::future::Future<Output = ()>>>>::{closure#0}::{closure#0}::{closure#0}>
             at /home/runner/.cargo/registry/src/index.crates.io-1949cf8c6b5b557f/tokio-1.53.1/src/task/coop/mod.rs:133:5
  12: <tokio::runtime::scheduler::current_thread::CoreGuard>::block_on::<core::pin::Pin<&mut core::pin::Pin<&mut dyn core::future::future::Future<Output = ()>>>>::{closure#0}::{closure#0}
             at /home/runner/.cargo/registry/src/index.crates.io-1949cf8c6b5b557f/tokio-1.53.1/src/runtime/scheduler/current_thread/mod.rs:830:25
  13: <tokio::runtime::scheduler::current_thread::Context>::enter::<core::task::poll::Poll<()>, <tokio::runtime::scheduler::current_thread::CoreGuard>::block_on<core::pin::Pin<&mut core::pin::Pin<&mut dyn core::future::future::Future<Output = ()>>>>::{closure#0}::{closure#0}>
             at /home/runner/.cargo/registry/src/index.crates.io-1949cf8c6b5b557f/tokio-1.53.1/src/runtime/scheduler/current_thread/mod.rs:488:19
  14: <tokio::runtime::scheduler::current_thread::CoreGuard>::block_on::<core::pin::Pin<&mut core::pin::Pin<&mut dyn core::future::future::Future<Output = ()>>>>::{closure#0}
             at /home/runner/.cargo/registry/src/index.crates.io-1949cf8c6b5b557f/tokio-1.53.1/src/runtime/scheduler/current_thread/mod.rs:829:44
  15: <tokio::runtime::scheduler::current_thread::CoreGuard>::enter::<<tokio::runtime::scheduler::current_thread::CoreGuard>::block_on<core::pin::Pin<&mut core::pin::Pin<&mut dyn core::future::future::Future<Output = ()>>>>::{closure#0}, core::option::Option<()>>::{closure#0}
             at /home/runner/.cargo/registry/src/index.crates.io-1949cf8c6b5b557f/tokio-1.53.1/src/runtime/scheduler/current_thread/mod.rs:906:68
  16: <tokio::runtime::context::scoped::Scoped<tokio::runtime::scheduler::Context>>::set::<<tokio::runtime::scheduler::current_thread::CoreGuard>::enter<<tokio::runtime::scheduler::current_thread::CoreGuard>::block_on<core::pin::Pin<&mut core::pin::Pin<&mut dyn core::future::future::Future<Output = ()>>>>::{closure#0}, core::option::Option<()>>::{closure#0}, (alloc::boxed::Box<tokio::runtime::scheduler::current_thread::Core>, core::option::Option<()>)>
             at /home/runner/.cargo/registry/src/index.crates.io-1949cf8c6b5b557f/tokio-1.53.1/src/runtime/context/scoped.rs:40:9
  17: tokio::runtime::context::set_scheduler::<(alloc::boxed::Box<tokio::runtime::scheduler::current_thread::Core>, core::option::Option<()>), <tokio::runtime::scheduler::current_thread::CoreGuard>::enter<<tokio::runtime::scheduler::current_thread::CoreGuard>::block_on<core::pin::Pin<&mut core::pin::Pin<&mut dyn core::future::future::Future<Output = ()>>>>::{closure#0}, core::option::Option<()>>::{closure#0}>::{closure#0}
             at /home/runner/.cargo/registry/src/index.crates.io-1949cf8c6b5b557f/tokio-1.53.1/src/runtime/context.rs:187:38
  18: <std::thread::local::LocalKey<tokio::runtime::context::Context>>::try_with::<tokio::runtime::context::set_scheduler<(alloc::boxed::Box<tokio::runtime::scheduler::current_thread::Core>, core::option::Option<()>), <tokio::runtime::scheduler::current_thread::CoreGuard>::enter<<tokio::runtime::scheduler::current_thread::CoreGuard>::block_on<core::pin::Pin<&mut core::pin::Pin<&mut dyn core::future::future::Future<Output = ()>>>>::{closure#0}, core::option::Option<()>>::{closure#0}>::{closure#0}, (alloc::boxed::Box<tokio::runtime::scheduler::current_thread::Core>, core::option::Option<()>)>
             at /rustc/b940084d7eb6a299eb4bfeb8e34901bc051e7ac4/library/std/src/thread/local.rs:463:12
  19: <std::thread::local::LocalKey<tokio::runtime::context::Context>>::with::<tokio::runtime::context::set_scheduler<(alloc::boxed::Box<tokio::runtime::scheduler::current_thread::Core>, core::option::Option<()>), <tokio::runtime::scheduler::current_thread::CoreGuard>::enter<<tokio::runtime::scheduler::current_thread::CoreGuard>::block_on<core::pin::Pin<&mut core::pin::Pin<&mut dyn core::future::future::Future<Output = ()>>>>::{closure#0}, core::option::Option<()>>::{closure#0}>::{closure#0}, (alloc::boxed::Box<tokio::runtime::scheduler::current_thread::Core>, core::option::Option<()>)>
             at /rustc/b940084d7eb6a299eb4bfeb8e34901bc051e7ac4/library/std/src/thread/local.rs:427:20
  20: tokio::runtime::context::set_scheduler::<(alloc::boxed::Box<tokio::runtime::scheduler::current_thread::Core>, core::option::Option<()>), <tokio::runtime::scheduler::current_thread::CoreGuard>::enter<<tokio::runtime::scheduler::current_thread::CoreGuard>::block_on<core::pin::Pin<&mut core::pin::Pin<&mut dyn core::future::future::Future<Output = ()>>>>::{closure#0}, core::option::Option<()>>::{closure#0}>
             at /home/runner/.cargo/registry/src/index.crates.io-1949cf8c6b5b557f/tokio-1.53.1/src/runtime/context.rs:187:17
  21: <tokio::runtime::scheduler::current_thread::CoreGuard>::enter::<<tokio::runtime::scheduler::current_thread::CoreGuard>::block_on<core::pin::Pin<&mut core::pin::Pin<&mut dyn core::future::future::Future<Output = ()>>>>::{closure#0}, core::option::Option<()>>
             at /home/runner/.cargo/registry/src/index.crates.io-1949cf8c6b5b557f/tokio-1.53.1/src/runtime/scheduler/current_thread/mod.rs:906:27
  22: <tokio::runtime::scheduler::current_thread::CoreGuard>::block_on::<core::pin::Pin<&mut core::pin::Pin<&mut dyn core::future::future::Future<Output = ()>>>>
             at /home/runner/.cargo/registry/src/index.crates.io-1949cf8c6b5b557f/tokio-1.53.1/src/runtime/scheduler/current_thread/mod.rs:817:24
  23: <tokio::runtime::scheduler::current_thread::CurrentThread>::block_on::<core::pin::Pin<&mut dyn core::future::future::Future<Output = ()>>>::{closure#0}
             at /home/runner/.cargo/registry/src/index.crates.io-1949cf8c6b5b557f/tokio-1.53.1/src/runtime/scheduler/current_thread/mod.rs:218:33
  24: tokio::runtime::context::runtime::enter_runtime::<<tokio::runtime::scheduler::current_thread::CurrentThread>::block_on<core::pin::Pin<&mut dyn core::future::future::Future<Output = ()>>>::{closure#0}, ()>
             at /home/runner/.cargo/registry/src/index.crates.io-1949cf8c6b5b557f/tokio-1.53.1/src/runtime/context/runtime.rs:65:16
  25: <tokio::runtime::scheduler::current_thread::CurrentThread>::block_on::<core::pin::Pin<&mut dyn core::future::future::Future<Output = ()>>>
             at /home/runner/.cargo/registry/src/index.crates.io-1949cf8c6b5b557f/tokio-1.53.1/src/runtime/scheduler/current_thread/mod.rs:206:9
  26: <tokio::runtime::runtime::Runtime>::block_on_inner::<core::pin::Pin<&mut dyn core::future::future::Future<Output = ()>>>
             at /home/runner/.cargo/registry/src/index.crates.io-1949cf8c6b5b557f/tokio-1.53.1/src/runtime/runtime.rs:374:52
  27: <tokio::runtime::runtime::Runtime>::block_on::<core::pin::Pin<&mut dyn core::future::future::Future<Output = ()>>>
             at /home/runner/.cargo/registry/src/index.crates.io-1949cf8c6b5b557f/tokio-1.53.1/src/runtime/runtime.rs:343:18
  28: http_compat::chrome_disconnect_wakes_wait
             at ./http_compat.rs:193:35
  29: http_compat::chrome_disconnect_wakes_wait::{closure#0}
             at ./http_compat.rs:192:27
  30: <http_compat::chrome_disconnect_wakes_wait::{closure#0} as core::ops::function::FnOnce<()>>::call_once
             at /rustc/b940084d7eb6a299eb4bfeb8e34901bc051e7ac4/library/core/src/ops/function.rs:250:5
  31: <fn() -> core::result::Result<(), alloc::string::String> as core::ops::function::FnOnce<()>>::call_once
             at /rustc/b940084d7eb6a299eb4bfeb8e34901bc051e7ac4/library/core/src/ops/function.rs:250:5
note: Some details are omitted, run with `RUST_BACKTRACE=full` for a verbose backtrace.
FAILED
test chrome_frame_click ... 
thread 'chrome_frame_click' (3539) panicked at tests/http_compat.rs:162:14:
Chrome must start; no skip: Browser(EarlyExit { status: "signal: 6 (SIGABRT) (core dumped)", log_path: "/tmp/rustwright-3448-1791562785022373857-4/rustwright-chrome.log" })
stack backtrace:
   0: __rustc::rust_begin_unwind
             at /rustc/b940084d7eb6a299eb4bfeb8e34901bc051e7ac4/library/std/src/panicking.rs:679:5
   1: core::panicking::panic_fmt
             at /rustc/b940084d7eb6a299eb4bfeb8e34901bc051e7ac4/library/core/src/panicking.rs:80:14
   2: core::result::unwrap_failed
             at /rustc/b940084d7eb6a299eb4bfeb8e34901bc051e7ac4/library/core/src/result.rs:1871:5
   3: <core::result::Result<rustwright_core::browser::Browser, rustwright_core::error::Error>>::expect
             at /rustc/b940084d7eb6a299eb4bfeb8e34901bc051e7ac4/library/core/src/result.rs:1184:23
   4: http_compat::open::{closure#0}
             at ./http_compat.rs:162:14
   5: http_compat::frame_click::{closure#0}
             at ./http_compat.rs:296:50
   6: http_compat::chrome_frame_click::{closure#0}
             at ./http_compat.rs:193:30
   7: <core::pin::Pin<&mut dyn core::future::future::Future<Output = ()>> as core::future::future::Future>::poll
             at /rustc/b940084d7eb6a299eb4bfeb8e34901bc051e7ac4/library/core/src/future/future.rs:133:9
   8: <core::pin::Pin<&mut core::pin::Pin<&mut dyn core::future::future::Future<Output = ()>>> as core::future::future::Future>::poll
             at /rustc/b940084d7eb6a299eb4bfeb8e34901bc051e7ac4/library/core/src/future/future.rs:133:9
   9: <tokio::runtime::scheduler::current_thread::CoreGuard>::block_on::<core::pin::Pin<&mut core::pin::Pin<&mut dyn core::future::future::Future<Output = ()>>>>::{closure#0}::{closure#0}::{closure#0}
             at /home/runner/.cargo/registry/src/index.crates.io-1949cf8c6b5b557f/tokio-1.53.1/src/runtime/scheduler/current_thread/mod.rs:830:70
  10: tokio::task::coop::with_budget::<core::task::poll::Poll<()>, <tokio::runtime::scheduler::current_thread::CoreGuard>::block_on<core::pin::Pin<&mut core::pin::Pin<&mut dyn core::future::future::Future<Output = ()>>>>::{closure#0}::{closure#0}::{closure#0}>
             at /home/runner/.cargo/registry/src/index.crates.io-1949cf8c6b5b557f/tokio-1.53.1/src/task/coop/mod.rs:167:5
  11: tokio::task::coop::budget::<core::task::poll::Poll<()>, <tokio::runtime::scheduler::current_thread::CoreGuard>::block_on<core::pin::Pin<&mut core::pin::Pin<&mut dyn core::future::future::Future<Output = ()>>>>::{closure#0}::{closure#0}::{closure#0}>
             at /home/runner/.cargo/registry/src/index.crates.io-1949cf8c6b5b557f/tokio-1.53.1/src/task/coop/mod.rs:133:5
  12: <tokio::runtime::scheduler::current_thread::CoreGuard>::block_on::<core::pin::Pin<&mut core::pin::Pin<&mut dyn core::future::future::Future<Output = ()>>>>::{closure#0}::{closure#0}
             at /home/runner/.cargo/registry/src/index.crates.io-1949cf8c6b5b557f/tokio-1.53.1/src/runtime/scheduler/current_thread/mod.rs:830:25
  13: <tokio::runtime::scheduler::current_thread::Context>::enter::<core::task::poll::Poll<()>, <tokio::runtime::scheduler::current_thread::CoreGuard>::block_on<core::pin::Pin<&mut core::pin::Pin<&mut dyn core::future::future::Future<Output = ()>>>>::{closure#0}::{closure#0}>
             at /home/runner/.cargo/registry/src/index.crates.io-1949cf8c6b5b557f/tokio-1.53.1/src/runtime/scheduler/current_thread/mod.rs:488:19
  14: <tokio::runtime::scheduler::current_thread::CoreGuard>::block_on::<core::pin::Pin<&mut core::pin::Pin<&mut dyn core::future::future::Future<Output = ()>>>>::{closure#0}
             at /home/runner/.cargo/registry/src/index.crates.io-1949cf8c6b5b557f/tokio-1.53.1/src/runtime/scheduler/current_thread/mod.rs:829:44
  15: <tokio::runtime::scheduler::current_thread::CoreGuard>::enter::<<tokio::runtime::scheduler::current_thread::CoreGuard>::block_on<core::pin::Pin<&mut core::pin::Pin<&mut dyn core::future::future::Future<Output = ()>>>>::{closure#0}, core::option::Option<()>>::{closure#0}
             at /home/runner/.cargo/registry/src/index.crates.io-1949cf8c6b5b557f/tokio-1.53.1/src/runtime/scheduler/current_thread/mod.rs:906:68
  16: <tokio::runtime::context::scoped::Scoped<tokio::runtime::scheduler::Context>>::set::<<tokio::runtime::scheduler::current_thread::CoreGuard>::enter<<tokio::runtime::scheduler::current_thread::CoreGuard>::block_on<core::pin::Pin<&mut core::pin::Pin<&mut dyn core::future::future::Future<Output = ()>>>>::{closure#0}, core::option::Option<()>>::{closure#0}, (alloc::boxed::Box<tokio::runtime::scheduler::current_thread::Core>, core::option::Option<()>)>
             at /home/runner/.cargo/registry/src/index.crates.io-1949cf8c6b5b557f/tokio-1.53.1/src/runtime/context/scoped.rs:40:9
  17: tokio::runtime::context::set_scheduler::<(alloc::boxed::Box<tokio::runtime::scheduler::current_thread::Core>, core::option::Option<()>), <tokio::runtime::scheduler::current_thread::CoreGuard>::enter<<tokio::runtime::scheduler::current_thread::CoreGuard>::block_on<core::pin::Pin<&mut core::pin::Pin<&mut dyn core::future::future::Future<Output = ()>>>>::{closure#0}, core::option::Option<()>>::{closure#0}>::{closure#0}
             at /home/runner/.cargo/registry/src/index.crates.io-1949cf8c6b5b557f/tokio-1.53.1/src/runtime/context.rs:187:38
  18: <std::thread::local::LocalKey<tokio::runtime::context::Context>>::try_with::<tokio::runtime::context::set_scheduler<(alloc::boxed::Box<tokio::runtime::scheduler::current_thread::Core>, core::option::Option<()>), <tokio::runtime::scheduler::current_thread::CoreGuard>::enter<<tokio::runtime::scheduler::current_thread::CoreGuard>::block_on<core::pin::Pin<&mut core::pin::Pin<&mut dyn core::future::future::Future<Output = ()>>>>::{closure#0}, core::option::Option<()>>::{closure#0}>::{closure#0}, (alloc::boxed::Box<tokio::runtime::scheduler::current_thread::Core>, core::option::Option<()>)>
             at /rustc/b940084d7eb6a299eb4bfeb8e34901bc051e7ac4/library/std/src/thread/local.rs:463:12
  19: <std::thread::local::LocalKey<tokio::runtime::context::Context>>::with::<tokio::runtime::context::set_scheduler<(alloc::boxed::Box<tokio::runtime::scheduler::current_thread::Core>, core::option::Option<()>), <tokio::runtime::scheduler::current_thread::CoreGuard>::enter<<tokio::runtime::scheduler::current_thread::CoreGuard>::block_on<core::pin::Pin<&mut core::pin::Pin<&mut dyn core::future::future::Future<Output = ()>>>>::{closure#0}, core::option::Option<()>>::{closure#0}>::{closure#0}, (alloc::boxed::Box<tokio::runtime::scheduler::current_thread::Core>, core::option::Option<()>)>
             at /rustc/b940084d7eb6a299eb4bfeb8e34901bc051e7ac4/library/std/src/thread/local.rs:427:20
  20: tokio::runtime::context::set_scheduler::<(alloc::boxed::Box<tokio::runtime::scheduler::current_thread::Core>, core::option::Option<()>), <tokio::runtime::scheduler::current_thread::CoreGuard>::enter<<tokio::runtime::scheduler::current_thread::CoreGuard>::block_on<core::pin::Pin<&mut core::pin::Pin<&mut dyn core::future::future::Future<Output = ()>>>>::{closure#0}, core::option::Option<()>>::{closure#0}>
             at /home/runner/.cargo/registry/src/index.crates.io-1949cf8c6b5b557f/tokio-1.53.1/src/runtime/context.rs:187:17
  21: <tokio::runtime::scheduler::current_thread::CoreGuard>::enter::<<tokio::runtime::scheduler::current_thread::CoreGuard>::block_on<core::pin::Pin<&mut core::pin::Pin<&mut dyn core::future::future::Future<Output = ()>>>>::{closure#0}, core::option::Option<()>>
             at /home/runner/.cargo/registry/src/index.crates.io-1949cf8c6b5b557f/tokio-1.53.1/src/runtime/scheduler/current_thread/mod.rs:906:27
  22: <tokio::runtime::scheduler::current_thread::CoreGuard>::block_on::<core::pin::Pin<&mut core::pin::Pin<&mut dyn core::future::future::Future<Output = ()>>>>
             at /home/runner/.cargo/registry/src/index.crates.io-1949cf8c6b5b557f/tokio-1.53.1/src/runtime/scheduler/current_thread/mod.rs:817:24
  23: <tokio::runtime::scheduler::current_thread::CurrentThread>::block_on::<core::pin::Pin<&mut dyn core::future::future::Future<Output = ()>>>::{closure#0}
             at /home/runner/.cargo/registry/src/index.crates.io-1949cf8c6b5b557f/tokio-1.53.1/src/runtime/scheduler/current_thread/mod.rs:218:33
  24: tokio::runtime::context::runtime::enter_runtime::<<tokio::runtime::scheduler::current_thread::CurrentThread>::block_on<core::pin::Pin<&mut dyn core::future::future::Future<Output = ()>>>::{closure#0}, ()>
             at /home/runner/.cargo/registry/src/index.crates.io-1949cf8c6b5b557f/tokio-1.53.1/src/runtime/context/runtime.rs:65:16
  25: <tokio::runtime::scheduler::current_thread::CurrentThread>::block_on::<core::pin::Pin<&mut dyn core::future::future::Future<Output = ()>>>
             at /home/runner/.cargo/registry/src/index.crates.io-1949cf8c6b5b557f/tokio-1.53.1/src/runtime/scheduler/current_thread/mod.rs:206:9
  26: <tokio::runtime::runtime::Runtime>::block_on_inner::<core::pin::Pin<&mut dyn core::future::future::Future<Output = ()>>>
             at /home/runner/.cargo/registry/src/index.crates.io-1949cf8c6b5b557f/tokio-1.53.1/src/runtime/runtime.rs:374:52
  27: <tokio::runtime::runtime::Runtime>::block_on::<core::pin::Pin<&mut dyn core::future::future::Future<Output = ()>>>
             at /home/runner/.cargo/registry/src/index.crates.io-1949cf8c6b5b557f/tokio-1.53.1/src/runtime/runtime.rs:343:18
  28: http_compat::chrome_frame_click
             at ./http_compat.rs:193:35
  29: http_compat::chrome_frame_click::{closure#0}
             at ./http_compat.rs:192:27
  30: <http_compat::chrome_frame_click::{closure#0} as core::ops::function::FnOnce<()>>::call_once
             at /rustc/b940084d7eb6a299eb4bfeb8e34901bc051e7ac4/library/core/src/ops/function.rs:250:5
  31: <fn() -> core::result::Result<(), alloc::string::String> as core::ops::function::FnOnce<()>>::call_once
             at /rustc/b940084d7eb6a299eb4bfeb8e34901bc051e7ac4/library/core/src/ops/function.rs:250:5
note: Some details are omitted, run with `RUST_BACKTRACE=full` for a verbose backtrace.
FAILED
test chrome_frame_hover_and_keyboard ... 
thread 'chrome_frame_hover_and_keyboard' (3568) panicked at tests/http_compat.rs:162:14:
Chrome must start; no skip: Browser(EarlyExit { status: "signal: 6 (SIGABRT) (core dumped)", log_path: "/tmp/rustwright-3448-1791562785251874670-5/rustwright-chrome.log" })
stack backtrace:
   0: __rustc::rust_begin_unwind
             at /rustc/b940084d7eb6a299eb4bfeb8e34901bc051e7ac4/library/std/src/panicking.rs:679:5
   1: core::panicking::panic_fmt
             at /rustc/b940084d7eb6a299eb4bfeb8e34901bc051e7ac4/library/core/src/panicking.rs:80:14
   2: core::result::unwrap_failed
             at /rustc/b940084d7eb6a299eb4bfeb8e34901bc051e7ac4/library/core/src/result.rs:1871:5
   3: <core::result::Result<rustwright_core::browser::Browser, rustwright_core::error::Error>>::expect
             at /rustc/b940084d7eb6a299eb4bfeb8e34901bc051e7ac4/library/core/src/result.rs:1184:23
   4: http_compat::open::{closure#0}
             at ./http_compat.rs:162:14
   5: http_compat::frame_hover_and_keyboard::{closure#0}
             at ./http_compat.rs:578:50
   6: http_compat::chrome_frame_hover_and_keyboard::{closure#0}
             at ./http_compat.rs:193:30
   7: <core::pin::Pin<&mut dyn core::future::future::Future<Output = ()>> as core::future::future::Future>::poll
             at /rustc/b940084d7eb6a299eb4bfeb8e34901bc051e7ac4/library/core/src/future/future.rs:133:9
   8: <core::pin::Pin<&mut core::pin::Pin<&mut dyn core::future::future::Future<Output = ()>>> as core::future::future::Future>::poll
             at /rustc/b940084d7eb6a299eb4bfeb8e34901bc051e7ac4/library/core/src/future/future.rs:133:9
   9: <tokio::runtime::scheduler::current_thread::CoreGuard>::block_on::<core::pin::Pin<&mut core::pin::Pin<&mut dyn core::future::future::Future<Output = ()>>>>::{closure#0}::{closure#0}::{closure#0}
             at /home/runner/.cargo/registry/src/index.crates.io-1949cf8c6b5b557f/tokio-1.53.1/src/runtime/scheduler/current_thread/mod.rs:830:70
  10: tokio::task::coop::with_budget::<core::task::poll::Poll<()>, <tokio::runtime::scheduler::current_thread::CoreGuard>::block_on<core::pin::Pin<&mut core::pin::Pin<&mut dyn core::future::future::Future<Output = ()>>>>::{closure#0}::{closure#0}::{closure#0}>
             at /home/runner/.cargo/registry/src/index.crates.io-1949cf8c6b5b557f/tokio-1.53.1/src/task/coop/mod.rs:167:5
  11: tokio::task::coop::budget::<core::task::poll::Poll<()>, <tokio::runtime::scheduler::current_thread::CoreGuard>::block_on<core::pin::Pin<&mut core::pin::Pin<&mut dyn core::future::future::Future<Output = ()>>>>::{closure#0}::{closure#0}::{closure#0}>
             at /home/runner/.cargo/registry/src/index.crates.io-1949cf8c6b5b557f/tokio-1.53.1/src/task/coop/mod.rs:133:5
  12: <tokio::runtime::scheduler::current_thread::CoreGuard>::block_on::<core::pin::Pin<&mut core::pin::Pin<&mut dyn core::future::future::Future<Output = ()>>>>::{closure#0}::{closure#0}
             at /home/runner/.cargo/registry/src/index.crates.io-1949cf8c6b5b557f/tokio-1.53.1/src/runtime/scheduler/current_thread/mod.rs:830:25
  13: <tokio::runtime::scheduler::current_thread::Context>::enter::<core::task::poll::Poll<()>, <tokio::runtime::scheduler::current_thread::CoreGuard>::block_on<core::pin::Pin<&mut core::pin::Pin<&mut dyn core::future::future::Future<Output = ()>>>>::{closure#0}::{closure#0}>
             at /home/runner/.cargo/registry/src/index.crates.io-1949cf8c6b5b557f/tokio-1.53.1/src/runtime/scheduler/current_thread/mod.rs:488:19
  14: <tokio::runtime::scheduler::current_thread::CoreGuard>::block_on::<core::pin::Pin<&mut core::pin::Pin<&mut dyn core::future::future::Future<Output = ()>>>>::{closure#0}
             at /home/runner/.cargo/registry/src/index.crates.io-1949cf8c6b5b557f/tokio-1.53.1/src/runtime/scheduler/current_thread/mod.rs:829:44
  15: <tokio::runtime::scheduler::current_thread::CoreGuard>::enter::<<tokio::runtime::scheduler::current_thread::CoreGuard>::block_on<core::pin::Pin<&mut core::pin::Pin<&mut dyn core::future::future::Future<Output = ()>>>>::{closure#0}, core::option::Option<()>>::{closure#0}
             at /home/runner/.cargo/registry/src/index.crates.io-1949cf8c6b5b557f/tokio-1.53.1/src/runtime/scheduler/current_thread/mod.rs:906:68
  16: <tokio::runtime::context::scoped::Scoped<tokio::runtime::scheduler::Context>>::set::<<tokio::runtime::scheduler::current_thread::CoreGuard>::enter<<tokio::runtime::scheduler::current_thread::CoreGuard>::block_on<core::pin::Pin<&mut core::pin::Pin<&mut dyn core::future::future::Future<Output = ()>>>>::{closure#0}, core::option::Option<()>>::{closure#0}, (alloc::boxed::Box<tokio::runtime::scheduler::current_thread::Core>, core::option::Option<()>)>
             at /home/runner/.cargo/registry/src/index.crates.io-1949cf8c6b5b557f/tokio-1.53.1/src/runtime/context/scoped.rs:40:9
  17: tokio::runtime::context::set_scheduler::<(alloc::boxed::Box<tokio::runtime::scheduler::current_thread::Core>, core::option::Option<()>), <tokio::runtime::scheduler::current_thread::CoreGuard>::enter<<tokio::runtime::scheduler::current_thread::CoreGuard>::block_on<core::pin::Pin<&mut core::pin::Pin<&mut dyn core::future::future::Future<Output = ()>>>>::{closure#0}, core::option::Option<()>>::{closure#0}>::{closure#0}
             at /home/runner/.cargo/registry/src/index.crates.io-1949cf8c6b5b557f/tokio-1.53.1/src/runtime/context.rs:187:38
  18: <std::thread::local::LocalKey<tokio::runtime::context::Context>>::try_with::<tokio::runtime::context::set_scheduler<(alloc::boxed::Box<tokio::runtime::scheduler::current_thread::Core>, core::option::Option<()>), <tokio::runtime::scheduler::current_thread::CoreGuard>::enter<<tokio::runtime::scheduler::current_thread::CoreGuard>::block_on<core::pin::Pin<&mut core::pin::Pin<&mut dyn core::future::future::Future<Output = ()>>>>::{closure#0}, core::option::Option<()>>::{closure#0}>::{closure#0}, (alloc::boxed::Box<tokio::runtime::scheduler::current_thread::Core>, core::option::Option<()>)>
             at /rustc/b940084d7eb6a299eb4bfeb8e34901bc051e7ac4/library/std/src/thread/local.rs:463:12
  19: <std::thread::local::LocalKey<tokio::runtime::context::Context>>::with::<tokio::runtime::context::set_scheduler<(alloc::boxed::Box<tokio::runtime::scheduler::current_thread::Core>, core::option::Option<()>), <tokio::runtime::scheduler::current_thread::CoreGuard>::enter<<tokio::runtime::scheduler::current_thread::CoreGuard>::block_on<core::pin::Pin<&mut core::pin::Pin<&mut dyn core::future::future::Future<Output = ()>>>>::{closure#0}, core::option::Option<()>>::{closure#0}>::{closure#0}, (alloc::boxed::Box<tokio::runtime::scheduler::current_thread::Core>, core::option::Option<()>)>
             at /rustc/b940084d7eb6a299eb4bfeb8e34901bc051e7ac4/library/std/src/thread/local.rs:427:20
  20: tokio::runtime::context::set_scheduler::<(alloc::boxed::Box<tokio::runtime::scheduler::current_thread::Core>, core::option::Option<()>), <tokio::runtime::scheduler::current_thread::CoreGuard>::enter<<tokio::runtime::scheduler::current_thread::CoreGuard>::block_on<core::pin::Pin<&mut core::pin::Pin<&mut dyn core::future::future::Future<Output = ()>>>>::{closure#0}, core::option::Option<()>>::{closure#0}>
             at /home/runner/.cargo/registry/src/index.crates.io-1949cf8c6b5b557f/tokio-1.53.1/src/runtime/context.rs:187:17
  21: <tokio::runtime::scheduler::current_thread::CoreGuard>::enter::<<tokio::runtime::scheduler::current_thread::CoreGuard>::block_on<core::pin::Pin<&mut core::pin::Pin<&mut dyn core::future::future::Future<Output = ()>>>>::{closure#0}, core::option::Option<()>>
             at /home/runner/.cargo/registry/src/index.crates.io-1949cf8c6b5b557f/tokio-1.53.1/src/runtime/scheduler/current_thread/mod.rs:906:27
  22: <tokio::runtime::scheduler::current_thread::CoreGuard>::block_on::<core::pin::Pin<&mut core::pin::Pin<&mut dyn core::future::future::Future<Output = ()>>>>
             at /home/runner/.cargo/registry/src/index.crates.io-1949cf8c6b5b557f/tokio-1.53.1/src/runtime/scheduler/current_thread/mod.rs:817:24
  23: <tokio::runtime::scheduler::current_thread::CurrentThread>::block_on::<core::pin::Pin<&mut dyn core::future::future::Future<Output = ()>>>::{closure#0}
             at /home/runner/.cargo/registry/src/index.crates.io-1949cf8c6b5b557f/tokio-1.53.1/src/runtime/scheduler/current_thread/mod.rs:218:33
  24: tokio::runtime::context::runtime::enter_runtime::<<tokio::runtime::scheduler::current_thread::CurrentThread>::block_on<core::pin::Pin<&mut dyn core::future::future::Future<Output = ()>>>::{closure#0}, ()>
             at /home/runner/.cargo/registry/src/index.crates.io-1949cf8c6b5b557f/tokio-1.53.1/src/runtime/context/runtime.rs:65:16
  25: <tokio::runtime::scheduler::current_thread::CurrentThread>::block_on::<core::pin::Pin<&mut dyn core::future::future::Future<Output = ()>>>
             at /home/runner/.cargo/registry/src/index.crates.io-1949cf8c6b5b557f/tokio-1.53.1/src/runtime/scheduler/current_thread/mod.rs:206:9
  26: <tokio::runtime::runtime::Runtime>::block_on_inner::<core::pin::Pin<&mut dyn core::future::future::Future<Output = ()>>>
             at /home/runner/.cargo/registry/src/index.crates.io-1949cf8c6b5b557f/tokio-1.53.1/src/runtime/runtime.rs:374:52
  27: <tokio::runtime::runtime::Runtime>::block_on::<core::pin::Pin<&mut dyn core::future::future::Future<Output = ()>>>
             at /home/runner/.cargo/registry/src/index.crates.io-1949cf8c6b5b557f/tokio-1.53.1/src/runtime/runtime.rs:343:18
  28: http_compat::chrome_frame_hover_and_keyboard
             at ./http_compat.rs:193:35
  29: http_compat::chrome_frame_hover_and_keyboard::{closure#0}
             at ./http_compat.rs:192:27
  30: <http_compat::chrome_frame_hover_and_keyboard::{closure#0} as core::ops::function::FnOnce<()>>::call_once
             at /rustc/b940084d7eb6a299eb4bfeb8e34901bc051e7ac4/library/core/src/ops/function.rs:250:5
  31: <fn() -> core::result::Result<(), alloc::string::String> as core::ops::function::FnOnce<()>>::call_once
             at /rustc/b940084d7eb6a299eb4bfeb8e34901bc051e7ac4/library/core/src/ops/function.rs:250:5
note: Some details are omitted, run with `RUST_BACKTRACE=full` for a verbose backtrace.
FAILED
test chrome_frame_reload ... 
thread 'chrome_frame_reload' (3598) panicked at tests/http_compat.rs:162:14:
Chrome must start; no skip: Browser(EarlyExit { status: "signal: 6 (SIGABRT) (core dumped)", log_path: "/tmp/rustwright-3448-1791562785494157512-6/rustwright-chrome.log" })
stack backtrace:
   0: __rustc::rust_begin_unwind
             at /rustc/b940084d7eb6a299eb4bfeb8e34901bc051e7ac4/library/std/src/panicking.rs:679:5
   1: core::panicking::panic_fmt
             at /rustc/b940084d7eb6a299eb4bfeb8e34901bc051e7ac4/library/core/src/panicking.rs:80:14
   2: core::result::unwrap_failed
             at /rustc/b940084d7eb6a299eb4bfeb8e34901bc051e7ac4/library/core/src/result.rs:1871:5
   3: <core::result::Result<rustwright_core::browser::Browser, rustwright_core::error::Error>>::expect
             at /rustc/b940084d7eb6a299eb4bfeb8e34901bc051e7ac4/library/core/src/result.rs:1184:23
   4: http_compat::open::{closure#0}
             at ./http_compat.rs:162:14
   5: http_compat::frame_reload::{closure#0}
             at ./http_compat.rs:321:50
   6: http_compat::chrome_frame_reload::{closure#0}
             at ./http_compat.rs:193:30
   7: <core::pin::Pin<&mut dyn core::future::future::Future<Output = ()>> as core::future::future::Future>::poll
             at /rustc/b940084d7eb6a299eb4bfeb8e34901bc051e7ac4/library/core/src/future/future.rs:133:9
   8: <core::pin::Pin<&mut core::pin::Pin<&mut dyn core::future::future::Future<Output = ()>>> as core::future::future::Future>::poll
             at /rustc/b940084d7eb6a299eb4bfeb8e34901bc051e7ac4/library/core/src/future/future.rs:133:9
   9: <tokio::runtime::scheduler::current_thread::CoreGuard>::block_on::<core::pin::Pin<&mut core::pin::Pin<&mut dyn core::future::future::Future<Output = ()>>>>::{closure#0}::{closure#0}::{closure#0}
             at /home/runner/.cargo/registry/src/index.crates.io-1949cf8c6b5b557f/tokio-1.53.1/src/runtime/scheduler/current_thread/mod.rs:830:70
  10: tokio::task::coop::with_budget::<core::task::poll::Poll<()>, <tokio::runtime::scheduler::current_thread::CoreGuard>::block_on<core::pin::Pin<&mut core::pin::Pin<&mut dyn core::future::future::Future<Output = ()>>>>::{closure#0}::{closure#0}::{closure#0}>
             at /home/runner/.cargo/registry/src/index.crates.io-1949cf8c6b5b557f/tokio-1.53.1/src/task/coop/mod.rs:167:5
  11: tokio::task::coop::budget::<core::task::poll::Poll<()>, <tokio::runtime::scheduler::current_thread::CoreGuard>::block_on<core::pin::Pin<&mut core::pin::Pin<&mut dyn core::future::future::Future<Output = ()>>>>::{closure#0}::{closure#0}::{closure#0}>
             at /home/runner/.cargo/registry/src/index.crates.io-1949cf8c6b5b557f/tokio-1.53.1/src/task/coop/mod.rs:133:5
  12: <tokio::runtime::scheduler::current_thread::CoreGuard>::block_on::<core::pin::Pin<&mut core::pin::Pin<&mut dyn core::future::future::Future<Output = ()>>>>::{closure#0}::{closure#0}
             at /home/runner/.cargo/registry/src/index.crates.io-1949cf8c6b5b557f/tokio-1.53.1/src/runtime/scheduler/current_thread/mod.rs:830:25
  13: <tokio::runtime::scheduler::current_thread::Context>::enter::<core::task::poll::Poll<()>, <tokio::runtime::scheduler::current_thread::CoreGuard>::block_on<core::pin::Pin<&mut core::pin::Pin<&mut dyn core::future::future::Future<Output = ()>>>>::{closure#0}::{closure#0}>
             at /home/runner/.cargo/registry/src/index.crates.io-1949cf8c6b5b557f/tokio-1.53.1/src/runtime/scheduler/current_thread/mod.rs:488:19
  14: <tokio::runtime::scheduler::current_thread::CoreGuard>::block_on::<core::pin::Pin<&mut core::pin::Pin<&mut dyn core::future::future::Future<Output = ()>>>>::{closure#0}
             at /home/runner/.cargo/registry/src/index.crates.io-1949cf8c6b5b557f/tokio-1.53.1/src/runtime/scheduler/current_thread/mod.rs:829:44
  15: <tokio::runtime::scheduler::current_thread::CoreGuard>::enter::<<tokio::runtime::scheduler::current_thread::CoreGuard>::block_on<core::pin::Pin<&mut core::pin::Pin<&mut dyn core::future::future::Future<Output = ()>>>>::{closure#0}, core::option::Option<()>>::{closure#0}
             at /home/runner/.cargo/registry/src/index.crates.io-1949cf8c6b5b557f/tokio-1.53.1/src/runtime/scheduler/current_thread/mod.rs:906:68
  16: <tokio::runtime::context::scoped::Scoped<tokio::runtime::scheduler::Context>>::set::<<tokio::runtime::scheduler::current_thread::CoreGuard>::enter<<tokio::runtime::scheduler::current_thread::CoreGuard>::block_on<core::pin::Pin<&mut core::pin::Pin<&mut dyn core::future::future::Future<Output = ()>>>>::{closure#0}, core::option::Option<()>>::{closure#0}, (alloc::boxed::Box<tokio::runtime::scheduler::current_thread::Core>, core::option::Option<()>)>
             at /home/runner/.cargo/registry/src/index.crates.io-1949cf8c6b5b557f/tokio-1.53.1/src/runtime/context/scoped.rs:40:9
  17: tokio::runtime::context::set_scheduler::<(alloc::boxed::Box<tokio::runtime::scheduler::current_thread::Core>, core::option::Option<()>), <tokio::runtime::scheduler::current_thread::CoreGuard>::enter<<tokio::runtime::scheduler::current_thread::CoreGuard>::block_on<core::pin::Pin<&mut core::pin::Pin<&mut dyn core::future::future::Future<Output = ()>>>>::{closure#0}, core::option::Option<()>>::{closure#0}>::{closure#0}
             at /home/runner/.cargo/registry/src/index.crates.io-1949cf8c6b5b557f/tokio-1.53.1/src/runtime/context.rs:187:38
  18: <std::thread::local::LocalKey<tokio::runtime::context::Context>>::try_with::<tokio::runtime::context::set_scheduler<(alloc::boxed::Box<tokio::runtime::scheduler::current_thread::Core>, core::option::Option<()>), <tokio::runtime::scheduler::current_thread::CoreGuard>::enter<<tokio::runtime::scheduler::current_thread::CoreGuard>::block_on<core::pin::Pin<&mut core::pin::Pin<&mut dyn core::future::future::Future<Output = ()>>>>::{closure#0}, core::option::Option<()>>::{closure#0}>::{closure#0}, (alloc::boxed::Box<tokio::runtime::scheduler::current_thread::Core>, core::option::Option<()>)>
             at /rustc/b940084d7eb6a299eb4bfeb8e34901bc051e7ac4/library/std/src/thread/local.rs:463:12
  19: <std::thread::local::LocalKey<tokio::runtime::context::Context>>::with::<tokio::runtime::context::set_scheduler<(alloc::boxed::Box<tokio::runtime::scheduler::current_thread::Core>, core::option::Option<()>), <tokio::runtime::scheduler::current_thread::CoreGuard>::enter<<tokio::runtime::scheduler::current_thread::CoreGuard>::block_on<core::pin::Pin<&mut core::pin::Pin<&mut dyn core::future::future::Future<Output = ()>>>>::{closure#0}, core::option::Option<()>>::{closure#0}>::{closure#0}, (alloc::boxed::Box<tokio::runtime::scheduler::current_thread::Core>, core::option::Option<()>)>
             at /rustc/b940084d7eb6a299eb4bfeb8e34901bc051e7ac4/library/std/src/thread/local.rs:427:20
  20: tokio::runtime::context::set_scheduler::<(alloc::boxed::Box<tokio::runtime::scheduler::current_thread::Core>, core::option::Option<()>), <tokio::runtime::scheduler::current_thread::CoreGuard>::enter<<tokio::runtime::scheduler::current_thread::CoreGuard>::block_on<core::pin::Pin<&mut core::pin::Pin<&mut dyn core::future::future::Future<Output = ()>>>>::{closure#0}, core::option::Option<()>>::{closure#0}>
             at /home/runner/.cargo/registry/src/index.crates.io-1949cf8c6b5b557f/tokio-1.53.1/src/runtime/context.rs:187:17
  21: <tokio::runtime::scheduler::current_thread::CoreGuard>::enter::<<tokio::runtime::scheduler::current_thread::CoreGuard>::block_on<core::pin::Pin<&mut core::pin::Pin<&mut dyn core::future::future::Future<Output = ()>>>>::{closure#0}, core::option::Option<()>>
             at /home/runner/.cargo/registry/src/index.crates.io-1949cf8c6b5b557f/tokio-1.53.1/src/runtime/scheduler/current_thread/mod.rs:906:27
  22: <tokio::runtime::scheduler::current_thread::CoreGuard>::block_on::<core::pin::Pin<&mut core::pin::Pin<&mut dyn core::future::future::Future<Output = ()>>>>
             at /home/runner/.cargo/registry/src/index.crates.io-1949cf8c6b5b557f/tokio-1.53.1/src/runtime/scheduler/current_thread/mod.rs:817:24
  23: <tokio::runtime::scheduler::current_thread::CurrentThread>::block_on::<core::pin::Pin<&mut dyn core::future::future::Future<Output = ()>>>::{closure#0}
             at /home/runner/.cargo/registry/src/index.crates.io-1949cf8c6b5b557f/tokio-1.53.1/src/runtime/scheduler/current_thread/mod.rs:218:33
  24: tokio::runtime::context::runtime::enter_runtime::<<tokio::runtime::scheduler::current_thread::CurrentThread>::block_on<core::pin::Pin<&mut dyn core::future::future::Future<Output = ()>>>::{closure#0}, ()>
             at /home/runner/.cargo/registry/src/index.crates.io-1949cf8c6b5b557f/tokio-1.53.1/src/runtime/context/runtime.rs:65:16
  25: <tokio::runtime::scheduler::current_thread::CurrentThread>::block_on::<core::pin::Pin<&mut dyn core::future::future::Future<Output = ()>>>
             at /home/runner/.cargo/registry/src/index.crates.io-1949cf8c6b5b557f/tokio-1.53.1/src/runtime/scheduler/current_thread/mod.rs:206:9
  26: <tokio::runtime::runtime::Runtime>::block_on_inner::<core::pin::Pin<&mut dyn core::future::future::Future<Output = ()>>>
             at /home/runner/.cargo/registry/src/index.crates.io-1949cf8c6b5b557f/tokio-1.53.1/src/runtime/runtime.rs:374:52
  27: <tokio::runtime::runtime::Runtime>::block_on::<core::pin::Pin<&mut dyn core::future::future::Future<Output = ()>>>
             at /home/runner/.cargo/registry/src/index.crates.io-1949cf8c6b5b557f/tokio-1.53.1/src/runtime/runtime.rs:343:18
  28: http_compat::chrome_frame_reload
             at ./http_compat.rs:193:35
  29: http_compat::chrome_frame_reload::{closure#0}
             at ./http_compat.rs:192:27
  30: <http_compat::chrome_frame_reload::{closure#0} as core::ops::function::FnOnce<()>>::call_once
             at /rustc/b940084d7eb6a299eb4bfeb8e34901bc051e7ac4/library/core/src/ops/function.rs:250:5
  31: <fn() -> core::result::Result<(), alloc::string::String> as core::ops::function::FnOnce<()>>::call_once
             at /rustc/b940084d7eb6a299eb4bfeb8e34901bc051e7ac4/library/core/src/ops/function.rs:250:5
note: Some details are omitted, run with `RUST_BACKTRACE=full` for a verbose backtrace.
FAILED
test chrome_isolated_popup_ownership ... 
thread 'chrome_isolated_popup_ownership' (3626) panicked at tests/http_compat.rs:162:14:
Chrome must start; no skip: Browser(EarlyExit { status: "signal: 6 (SIGABRT) (core dumped)", log_path: "/tmp/rustwright-3448-1791562785720344786-7/rustwright-chrome.log" })
stack backtrace:
   0: __rustc::rust_begin_unwind
             at /rustc/b940084d7eb6a299eb4bfeb8e34901bc051e7ac4/library/std/src/panicking.rs:679:5
   1: core::panicking::panic_fmt
             at /rustc/b940084d7eb6a299eb4bfeb8e34901bc051e7ac4/library/core/src/panicking.rs:80:14
   2: core::result::unwrap_failed
             at /rustc/b940084d7eb6a299eb4bfeb8e34901bc051e7ac4/library/core/src/result.rs:1871:5
   3: <core::result::Result<rustwright_core::browser::Browser, rustwright_core::error::Error>>::expect
             at /rustc/b940084d7eb6a299eb4bfeb8e34901bc051e7ac4/library/core/src/result.rs:1184:23
   4: http_compat::open::{closure#0}
             at ./http_compat.rs:162:14
   5: http_compat::isolated_popup_ownership::{closure#0}
             at ./http_compat.rs:525:54
   6: http_compat::chrome_isolated_popup_ownership::{closure#0}
             at ./http_compat.rs:193:30
   7: <core::pin::Pin<&mut dyn core::future::future::Future<Output = ()>> as core::future::future::Future>::poll
             at /rustc/b940084d7eb6a299eb4bfeb8e34901bc051e7ac4/library/core/src/future/future.rs:133:9
   8: <core::pin::Pin<&mut core::pin::Pin<&mut dyn core::future::future::Future<Output = ()>>> as core::future::future::Future>::poll
             at /rustc/b940084d7eb6a299eb4bfeb8e34901bc051e7ac4/library/core/src/future/future.rs:133:9
   9: <tokio::runtime::scheduler::current_thread::CoreGuard>::block_on::<core::pin::Pin<&mut core::pin::Pin<&mut dyn core::future::future::Future<Output = ()>>>>::{closure#0}::{closure#0}::{closure#0}
             at /home/runner/.cargo/registry/src/index.crates.io-1949cf8c6b5b557f/tokio-1.53.1/src/runtime/scheduler/current_thread/mod.rs:830:70
  10: tokio::task::coop::with_budget::<core::task::poll::Poll<()>, <tokio::runtime::scheduler::current_thread::CoreGuard>::block_on<core::pin::Pin<&mut core::pin::Pin<&mut dyn core::future::future::Future<Output = ()>>>>::{closure#0}::{closure#0}::{closure#0}>
             at /home/runner/.cargo/registry/src/index.crates.io-1949cf8c6b5b557f/tokio-1.53.1/src/task/coop/mod.rs:167:5
  11: tokio::task::coop::budget::<core::task::poll::Poll<()>, <tokio::runtime::scheduler::current_thread::CoreGuard>::block_on<core::pin::Pin<&mut core::pin::Pin<&mut dyn core::future::future::Future<Output = ()>>>>::{closure#0}::{closure#0}::{closure#0}>
             at /home/runner/.cargo/registry/src/index.crates.io-1949cf8c6b5b557f/tokio-1.53.1/src/task/coop/mod.rs:133:5
  12: <tokio::runtime::scheduler::current_thread::CoreGuard>::block_on::<core::pin::Pin<&mut core::pin::Pin<&mut dyn core::future::future::Future<Output = ()>>>>::{closure#0}::{closure#0}
             at /home/runner/.cargo/registry/src/index.crates.io-1949cf8c6b5b557f/tokio-1.53.1/src/runtime/scheduler/current_thread/mod.rs:830:25
  13: <tokio::runtime::scheduler::current_thread::Context>::enter::<core::task::poll::Poll<()>, <tokio::runtime::scheduler::current_thread::CoreGuard>::block_on<core::pin::Pin<&mut core::pin::Pin<&mut dyn core::future::future::Future<Output = ()>>>>::{closure#0}::{closure#0}>
             at /home/runner/.cargo/registry/src/index.crates.io-1949cf8c6b5b557f/tokio-1.53.1/src/runtime/scheduler/current_thread/mod.rs:488:19
  14: <tokio::runtime::scheduler::current_thread::CoreGuard>::block_on::<core::pin::Pin<&mut core::pin::Pin<&mut dyn core::future::future::Future<Output = ()>>>>::{closure#0}
             at /home/runner/.cargo/registry/src/index.crates.io-1949cf8c6b5b557f/tokio-1.53.1/src/runtime/scheduler/current_thread/mod.rs:829:44
  15: <tokio::runtime::scheduler::current_thread::CoreGuard>::enter::<<tokio::runtime::scheduler::current_thread::CoreGuard>::block_on<core::pin::Pin<&mut core::pin::Pin<&mut dyn core::future::future::Future<Output = ()>>>>::{closure#0}, core::option::Option<()>>::{closure#0}
             at /home/runner/.cargo/registry/src/index.crates.io-1949cf8c6b5b557f/tokio-1.53.1/src/runtime/scheduler/current_thread/mod.rs:906:68
  16: <tokio::runtime::context::scoped::Scoped<tokio::runtime::scheduler::Context>>::set::<<tokio::runtime::scheduler::current_thread::CoreGuard>::enter<<tokio::runtime::scheduler::current_thread::CoreGuard>::block_on<core::pin::Pin<&mut core::pin::Pin<&mut dyn core::future::future::Future<Output = ()>>>>::{closure#0}, core::option::Option<()>>::{closure#0}, (alloc::boxed::Box<tokio::runtime::scheduler::current_thread::Core>, core::option::Option<()>)>
             at /home/runner/.cargo/registry/src/index.crates.io-1949cf8c6b5b557f/tokio-1.53.1/src/runtime/context/scoped.rs:40:9
  17: tokio::runtime::context::set_scheduler::<(alloc::boxed::Box<tokio::runtime::scheduler::current_thread::Core>, core::option::Option<()>), <tokio::runtime::scheduler::current_thread::CoreGuard>::enter<<tokio::runtime::scheduler::current_thread::CoreGuard>::block_on<core::pin::Pin<&mut core::pin::Pin<&mut dyn core::future::future::Future<Output = ()>>>>::{closure#0}, core::option::Option<()>>::{closure#0}>::{closure#0}
             at /home/runner/.cargo/registry/src/index.crates.io-1949cf8c6b5b557f/tokio-1.53.1/src/runtime/context.rs:187:38
  18: <std::thread::local::LocalKey<tokio::runtime::context::Context>>::try_with::<tokio::runtime::context::set_scheduler<(alloc::boxed::Box<tokio::runtime::scheduler::current_thread::Core>, core::option::Option<()>), <tokio::runtime::scheduler::current_thread::CoreGuard>::enter<<tokio::runtime::scheduler::current_thread::CoreGuard>::block_on<core::pin::Pin<&mut core::pin::Pin<&mut dyn core::future::future::Future<Output = ()>>>>::{closure#0}, core::option::Option<()>>::{closure#0}>::{closure#0}, (alloc::boxed::Box<tokio::runtime::scheduler::current_thread::Core>, core::option::Option<()>)>
             at /rustc/b940084d7eb6a299eb4bfeb8e34901bc051e7ac4/library/std/src/thread/local.rs:463:12
  19: <std::thread::local::LocalKey<tokio::runtime::context::Context>>::with::<tokio::runtime::context::set_scheduler<(alloc::boxed::Box<tokio::runtime::scheduler::current_thread::Core>, core::option::Option<()>), <tokio::runtime::scheduler::current_thread::CoreGuard>::enter<<tokio::runtime::scheduler::current_thread::CoreGuard>::block_on<core::pin::Pin<&mut core::pin::Pin<&mut dyn core::future::future::Future<Output = ()>>>>::{closure#0}, core::option::Option<()>>::{closure#0}>::{closure#0}, (alloc::boxed::Box<tokio::runtime::scheduler::current_thread::Core>, core::option::Option<()>)>
             at /rustc/b940084d7eb6a299eb4bfeb8e34901bc051e7ac4/library/std/src/thread/local.rs:427:20
  20: tokio::runtime::context::set_scheduler::<(alloc::boxed::Box<tokio::runtime::scheduler::current_thread::Core>, core::option::Option<()>), <tokio::runtime::scheduler::current_thread::CoreGuard>::enter<<tokio::runtime::scheduler::current_thread::CoreGuard>::block_on<core::pin::Pin<&mut core::pin::Pin<&mut dyn core::future::future::Future<Output = ()>>>>::{closure#0}, core::option::Option<()>>::{closure#0}>
             at /home/runner/.cargo/registry/src/index.crates.io-1949cf8c6b5b557f/tokio-1.53.1/src/runtime/context.rs:187:17
  21: <tokio::runtime::scheduler::current_thread::CoreGuard>::enter::<<tokio::runtime::scheduler::current_thread::CoreGuard>::block_on<core::pin::Pin<&mut core::pin::Pin<&mut dyn core::future::future::Future<Output = ()>>>>::{closure#0}, core::option::Option<()>>
             at /home/runner/.cargo/registry/src/index.crates.io-1949cf8c6b5b557f/tokio-1.53.1/src/runtime/scheduler/current_thread/mod.rs:906:27
  22: <tokio::runtime::scheduler::current_thread::CoreGuard>::block_on::<core::pin::Pin<&mut core::pin::Pin<&mut dyn core::future::future::Future<Output = ()>>>>
             at /home/runner/.cargo/registry/src/index.crates.io-1949cf8c6b5b557f/tokio-1.53.1/src/runtime/scheduler/current_thread/mod.rs:817:24
  23: <tokio::runtime::scheduler::current_thread::CurrentThread>::block_on::<core::pin::Pin<&mut dyn core::future::future::Future<Output = ()>>>::{closure#0}
             at /home/runner/.cargo/registry/src/index.crates.io-1949cf8c6b5b557f/tokio-1.53.1/src/runtime/scheduler/current_thread/mod.rs:218:33
  24: tokio::runtime::context::runtime::enter_runtime::<<tokio::runtime::scheduler::current_thread::CurrentThread>::block_on<core::pin::Pin<&mut dyn core::future::future::Future<Output = ()>>>::{closure#0}, ()>
             at /home/runner/.cargo/registry/src/index.crates.io-1949cf8c6b5b557f/tokio-1.53.1/src/runtime/context/runtime.rs:65:16
  25: <tokio::runtime::scheduler::current_thread::CurrentThread>::block_on::<core::pin::Pin<&mut dyn core::future::future::Future<Output = ()>>>
             at /home/runner/.cargo/registry/src/index.crates.io-1949cf8c6b5b557f/tokio-1.53.1/src/runtime/scheduler/current_thread/mod.rs:206:9
  26: <tokio::runtime::runtime::Runtime>::block_on_inner::<core::pin::Pin<&mut dyn core::future::future::Future<Output = ()>>>
             at /home/runner/.cargo/registry/src/index.crates.io-1949cf8c6b5b557f/tokio-1.53.1/src/runtime/runtime.rs:374:52
  27: <tokio::runtime::runtime::Runtime>::block_on::<core::pin::Pin<&mut dyn core::future::future::Future<Output = ()>>>
             at /home/runner/.cargo/registry/src/index.crates.io-1949cf8c6b5b557f/tokio-1.53.1/src/runtime/runtime.rs:343:18
  28: http_compat::chrome_isolated_popup_ownership
             at ./http_compat.rs:193:35
  29: http_compat::chrome_isolated_popup_ownership::{closure#0}
             at ./http_compat.rs:192:27
  30: <http_compat::chrome_isolated_popup_ownership::{closure#0} as core::ops::function::FnOnce<()>>::call_once
             at /rustc/b940084d7eb6a299eb4bfeb8e34901bc051e7ac4/library/core/src/ops/function.rs:250:5
  31: <fn() -> core::result::Result<(), alloc::string::String> as core::ops::function::FnOnce<()>>::call_once
             at /rustc/b940084d7eb6a299eb4bfeb8e34901bc051e7ac4/library/core/src/ops/function.rs:250:5
note: Some details are omitted, run with `RUST_BACKTRACE=full` for a verbose backtrace.
FAILED
test chrome_isolated_storage ... 
thread 'chrome_isolated_storage' (3659) panicked at tests/http_compat.rs:162:14:
Chrome must start; no skip: Browser(EarlyExit { status: "signal: 6 (SIGABRT) (core dumped)", log_path: "/tmp/rustwright-3448-1791562785928178876-8/rustwright-chrome.log" })
stack backtrace:
   0: __rustc::rust_begin_unwind
             at /rustc/b940084d7eb6a299eb4bfeb8e34901bc051e7ac4/library/std/src/panicking.rs:679:5
   1: core::panicking::panic_fmt
             at /rustc/b940084d7eb6a299eb4bfeb8e34901bc051e7ac4/library/core/src/panicking.rs:80:14
   2: core::result::unwrap_failed
             at /rustc/b940084d7eb6a299eb4bfeb8e34901bc051e7ac4/library/core/src/result.rs:1871:5
   3: <core::result::Result<rustwright_core::browser::Browser, rustwright_core::error::Error>>::expect
             at /rustc/b940084d7eb6a299eb4bfeb8e34901bc051e7ac4/library/core/src/result.rs:1184:23
   4: http_compat::open::{closure#0}
             at ./http_compat.rs:162:14
   5: http_compat::isolated_storage::{closure#0}
             at ./http_compat.rs:489:54
   6: http_compat::chrome_isolated_storage::{closure#0}
             at ./http_compat.rs:193:30
   7: <core::pin::Pin<&mut dyn core::future::future::Future<Output = ()>> as core::future::future::Future>::poll
             at /rustc/b940084d7eb6a299eb4bfeb8e34901bc051e7ac4/library/core/src/future/future.rs:133:9
   8: <core::pin::Pin<&mut core::pin::Pin<&mut dyn core::future::future::Future<Output = ()>>> as core::future::future::Future>::poll
             at /rustc/b940084d7eb6a299eb4bfeb8e34901bc051e7ac4/library/core/src/future/future.rs:133:9
   9: <tokio::runtime::scheduler::current_thread::CoreGuard>::block_on::<core::pin::Pin<&mut core::pin::Pin<&mut dyn core::future::future::Future<Output = ()>>>>::{closure#0}::{closure#0}::{closure#0}
             at /home/runner/.cargo/registry/src/index.crates.io-1949cf8c6b5b557f/tokio-1.53.1/src/runtime/scheduler/current_thread/mod.rs:830:70
  10: tokio::task::coop::with_budget::<core::task::poll::Poll<()>, <tokio::runtime::scheduler::current_thread::CoreGuard>::block_on<core::pin::Pin<&mut core::pin::Pin<&mut dyn core::future::future::Future<Output = ()>>>>::{closure#0}::{closure#0}::{closure#0}>
             at /home/runner/.cargo/registry/src/index.crates.io-1949cf8c6b5b557f/tokio-1.53.1/src/task/coop/mod.rs:167:5
  11: tokio::task::coop::budget::<core::task::poll::Poll<()>, <tokio::runtime::scheduler::current_thread::CoreGuard>::block_on<core::pin::Pin<&mut core::pin::Pin<&mut dyn core::future::future::Future<Output = ()>>>>::{closure#0}::{closure#0}::{closure#0}>
             at /home/runner/.cargo/registry/src/index.crates.io-1949cf8c6b5b557f/tokio-1.53.1/src/task/coop/mod.rs:133:5
  12: <tokio::runtime::scheduler::current_thread::CoreGuard>::block_on::<core::pin::Pin<&mut core::pin::Pin<&mut dyn core::future::future::Future<Output = ()>>>>::{closure#0}::{closure#0}
             at /home/runner/.cargo/registry/src/index.crates.io-1949cf8c6b5b557f/tokio-1.53.1/src/runtime/scheduler/current_thread/mod.rs:830:25
  13: <tokio::runtime::scheduler::current_thread::Context>::enter::<core::task::poll::Poll<()>, <tokio::runtime::scheduler::current_thread::CoreGuard>::block_on<core::pin::Pin<&mut core::pin::Pin<&mut dyn core::future::future::Future<Output = ()>>>>::{closure#0}::{closure#0}>
             at /home/runner/.cargo/registry/src/index.crates.io-1949cf8c6b5b557f/tokio-1.53.1/src/runtime/scheduler/current_thread/mod.rs:488:19
  14: <tokio::runtime::scheduler::current_thread::CoreGuard>::block_on::<core::pin::Pin<&mut core::pin::Pin<&mut dyn core::future::future::Future<Output = ()>>>>::{closure#0}
             at /home/runner/.cargo/registry/src/index.crates.io-1949cf8c6b5b557f/tokio-1.53.1/src/runtime/scheduler/current_thread/mod.rs:829:44
  15: <tokio::runtime::scheduler::current_thread::CoreGuard>::enter::<<tokio::runtime::scheduler::current_thread::CoreGuard>::block_on<core::pin::Pin<&mut core::pin::Pin<&mut dyn core::future::future::Future<Output = ()>>>>::{closure#0}, core::option::Option<()>>::{closure#0}
             at /home/runner/.cargo/registry/src/index.crates.io-1949cf8c6b5b557f/tokio-1.53.1/src/runtime/scheduler/current_thread/mod.rs:906:68
  16: <tokio::runtime::context::scoped::Scoped<tokio::runtime::scheduler::Context>>::set::<<tokio::runtime::scheduler::current_thread::CoreGuard>::enter<<tokio::runtime::scheduler::current_thread::CoreGuard>::block_on<core::pin::Pin<&mut core::pin::Pin<&mut dyn core::future::future::Future<Output = ()>>>>::{closure#0}, core::option::Option<()>>::{closure#0}, (alloc::boxed::Box<tokio::runtime::scheduler::current_thread::Core>, core::option::Option<()>)>
             at /home/runner/.cargo/registry/src/index.crates.io-1949cf8c6b5b557f/tokio-1.53.1/src/runtime/context/scoped.rs:40:9
  17: tokio::runtime::context::set_scheduler::<(alloc::boxed::Box<tokio::runtime::scheduler::current_thread::Core>, core::option::Option<()>), <tokio::runtime::scheduler::current_thread::CoreGuard>::enter<<tokio::runtime::scheduler::current_thread::CoreGuard>::block_on<core::pin::Pin<&mut core::pin::Pin<&mut dyn core::future::future::Future<Output = ()>>>>::{closure#0}, core::option::Option<()>>::{closure#0}>::{closure#0}
             at /home/runner/.cargo/registry/src/index.crates.io-1949cf8c6b5b557f/tokio-1.53.1/src/runtime/context.rs:187:38
  18: <std::thread::local::LocalKey<tokio::runtime::context::Context>>::try_with::<tokio::runtime::context::set_scheduler<(alloc::boxed::Box<tokio::runtime::scheduler::current_thread::Core>, core::option::Option<()>), <tokio::runtime::scheduler::current_thread::CoreGuard>::enter<<tokio::runtime::scheduler::current_thread::CoreGuard>::block_on<core::pin::Pin<&mut core::pin::Pin<&mut dyn core::future::future::Future<Output = ()>>>>::{closure#0}, core::option::Option<()>>::{closure#0}>::{closure#0}, (alloc::boxed::Box<tokio::runtime::scheduler::current_thread::Core>, core::option::Option<()>)>
             at /rustc/b940084d7eb6a299eb4bfeb8e34901bc051e7ac4/library/std/src/thread/local.rs:463:12
  19: <std::thread::local::LocalKey<tokio::runtime::context::Context>>::with::<tokio::runtime::context::set_scheduler<(alloc::boxed::Box<tokio::runtime::scheduler::current_thread::Core>, core::option::Option<()>), <tokio::runtime::scheduler::current_thread::CoreGuard>::enter<<tokio::runtime::scheduler::current_thread::CoreGuard>::block_on<core::pin::Pin<&mut core::pin::Pin<&mut dyn core::future::future::Future<Output = ()>>>>::{closure#0}, core::option::Option<()>>::{closure#0}>::{closure#0}, (alloc::boxed::Box<tokio::runtime::scheduler::current_thread::Core>, core::option::Option<()>)>
             at /rustc/b940084d7eb6a299eb4bfeb8e34901bc051e7ac4/library/std/src/thread/local.rs:427:20
  20: tokio::runtime::context::set_scheduler::<(alloc::boxed::Box<tokio::runtime::scheduler::current_thread::Core>, core::option::Option<()>), <tokio::runtime::scheduler::current_thread::CoreGuard>::enter<<tokio::runtime::scheduler::current_thread::CoreGuard>::block_on<core::pin::Pin<&mut core::pin::Pin<&mut dyn core::future::future::Future<Output = ()>>>>::{closure#0}, core::option::Option<()>>::{closure#0}>
             at /home/runner/.cargo/registry/src/index.crates.io-1949cf8c6b5b557f/tokio-1.53.1/src/runtime/context.rs:187:17
  21: <tokio::runtime::scheduler::current_thread::CoreGuard>::enter::<<tokio::runtime::scheduler::current_thread::CoreGuard>::block_on<core::pin::Pin<&mut core::pin::Pin<&mut dyn core::future::future::Future<Output = ()>>>>::{closure#0}, core::option::Option<()>>
             at /home/runner/.cargo/registry/src/index.crates.io-1949cf8c6b5b557f/tokio-1.53.1/src/runtime/scheduler/current_thread/mod.rs:906:27
  22: <tokio::runtime::scheduler::current_thread::CoreGuard>::block_on::<core::pin::Pin<&mut core::pin::Pin<&mut dyn core::future::future::Future<Output = ()>>>>
             at /home/runner/.cargo/registry/src/index.crates.io-1949cf8c6b5b557f/tokio-1.53.1/src/runtime/scheduler/current_thread/mod.rs:817:24
  23: <tokio::runtime::scheduler::current_thread::CurrentThread>::block_on::<core::pin::Pin<&mut dyn core::future::future::Future<Output = ()>>>::{closure#0}
             at /home/runner/.cargo/registry/src/index.crates.io-1949cf8c6b5b557f/tokio-1.53.1/src/runtime/scheduler/current_thread/mod.rs:218:33
  24: tokio::runtime::context::runtime::enter_runtime::<<tokio::runtime::scheduler::current_thread::CurrentThread>::block_on<core::pin::Pin<&mut dyn core::future::future::Future<Output = ()>>>::{closure#0}, ()>
             at /home/runner/.cargo/registry/src/index.crates.io-1949cf8c6b5b557f/tokio-1.53.1/src/runtime/context/runtime.rs:65:16
  25: <tokio::runtime::scheduler::current_thread::CurrentThread>::block_on::<core::pin::Pin<&mut dyn core::future::future::Future<Output = ()>>>
             at /home/runner/.cargo/registry/src/index.crates.io-1949cf8c6b5b557f/tokio-1.53.1/src/runtime/scheduler/current_thread/mod.rs:206:9
  26: <tokio::runtime::runtime::Runtime>::block_on_inner::<core::pin::Pin<&mut dyn core::future::future::Future<Output = ()>>>
             at /home/runner/.cargo/registry/src/index.crates.io-1949cf8c6b5b557f/tokio-1.53.1/src/runtime/runtime.rs:374:52
  27: <tokio::runtime::runtime::Runtime>::block_on::<core::pin::Pin<&mut dyn core::future::future::Future<Output = ()>>>
             at /home/runner/.cargo/registry/src/index.crates.io-1949cf8c6b5b557f/tokio-1.53.1/src/runtime/runtime.rs:343:18
  28: http_compat::chrome_isolated_storage
             at ./http_compat.rs:193:35
  29: http_compat::chrome_isolated_storage::{closure#0}
             at ./http_compat.rs:192:27
  30: <http_compat::chrome_isolated_storage::{closure#0} as core::ops::function::FnOnce<()>>::call_once
             at /rustc/b940084d7eb6a299eb4bfeb8e34901bc051e7ac4/library/core/src/ops/function.rs:250:5
  31: <fn() -> core::result::Result<(), alloc::string::String> as core::ops::function::FnOnce<()>>::call_once
             at /rustc/b940084d7eb6a299eb4bfeb8e34901bc051e7ac4/library/core/src/ops/function.rs:250:5
note: Some details are omitted, run with `RUST_BACKTRACE=full` for a verbose backtrace.
FAILED
test chrome_javascript_exceptions ... 
thread 'chrome_javascript_exceptions' (3694) panicked at tests/http_compat.rs:162:14:
Chrome must start; no skip: Browser(EarlyExit { status: "signal: 6 (SIGABRT) (core dumped)", log_path: "/tmp/rustwright-3448-1791562786155260209-9/rustwright-chrome.log" })
stack backtrace:
   0: __rustc::rust_begin_unwind
             at /rustc/b940084d7eb6a299eb4bfeb8e34901bc051e7ac4/library/std/src/panicking.rs:679:5
   1: core::panicking::panic_fmt
             at /rustc/b940084d7eb6a299eb4bfeb8e34901bc051e7ac4/library/core/src/panicking.rs:80:14
   2: core::result::unwrap_failed
             at /rustc/b940084d7eb6a299eb4bfeb8e34901bc051e7ac4/library/core/src/result.rs:1871:5
   3: <core::result::Result<rustwright_core::browser::Browser, rustwright_core::error::Error>>::expect
             at /rustc/b940084d7eb6a299eb4bfeb8e34901bc051e7ac4/library/core/src/result.rs:1184:23
   4: http_compat::open::{closure#0}
             at ./http_compat.rs:162:14
   5: http_compat::javascript_exceptions::{closure#0}
             at ./http_compat.rs:238:51
   6: http_compat::chrome_javascript_exceptions::{closure#0}
             at ./http_compat.rs:193:30
   7: <core::pin::Pin<&mut dyn core::future::future::Future<Output = ()>> as core::future::future::Future>::poll
             at /rustc/b940084d7eb6a299eb4bfeb8e34901bc051e7ac4/library/core/src/future/future.rs:133:9
   8: <core::pin::Pin<&mut core::pin::Pin<&mut dyn core::future::future::Future<Output = ()>>> as core::future::future::Future>::poll
             at /rustc/b940084d7eb6a299eb4bfeb8e34901bc051e7ac4/library/core/src/future/future.rs:133:9
   9: <tokio::runtime::scheduler::current_thread::CoreGuard>::block_on::<core::pin::Pin<&mut core::pin::Pin<&mut dyn core::future::future::Future<Output = ()>>>>::{closure#0}::{closure#0}::{closure#0}
             at /home/runner/.cargo/registry/src/index.crates.io-1949cf8c6b5b557f/tokio-1.53.1/src/runtime/scheduler/current_thread/mod.rs:830:70
  10: tokio::task::coop::with_budget::<core::task::poll::Poll<()>, <tokio::runtime::scheduler::current_thread::CoreGuard>::block_on<core::pin::Pin<&mut core::pin::Pin<&mut dyn core::future::future::Future<Output = ()>>>>::{closure#0}::{closure#0}::{closure#0}>
             at /home/runner/.cargo/registry/src/index.crates.io-1949cf8c6b5b557f/tokio-1.53.1/src/task/coop/mod.rs:167:5
  11: tokio::task::coop::budget::<core::task::poll::Poll<()>, <tokio::runtime::scheduler::current_thread::CoreGuard>::block_on<core::pin::Pin<&mut core::pin::Pin<&mut dyn core::future::future::Future<Output = ()>>>>::{closure#0}::{closure#0}::{closure#0}>
             at /home/runner/.cargo/registry/src/index.crates.io-1949cf8c6b5b557f/tokio-1.53.1/src/task/coop/mod.rs:133:5
  12: <tokio::runtime::scheduler::current_thread::CoreGuard>::block_on::<core::pin::Pin<&mut core::pin::Pin<&mut dyn core::future::future::Future<Output = ()>>>>::{closure#0}::{closure#0}
             at /home/runner/.cargo/registry/src/index.crates.io-1949cf8c6b5b557f/tokio-1.53.1/src/runtime/scheduler/current_thread/mod.rs:830:25
  13: <tokio::runtime::scheduler::current_thread::Context>::enter::<core::task::poll::Poll<()>, <tokio::runtime::scheduler::current_thread::CoreGuard>::block_on<core::pin::Pin<&mut core::pin::Pin<&mut dyn core::future::future::Future<Output = ()>>>>::{closure#0}::{closure#0}>
             at /home/runner/.cargo/registry/src/index.crates.io-1949cf8c6b5b557f/tokio-1.53.1/src/runtime/scheduler/current_thread/mod.rs:488:19
  14: <tokio::runtime::scheduler::current_thread::CoreGuard>::block_on::<core::pin::Pin<&mut core::pin::Pin<&mut dyn core::future::future::Future<Output = ()>>>>::{closure#0}
             at /home/runner/.cargo/registry/src/index.crates.io-1949cf8c6b5b557f/tokio-1.53.1/src/runtime/scheduler/current_thread/mod.rs:829:44
  15: <tokio::runtime::scheduler::current_thread::CoreGuard>::enter::<<tokio::runtime::scheduler::current_thread::CoreGuard>::block_on<core::pin::Pin<&mut core::pin::Pin<&mut dyn core::future::future::Future<Output = ()>>>>::{closure#0}, core::option::Option<()>>::{closure#0}
             at /home/runner/.cargo/registry/src/index.crates.io-1949cf8c6b5b557f/tokio-1.53.1/src/runtime/scheduler/current_thread/mod.rs:906:68
  16: <tokio::runtime::context::scoped::Scoped<tokio::runtime::scheduler::Context>>::set::<<tokio::runtime::scheduler::current_thread::CoreGuard>::enter<<tokio::runtime::scheduler::current_thread::CoreGuard>::block_on<core::pin::Pin<&mut core::pin::Pin<&mut dyn core::future::future::Future<Output = ()>>>>::{closure#0}, core::option::Option<()>>::{closure#0}, (alloc::boxed::Box<tokio::runtime::scheduler::current_thread::Core>, core::option::Option<()>)>
             at /home/runner/.cargo/registry/src/index.crates.io-1949cf8c6b5b557f/tokio-1.53.1/src/runtime/context/scoped.rs:40:9
  17: tokio::runtime::context::set_scheduler::<(alloc::boxed::Box<tokio::runtime::scheduler::current_thread::Core>, core::option::Option<()>), <tokio::runtime::scheduler::current_thread::CoreGuard>::enter<<tokio::runtime::scheduler::current_thread::CoreGuard>::block_on<core::pin::Pin<&mut core::pin::Pin<&mut dyn core::future::future::Future<Output = ()>>>>::{closure#0}, core::option::Option<()>>::{closure#0}>::{closure#0}
             at /home/runner/.cargo/registry/src/index.crates.io-1949cf8c6b5b557f/tokio-1.53.1/src/runtime/context.rs:187:38
  18: <std::thread::local::LocalKey<tokio::runtime::context::Context>>::try_with::<tokio::runtime::context::set_scheduler<(alloc::boxed::Box<tokio::runtime::scheduler::current_thread::Core>, core::option::Option<()>), <tokio::runtime::scheduler::current_thread::CoreGuard>::enter<<tokio::runtime::scheduler::current_thread::CoreGuard>::block_on<core::pin::Pin<&mut core::pin::Pin<&mut dyn core::future::future::Future<Output = ()>>>>::{closure#0}, core::option::Option<()>>::{closure#0}>::{closure#0}, (alloc::boxed::Box<tokio::runtime::scheduler::current_thread::Core>, core::option::Option<()>)>
             at /rustc/b940084d7eb6a299eb4bfeb8e34901bc051e7ac4/library/std/src/thread/local.rs:463:12
  19: <std::thread::local::LocalKey<tokio::runtime::context::Context>>::with::<tokio::runtime::context::set_scheduler<(alloc::boxed::Box<tokio::runtime::scheduler::current_thread::Core>, core::option::Option<()>), <tokio::runtime::scheduler::current_thread::CoreGuard>::enter<<tokio::runtime::scheduler::current_thread::CoreGuard>::block_on<core::pin::Pin<&mut core::pin::Pin<&mut dyn core::future::future::Future<Output = ()>>>>::{closure#0}, core::option::Option<()>>::{closure#0}>::{closure#0}, (alloc::boxed::Box<tokio::runtime::scheduler::current_thread::Core>, core::option::Option<()>)>
             at /rustc/b940084d7eb6a299eb4bfeb8e34901bc051e7ac4/library/std/src/thread/local.rs:427:20
  20: tokio::runtime::context::set_scheduler::<(alloc::boxed::Box<tokio::runtime::scheduler::current_thread::Core>, core::option::Option<()>), <tokio::runtime::scheduler::current_thread::CoreGuard>::enter<<tokio::runtime::scheduler::current_thread::CoreGuard>::block_on<core::pin::Pin<&mut core::pin::Pin<&mut dyn core::future::future::Future<Output = ()>>>>::{closure#0}, core::option::Option<()>>::{closure#0}>
             at /home/runner/.cargo/registry/src/index.crates.io-1949cf8c6b5b557f/tokio-1.53.1/src/runtime/context.rs:187:17
  21: <tokio::runtime::scheduler::current_thread::CoreGuard>::enter::<<tokio::runtime::scheduler::current_thread::CoreGuard>::block_on<core::pin::Pin<&mut core::pin::Pin<&mut dyn core::future::future::Future<Output = ()>>>>::{closure#0}, core::option::Option<()>>
             at /home/runner/.cargo/registry/src/index.crates.io-1949cf8c6b5b557f/tokio-1.53.1/src/runtime/scheduler/current_thread/mod.rs:906:27
  22: <tokio::runtime::scheduler::current_thread::CoreGuard>::block_on::<core::pin::Pin<&mut core::pin::Pin<&mut dyn core::future::future::Future<Output = ()>>>>
             at /home/runner/.cargo/registry/src/index.crates.io-1949cf8c6b5b557f/tokio-1.53.1/src/runtime/scheduler/current_thread/mod.rs:817:24
  23: <tokio::runtime::scheduler::current_thread::CurrentThread>::block_on::<core::pin::Pin<&mut dyn core::future::future::Future<Output = ()>>>::{closure#0}
             at /home/runner/.cargo/registry/src/index.crates.io-1949cf8c6b5b557f/tokio-1.53.1/src/runtime/scheduler/current_thread/mod.rs:218:33
  24: tokio::runtime::context::runtime::enter_runtime::<<tokio::runtime::scheduler::current_thread::CurrentThread>::block_on<core::pin::Pin<&mut dyn core::future::future::Future<Output = ()>>>::{closure#0}, ()>
             at /home/runner/.cargo/registry/src/index.crates.io-1949cf8c6b5b557f/tokio-1.53.1/src/runtime/context/runtime.rs:65:16
  25: <tokio::runtime::scheduler::current_thread::CurrentThread>::block_on::<core::pin::Pin<&mut dyn core::future::future::Future<Output = ()>>>
             at /home/runner/.cargo/registry/src/index.crates.io-1949cf8c6b5b557f/tokio-1.53.1/src/runtime/scheduler/current_thread/mod.rs:206:9
  26: <tokio::runtime::runtime::Runtime>::block_on_inner::<core::pin::Pin<&mut dyn core::future::future::Future<Output = ()>>>
             at /home/runner/.cargo/registry/src/index.crates.io-1949cf8c6b5b557f/tokio-1.53.1/src/runtime/runtime.rs:374:52
  27: <tokio::runtime::runtime::Runtime>::block_on::<core::pin::Pin<&mut dyn core::future::future::Future<Output = ()>>>
             at /home/runner/.cargo/registry/src/index.crates.io-1949cf8c6b5b557f/tokio-1.53.1/src/runtime/runtime.rs:343:18
  28: http_compat::chrome_javascript_exceptions
             at ./http_compat.rs:193:35
  29: http_compat::chrome_javascript_exceptions::{closure#0}
             at ./http_compat.rs:192:27
  30: <http_compat::chrome_javascript_exceptions::{closure#0} as core::ops::function::FnOnce<()>>::call_once
             at /rustc/b940084d7eb6a299eb4bfeb8e34901bc051e7ac4/library/core/src/ops/function.rs:250:5
  31: <fn() -> core::result::Result<(), alloc::string::String> as core::ops::function::FnOnce<()>>::call_once
             at /rustc/b940084d7eb6a299eb4bfeb8e34901bc051e7ac4/library/core/src/ops/function.rs:250:5
note: Some details are omitted, run with `RUST_BACKTRACE=full` for a verbose backtrace.
FAILED
test chrome_navigation_and_forms ... 
thread 'chrome_navigation_and_forms' (3731) panicked at tests/http_compat.rs:162:14:
Chrome must start; no skip: Browser(EarlyExit { status: "signal: 6 (SIGABRT) (core dumped)", log_path: "/tmp/rustwright-3448-1791562786599916394-10/rustwright-chrome.log" })
stack backtrace:
   0: __rustc::rust_begin_unwind
             at /rustc/b940084d7eb6a299eb4bfeb8e34901bc051e7ac4/library/std/src/panicking.rs:679:5
   1: core::panicking::panic_fmt
             at /rustc/b940084d7eb6a299eb4bfeb8e34901bc051e7ac4/library/core/src/panicking.rs:80:14
   2: core::result::unwrap_failed
             at /rustc/b940084d7eb6a299eb4bfeb8e34901bc051e7ac4/library/core/src/result.rs:1871:5
   3: <core::result::Result<rustwright_core::browser::Browser, rustwright_core::error::Error>>::expect
             at /rustc/b940084d7eb6a299eb4bfeb8e34901bc051e7ac4/library/core/src/result.rs:1184:23
   4: http_compat::open::{closure#0}
             at ./http_compat.rs:162:14
   5: http_compat::navigation_and_forms::{closure#0}
             at ./http_compat.rs:203:50
   6: http_compat::chrome_navigation_and_forms::{closure#0}
             at ./http_compat.rs:193:30
   7: <core::pin::Pin<&mut dyn core::future::future::Future<Output = ()>> as core::future::future::Future>::poll
             at /rustc/b940084d7eb6a299eb4bfeb8e34901bc051e7ac4/library/core/src/future/future.rs:133:9
   8: <core::pin::Pin<&mut core::pin::Pin<&mut dyn core::future::future::Future<Output = ()>>> as core::future::future::Future>::poll
             at /rustc/b940084d7eb6a299eb4bfeb8e34901bc051e7ac4/library/core/src/future/future.rs:133:9
   9: <tokio::runtime::scheduler::current_thread::CoreGuard>::block_on::<core::pin::Pin<&mut core::pin::Pin<&mut dyn core::future::future::Future<Output = ()>>>>::{closure#0}::{closure#0}::{closure#0}
             at /home/runner/.cargo/registry/src/index.crates.io-1949cf8c6b5b557f/tokio-1.53.1/src/runtime/scheduler/current_thread/mod.rs:830:70
  10: tokio::task::coop::with_budget::<core::task::poll::Poll<()>, <tokio::runtime::scheduler::current_thread::CoreGuard>::block_on<core::pin::Pin<&mut core::pin::Pin<&mut dyn core::future::future::Future<Output = ()>>>>::{closure#0}::{closure#0}::{closure#0}>
             at /home/runner/.cargo/registry/src/index.crates.io-1949cf8c6b5b557f/tokio-1.53.1/src/task/coop/mod.rs:167:5
  11: tokio::task::coop::budget::<core::task::poll::Poll<()>, <tokio::runtime::scheduler::current_thread::CoreGuard>::block_on<core::pin::Pin<&mut core::pin::Pin<&mut dyn core::future::future::Future<Output = ()>>>>::{closure#0}::{closure#0}::{closure#0}>
             at /home/runner/.cargo/registry/src/index.crates.io-1949cf8c6b5b557f/tokio-1.53.1/src/task/coop/mod.rs:133:5
  12: <tokio::runtime::scheduler::current_thread::CoreGuard>::block_on::<core::pin::Pin<&mut core::pin::Pin<&mut dyn core::future::future::Future<Output = ()>>>>::{closure#0}::{closure#0}
             at /home/runner/.cargo/registry/src/index.crates.io-1949cf8c6b5b557f/tokio-1.53.1/src/runtime/scheduler/current_thread/mod.rs:830:25
  13: <tokio::runtime::scheduler::current_thread::Context>::enter::<core::task::poll::Poll<()>, <tokio::runtime::scheduler::current_thread::CoreGuard>::block_on<core::pin::Pin<&mut core::pin::Pin<&mut dyn core::future::future::Future<Output = ()>>>>::{closure#0}::{closure#0}>
             at /home/runner/.cargo/registry/src/index.crates.io-1949cf8c6b5b557f/tokio-1.53.1/src/runtime/scheduler/current_thread/mod.rs:488:19
  14: <tokio::runtime::scheduler::current_thread::CoreGuard>::block_on::<core::pin::Pin<&mut core::pin::Pin<&mut dyn core::future::future::Future<Output = ()>>>>::{closure#0}
             at /home/runner/.cargo/registry/src/index.crates.io-1949cf8c6b5b557f/tokio-1.53.1/src/runtime/scheduler/current_thread/mod.rs:829:44
  15: <tokio::runtime::scheduler::current_thread::CoreGuard>::enter::<<tokio::runtime::scheduler::current_thread::CoreGuard>::block_on<core::pin::Pin<&mut core::pin::Pin<&mut dyn core::future::future::Future<Output = ()>>>>::{closure#0}, core::option::Option<()>>::{closure#0}
             at /home/runner/.cargo/registry/src/index.crates.io-1949cf8c6b5b557f/tokio-1.53.1/src/runtime/scheduler/current_thread/mod.rs:906:68
  16: <tokio::runtime::context::scoped::Scoped<tokio::runtime::scheduler::Context>>::set::<<tokio::runtime::scheduler::current_thread::CoreGuard>::enter<<tokio::runtime::scheduler::current_thread::CoreGuard>::block_on<core::pin::Pin<&mut core::pin::Pin<&mut dyn core::future::future::Future<Output = ()>>>>::{closure#0}, core::option::Option<()>>::{closure#0}, (alloc::boxed::Box<tokio::runtime::scheduler::current_thread::Core>, core::option::Option<()>)>
             at /home/runner/.cargo/registry/src/index.crates.io-1949cf8c6b5b557f/tokio-1.53.1/src/runtime/context/scoped.rs:40:9
  17: tokio::runtime::context::set_scheduler::<(alloc::boxed::Box<tokio::runtime::scheduler::current_thread::Core>, core::option::Option<()>), <tokio::runtime::scheduler::current_thread::CoreGuard>::enter<<tokio::runtime::scheduler::current_thread::CoreGuard>::block_on<core::pin::Pin<&mut core::pin::Pin<&mut dyn core::future::future::Future<Output = ()>>>>::{closure#0}, core::option::Option<()>>::{closure#0}>::{closure#0}
             at /home/runner/.cargo/registry/src/index.crates.io-1949cf8c6b5b557f/tokio-1.53.1/src/runtime/context.rs:187:38
  18: <std::thread::local::LocalKey<tokio::runtime::context::Context>>::try_with::<tokio::runtime::context::set_scheduler<(alloc::boxed::Box<tokio::runtime::scheduler::current_thread::Core>, core::option::Option<()>), <tokio::runtime::scheduler::current_thread::CoreGuard>::enter<<tokio::runtime::scheduler::current_thread::CoreGuard>::block_on<core::pin::Pin<&mut core::pin::Pin<&mut dyn core::future::future::Future<Output = ()>>>>::{closure#0}, core::option::Option<()>>::{closure#0}>::{closure#0}, (alloc::boxed::Box<tokio::runtime::scheduler::current_thread::Core>, core::option::Option<()>)>
             at /rustc/b940084d7eb6a299eb4bfeb8e34901bc051e7ac4/library/std/src/thread/local.rs:463:12
  19: <std::thread::local::LocalKey<tokio::runtime::context::Context>>::with::<tokio::runtime::context::set_scheduler<(alloc::boxed::Box<tokio::runtime::scheduler::current_thread::Core>, core::option::Option<()>), <tokio::runtime::scheduler::current_thread::CoreGuard>::enter<<tokio::runtime::scheduler::current_thread::CoreGuard>::block_on<core::pin::Pin<&mut core::pin::Pin<&mut dyn core::future::future::Future<Output = ()>>>>::{closure#0}, core::option::Option<()>>::{closure#0}>::{closure#0}, (alloc::boxed::Box<tokio::runtime::scheduler::current_thread::Core>, core::option::Option<()>)>
             at /rustc/b940084d7eb6a299eb4bfeb8e34901bc051e7ac4/library/std/src/thread/local.rs:427:20
  20: tokio::runtime::context::set_scheduler::<(alloc::boxed::Box<tokio::runtime::scheduler::current_thread::Core>, core::option::Option<()>), <tokio::runtime::scheduler::current_thread::CoreGuard>::enter<<tokio::runtime::scheduler::current_thread::CoreGuard>::block_on<core::pin::Pin<&mut core::pin::Pin<&mut dyn core::future::future::Future<Output = ()>>>>::{closure#0}, core::option::Option<()>>::{closure#0}>
             at /home/runner/.cargo/registry/src/index.crates.io-1949cf8c6b5b557f/tokio-1.53.1/src/runtime/context.rs:187:17
  21: <tokio::runtime::scheduler::current_thread::CoreGuard>::enter::<<tokio::runtime::scheduler::current_thread::CoreGuard>::block_on<core::pin::Pin<&mut core::pin::Pin<&mut dyn core::future::future::Future<Output = ()>>>>::{closure#0}, core::option::Option<()>>
             at /home/runner/.cargo/registry/src/index.crates.io-1949cf8c6b5b557f/tokio-1.53.1/src/runtime/scheduler/current_thread/mod.rs:906:27
  22: <tokio::runtime::scheduler::current_thread::CoreGuard>::block_on::<core::pin::Pin<&mut core::pin::Pin<&mut dyn core::future::future::Future<Output = ()>>>>
             at /home/runner/.cargo/registry/src/index.crates.io-1949cf8c6b5b557f/tokio-1.53.1/src/runtime/scheduler/current_thread/mod.rs:817:24
  23: <tokio::runtime::scheduler::current_thread::CurrentThread>::block_on::<core::pin::Pin<&mut dyn core::future::future::Future<Output = ()>>>::{closure#0}
             at /home/runner/.cargo/registry/src/index.crates.io-1949cf8c6b5b557f/tokio-1.53.1/src/runtime/scheduler/current_thread/mod.rs:218:33
  24: tokio::runtime::context::runtime::enter_runtime::<<tokio::runtime::scheduler::current_thread::CurrentThread>::block_on<core::pin::Pin<&mut dyn core::future::future::Future<Output = ()>>>::{closure#0}, ()>
             at /home/runner/.cargo/registry/src/index.crates.io-1949cf8c6b5b557f/tokio-1.53.1/src/runtime/context/runtime.rs:65:16
  25: <tokio::runtime::scheduler::current_thread::CurrentThread>::block_on::<core::pin::Pin<&mut dyn core::future::future::Future<Output = ()>>>
             at /home/runner/.cargo/registry/src/index.crates.io-1949cf8c6b5b557f/tokio-1.53.1/src/runtime/scheduler/current_thread/mod.rs:206:9
  26: <tokio::runtime::runtime::Runtime>::block_on_inner::<core::pin::Pin<&mut dyn core::future::future::Future<Output = ()>>>
             at /home/runner/.cargo/registry/src/index.crates.io-1949cf8c6b5b557f/tokio-1.53.1/src/runtime/runtime.rs:374:52
  27: <tokio::runtime::runtime::Runtime>::block_on::<core::pin::Pin<&mut dyn core::future::future::Future<Output = ()>>>
             at /home/runner/.cargo/registry/src/index.crates.io-1949cf8c6b5b557f/tokio-1.53.1/src/runtime/runtime.rs:343:18
  28: http_compat::chrome_navigation_and_forms
             at ./http_compat.rs:193:35
  29: http_compat::chrome_navigation_and_forms::{closure#0}
             at ./http_compat.rs:192:27
  30: <http_compat::chrome_navigation_and_forms::{closure#0} as core::ops::function::FnOnce<()>>::call_once
             at /rustc/b940084d7eb6a299eb4bfeb8e34901bc051e7ac4/library/core/src/ops/function.rs:250:5
  31: <fn() -> core::result::Result<(), alloc::string::String> as core::ops::function::FnOnce<()>>::call_once
             at /rustc/b940084d7eb6a299eb4bfeb8e34901bc051e7ac4/library/core/src/ops/function.rs:250:5
note: Some details are omitted, run with `RUST_BACKTRACE=full` for a verbose backtrace.
FAILED
test chrome_wait_deadline ... 
thread 'chrome_wait_deadline' (3788) panicked at tests/http_compat.rs:162:14:
Chrome must start; no skip: Browser(EarlyExit { status: "signal: 6 (SIGABRT) (core dumped)", log_path: "/tmp/rustwright-3448-1791562786852824750-11/rustwright-chrome.log" })
stack backtrace:
   0: __rustc::rust_begin_unwind
             at /rustc/b940084d7eb6a299eb4bfeb8e34901bc051e7ac4/library/std/src/panicking.rs:679:5
   1: core::panicking::panic_fmt
             at /rustc/b940084d7eb6a299eb4bfeb8e34901bc051e7ac4/library/core/src/panicking.rs:80:14
   2: core::result::unwrap_failed
             at /rustc/b940084d7eb6a299eb4bfeb8e34901bc051e7ac4/library/core/src/result.rs:1871:5
   3: <core::result::Result<rustwright_core::browser::Browser, rustwright_core::error::Error>>::expect
             at /rustc/b940084d7eb6a299eb4bfeb8e34901bc051e7ac4/library/core/src/result.rs:1184:23
   4: http_compat::open::{closure#0}
             at ./http_compat.rs:162:14
   5: http_compat::wait_deadline::{closure#0}
             at ./http_compat.rs:269:51
   6: http_compat::chrome_wait_deadline::{closure#0}
             at ./http_compat.rs:193:30
   7: <core::pin::Pin<&mut dyn core::future::future::Future<Output = ()>> as core::future::future::Future>::poll
             at /rustc/b940084d7eb6a299eb4bfeb8e34901bc051e7ac4/library/core/src/future/future.rs:133:9
   8: <core::pin::Pin<&mut core::pin::Pin<&mut dyn core::future::future::Future<Output = ()>>> as core::future::future::Future>::poll
             at /rustc/b940084d7eb6a299eb4bfeb8e34901bc051e7ac4/library/core/src/future/future.rs:133:9
   9: <tokio::runtime::scheduler::current_thread::CoreGuard>::block_on::<core::pin::Pin<&mut core::pin::Pin<&mut dyn core::future::future::Future<Output = ()>>>>::{closure#0}::{closure#0}::{closure#0}
             at /home/runner/.cargo/registry/src/index.crates.io-1949cf8c6b5b557f/tokio-1.53.1/src/runtime/scheduler/current_thread/mod.rs:830:70
  10: tokio::task::coop::with_budget::<core::task::poll::Poll<()>, <tokio::runtime::scheduler::current_thread::CoreGuard>::block_on<core::pin::Pin<&mut core::pin::Pin<&mut dyn core::future::future::Future<Output = ()>>>>::{closure#0}::{closure#0}::{closure#0}>
             at /home/runner/.cargo/registry/src/index.crates.io-1949cf8c6b5b557f/tokio-1.53.1/src/task/coop/mod.rs:167:5
  11: tokio::task::coop::budget::<core::task::poll::Poll<()>, <tokio::runtime::scheduler::current_thread::CoreGuard>::block_on<core::pin::Pin<&mut core::pin::Pin<&mut dyn core::future::future::Future<Output = ()>>>>::{closure#0}::{closure#0}::{closure#0}>
             at /home/runner/.cargo/registry/src/index.crates.io-1949cf8c6b5b557f/tokio-1.53.1/src/task/coop/mod.rs:133:5
  12: <tokio::runtime::scheduler::current_thread::CoreGuard>::block_on::<core::pin::Pin<&mut core::pin::Pin<&mut dyn core::future::future::Future<Output = ()>>>>::{closure#0}::{closure#0}
             at /home/runner/.cargo/registry/src/index.crates.io-1949cf8c6b5b557f/tokio-1.53.1/src/runtime/scheduler/current_thread/mod.rs:830:25
  13: <tokio::runtime::scheduler::current_thread::Context>::enter::<core::task::poll::Poll<()>, <tokio::runtime::scheduler::current_thread::CoreGuard>::block_on<core::pin::Pin<&mut core::pin::Pin<&mut dyn core::future::future::Future<Output = ()>>>>::{closure#0}::{closure#0}>
             at /home/runner/.cargo/registry/src/index.crates.io-1949cf8c6b5b557f/tokio-1.53.1/src/runtime/scheduler/current_thread/mod.rs:488:19
  14: <tokio::runtime::scheduler::current_thread::CoreGuard>::block_on::<core::pin::Pin<&mut core::pin::Pin<&mut dyn core::future::future::Future<Output = ()>>>>::{closure#0}
             at /home/runner/.cargo/registry/src/index.crates.io-1949cf8c6b5b557f/tokio-1.53.1/src/runtime/scheduler/current_thread/mod.rs:829:44
  15: <tokio::runtime::scheduler::current_thread::CoreGuard>::enter::<<tokio::runtime::scheduler::current_thread::CoreGuard>::block_on<core::pin::Pin<&mut core::pin::Pin<&mut dyn core::future::future::Future<Output = ()>>>>::{closure#0}, core::option::Option<()>>::{closure#0}
             at /home/runner/.cargo/registry/src/index.crates.io-1949cf8c6b5b557f/tokio-1.53.1/src/runtime/scheduler/current_thread/mod.rs:906:68
  16: <tokio::runtime::context::scoped::Scoped<tokio::runtime::scheduler::Context>>::set::<<tokio::runtime::scheduler::current_thread::CoreGuard>::enter<<tokio::runtime::scheduler::current_thread::CoreGuard>::block_on<core::pin::Pin<&mut core::pin::Pin<&mut dyn core::future::future::Future<Output = ()>>>>::{closure#0}, core::option::Option<()>>::{closure#0}, (alloc::boxed::Box<tokio::runtime::scheduler::current_thread::Core>, core::option::Option<()>)>
             at /home/runner/.cargo/registry/src/index.crates.io-1949cf8c6b5b557f/tokio-1.53.1/src/runtime/context/scoped.rs:40:9
  17: tokio::runtime::context::set_scheduler::<(alloc::boxed::Box<tokio::runtime::scheduler::current_thread::Core>, core::option::Option<()>), <tokio::runtime::scheduler::current_thread::CoreGuard>::enter<<tokio::runtime::scheduler::current_thread::CoreGuard>::block_on<core::pin::Pin<&mut core::pin::Pin<&mut dyn core::future::future::Future<Output = ()>>>>::{closure#0}, core::option::Option<()>>::{closure#0}>::{closure#0}
             at /home/runner/.cargo/registry/src/index.crates.io-1949cf8c6b5b557f/tokio-1.53.1/src/runtime/context.rs:187:38
  18: <std::thread::local::LocalKey<tokio::runtime::context::Context>>::try_with::<tokio::runtime::context::set_scheduler<(alloc::boxed::Box<tokio::runtime::scheduler::current_thread::Core>, core::option::Option<()>), <tokio::runtime::scheduler::current_thread::CoreGuard>::enter<<tokio::runtime::scheduler::current_thread::CoreGuard>::block_on<core::pin::Pin<&mut core::pin::Pin<&mut dyn core::future::future::Future<Output = ()>>>>::{closure#0}, core::option::Option<()>>::{closure#0}>::{closure#0}, (alloc::boxed::Box<tokio::runtime::scheduler::current_thread::Core>, core::option::Option<()>)>
             at /rustc/b940084d7eb6a299eb4bfeb8e34901bc051e7ac4/library/std/src/thread/local.rs:463:12
  19: <std::thread::local::LocalKey<tokio::runtime::context::Context>>::with::<tokio::runtime::context::set_scheduler<(alloc::boxed::Box<tokio::runtime::scheduler::current_thread::Core>, core::option::Option<()>), <tokio::runtime::scheduler::current_thread::CoreGuard>::enter<<tokio::runtime::scheduler::current_thread::CoreGuard>::block_on<core::pin::Pin<&mut core::pin::Pin<&mut dyn core::future::future::Future<Output = ()>>>>::{closure#0}, core::option::Option<()>>::{closure#0}>::{closure#0}, (alloc::boxed::Box<tokio::runtime::scheduler::current_thread::Core>, core::option::Option<()>)>
             at /rustc/b940084d7eb6a299eb4bfeb8e34901bc051e7ac4/library/std/src/thread/local.rs:427:20
  20: tokio::runtime::context::set_scheduler::<(alloc::boxed::Box<tokio::runtime::scheduler::current_thread::Core>, core::option::Option<()>), <tokio::runtime::scheduler::current_thread::CoreGuard>::enter<<tokio::runtime::scheduler::current_thread::CoreGuard>::block_on<core::pin::Pin<&mut core::pin::Pin<&mut dyn core::future::future::Future<Output = ()>>>>::{closure#0}, core::option::Option<()>>::{closure#0}>
             at /home/runner/.cargo/registry/src/index.crates.io-1949cf8c6b5b557f/tokio-1.53.1/src/runtime/context.rs:187:17
  21: <tokio::runtime::scheduler::current_thread::CoreGuard>::enter::<<tokio::runtime::scheduler::current_thread::CoreGuard>::block_on<core::pin::Pin<&mut core::pin::Pin<&mut dyn core::future::future::Future<Output = ()>>>>::{closure#0}, core::option::Option<()>>
             at /home/runner/.cargo/registry/src/index.crates.io-1949cf8c6b5b557f/tokio-1.53.1/src/runtime/scheduler/current_thread/mod.rs:906:27
  22: <tokio::runtime::scheduler::current_thread::CoreGuard>::block_on::<core::pin::Pin<&mut core::pin::Pin<&mut dyn core::future::future::Future<Output = ()>>>>
             at /home/runner/.cargo/registry/src/index.crates.io-1949cf8c6b5b557f/tokio-1.53.1/src/runtime/scheduler/current_thread/mod.rs:817:24
  23: <tokio::runtime::scheduler::current_thread::CurrentThread>::block_on::<core::pin::Pin<&mut dyn core::future::future::Future<Output = ()>>>::{closure#0}
             at /home/runner/.cargo/registry/src/index.crates.io-1949cf8c6b5b557f/tokio-1.53.1/src/runtime/scheduler/current_thread/mod.rs:218:33
  24: tokio::runtime::context::runtime::enter_runtime::<<tokio::runtime::scheduler::current_thread::CurrentThread>::block_on<core::pin::Pin<&mut dyn core::future::future::Future<Output = ()>>>::{closure#0}, ()>
             at /home/runner/.cargo/registry/src/index.crates.io-1949cf8c6b5b557f/tokio-1.53.1/src/runtime/context/runtime.rs:65:16
  25: <tokio::runtime::scheduler::current_thread::CurrentThread>::block_on::<core::pin::Pin<&mut dyn core::future::future::Future<Output = ()>>>
             at /home/runner/.cargo/registry/src/index.crates.io-1949cf8c6b5b557f/tokio-1.53.1/src/runtime/scheduler/current_thread/mod.rs:206:9
  26: <tokio::runtime::runtime::Runtime>::block_on_inner::<core::pin::Pin<&mut dyn core::future::future::Future<Output = ()>>>
             at /home/runner/.cargo/registry/src/index.crates.io-1949cf8c6b5b557f/tokio-1.53.1/src/runtime/runtime.rs:374:52
  27: <tokio::runtime::runtime::Runtime>::block_on::<core::pin::Pin<&mut dyn core::future::future::Future<Output = ()>>>
             at /home/runner/.cargo/registry/src/index.crates.io-1949cf8c6b5b557f/tokio-1.53.1/src/runtime/runtime.rs:343:18
  28: http_compat::chrome_wait_deadline
             at ./http_compat.rs:193:35
  29: http_compat::chrome_wait_deadline::{closure#0}
             at ./http_compat.rs:192:27
  30: <http_compat::chrome_wait_deadline::{closure#0} as core::ops::function::FnOnce<()>>::call_once
             at /rustc/b940084d7eb6a299eb4bfeb8e34901bc051e7ac4/library/core/src/ops/function.rs:250:5
  31: <fn() -> core::result::Result<(), alloc::string::String> as core::ops::function::FnOnce<()>>::call_once
             at /rustc/b940084d7eb6a299eb4bfeb8e34901bc051e7ac4/library/core/src/ops/function.rs:250:5
note: Some details are omitted, run with `RUST_BACKTRACE=full` for a verbose backtrace.
FAILED
test firefox_cancelled_wait_recovers ... Firefox version: Some("157.0.1")
HTTP compat Firefox stage: new_page start
HTTP compat Firefox stage: new_page complete
HTTP compat stage: goto start backend_firefox=true, url=http://127.0.0.1:44513/page.html
HTTP compat fixture accepted: 127.0.0.1:53912
HTTP compat fixture request: peer=127.0.0.1:53912, bytes=448, line=Some("GET /page.html HTTP/1.1")
HTTP compat fixture response: peer=127.0.0.1:53912, bytes=506, content_type=text/html, write=Ok(())
HTTP compat stage: goto complete backend_firefox=true
Cancellation stage: replace wait helper start backend_firefox=true
Cancellation stage: replace wait helper complete backend_firefox=true
HTTP compat fixture accepted: 127.0.0.1:53916
HTTP compat fixture request: peer=127.0.0.1:53916, bytes=449, line=Some("GET /favicon.ico HTTP/1.1")
HTTP compat fixture response: peer=127.0.0.1:53916, bytes=506, content_type=text/html, write=Ok(())
Cancellation stage: wait abort start backend_firefox=true
Cancellation stage: wait abort complete backend_firefox=true
Cancellation stage: restore helper start backend_firefox=true
Cancellation stage: restore helper complete backend_firefox=true
Cancellation stage: visible wait start backend_firefox=true
Cancellation stage: visible wait complete backend_firefox=true
Cancellation stage: title start backend_firefox=true
Cancellation stage: title complete backend_firefox=true
Cancellation stage: close start backend_firefox=true
Cancellation stage: close complete backend_firefox=true
ok
test firefox_closing_page_wakes_wait ... Firefox version: Some("157.0.1")
HTTP compat Firefox stage: new_page start
HTTP compat Firefox stage: new_page complete
HTTP compat stage: goto start backend_firefox=true, url=http://127.0.0.1:36397/page.html
HTTP compat fixture accepted: 127.0.0.1:35818
HTTP compat fixture request: peer=127.0.0.1:35818, bytes=448, line=Some("GET /page.html HTTP/1.1")
HTTP compat fixture response: peer=127.0.0.1:35818, bytes=506, content_type=text/html, write=Ok(())
HTTP compat stage: goto complete backend_firefox=true
HTTP compat fixture accepted: 127.0.0.1:35832
HTTP compat fixture request: peer=127.0.0.1:35832, bytes=449, line=Some("GET /favicon.ico HTTP/1.1")
HTTP compat fixture response: peer=127.0.0.1:35832, bytes=506, content_type=text/html, write=Ok(())
ok
test firefox_delayed_and_absent_elements ... Firefox version: Some("157.0.1")
HTTP compat Firefox stage: new_page start
HTTP compat Firefox stage: new_page complete
HTTP compat stage: goto start backend_firefox=true, url=http://127.0.0.1:44763/page.html
HTTP compat fixture accepted: 127.0.0.1:50536
HTTP compat fixture request: peer=127.0.0.1:50536, bytes=448, line=Some("GET /page.html HTTP/1.1")
HTTP compat fixture response: peer=127.0.0.1:50536, bytes=506, content_type=text/html, write=Ok(())
HTTP compat stage: goto complete backend_firefox=true
HTTP compat fixture accepted: 127.0.0.1:50540
HTTP compat fixture request: peer=127.0.0.1:50540, bytes=449, line=Some("GET /favicon.ico HTTP/1.1")
HTTP compat fixture response: peer=127.0.0.1:50540, bytes=506, content_type=text/html, write=Ok(())
ok
test firefox_disconnect_wakes_wait ... Firefox version: Some("157.0.1")
HTTP compat Firefox stage: new_page start
HTTP compat Firefox stage: new_page complete
HTTP compat stage: goto start backend_firefox=true, url=http://127.0.0.1:41887/page.html
HTTP compat fixture accepted: 127.0.0.1:34582
HTTP compat fixture request: peer=127.0.0.1:34582, bytes=448, line=Some("GET /page.html HTTP/1.1")
HTTP compat fixture response: peer=127.0.0.1:34582, bytes=506, content_type=text/html, write=Ok(())
HTTP compat stage: goto complete backend_firefox=true
HTTP compat fixture accepted: 127.0.0.1:34586
HTTP compat fixture request: peer=127.0.0.1:34586, bytes=449, line=Some("GET /favicon.ico HTTP/1.1")
HTTP compat fixture response: peer=127.0.0.1:34586, bytes=506, content_type=text/html, write=Ok(())
ok
test firefox_frame_click ... Firefox version: Some("157.0.1")
HTTP compat Firefox stage: new_page start
HTTP compat Firefox stage: new_page complete
HTTP compat stage: goto start backend_firefox=true, url=http://127.0.0.1:45433/page.html
HTTP compat fixture accepted: 127.0.0.1:59496
HTTP compat fixture request: peer=127.0.0.1:59496, bytes=448, line=Some("GET /page.html HTTP/1.1")
HTTP compat fixture response: peer=127.0.0.1:59496, bytes=506, content_type=text/html, write=Ok(())
HTTP compat stage: goto complete backend_firefox=true
HTTP compat fixture accepted: 127.0.0.1:59498
HTTP compat fixture request: peer=127.0.0.1:59498, bytes=449, line=Some("GET /favicon.ico HTTP/1.1")
HTTP compat fixture response: peer=127.0.0.1:59498, bytes=506, content_type=text/html, write=Ok(())
HTTP compat fixture accepted: 127.0.0.1:59510
HTTP compat fixture request: peer=127.0.0.1:59510, bytes=496, line=Some("GET /frame.html HTTP/1.1")
HTTP compat fixture response: peer=127.0.0.1:59510, bytes=346, content_type=text/html, write=Ok(())
ok
test firefox_frame_hover_and_keyboard ... Firefox version: Some("157.0.1")
HTTP compat Firefox stage: new_page start
HTTP compat Firefox stage: new_page complete
HTTP compat stage: goto start backend_firefox=true, url=http://127.0.0.1:42491/page.html
HTTP compat fixture accepted: 127.0.0.1:55886
HTTP compat fixture request: peer=127.0.0.1:55886, bytes=448, line=Some("GET /page.html HTTP/1.1")
HTTP compat fixture response: peer=127.0.0.1:55886, bytes=506, content_type=text/html, write=Ok(())
HTTP compat stage: goto complete backend_firefox=true
HTTP compat fixture accepted: 127.0.0.1:55902
HTTP compat fixture request: peer=127.0.0.1:55902, bytes=449, line=Some("GET /favicon.ico HTTP/1.1")
HTTP compat fixture response: peer=127.0.0.1:55902, bytes=506, content_type=text/html, write=Ok(())
HTTP compat fixture accepted: 127.0.0.1:55912
HTTP compat fixture request: peer=127.0.0.1:55912, bytes=496, line=Some("GET /frame.html HTTP/1.1")
HTTP compat fixture response: peer=127.0.0.1:55912, bytes=346, content_type=text/html, write=Ok(())
ok
test firefox_frame_reload ... Firefox version: Some("157.0.1")
HTTP compat Firefox stage: new_page start
HTTP compat Firefox stage: new_page complete
HTTP compat stage: goto start backend_firefox=true, url=http://127.0.0.1:39413/page.html
HTTP compat fixture accepted: 127.0.0.1:56080
HTTP compat fixture request: peer=127.0.0.1:56080, bytes=448, line=Some("GET /page.html HTTP/1.1")
HTTP compat fixture response: peer=127.0.0.1:56080, bytes=506, content_type=text/html, write=Ok(())
HTTP compat stage: goto complete backend_firefox=true
HTTP compat fixture accepted: 127.0.0.1:56092
HTTP compat fixture request: peer=127.0.0.1:56092, bytes=449, line=Some("GET /favicon.ico HTTP/1.1")
HTTP compat fixture response: peer=127.0.0.1:56092, bytes=506, content_type=text/html, write=Ok(())
HTTP compat fixture accepted: 127.0.0.1:56102
HTTP compat fixture request: peer=127.0.0.1:56102, bytes=474, line=Some("GET /frame.html HTTP/1.1")
HTTP compat fixture response: peer=127.0.0.1:56102, bytes=346, content_type=text/html, write=Ok(())
HTTP compat fixture accepted: 127.0.0.1:56116
HTTP compat fixture request: peer=127.0.0.1:56116, bytes=474, line=Some("GET /frame.html HTTP/1.1")
HTTP compat fixture response: peer=127.0.0.1:56116, bytes=346, content_type=text/html, write=Ok(())
ok
test firefox_isolated_popup_ownership ... Firefox version: Some("157.0.1")
HTTP compat Firefox stage: new_page start
HTTP compat Firefox stage: new_page complete
HTTP compat stage: goto start backend_firefox=true, url=http://127.0.0.1:44543/page.html
HTTP compat fixture accepted: 127.0.0.1:49292
HTTP compat fixture request: peer=127.0.0.1:49292, bytes=448, line=Some("GET /page.html HTTP/1.1")
HTTP compat fixture response: peer=127.0.0.1:49292, bytes=506, content_type=text/html, write=Ok(())
HTTP compat stage: goto complete backend_firefox=true
HTTP compat fixture accepted: 127.0.0.1:49308
HTTP compat fixture request: peer=127.0.0.1:49308, bytes=449, line=Some("GET /favicon.ico HTTP/1.1")
HTTP compat fixture response: peer=127.0.0.1:49308, bytes=506, content_type=text/html, write=Ok(())
HTTP compat fixture accepted: 127.0.0.1:49314
HTTP compat fixture request: peer=127.0.0.1:49314, bytes=448, line=Some("GET /page.html HTTP/1.1")
HTTP compat fixture response: peer=127.0.0.1:49314, bytes=506, content_type=text/html, write=Ok(())
HTTP compat fixture accepted: 127.0.0.1:49328
HTTP compat fixture request: peer=127.0.0.1:49328, bytes=449, line=Some("GET /favicon.ico HTTP/1.1")
HTTP compat fixture response: peer=127.0.0.1:49328, bytes=506, content_type=text/html, write=Ok(())
HTTP compat fixture accepted: 127.0.0.1:49332
HTTP compat fixture request: peer=127.0.0.1:49332, bytes=448, line=Some("GET /page.html HTTP/1.1")
HTTP compat fixture response: peer=127.0.0.1:49332, bytes=506, content_type=text/html, write=Ok(())
HTTP compat fixture accepted: 127.0.0.1:49338
HTTP compat fixture request: peer=127.0.0.1:49338, bytes=449, line=Some("GET /favicon.ico HTTP/1.1")
HTTP compat fixture response: peer=127.0.0.1:49338, bytes=506, content_type=text/html, write=Ok(())
HTTP compat fixture accepted: 127.0.0.1:49340
HTTP compat fixture request: peer=127.0.0.1:49340, bytes=478, line=Some("GET /page.html HTTP/1.1")
HTTP compat fixture response: peer=127.0.0.1:49340, bytes=506, content_type=text/html, write=Ok(())
ok
test firefox_isolated_storage ... Firefox version: Some("157.0.1")
HTTP compat Firefox stage: new_page start
HTTP compat Firefox stage: new_page complete
HTTP compat stage: goto start backend_firefox=true, url=http://127.0.0.1:36119/page.html
HTTP compat fixture accepted: 127.0.0.1:47670
HTTP compat fixture request: peer=127.0.0.1:47670, bytes=448, line=Some("GET /page.html HTTP/1.1")
HTTP compat fixture response: peer=127.0.0.1:47670, bytes=506, content_type=text/html, write=Ok(())
HTTP compat stage: goto complete backend_firefox=true
HTTP compat fixture accepted: 127.0.0.1:47684
HTTP compat fixture request: peer=127.0.0.1:47684, bytes=449, line=Some("GET /favicon.ico HTTP/1.1")
HTTP compat fixture response: peer=127.0.0.1:47684, bytes=506, content_type=text/html, write=Ok(())
HTTP compat fixture accepted: 127.0.0.1:47690
HTTP compat fixture request: peer=127.0.0.1:47690, bytes=448, line=Some("GET /page.html HTTP/1.1")
HTTP compat fixture response: peer=127.0.0.1:47690, bytes=506, content_type=text/html, write=Ok(())
HTTP compat fixture accepted: 127.0.0.1:47698
HTTP compat fixture request: peer=127.0.0.1:47698, bytes=449, line=Some("GET /favicon.ico HTTP/1.1")
HTTP compat fixture response: peer=127.0.0.1:47698, bytes=506, content_type=text/html, write=Ok(())
HTTP compat fixture accepted: 127.0.0.1:47712
HTTP compat fixture request: peer=127.0.0.1:47712, bytes=448, line=Some("GET /page.html HTTP/1.1")
HTTP compat fixture response: peer=127.0.0.1:47712, bytes=506, content_type=text/html, write=Ok(())
HTTP compat fixture accepted: 127.0.0.1:47716
HTTP compat fixture request: peer=127.0.0.1:47716, bytes=449, line=Some("GET /favicon.ico HTTP/1.1")
HTTP compat fixture response: peer=127.0.0.1:47716, bytes=506, content_type=text/html, write=Ok(())
ok
test firefox_javascript_exceptions ... Firefox version: Some("157.0.1")
HTTP compat Firefox stage: new_page start
HTTP compat Firefox stage: new_page complete
HTTP compat stage: goto start backend_firefox=true, url=http://127.0.0.1:38097/page.html
HTTP compat fixture accepted: 127.0.0.1:42298
HTTP compat fixture request: peer=127.0.0.1:42298, bytes=448, line=Some("GET /page.html HTTP/1.1")
HTTP compat fixture response: peer=127.0.0.1:42298, bytes=506, content_type=text/html, write=Ok(())
HTTP compat stage: goto complete backend_firefox=true
HTTP compat fixture accepted: 127.0.0.1:42304
HTTP compat fixture request: peer=127.0.0.1:42304, bytes=449, line=Some("GET /favicon.ico HTTP/1.1")
HTTP compat fixture response: peer=127.0.0.1:42304, bytes=506, content_type=text/html, write=Ok(())
ok
test firefox_navigation_and_forms ... Firefox version: Some("157.0.1")
HTTP compat Firefox stage: new_page start
HTTP compat Firefox stage: new_page complete
HTTP compat stage: goto start backend_firefox=true, url=http://127.0.0.1:46073/page.html
HTTP compat fixture accepted: 127.0.0.1:50498
HTTP compat fixture request: peer=127.0.0.1:50498, bytes=448, line=Some("GET /page.html HTTP/1.1")
HTTP compat fixture response: peer=127.0.0.1:50498, bytes=506, content_type=text/html, write=Ok(())
HTTP compat stage: goto complete backend_firefox=true
HTTP compat fixture accepted: 127.0.0.1:50510
HTTP compat fixture request: peer=127.0.0.1:50510, bytes=449, line=Some("GET /favicon.ico HTTP/1.1")
HTTP compat fixture response: peer=127.0.0.1:50510, bytes=506, content_type=text/html, write=Ok(())
ok
test firefox_wait_deadline ... Firefox version: Some("157.0.1")
HTTP compat Firefox stage: new_page start
HTTP compat Firefox stage: new_page complete
HTTP compat stage: goto start backend_firefox=true, url=http://127.0.0.1:37977/page.html
HTTP compat fixture accepted: 127.0.0.1:44890
HTTP compat fixture request: peer=127.0.0.1:44890, bytes=448, line=Some("GET /page.html HTTP/1.1")
HTTP compat fixture response: peer=127.0.0.1:44890, bytes=506, content_type=text/html, write=Ok(())
HTTP compat stage: goto complete backend_firefox=true
HTTP compat fixture accepted: 127.0.0.1:44892
HTTP compat fixture request: peer=127.0.0.1:44892, bytes=449, line=Some("GET /favicon.ico HTTP/1.1")
HTTP compat fixture response: peer=127.0.0.1:44892, bytes=506, content_type=text/html, write=Ok(())
ok

failures:

failures:
    chrome_cancelled_wait_recovers
    chrome_closing_page_wakes_wait
    chrome_delayed_and_absent_elements
    chrome_disconnect_wakes_wait
    chrome_frame_click
    chrome_frame_hover_and_keyboard
    chrome_frame_reload
    chrome_isolated_popup_ownership
    chrome_isolated_storage
    chrome_javascript_exceptions
    chrome_navigation_and_forms
    chrome_wait_deadline

test result: FAILED. 12 passed; 12 failed; 0 ignored; 0 measured; 0 filtered out; finished in 27.02s

[1m[91merror[0m: test failed, to rerun pass `-p rustwright-integration-tests --test http_compat`
