2026-10-09T18:17:21.2214106Z Current runner version: '2.337.0'
2026-10-09T18:17:21.2230914Z ##[group]Runner Image Provisioner
2026-10-09T18:17:21.2231886Z Hosted Compute Agent
2026-10-09T18:17:21.2232430Z Version: 20261002.596
2026-10-09T18:17:21.2232873Z Commit: c3d12f3313a95f25162a1503be624f3b0617f8c0
2026-10-09T18:17:21.2233425Z Build Date: 2026-10-02T22:28:27Z
2026-10-09T18:17:21.2233885Z Worker ID: {69657055-4ed0-4a77-9c1b-ffa514eaaad7}
2026-10-09T18:17:21.2234364Z Region: centralus
2026-10-09T18:17:21.2234766Z Cloud: Azure
2026-10-09T18:17:21.2235151Z ##[endgroup]
2026-10-09T18:17:21.2236155Z ##[group]Operating System
2026-10-09T18:17:21.2236571Z Ubuntu
2026-10-09T18:17:21.2236923Z 24.04.5
2026-10-09T18:17:21.2237281Z LTS
2026-10-09T18:17:21.2237644Z ##[endgroup]
2026-10-09T18:17:21.2238005Z ##[group]Runner Image
2026-10-09T18:17:21.2238465Z Image: ubuntu-24.04
2026-10-09T18:17:21.2238893Z Version: 20261004.327.1
2026-10-09T18:17:21.2239783Z Included Software: https://github.com/actions/runner-images/blob/ubuntu24/20261004.327/images/ubuntu/Ubuntu2404-Readme.md
2026-10-09T18:17:21.2240805Z Image Release: https://github.com/actions/runner-images/releases/tag/ubuntu24%2F20261004.327
2026-10-09T18:17:21.2241810Z ##[endgroup]
2026-10-09T18:17:21.2242534Z ##[group]GITHUB_TOKEN Permissions
2026-10-09T18:17:21.2244226Z Contents: read
2026-10-09T18:17:21.2244612Z Metadata: read
2026-10-09T18:17:21.2245017Z ##[endgroup]
2026-10-09T18:17:21.2246409Z Secret source: Actions
2026-10-09T18:17:21.2247051Z Cache mode: write
2026-10-09T18:17:21.2247544Z Prepare workflow directory
2026-10-09T18:17:21.2548537Z Prepare all required actions
2026-10-09T18:17:21.2583411Z Getting action download info
2026-10-09T18:17:21.5476883Z Download action repository 'actions/checkout@v5' (SHA:fbc6f3992d24b796d5a048ff273f7fcc4a7b6c09)
2026-10-09T18:17:21.6208955Z Download action repository 'dtolnay/rust-toolchain@stable' (SHA:686976e191b89faba57d3206551f0f330d8cb249)
2026-10-09T18:17:21.7869863Z Download action repository 'Swatinem/rust-cache@v2' (SHA:6323deb102c322ba6fcbdcafc7e3dddab59af2b6)
2026-10-09T18:17:22.2903061Z Download action repository 'browser-actions/setup-chrome@v2' (SHA:48ad923757ca74d66703209fe939badbdf80f2f4)
2026-10-09T18:17:22.5204216Z Download action repository 'browser-actions/setup-firefox@v1' (SHA:0bc507ddf224827e3b1af68e014d5e42ab93e795)
2026-10-09T18:17:22.8123890Z Download action repository 'actions/upload-artifact@v4' (SHA:ea165f8d65b6e75b540449e92b4886f43607fa02)
2026-10-09T18:17:23.0810894Z Complete job name: fmt / clippy / test
2026-10-09T18:17:23.1442455Z ##[group]Run actions/checkout@v5
2026-10-09T18:17:23.1443540Z with:
2026-10-09T18:17:23.1444225Z   repository: rsasaki0109/rustwright
2026-10-09T18:17:23.1449540Z   token: ***
2026-10-09T18:17:23.1450227Z   ssh-strict: true
2026-10-09T18:17:23.1450880Z   ssh-user: git
2026-10-09T18:17:23.1451707Z   persist-credentials: true
2026-10-09T18:17:23.1452439Z   clean: true
2026-10-09T18:17:23.1453132Z   sparse-checkout-cone-mode: true
2026-10-09T18:17:23.1453930Z   fetch-depth: 1
2026-10-09T18:17:23.1454606Z   fetch-tags: false
2026-10-09T18:17:23.1455306Z   show-progress: true
2026-10-09T18:17:23.1455965Z   lfs: false
2026-10-09T18:17:23.1456570Z   submodules: false
2026-10-09T18:17:23.1457310Z   set-safe-directory: true
2026-10-09T18:17:23.1458056Z   allow-unsafe-pr-checkout: false
2026-10-09T18:17:23.1458980Z env:
2026-10-09T18:17:23.1459600Z   CARGO_TERM_COLOR: always
2026-10-09T18:17:23.1460318Z   RUST_BACKTRACE: 1
2026-10-09T18:17:23.1461024Z ##[endgroup]
2026-10-09T18:17:23.2248384Z Syncing repository: rsasaki0109/rustwright
2026-10-09T18:17:23.2251622Z ##[group]Getting Git version info
2026-10-09T18:17:23.2252685Z Working directory is '/home/runner/work/rustwright/rustwright'
2026-10-09T18:17:23.2254208Z [command]/usr/bin/git version
2026-10-09T18:17:23.2337608Z git version 2.55.0
2026-10-09T18:17:23.2350267Z ##[endgroup]
2026-10-09T18:17:23.2359899Z Temporarily overriding HOME='/home/runner/work/_temp/79ca7096-5916-4993-91b2-65ec44eccd94' before making global git config changes
2026-10-09T18:17:23.2363856Z Adding repository directory to the temporary git global config as a safe directory
2026-10-09T18:17:23.2370918Z [command]/usr/bin/git config --global --add safe.directory /home/runner/work/rustwright/rustwright
2026-10-09T18:17:23.2402517Z Deleting the contents of '/home/runner/work/rustwright/rustwright'
2026-10-09T18:17:23.2409404Z ##[group]Initializing the repository
2026-10-09T18:17:23.2410669Z [command]/usr/bin/git init /home/runner/work/rustwright/rustwright
2026-10-09T18:17:23.2504432Z hint: Using 'master' as the name for the initial branch. This default branch name
2026-10-09T18:17:23.2506553Z hint: will change to "main" in Git 3.0. To configure the initial branch name
2026-10-09T18:17:23.2508946Z hint: to use in all of your new repositories, which will suppress this warning,
2026-10-09T18:17:23.2511974Z hint: call:
2026-10-09T18:17:23.2514379Z hint:
2026-10-09T18:17:23.2516260Z hint: 	git config --global init.defaultBranch <name>
2026-10-09T18:17:23.2518257Z hint:
2026-10-09T18:17:23.2519467Z hint: Names commonly chosen instead of 'master' are 'main', 'trunk' and
2026-10-09T18:17:23.2520897Z hint: 'development'. The just-created branch can be renamed via this command:
2026-10-09T18:17:23.2522607Z hint:
2026-10-09T18:17:23.2523567Z hint: 	git branch -m <name>
2026-10-09T18:17:23.2524539Z hint:
2026-10-09T18:17:23.2525684Z hint: Disable this message with "git config set advice.defaultBranchName false"
2026-10-09T18:17:23.2527665Z Initialized empty Git repository in /home/runner/work/rustwright/rustwright/.git/
2026-10-09T18:17:23.2531654Z [command]/usr/bin/git remote add origin https://github.com/rsasaki0109/rustwright
2026-10-09T18:17:23.2578548Z ##[endgroup]
2026-10-09T18:17:23.2580699Z ##[group]Disabling automatic garbage collection
2026-10-09T18:17:23.2582569Z [command]/usr/bin/git config --local gc.auto 0
2026-10-09T18:17:23.2618231Z ##[endgroup]
2026-10-09T18:17:23.2620144Z ##[group]Setting up auth
2026-10-09T18:17:23.2624631Z [command]/usr/bin/git config --local --name-only --get-regexp core\.sshCommand
2026-10-09T18:17:23.2669431Z [command]/usr/bin/git submodule foreach --recursive sh -c "git config --local --name-only --get-regexp 'core\.sshCommand' && git config --local --unset-all 'core.sshCommand' || :"
2026-10-09T18:17:23.2928496Z [command]/usr/bin/git config --local --name-only --get-regexp http\.https\:\/\/github\.com\/\.extraheader
2026-10-09T18:17:23.2955353Z [command]/usr/bin/git submodule foreach --recursive sh -c "git config --local --name-only --get-regexp 'http\.https\:\/\/github\.com\/\.extraheader' && git config --local --unset-all 'http.https://github.com/.extraheader' || :"
2026-10-09T18:17:23.3102663Z [command]/usr/bin/git config --local --name-only --get-regexp ^includeIf\.gitdir:
2026-10-09T18:17:23.3124645Z [command]/usr/bin/git submodule foreach --recursive git config --local --show-origin --name-only --get-regexp remote.origin.url
2026-10-09T18:17:23.3261849Z [command]/usr/bin/git config --local http.https://github.com/.extraheader AUTHORIZATION: basic ***
2026-10-09T18:17:23.3294913Z ##[endgroup]
2026-10-09T18:17:23.3296283Z ##[group]Fetching the repository
2026-10-09T18:17:23.3301853Z [command]/usr/bin/git -c protocol.version=2 fetch --no-tags --prune --no-recurse-submodules --depth=1 origin +09ddeb5e64b097b29e67cdbd8c4192df5a10ddae:refs/remotes/pull/1/merge
2026-10-09T18:17:24.3171408Z From https://github.com/rsasaki0109/rustwright
2026-10-09T18:17:24.3172749Z  * [new ref]         09ddeb5e64b097b29e67cdbd8c4192df5a10ddae -> pull/1/merge
2026-10-09T18:17:24.3184139Z ##[endgroup]
2026-10-09T18:17:24.3191831Z ##[group]Determining the checkout info
2026-10-09T18:17:24.3192417Z ##[endgroup]
2026-10-09T18:17:24.3192809Z [command]/usr/bin/git sparse-checkout disable
2026-10-09T18:17:24.3238064Z [command]/usr/bin/git config --local --unset-all extensions.worktreeConfig
2026-10-09T18:17:24.3262721Z ##[group]Checking out the ref
2026-10-09T18:17:24.3265325Z [command]/usr/bin/git checkout --progress --force refs/remotes/pull/1/merge
2026-10-09T18:17:24.3878219Z Note: switching to 'refs/remotes/pull/1/merge'.
2026-10-09T18:17:24.3878882Z 
2026-10-09T18:17:24.3879093Z You are in 'detached HEAD' state. You can look around, make experimental
2026-10-09T18:17:24.3879563Z changes and commit them, and you can discard any commits you make in this
2026-10-09T18:17:24.3880021Z state without impacting any branches by switching back to a branch.
2026-10-09T18:17:24.3880291Z 
2026-10-09T18:17:24.3880555Z If you want to create a new branch to retain commits you create, you may
2026-10-09T18:17:24.3880990Z do so (now or later) by using -c with the switch command. Example:
2026-10-09T18:17:24.3881209Z 
2026-10-09T18:17:24.3881644Z   git switch -c <new-branch-name>
2026-10-09T18:17:24.3881841Z 
2026-10-09T18:17:24.3881970Z Or undo this operation with:
2026-10-09T18:17:24.3882194Z 
2026-10-09T18:17:24.3882310Z   git switch -
2026-10-09T18:17:24.3882497Z 
2026-10-09T18:17:24.3882703Z Turn off this advice by setting config variable advice.detachedHead to false
2026-10-09T18:17:24.3882973Z 
2026-10-09T18:17:24.3883292Z HEAD is now at 09ddeb5 Merge 4b7226472f3ac4be27e8fcadb536f7019de17894 into 91e72af388d000266c9b4e7567a3e1fe4007fc33
2026-10-09T18:17:24.3892448Z ##[endgroup]
2026-10-09T18:17:24.3926110Z [command]/usr/bin/git log -1 --format=%H
2026-10-09T18:17:24.3944613Z 09ddeb5e64b097b29e67cdbd8c4192df5a10ddae
2026-10-09T18:17:24.4225534Z ##[group]Run dtolnay/rust-toolchain@stable
2026-10-09T18:17:24.4225893Z with:
2026-10-09T18:17:24.4226217Z   components: rustfmt, clippy
2026-10-09T18:17:24.4226537Z   toolchain: stable
2026-10-09T18:17:24.4226849Z env:
2026-10-09T18:17:24.4227150Z   CARGO_TERM_COLOR: always
2026-10-09T18:17:24.4227447Z   RUST_BACKTRACE: 1
2026-10-09T18:17:24.4227756Z ##[endgroup]
2026-10-09T18:17:24.4288697Z ##[start-action display=Parse toolchain version;id=__dtolnay_rust-toolchain.parse]
2026-10-09T18:17:24.4374428Z ##[group]Run if [[ -z $toolchain ]]; then
2026-10-09T18:17:24.4374923Z [36;1mif [[ -z $toolchain ]]; then[0m
2026-10-09T18:17:24.4375409Z [36;1m  # GitHub does not enforce `required: true` inputs itself. https://github.com/actions/runner/issues/1070[0m
2026-10-09T18:17:24.4375913Z [36;1m  echo "'toolchain' is a required input" >&2[0m
2026-10-09T18:17:24.4376264Z [36;1m  exit 1[0m
2026-10-09T18:17:24.4376705Z [36;1melif [[ $toolchain =~ ^stable' '[0-9]+' '(year|month|week|day)s?' 'ago$ ]]; then[0m
2026-10-09T18:17:24.4377098Z [36;1m  if [[ Linux == macOS ]]; then[0m
2026-10-09T18:17:24.4377569Z [36;1m    echo "toolchain=1.$((($(date -v-$(sed 's/stable \([0-9]*\) \(.\).*/\1\2/' <<< $toolchain) +%s)/60/60/24-16569)/7/6))" >> $GITHUB_OUTPUT[0m
2026-10-09T18:17:24.4378073Z [36;1m  else[0m
2026-10-09T18:17:24.4378463Z [36;1m    echo "toolchain=1.$((($(date --date "${toolchain#stable }" +%s)/60/60/24-16569)/7/6))" >> $GITHUB_OUTPUT[0m
2026-10-09T18:17:24.4378864Z [36;1m  fi[0m
2026-10-09T18:17:24.4379191Z [36;1melif [[ $toolchain =~ ^stable' 'minus' '[0-9]+' 'releases?$ ]]; then[0m
2026-10-09T18:17:24.4379656Z [36;1m  echo "toolchain=1.$((($(date +%s)/60/60/24-16569)/7/6-${toolchain//[^0-9]/}))" >> $GITHUB_OUTPUT[0m
2026-10-09T18:17:24.4380256Z [36;1melif [[ $toolchain =~ ^1\.[0-9]+$ ]]; then[0m
2026-10-09T18:17:24.4380720Z [36;1m  echo "toolchain=1.$((i=${toolchain#1.}, c=($(date +%s)/60/60/24-16569)/7/6, i+9*i*(10*i<=c)+90*i*(100*i<=c)))" >> $GITHUB_OUTPUT[0m
2026-10-09T18:17:24.4381154Z [36;1melse[0m
2026-10-09T18:17:24.4381715Z [36;1m  delimiter=EOF[0m
2026-10-09T18:17:24.4382083Z [36;1m  while [[ $toolchain == *$delimiter* ]]; do delimiter+=_; done[0m
2026-10-09T18:17:24.4382564Z [36;1m  printf 'toolchain<<%s\n%s\n%s\n' "$delimiter" "$toolchain" "$delimiter" >> $GITHUB_OUTPUT[0m
2026-10-09T18:17:24.4382955Z [36;1mfi[0m
2026-10-09T18:17:24.4539746Z shell: /usr/bin/bash --noprofile --norc -e -o pipefail {0}
2026-10-09T18:17:24.4540134Z env:
2026-10-09T18:17:24.4540482Z   CARGO_TERM_COLOR: always
2026-10-09T18:17:24.4540754Z   RUST_BACKTRACE: 1
2026-10-09T18:17:24.4541017Z   toolchain: stable
2026-10-09T18:17:24.4541558Z ##[endgroup]
2026-10-09T18:17:24.4640502Z ##[end-action id=__dtolnay_rust-toolchain.parse;outcome=success;conclusion=success;duration_ms=35]
2026-10-09T18:17:24.4644744Z ##[start-action display=Set $CARGO_HOME;id=__dtolnay_rust-toolchain.__run]
2026-10-09T18:17:24.4680225Z ##[group]Run echo CARGO_HOME=${CARGO_HOME:-"$HOME/.cargo"} >> $GITHUB_ENV
2026-10-09T18:17:24.4680673Z [36;1mecho CARGO_HOME=${CARGO_HOME:-"$HOME/.cargo"} >> $GITHUB_ENV[0m
2026-10-09T18:17:24.4709604Z shell: /usr/bin/bash --noprofile --norc -e -o pipefail {0}
2026-10-09T18:17:24.4709994Z env:
2026-10-09T18:17:24.4710321Z   CARGO_TERM_COLOR: always
2026-10-09T18:17:24.4710652Z   RUST_BACKTRACE: 1
2026-10-09T18:17:24.4710921Z ##[endgroup]
2026-10-09T18:17:24.4760240Z ##[end-action id=__dtolnay_rust-toolchain.__run;outcome=success;conclusion=success;duration_ms=11]
2026-10-09T18:17:24.4762777Z ##[start-action display=Install rustup if needed;id=__dtolnay_rust-toolchain.__run_2]
2026-10-09T18:17:24.4826109Z ##[group]Run if ! command -v rustup &>/dev/null; then
2026-10-09T18:17:24.4826496Z [36;1mif ! command -v rustup &>/dev/null; then[0m
2026-10-09T18:17:24.4827104Z [36;1m  curl --proto '=https' --tlsv1.2 --retry 10 --retry-connrefused --location --silent --show-error --fail https://sh.rustup.rs | sh -s -- --default-toolchain none -y[0m
2026-10-09T18:17:24.4827822Z [36;1m  echo "$CARGO_HOME/bin" >> $GITHUB_PATH[0m
2026-10-09T18:17:24.4828122Z [36;1mfi[0m
2026-10-09T18:17:24.4851721Z shell: /usr/bin/bash --noprofile --norc -e -o pipefail {0}
2026-10-09T18:17:24.4852108Z env:
2026-10-09T18:17:24.4852622Z   CARGO_TERM_COLOR: always
2026-10-09T18:17:24.4852907Z   RUST_BACKTRACE: 1
2026-10-09T18:17:24.4853197Z   CARGO_HOME: /home/runner/.cargo
2026-10-09T18:17:24.4853489Z ##[endgroup]
2026-10-09T18:17:24.4901217Z ##[end-action id=__dtolnay_rust-toolchain.__run_2;outcome=success;conclusion=success;duration_ms=13]
2026-10-09T18:17:24.4903784Z ##[start-action display=Install rustup if needed on windows;id=__dtolnay_rust-toolchain.__run_3]
2026-10-09T18:17:24.4909777Z ##[end-action id=__dtolnay_rust-toolchain.__run_3;outcome=skipped;conclusion=skipped;duration_ms=0]
2026-10-09T18:17:24.4922054Z ##[start-action display=rustup toolchain install stable;id=__dtolnay_rust-toolchain.__run_4]
2026-10-09T18:17:24.4947396Z ##[group]Run set -f  # split targets and components on commas and whitespace, without glob expansion
2026-10-09T18:17:24.4947993Z [36;1mset -f  # split targets and components on commas and whitespace, without glob expansion[0m
2026-10-09T18:17:24.4948374Z [36;1mflags=()[0m
2026-10-09T18:17:24.4948707Z [36;1mfor t in ${targets//,/ }; do flags+=(--target "$t"); done[0m
2026-10-09T18:17:24.4949093Z [36;1mfor c in ${components//,/ }; do flags+=(--component "$c"); done[0m
2026-10-09T18:17:24.4949536Z [36;1mif [[ $toolchain == nightly && -n $components ]]; then flags+=(--allow-downgrade); fi[0m
2026-10-09T18:17:24.4949967Z [36;1mlog=$(mktemp)[0m
2026-10-09T18:17:24.4950224Z [36;1mtrap 'rm -f "$log"' EXIT[0m
2026-10-09T18:17:24.4950566Z [36;1mfor attempt in 1 2 3 4 5; do[0m
2026-10-09T18:17:24.4951070Z [36;1m  if rustup toolchain install "$toolchain" "${flags[@]}" --profile minimal --no-self-update --force-non-host 2>&1 | tee "$log"; then[0m
2026-10-09T18:17:24.4951813Z [36;1m    break[0m
2026-10-09T18:17:24.4952097Z [36;1m  else[0m
2026-10-09T18:17:24.4952356Z [36;1m    status=$?[0m
2026-10-09T18:17:24.4952641Z [36;1m  fi[0m
2026-10-09T18:17:24.4952977Z [36;1m  if [[ $attempt == 5 ]] || ! grep -Fq 'checksum failed for ' "$log" \[0m
2026-10-09T18:17:24.4953452Z [36;1m      || ! grep -Fq 'this is likely due to an ongoing update of the official release server' "$log"; then[0m
2026-10-09T18:17:24.4953882Z [36;1m    exit "$status"[0m
2026-10-09T18:17:24.4954162Z [36;1m  fi[0m
2026-10-09T18:17:24.4954525Z [36;1m  echo "Retrying rustup toolchain install in 30 seconds (retry $attempt of 4)" >&2[0m
2026-10-09T18:17:24.4954911Z [36;1m  sleep 30[0m
2026-10-09T18:17:24.4955152Z [36;1mdone[0m
2026-10-09T18:17:24.4978401Z shell: /usr/bin/bash --noprofile --norc -e -o pipefail {0}
2026-10-09T18:17:24.4978899Z env:
2026-10-09T18:17:24.4979162Z   CARGO_TERM_COLOR: always
2026-10-09T18:17:24.4979468Z   RUST_BACKTRACE: 1
2026-10-09T18:17:24.4979764Z   CARGO_HOME: /home/runner/.cargo
2026-10-09T18:17:24.4980044Z   toolchain: stable
2026-10-09T18:17:24.4980316Z   targets: 
2026-10-09T18:17:24.4980569Z   components: rustfmt, clippy
2026-10-09T18:17:24.4980840Z   RUSTUP_PERMIT_COPY_RENAME: 1
2026-10-09T18:17:24.4981136Z ##[endgroup]
2026-10-09T18:17:24.6658993Z info: syncing channel updates for stable-x86_64-unknown-linux-gnu
2026-10-09T18:17:24.8924325Z info: latest update on 2026-10-01 for version 1.99.0 (b940084d7 2026-09-28)
2026-10-09T18:17:24.9023773Z info: component clippy is up to date
2026-10-09T18:17:24.9024300Z info: component rustfmt is up to date
2026-10-09T18:17:24.9035214Z 
2026-10-09T18:17:24.9109536Z   stable-x86_64-unknown-linux-gnu unchanged - rustc 1.99.0 (b940084d7 2026-09-28)
2026-10-09T18:17:24.9109922Z 
2026-10-09T18:17:24.9228055Z ##[end-action id=__dtolnay_rust-toolchain.__run_4;outcome=success;conclusion=success;duration_ms=430]
2026-10-09T18:17:24.9233978Z ##[start-action display=rustup default stable;id=__dtolnay_rust-toolchain.__run_5]
2026-10-09T18:17:24.9256241Z ##[group]Run rustup default "$toolchain" --force-non-host
2026-10-09T18:17:24.9256705Z [36;1mrustup default "$toolchain" --force-non-host[0m
2026-10-09T18:17:24.9290768Z shell: /usr/bin/bash --noprofile --norc -e -o pipefail {0}
2026-10-09T18:17:24.9291063Z env:
2026-10-09T18:17:24.9291528Z   CARGO_TERM_COLOR: always
2026-10-09T18:17:24.9291793Z   RUST_BACKTRACE: 1
2026-10-09T18:17:24.9292090Z   CARGO_HOME: /home/runner/.cargo
2026-10-09T18:17:24.9292335Z   toolchain: stable
2026-10-09T18:17:24.9292551Z ##[endgroup]
2026-10-09T18:17:24.9376231Z info: using existing install for stable-x86_64-unknown-linux-gnu
2026-10-09T18:17:24.9388884Z info: default toolchain set to stable-x86_64-unknown-linux-gnu
2026-10-09T18:17:24.9389093Z 
2026-10-09T18:17:24.9455347Z   stable-x86_64-unknown-linux-gnu unchanged - rustc 1.99.0 (b940084d7 2026-09-28)
2026-10-09T18:17:24.9455741Z 
2026-10-09T18:17:24.9472297Z ##[end-action id=__dtolnay_rust-toolchain.__run_5;outcome=success;conclusion=success;duration_ms=23]
2026-10-09T18:17:24.9475643Z ##[start-action display=Create cachekey;id=__dtolnay_rust-toolchain.rustc-version]
2026-10-09T18:17:24.9495511Z ##[group]Run DATE=$(rustc +"$toolchain" --version --verbose | sed -ne 's/^commit-date: \(20[0-9][0-9]\)-\([01][0-9]\)-\([0-3][0-9]\)$/\1\2\3/p')
2026-10-09T18:17:24.9496131Z [36;1mDATE=$(rustc +"$toolchain" --version --verbose | sed -ne 's/^commit-date: \(20[0-9][0-9]\)-\([01][0-9]\)-\([0-3][0-9]\)$/\1\2\3/p')[0m
2026-10-09T18:17:24.9496654Z [36;1mHASH=$(rustc +"$toolchain" --version --verbose | sed -ne 's/^commit-hash: //p')[0m
2026-10-09T18:17:24.9497078Z [36;1mecho "cachekey=$(echo $DATE$HASH | head -c12)" >> $GITHUB_OUTPUT[0m
2026-10-09T18:17:24.9524570Z shell: /usr/bin/bash --noprofile --norc -e -o pipefail {0}
2026-10-09T18:17:24.9524885Z env:
2026-10-09T18:17:24.9525195Z   CARGO_TERM_COLOR: always
2026-10-09T18:17:24.9525500Z   RUST_BACKTRACE: 1
2026-10-09T18:17:24.9525758Z   CARGO_HOME: /home/runner/.cargo
2026-10-09T18:17:24.9526012Z   toolchain: stable
2026-10-09T18:17:24.9526218Z ##[endgroup]
2026-10-09T18:17:24.9807749Z ##[end-action id=__dtolnay_rust-toolchain.rustc-version;outcome=success;conclusion=success;duration_ms=33]
2026-10-09T18:17:24.9809967Z ##[start-action display=Disable incremental compilation;id=__dtolnay_rust-toolchain.__run_6]
2026-10-09T18:17:24.9830618Z ##[group]Run if [ -z "${CARGO_INCREMENTAL+set}" ]; then
2026-10-09T18:17:24.9831015Z [36;1mif [ -z "${CARGO_INCREMENTAL+set}" ]; then[0m
2026-10-09T18:17:24.9831708Z [36;1m  echo CARGO_INCREMENTAL=0 >> $GITHUB_ENV[0m
2026-10-09T18:17:24.9832012Z [36;1mfi[0m
2026-10-09T18:17:24.9858232Z shell: /usr/bin/bash --noprofile --norc -e -o pipefail {0}
2026-10-09T18:17:24.9858543Z env:
2026-10-09T18:17:24.9858760Z   CARGO_TERM_COLOR: always
2026-10-09T18:17:24.9859034Z   RUST_BACKTRACE: 1
2026-10-09T18:17:24.9859386Z   CARGO_HOME: /home/runner/.cargo
2026-10-09T18:17:24.9859619Z ##[endgroup]
2026-10-09T18:17:24.9906877Z ##[end-action id=__dtolnay_rust-toolchain.__run_6;outcome=success;conclusion=success;duration_ms=9]
2026-10-09T18:17:24.9908909Z ##[start-action display=Enable colors in Cargo output;id=__dtolnay_rust-toolchain.__run_7]
2026-10-09T18:17:24.9929816Z ##[group]Run if [ -z "${CARGO_TERM_COLOR+set}" ]; then
2026-10-09T18:17:24.9930152Z [36;1mif [ -z "${CARGO_TERM_COLOR+set}" ]; then[0m
2026-10-09T18:17:24.9930460Z [36;1m  echo CARGO_TERM_COLOR=always >> $GITHUB_ENV[0m
2026-10-09T18:17:24.9930754Z [36;1mfi[0m
2026-10-09T18:17:24.9953077Z shell: /usr/bin/bash --noprofile --norc -e -o pipefail {0}
2026-10-09T18:17:24.9953397Z env:
2026-10-09T18:17:24.9953625Z   CARGO_TERM_COLOR: always
2026-10-09T18:17:24.9953895Z   RUST_BACKTRACE: 1
2026-10-09T18:17:24.9954125Z   CARGO_HOME: /home/runner/.cargo
2026-10-09T18:17:24.9954397Z   CARGO_INCREMENTAL: 0
2026-10-09T18:17:24.9954637Z ##[endgroup]
2026-10-09T18:17:24.9996826Z ##[end-action id=__dtolnay_rust-toolchain.__run_7;outcome=success;conclusion=success;duration_ms=8]
2026-10-09T18:17:24.9999843Z ##[start-action display=Enable Cargo sparse registry;id=__dtolnay_rust-toolchain.__run_8]
2026-10-09T18:17:25.0022546Z ##[group]Run # implemented in 1.66, stabilized in 1.68, made default in 1.70
2026-10-09T18:17:25.0022976Z [36;1m# implemented in 1.66, stabilized in 1.68, made default in 1.70[0m
2026-10-09T18:17:25.0023547Z [36;1mif [ -z "${CARGO_REGISTRIES_CRATES_IO_PROTOCOL+set}" -o -f "/home/runner/work/_temp"/.implicit_cargo_registries_crates_io_protocol ]; then[0m
2026-10-09T18:17:25.0024086Z [36;1m  if rustc +"$toolchain" --version --verbose | grep -q '^release: 1\.6[89]\.'; then[0m
2026-10-09T18:17:25.0024556Z [36;1m    touch "/home/runner/work/_temp"/.implicit_cargo_registries_crates_io_protocol || true[0m
2026-10-09T18:17:25.0024996Z [36;1m    echo CARGO_REGISTRIES_CRATES_IO_PROTOCOL=sparse >> $GITHUB_ENV[0m
2026-10-09T18:17:25.0025404Z [36;1m  elif rustc +"$toolchain" --version --verbose | grep -q '^release: 1\.6[67]\.'; then[0m
2026-10-09T18:17:25.0025849Z [36;1m    touch "/home/runner/work/_temp"/.implicit_cargo_registries_crates_io_protocol || true[0m
2026-10-09T18:17:25.0026274Z [36;1m    echo CARGO_REGISTRIES_CRATES_IO_PROTOCOL=git >> $GITHUB_ENV[0m
2026-10-09T18:17:25.0026591Z [36;1m  fi[0m
2026-10-09T18:17:25.0026815Z [36;1mfi[0m
2026-10-09T18:17:25.0048547Z shell: /usr/bin/bash --noprofile --norc -e -o pipefail {0}
2026-10-09T18:17:25.0048835Z env:
2026-10-09T18:17:25.0049130Z   CARGO_TERM_COLOR: always
2026-10-09T18:17:25.0049372Z   RUST_BACKTRACE: 1
2026-10-09T18:17:25.0049602Z   CARGO_HOME: /home/runner/.cargo
2026-10-09T18:17:25.0049878Z   CARGO_INCREMENTAL: 0
2026-10-09T18:17:25.0050105Z   toolchain: stable
2026-10-09T18:17:25.0050343Z ##[endgroup]
2026-10-09T18:17:25.0288741Z ##[end-action id=__dtolnay_rust-toolchain.__run_8;outcome=success;conclusion=success;duration_ms=28]
2026-10-09T18:17:25.0293158Z ##[start-action display=Work around spurious network errors in curl 8.0;id=__dtolnay_rust-toolchain.__run_9]
2026-10-09T18:17:25.0322294Z ##[group]Run # https://rust-lang.zulipchat.com/#narrow/stream/246057-t-cargo/topic/timeout.20investigation
2026-10-09T18:17:25.0323179Z [36;1m# https://rust-lang.zulipchat.com/#narrow/stream/246057-t-cargo/topic/timeout.20investigation[0m
2026-10-09T18:17:25.0323856Z [36;1mif rustc +"$toolchain" --version --verbose | grep -q '^release: 1\.7[01]\.'; then[0m
2026-10-09T18:17:25.0324440Z [36;1m  echo CARGO_HTTP_MULTIPLEXING=false >> $GITHUB_ENV[0m
2026-10-09T18:17:25.0324833Z [36;1mfi[0m
2026-10-09T18:17:25.0356897Z shell: /usr/bin/bash --noprofile --norc -e -o pipefail {0}
2026-10-09T18:17:25.0357325Z env:
2026-10-09T18:17:25.0357634Z   CARGO_TERM_COLOR: always
2026-10-09T18:17:25.0357992Z   RUST_BACKTRACE: 1
2026-10-09T18:17:25.0358303Z   CARGO_HOME: /home/runner/.cargo
2026-10-09T18:17:25.0358635Z   CARGO_INCREMENTAL: 0
2026-10-09T18:17:25.0358998Z   toolchain: stable
2026-10-09T18:17:25.0359439Z ##[endgroup]
2026-10-09T18:17:25.0517857Z ##[end-action id=__dtolnay_rust-toolchain.__run_9;outcome=success;conclusion=success;duration_ms=22]
2026-10-09T18:17:25.0523270Z ##[start-action display=rustc +stable --version --verbose;id=__dtolnay_rust-toolchain.__run_10]
2026-10-09T18:17:25.0550573Z ##[group]Run rustc +"$toolchain" --version --verbose
2026-10-09T18:17:25.0551036Z [36;1mrustc +"$toolchain" --version --verbose[0m
2026-10-09T18:17:25.0582262Z shell: /usr/bin/bash --noprofile --norc -e -o pipefail {0}
2026-10-09T18:17:25.0582921Z env:
2026-10-09T18:17:25.0583249Z   CARGO_TERM_COLOR: always
2026-10-09T18:17:25.0583604Z   RUST_BACKTRACE: 1
2026-10-09T18:17:25.0583920Z   CARGO_HOME: /home/runner/.cargo
2026-10-09T18:17:25.0584255Z   CARGO_INCREMENTAL: 0
2026-10-09T18:17:25.0584574Z   toolchain: stable
2026-10-09T18:17:25.0584855Z ##[endgroup]
2026-10-09T18:17:25.0712873Z rustc 1.99.0 (b940084d7 2026-09-28)
2026-10-09T18:17:25.0721493Z binary: rustc
2026-10-09T18:17:25.0722219Z commit-hash: b940084d7eb6a299eb4bfeb8e34901bc051e7ac4
2026-10-09T18:17:25.0722981Z commit-date: 2026-09-28
2026-10-09T18:17:25.0725597Z host: x86_64-unknown-linux-gnu
2026-10-09T18:17:25.0726375Z release: 1.99.0
2026-10-09T18:17:25.0726842Z LLVM version: 23.1.1
2026-10-09T18:17:25.0732432Z ##[end-action id=__dtolnay_rust-toolchain.__run_10;outcome=success;conclusion=success;duration_ms=20]
2026-10-09T18:17:25.0829258Z ##[group]Run Swatinem/rust-cache@v2
2026-10-09T18:17:25.0829564Z with:
2026-10-09T18:17:25.0829796Z   prefix-key: v0-rust
2026-10-09T18:17:25.0830039Z   add-job-id-key: true
2026-10-09T18:17:25.0830352Z   add-rust-environment-hash-key: true
2026-10-09T18:17:25.0830654Z   cache-targets: true
2026-10-09T18:17:25.0830910Z   cache-all-crates: false
2026-10-09T18:17:25.0831198Z   cache-workspace-crates: false
2026-10-09T18:17:25.0831618Z   save-if: true
2026-10-09T18:17:25.0831864Z   cache-provider: github
2026-10-09T18:17:25.0832123Z   cache-bin: true
2026-10-09T18:17:25.0832384Z   lookup-only: false
2026-10-09T18:17:25.0832615Z   cmd-format: {0}
2026-10-09T18:17:25.0832827Z env:
2026-10-09T18:17:25.0833065Z   CARGO_TERM_COLOR: always
2026-10-09T18:17:25.0833325Z   RUST_BACKTRACE: 1
2026-10-09T18:17:25.0833563Z   CARGO_HOME: /home/runner/.cargo
2026-10-09T18:17:25.0833867Z   CARGO_INCREMENTAL: 0
2026-10-09T18:17:25.0834084Z ##[endgroup]
2026-10-09T18:17:25.4187719Z ##[group]Cache Configuration
2026-10-09T18:17:25.4188169Z Cache Provider:
2026-10-09T18:17:25.4188513Z     github
2026-10-09T18:17:25.4188886Z Workspaces:
2026-10-09T18:17:25.4189345Z     /home/runner/work/rustwright/rustwright
2026-10-09T18:17:25.4189758Z Cache Paths:
2026-10-09T18:17:25.4190100Z     /home/runner/.cargo/bin
2026-10-09T18:17:25.4190467Z     /home/runner/.cargo/.crates.toml
2026-10-09T18:17:25.4190905Z     /home/runner/.cargo/.crates2.json
2026-10-09T18:17:25.4191427Z     /home/runner/.cargo/registry
2026-10-09T18:17:25.4191875Z     /home/runner/.cargo/git
2026-10-09T18:17:25.4192272Z     /home/runner/work/rustwright/rustwright/target
2026-10-09T18:17:25.4192671Z Restore Key:
2026-10-09T18:17:25.4193075Z     v0-rust-check-Linux-x64-2c4d122c
2026-10-09T18:17:25.4193588Z Cache Key:
2026-10-09T18:17:25.4193998Z     v0-rust-check-Linux-x64-2c4d122c-ed23558d
2026-10-09T18:17:25.4194412Z .. Prefix:
2026-10-09T18:17:25.4194844Z   - v0-rust-check-Linux-x64
2026-10-09T18:17:25.4195291Z .. Environment considered:
2026-10-09T18:17:25.4195606Z   - Rust Versions:
2026-10-09T18:17:25.4196102Z     - 1.99.0 x86_64-unknown-linux-gnu b940084d7eb6a299eb4bfeb8e34901bc051e7ac4
2026-10-09T18:17:25.4196525Z   - CARGO_HOME
2026-10-09T18:17:25.4196816Z   - CARGO_INCREMENTAL
2026-10-09T18:17:25.4197146Z   - CARGO_TERM_COLOR
2026-10-09T18:17:25.4197415Z   - RUST_BACKTRACE
2026-10-09T18:17:25.4197702Z .. Lockfiles considered:
2026-10-09T18:17:25.4198016Z   - /home/runner/work/rustwright/rustwright/Cargo.lock
2026-10-09T18:17:25.4198381Z   - /home/runner/work/rustwright/rustwright/crates/rustwright-bidi/Cargo.toml
2026-10-09T18:17:25.4199130Z   - /home/runner/work/rustwright/rustwright/crates/rustwright-browser/Cargo.toml
2026-10-09T18:17:25.4199665Z   - /home/runner/work/rustwright/rustwright/crates/rustwright-cdp/Cargo.toml
2026-10-09T18:17:25.4200213Z   - /home/runner/work/rustwright/rustwright/crates/rustwright-common/Cargo.toml
2026-10-09T18:17:25.4200732Z   - /home/runner/work/rustwright/rustwright/crates/rustwright-core/Cargo.toml
2026-10-09T18:17:25.4201612Z   - /home/runner/work/rustwright/rustwright/crates/rustwright-test-macros/Cargo.toml
2026-10-09T18:17:25.4202083Z   - /home/runner/work/rustwright/rustwright/crates/rustwright-test/Cargo.toml
2026-10-09T18:17:25.4202552Z   - /home/runner/work/rustwright/rustwright/crates/rustwright/Cargo.toml
2026-10-09T18:17:25.4203126Z   - /home/runner/work/rustwright/rustwright/docs/ci/results/remote-20261009/followup-local/consumer/.cargo/config.toml
2026-10-09T18:17:25.4203801Z   - /home/runner/work/rustwright/rustwright/docs/ci/results/required-browser/release/consumer/.cargo/config.toml
2026-10-09T18:17:25.4204512Z   - /home/runner/work/rustwright/rustwright/docs/release/results/local-package/consumer/.cargo/config.toml
2026-10-09T18:17:25.4205070Z   - /home/runner/work/rustwright/rustwright/examples/Cargo.toml
2026-10-09T18:17:25.4205461Z   - /home/runner/work/rustwright/rustwright/tests/Cargo.toml
2026-10-09T18:17:25.4206148Z ##[endgroup]
2026-10-09T18:17:25.4206263Z 
2026-10-09T18:17:25.4206601Z ... Restoring cache ...
2026-10-09T18:17:25.5529743Z No cache found.
2026-10-09T18:17:25.5592670Z ##[group]Run cargo fmt --all -- --check
2026-10-09T18:17:25.5592972Z [36;1mcargo fmt --all -- --check[0m
2026-10-09T18:17:25.5627307Z shell: /usr/bin/bash -e {0}
2026-10-09T18:17:25.5627642Z env:
2026-10-09T18:17:25.5627868Z   CARGO_TERM_COLOR: always
2026-10-09T18:17:25.5628110Z   RUST_BACKTRACE: 1
2026-10-09T18:17:25.5628401Z   CARGO_HOME: /home/runner/.cargo
2026-10-09T18:17:25.5628644Z   CARGO_INCREMENTAL: 0
2026-10-09T18:17:25.5628901Z   CACHE_ON_FAILURE: false
2026-10-09T18:17:25.5629136Z ##[endgroup]
2026-10-09T18:17:26.0230822Z ##[group]Run cargo clippy --workspace --all-targets -- -D warnings
2026-10-09T18:17:26.0231237Z [36;1mcargo clippy --workspace --all-targets -- -D warnings[0m
2026-10-09T18:17:26.0263911Z shell: /usr/bin/bash -e {0}
2026-10-09T18:17:26.0264213Z env:
2026-10-09T18:17:26.0264442Z   CARGO_TERM_COLOR: always
2026-10-09T18:17:26.0264687Z   RUST_BACKTRACE: 1
2026-10-09T18:17:26.0264982Z   CARGO_HOME: /home/runner/.cargo
2026-10-09T18:17:26.0265232Z   CARGO_INCREMENTAL: 0
2026-10-09T18:17:26.0265466Z   CACHE_ON_FAILURE: false
2026-10-09T18:17:26.0265702Z ##[endgroup]
2026-10-09T18:17:26.2929678Z [1m[92m    Updating[0m crates.io index
2026-10-09T18:17:26.5637028Z [1m[92m Downloading[0m crates ...
2026-10-09T18:17:26.6241152Z [1m[92m  Downloaded[0m cfg-if v1.0.5
2026-10-09T18:17:26.6271855Z [1m[92m  Downloaded[0m block-buffer v0.12.1
2026-10-09T18:17:26.6498183Z [1m[92m  Downloaded[0m base64 v0.22.1
2026-10-09T18:17:26.6544612Z [1m[92m  Downloaded[0m futures-sink v0.3.34
2026-10-09T18:17:26.6566571Z [1m[92m  Downloaded[0m errno v0.3.14
2026-10-09T18:17:26.6579664Z [1m[92m  Downloaded[0m crypto-common v0.2.2
2026-10-09T18:17:26.6639347Z [1m[92m  Downloaded[0m chacha20 v0.10.2
2026-10-09T18:17:26.6711653Z [1m[92m  Downloaded[0m tokio-macros v2.7.2
2026-10-09T18:17:26.6754952Z [1m[92m  Downloaded[0m futures-task v0.3.34
2026-10-09T18:17:26.6853725Z [1m[92m  Downloaded[0m itoa v1.0.18
2026-10-09T18:17:26.6884428Z [1m[92m  Downloaded[0m futures-core v0.3.34
2026-10-09T18:17:26.6917984Z [1m[92m  Downloaded[0m sha1 v0.11.0
2026-10-09T18:17:26.6933399Z [1m[92m  Downloaded[0m bytes v1.12.1
2026-10-09T18:17:26.6949180Z [1m[92m  Downloaded[0m futures-macro v0.3.34
2026-10-09T18:17:26.6997442Z [1m[92m  Downloaded[0m cpufeatures v0.3.1
2026-10-09T18:17:26.7023027Z [1m[92m  Downloaded[0m rand_core v0.10.1
2026-10-09T18:17:26.7034918Z [1m[92m  Downloaded[0m thiserror-impl v2.0.20
2026-10-09T18:17:26.7041912Z [1m[92m  Downloaded[0m signal-hook-registry v1.4.8
2026-10-09T18:17:26.7067264Z [1m[92m  Downloaded[0m data-encoding v2.11.1
2026-10-09T18:17:26.7118835Z [1m[92m  Downloaded[0m slab v0.4.12
2026-10-09T18:17:26.7126168Z [1m[92m  Downloaded[0m thiserror v2.0.20
2026-10-09T18:17:26.7150782Z [1m[92m  Downloaded[0m zmij v1.0.23
2026-10-09T18:17:26.7158225Z [1m[92m  Downloaded[0m pin-project-lite v0.2.17
2026-10-09T18:17:26.7178433Z [1m[92m  Downloaded[0m tokio-tungstenite v0.30.0
2026-10-09T18:17:26.7187716Z [1m[92m  Downloaded[0m quote v1.0.47
2026-10-09T18:17:26.7198924Z [1m[92m  Downloaded[0m hybrid-array v0.4.15
2026-10-09T18:17:26.7208093Z [1m[92m  Downloaded[0m tracing-attributes v0.1.31
2026-10-09T18:17:26.7218830Z [1m[92m  Downloaded[0m digest v0.11.3
2026-10-09T18:17:26.7228828Z [1m[92m  Downloaded[0m getrandom v0.4.3
2026-10-09T18:17:26.7257908Z [1m[92m  Downloaded[0m httparse v1.10.1
2026-10-09T18:17:26.7269058Z [1m[92m  Downloaded[0m proc-macro2 v1.0.107
2026-10-09T18:17:26.7283446Z [1m[92m  Downloaded[0m unicode-ident v1.0.26
2026-10-09T18:17:26.7295342Z [1m[92m  Downloaded[0m serde_core v1.0.229
2026-10-09T18:17:26.7307894Z [1m[92m  Downloaded[0m once_cell v1.21.4
2026-10-09T18:17:26.7319173Z [1m[92m  Downloaded[0m tracing-core v0.1.36
2026-10-09T18:17:26.7332329Z [1m[92m  Downloaded[0m const-oid v0.10.2
2026-10-09T18:17:26.7344234Z [1m[92m  Downloaded[0m serde_derive v1.0.229
2026-10-09T18:17:26.7357790Z [1m[92m  Downloaded[0m log v0.4.34
2026-10-09T18:17:26.7391031Z [1m[92m  Downloaded[0m socket2 v0.6.5
2026-10-09T18:17:26.7401173Z [1m[92m  Downloaded[0m serde v1.0.229
2026-10-09T18:17:26.7417934Z [1m[92m  Downloaded[0m tungstenite v0.30.0
2026-10-09T18:17:26.7436945Z [1m[92m  Downloaded[0m http v1.5.0
2026-10-09T18:17:26.7455361Z [1m[92m  Downloaded[0m typenum v1.20.1
2026-10-09T18:17:26.7473377Z [1m[92m  Downloaded[0m memchr v2.8.3
2026-10-09T18:17:26.7496640Z [1m[92m  Downloaded[0m mio v1.2.3
2026-10-09T18:17:26.7522605Z [1m[92m  Downloaded[0m rand v0.10.2
2026-10-09T18:17:26.7541059Z [1m[92m  Downloaded[0m futures-util v0.3.34
2026-10-09T18:17:26.7591016Z [1m[92m  Downloaded[0m serde_json v1.0.151
2026-10-09T18:17:26.7622744Z [1m[92m  Downloaded[0m syn v3.0.6
2026-10-09T18:17:26.7673845Z [1m[92m  Downloaded[0m syn v2.0.119
2026-10-09T18:17:26.7724373Z [1m[92m  Downloaded[0m tracing v0.1.44
2026-10-09T18:17:26.7803419Z [1m[92m  Downloaded[0m libc v0.2.189
2026-10-09T18:17:26.7976183Z [1m[92m  Downloaded[0m tokio v1.53.1
2026-10-09T18:17:26.8508353Z [1m[92m   Compiling[0m proc-macro2 v1.0.107
2026-10-09T18:17:26.8508869Z [1m[92m   Compiling[0m quote v1.0.47
2026-10-09T18:17:26.8509191Z [1m[92m   Compiling[0m unicode-ident v1.0.26
2026-10-09T18:17:26.8509504Z [1m[92m   Compiling[0m libc v0.2.189
2026-10-09T18:17:27.0906879Z [1m[92m    Checking[0m typenum v1.20.1
2026-10-09T18:17:27.2623087Z [1m[92m   Compiling[0m serde_core v1.0.229
2026-10-09T18:17:27.3572899Z [1m[92m    Checking[0m itoa v1.0.18
2026-10-09T18:17:27.4605964Z [1m[92m    Checking[0m cfg-if v1.0.5
2026-10-09T18:17:27.4848931Z [1m[92m   Compiling[0m getrandom v0.4.3
2026-10-09T18:17:27.5848315Z [1m[92m    Checking[0m hybrid-array v0.4.15
2026-10-09T18:17:27.6245180Z [1m[92m    Checking[0m rand_core v0.10.1
2026-10-09T18:17:27.6696369Z [1m[92m    Checking[0m cpufeatures v0.3.1
2026-10-09T18:17:27.6902447Z [1m[92m   Compiling[0m zmij v1.0.23
2026-10-09T18:17:27.9373353Z [1m[92m    Checking[0m crypto-common v0.2.2
2026-10-09T18:17:27.9948017Z [1m[92m   Compiling[0m syn v3.0.6
2026-10-09T18:17:28.0433141Z [1m[92m    Checking[0m block-buffer v0.12.1
2026-10-09T18:17:28.1203288Z [1m[92m   Compiling[0m thiserror v2.0.20
2026-10-09T18:17:28.2773061Z [1m[92m    Checking[0m pin-project-lite v0.2.17
2026-10-09T18:17:28.3026944Z [1m[92m    Checking[0m bytes v1.12.1
2026-10-09T18:17:28.3592919Z [1m[92m   Compiling[0m httparse v1.10.1
2026-10-09T18:17:28.5034875Z [1m[92m    Checking[0m const-oid v0.10.2
2026-10-09T18:17:28.5773281Z [1m[92m   Compiling[0m serde_json v1.0.151
2026-10-09T18:17:28.6092587Z [1m[92m    Checking[0m digest v0.11.3
2026-10-09T18:17:28.6902696Z [1m[92m    Checking[0m errno v0.3.14
2026-10-09T18:17:28.7283164Z [1m[92m   Compiling[0m syn v2.0.119
2026-10-09T18:17:29.0305678Z [1m[92m    Checking[0m chacha20 v0.10.2
2026-10-09T18:17:29.1842191Z [1m[92m    Checking[0m memchr v2.8.3
2026-10-09T18:17:29.1903264Z [1m[92m    Checking[0m rand v0.10.2
2026-10-09T18:17:29.5153257Z [1m[92m    Checking[0m signal-hook-registry v1.4.8
2026-10-09T18:17:29.5924254Z [1m[92m    Checking[0m sha1 v0.11.0
2026-10-09T18:17:29.8183284Z [1m[92m    Checking[0m http v1.5.0
2026-10-09T18:17:29.8893260Z [1m[92m    Checking[0m mio v1.2.3
2026-10-09T18:17:30.1019040Z [1m[92m    Checking[0m socket2 v0.6.5
2026-10-09T18:17:30.2162996Z [1m[92m    Checking[0m futures-core v0.3.34
2026-10-09T18:17:30.2603048Z [1m[92m    Checking[0m slab v0.4.12
2026-10-09T18:17:30.2693212Z [1m[92m    Checking[0m futures-sink v0.3.34
2026-10-09T18:17:30.2952902Z [1m[92m    Checking[0m data-encoding v2.11.1
2026-10-09T18:17:30.3313222Z [1m[92m    Checking[0m log v0.4.34
2026-10-09T18:17:30.4133165Z [1m[92m   Compiling[0m serde v1.0.229
2026-10-09T18:17:30.4887819Z [1m[92m    Checking[0m once_cell v1.21.4
2026-10-09T18:17:30.5337151Z [1m[92m    Checking[0m futures-task v0.3.34
2026-10-09T18:17:30.5854171Z [1m[92m    Checking[0m tracing-core v0.1.36
2026-10-09T18:17:30.6063527Z [1m[92m    Checking[0m rustwright-common v0.1.0 (/home/runner/work/rustwright/rustwright/crates/rustwright-common)
2026-10-09T18:17:30.6212647Z [1m[92m   Compiling[0m thiserror-impl v2.0.20
2026-10-09T18:17:30.7293181Z [1m[92m   Compiling[0m tokio-macros v2.7.2
2026-10-09T18:17:30.9679354Z [1m[92m   Compiling[0m futures-macro v0.3.34
2026-10-09T18:17:31.2983476Z [1m[92m    Checking[0m futures-util v0.3.34
2026-10-09T18:17:31.3426666Z [1m[92m    Checking[0m tungstenite v0.30.0
2026-10-09T18:17:31.4953287Z [1m[92m    Checking[0m tokio v1.53.1
2026-10-09T18:17:31.6203000Z [1m[92m   Compiling[0m serde_derive v1.0.229
2026-10-09T18:17:31.9295112Z [1m[92m   Compiling[0m tracing-attributes v0.1.31
2026-10-09T18:17:32.6676513Z [1m[92m    Checking[0m base64 v0.22.1
2026-10-09T18:17:32.6853268Z [1m[92m    Checking[0m tracing v0.1.44
2026-10-09T18:17:32.7893422Z [1m[92m   Compiling[0m rustwright-test-macros v0.1.0 (/home/runner/work/rustwright/rustwright/crates/rustwright-test-macros)
2026-10-09T18:17:34.1144048Z [1m[92m    Checking[0m tokio-tungstenite v0.30.0
2026-10-09T18:17:34.2104613Z [1m[92m    Checking[0m rustwright-cdp v0.1.0 (/home/runner/work/rustwright/rustwright/crates/rustwright-cdp)
2026-10-09T18:17:34.9862801Z [1m[92m    Checking[0m rustwright-browser v0.1.0 (/home/runner/work/rustwright/rustwright/crates/rustwright-browser)
2026-10-09T18:17:35.1476431Z [1m[92m    Checking[0m rustwright-core v0.1.0 (/home/runner/work/rustwright/rustwright/crates/rustwright-core)
2026-10-09T18:17:35.1477770Z [1m[92m    Checking[0m rustwright-bidi v0.1.0 (/home/runner/work/rustwright/rustwright/crates/rustwright-bidi)
2026-10-09T18:17:36.2699518Z [1m[92m    Checking[0m rustwright v0.1.0 (/home/runner/work/rustwright/rustwright/crates/rustwright)
2026-10-09T18:17:36.4300197Z [1m[92m    Checking[0m rustwright-test v0.1.0 (/home/runner/work/rustwright/rustwright/crates/rustwright-test)
2026-10-09T18:17:36.4363448Z [1m[92m    Checking[0m rustwright-integration-tests v0.1.0 (/home/runner/work/rustwright/rustwright/tests)
2026-10-09T18:17:36.6803179Z [1m[92m    Checking[0m rustwright-examples v0.1.0 (/home/runner/work/rustwright/rustwright/examples)
2026-10-09T18:17:38.5224967Z [1m[92m    Finished[0m `dev` profile [unoptimized + debuginfo] target(s) in 12.47s
2026-10-09T18:17:38.5516489Z ##[group]Run browser-actions/setup-chrome@v2
2026-10-09T18:17:38.5516916Z with:
2026-10-09T18:17:38.5517219Z   chrome-version: stable
2026-10-09T18:17:38.5517558Z   install-dependencies: true
2026-10-09T18:17:38.5518139Z   install-chromedriver: false
2026-10-09T18:17:38.5518456Z   no-sudo: false
2026-10-09T18:17:38.5518745Z env:
2026-10-09T18:17:38.5519013Z   CARGO_TERM_COLOR: always
2026-10-09T18:17:38.5519332Z   RUST_BACKTRACE: 1
2026-10-09T18:17:38.5519653Z   CARGO_HOME: /home/runner/.cargo
2026-10-09T18:17:38.5519975Z   CARGO_INCREMENTAL: 0
2026-10-09T18:17:38.5520340Z   CACHE_ON_FAILURE: false
2026-10-09T18:17:38.5520644Z ##[endgroup]
2026-10-09T18:17:38.6042293Z Installing dependencies
2026-10-09T18:17:38.6100654Z [command]/usr/bin/sudo apt-get update
2026-10-09T18:17:38.6762069Z Get:1 file:/etc/apt/apt-mirrors.txt Mirrorlist [144 B]
2026-10-09T18:17:38.7103127Z Get:6 https://packages.microsoft.com/ubuntu/24.04/prod noble InRelease [3600 B]
2026-10-09T18:17:38.7162796Z Hit:2 http://azure.archive.ubuntu.com/ubuntu noble InRelease
2026-10-09T18:17:38.7176608Z Get:3 http://azure.archive.ubuntu.com/ubuntu noble-updates InRelease [126 kB]
2026-10-09T18:17:38.7202591Z Get:4 http://azure.archive.ubuntu.com/ubuntu noble-backports InRelease [126 kB]
2026-10-09T18:17:38.7218432Z Get:5 http://azure.archive.ubuntu.com/ubuntu noble-security InRelease [126 kB]
2026-10-09T18:17:38.7655073Z Get:7 https://packages.microsoft.com/ubuntu/24.04/prod noble/main arm64 Packages [475 kB]
2026-10-09T18:17:38.7762736Z Get:8 https://packages.microsoft.com/ubuntu/24.04/prod noble/main armhf Packages [12.3 kB]
2026-10-09T18:17:38.7773828Z Get:9 https://packages.microsoft.com/ubuntu/24.04/prod noble/main amd64 Packages [531 kB]
2026-10-09T18:17:38.7825927Z Get:10 https://packages.microsoft.com/ubuntu/24.04/prod noble/main all Packages [640 B]
2026-10-09T18:17:38.8321991Z Get:11 http://azure.archive.ubuntu.com/ubuntu noble-updates/main amd64 Packages [1375 kB]
2026-10-09T18:17:38.8386803Z Get:12 http://azure.archive.ubuntu.com/ubuntu noble-updates/main Translation-en [306 kB]
2026-10-09T18:17:38.8403235Z Get:13 http://azure.archive.ubuntu.com/ubuntu noble-updates/universe amd64 Packages [1702 kB]
2026-10-09T18:17:38.8450514Z Get:14 http://azure.archive.ubuntu.com/ubuntu noble-updates/universe Translation-en [342 kB]
2026-10-09T18:17:38.8466529Z Get:15 http://azure.archive.ubuntu.com/ubuntu noble-updates/restricted amd64 Packages [1761 kB]
2026-10-09T18:17:38.8561758Z Get:16 http://azure.archive.ubuntu.com/ubuntu noble-updates/restricted Translation-en [401 kB]
2026-10-09T18:17:38.8581968Z Get:17 http://azure.archive.ubuntu.com/ubuntu noble-updates/multiverse amd64 Packages [55.0 kB]
2026-10-09T18:17:38.8588796Z Get:18 http://azure.archive.ubuntu.com/ubuntu noble-updates/multiverse Translation-en [14.3 kB]
2026-10-09T18:17:38.9006538Z Get:19 http://azure.archive.ubuntu.com/ubuntu noble-security/main amd64 Packages [1121 kB]
2026-10-09T18:17:38.9046657Z Get:20 http://azure.archive.ubuntu.com/ubuntu noble-security/main Translation-en [228 kB]
2026-10-09T18:17:38.9532624Z Get:21 http://azure.archive.ubuntu.com/ubuntu noble-security/universe amd64 Packages [1220 kB]
2026-10-09T18:17:38.9564750Z Get:22 http://azure.archive.ubuntu.com/ubuntu noble-security/universe Translation-en [245 kB]
2026-10-09T18:17:38.9577175Z Get:23 http://azure.archive.ubuntu.com/ubuntu noble-security/restricted amd64 Packages [1669 kB]
2026-10-09T18:17:38.9650562Z Get:24 http://azure.archive.ubuntu.com/ubuntu noble-security/restricted Translation-en [383 kB]
2026-10-09T18:17:38.9666286Z Get:25 http://azure.archive.ubuntu.com/ubuntu noble-security/multiverse amd64 Packages [49.8 kB]
2026-10-09T18:17:38.9672621Z Get:26 http://azure.archive.ubuntu.com/ubuntu noble-security/multiverse Translation-en [12.4 kB]
2026-10-09T18:17:43.9492711Z Fetched 12.3 MB in 1s (11.8 MB/s)
2026-10-09T18:17:44.6344011Z Reading package lists...
2026-10-09T18:17:44.6471497Z [command]/usr/bin/sudo apt-get install --yes --no-install-recommends libasound2t64 libatk-bridge2.0-0t64 libatk1.0-0t64 libcairo2 libcups2t64 libdbus-1-3 libexpat1 libgbm1 libglib2.0-0t64 libnss3 libpango-1.0-0 libxcomposite1 libxdamage1 libxfixes3 libxkbcommon0 libxrandr2
2026-10-09T18:17:44.6627621Z Reading package lists...
2026-10-09T18:17:44.7952514Z Building dependency tree...
2026-10-09T18:17:44.7958248Z Reading state information...
2026-10-09T18:17:44.9559253Z libasound2t64 is already the newest version (1.2.11-1ubuntu0.3).
2026-10-09T18:17:44.9559796Z libasound2t64 set to manually installed.
2026-10-09T18:17:44.9560297Z libatk-bridge2.0-0t64 is already the newest version (2.52.0-1build1).
2026-10-09T18:17:44.9560740Z libatk-bridge2.0-0t64 set to manually installed.
2026-10-09T18:17:44.9561245Z libatk1.0-0t64 is already the newest version (2.52.0-1build1).
2026-10-09T18:17:44.9561759Z libatk1.0-0t64 set to manually installed.
2026-10-09T18:17:44.9562095Z libcairo2 is already the newest version (1.18.0-3build1).
2026-10-09T18:17:44.9562432Z libcairo2 set to manually installed.
2026-10-09T18:17:44.9562877Z libcups2t64 is already the newest version (2.4.7-1.2ubuntu7.14).
2026-10-09T18:17:44.9563274Z libcups2t64 set to manually installed.
2026-10-09T18:17:44.9563652Z libdbus-1-3 is already the newest version (1.14.10-4ubuntu4.1).
2026-10-09T18:17:44.9564183Z libdbus-1-3 set to manually installed.
2026-10-09T18:17:44.9564676Z libexpat1 is already the newest version (2.6.1-2ubuntu0.6).
2026-10-09T18:17:44.9565174Z libexpat1 set to manually installed.
2026-10-09T18:17:44.9565548Z libgbm1 is already the newest version (25.2.8-0ubuntu0.24.04.4).
2026-10-09T18:17:44.9565965Z libgbm1 set to manually installed.
2026-10-09T18:17:44.9566290Z libglib2.0-0t64 is already the newest version (2.80.0-6ubuntu3.9).
2026-10-09T18:17:44.9566657Z libglib2.0-0t64 set to manually installed.
2026-10-09T18:17:44.9566965Z libnss3 is already the newest version (2:3.98-1ubuntu0.2).
2026-10-09T18:17:44.9567272Z libnss3 set to manually installed.
2026-10-09T18:17:44.9567655Z libpango-1.0-0 is already the newest version (1.52.1+ds-1build1).
2026-10-09T18:17:44.9567995Z libpango-1.0-0 set to manually installed.
2026-10-09T18:17:44.9568360Z libxcomposite1 is already the newest version (1:0.4.5-1build3).
2026-10-09T18:17:44.9568686Z libxcomposite1 set to manually installed.
2026-10-09T18:17:44.9569009Z libxdamage1 is already the newest version (1:1.1.6-1build1).
2026-10-09T18:17:44.9569353Z libxdamage1 set to manually installed.
2026-10-09T18:17:44.9569649Z libxfixes3 is already the newest version (1:6.0.0-2build1).
2026-10-09T18:17:44.9569972Z libxfixes3 set to manually installed.
2026-10-09T18:17:44.9570277Z libxkbcommon0 is already the newest version (1.6.0-1build1).
2026-10-09T18:17:44.9570622Z libxkbcommon0 set to manually installed.
2026-10-09T18:17:44.9570957Z libxrandr2 is already the newest version (2:1.5.2-2build1).
2026-10-09T18:17:44.9571408Z libxrandr2 set to manually installed.
2026-10-09T18:17:44.9571757Z 0 upgraded, 0 newly installed, 0 to remove and 23 not upgraded.
2026-10-09T18:17:44.9573398Z Setup chrome stable
2026-10-09T18:17:44.9583615Z Attempting to download chrome stable...
2026-10-09T18:17:45.0062515Z Acquiring chrome stable from https://storage.googleapis.com/chrome-for-testing-public/155.0.8059.39/linux64/chrome-linux64.zip
2026-10-09T18:17:46.6077038Z Installing chrome...
2026-10-09T18:17:46.6102774Z [command]/usr/bin/unzip -o -q /home/runner/work/_temp/46a8fd53-f56c-4979-9bbf-7060aeb9a1a8
2026-10-09T18:17:51.4221122Z Successfully Installed chrome to /opt/hostedtoolcache/setup-chrome/chrome/stable/x64
2026-10-09T18:17:51.4229431Z [command]/opt/hostedtoolcache/setup-chrome/chrome/stable/x64/chrome --version
2026-10-09T18:17:51.4591818Z Google Chrome for Testing 155.0.8059.39 
2026-10-09T18:17:51.4615693Z Successfully setup chrome 155.0.8059.39
2026-10-09T18:17:51.4739266Z ##[group]Run browser-actions/setup-firefox@v1
2026-10-09T18:17:51.4739934Z with:
2026-10-09T18:17:51.4740365Z   firefox-version: 157.0.1
2026-10-09T18:17:51.4740696Z env:
2026-10-09T18:17:51.4740942Z   CARGO_TERM_COLOR: always
2026-10-09T18:17:51.4741210Z   RUST_BACKTRACE: 1
2026-10-09T18:17:51.4742278Z   CARGO_HOME: /home/runner/.cargo
2026-10-09T18:17:51.4742711Z   CARGO_INCREMENTAL: 0
2026-10-09T18:17:51.4743182Z   CACHE_ON_FAILURE: false
2026-10-09T18:17:51.4743693Z ##[endgroup]
2026-10-09T18:17:51.5282296Z Setup firefox 157.0.1 (en-US)
2026-10-09T18:17:51.5294698Z Attempting to download firefox 157.0.1...
2026-10-09T18:17:51.5295000Z This is the version number:157
2026-10-09T18:17:51.5295475Z Acquiring 157.0.1 from https://ftp.mozilla.org/pub/firefox/releases/157.0.1/linux-x86_64/en-US/firefox-157.0.1.tar.xz
2026-10-09T18:17:52.1583274Z Extracting Firefox...
2026-10-09T18:17:52.1686379Z [command]/usr/bin/tar xJ --strip-components=1 --warning=no-unknown-keyword --overwrite -C /home/runner/work/_temp/5f0ac872-8b8c-4539-a201-7c7c0dc8ecf4 -f /home/runner/work/_temp/2b621a69-b748-42fe-86b1-6b459e9479af
2026-10-09T18:17:56.6600227Z Successfully extracted firefox 157.0.1 to /home/runner/work/_temp/5f0ac872-8b8c-4539-a201-7c7c0dc8ecf4
2026-10-09T18:17:56.6600790Z Adding to the cache ...
2026-10-09T18:17:57.0254747Z (node:3324) Warning: Closing file descriptor 21 on garbage collection
2026-10-09T18:17:57.0255228Z (Use `node --trace-warnings ...` to show where the warning was created)
2026-10-09T18:17:57.0256172Z (node:3324) [DEP0137] DeprecationWarning: Closing a FileHandle object on garbage collection is deprecated. Please close FileHandle objects explicitly using FileHandle.prototype.close(). In the future, an error will be thrown if a file descriptor is closed during garbage collection.
2026-10-09T18:17:58.5484057Z Successfully cached firefox 157.0.1 to /opt/hostedtoolcache/firefox/157.0.1/x64
2026-10-09T18:17:58.5484741Z [command]/opt/hostedtoolcache/firefox/157.0.1/x64/firefox --version
2026-10-09T18:17:58.5531760Z [3342] Sandbox: CanCreateUserNamespace() unshare(CLONE_NEWPID): EPERM
2026-10-09T18:17:58.5766004Z Mozilla Firefox 157.0.1
2026-10-09T18:17:58.5775764Z Successfully setup firefox version 157.0.1
2026-10-09T18:17:58.5883455Z ##[group]Run "/opt/hostedtoolcache/firefox/157.0.1/x64/firefox" --version
2026-10-09T18:17:58.5883909Z [36;1m"/opt/hostedtoolcache/firefox/157.0.1/x64/firefox" --version[0m
2026-10-09T18:17:58.5916665Z shell: /usr/bin/bash -e {0}
2026-10-09T18:17:58.5916994Z env:
2026-10-09T18:17:58.5917242Z   CARGO_TERM_COLOR: always
2026-10-09T18:17:58.5917521Z   RUST_BACKTRACE: 1
2026-10-09T18:17:58.5917746Z   CARGO_HOME: /home/runner/.cargo
2026-10-09T18:17:58.5918000Z   CARGO_INCREMENTAL: 0
2026-10-09T18:17:58.5918250Z   CACHE_ON_FAILURE: false
2026-10-09T18:17:58.5918485Z ##[endgroup]
2026-10-09T18:17:58.6006922Z [3348] Sandbox: CanCreateUserNamespace() unshare(CLONE_NEWPID): EPERM
2026-10-09T18:17:58.6132334Z Mozilla Firefox 157.0.1
2026-10-09T18:17:58.6175415Z ##[group]Run python3 scripts/ci/chrome_linux_sandbox.py
2026-10-09T18:17:58.6175756Z [36;1mpython3 scripts/ci/chrome_linux_sandbox.py[0m
2026-10-09T18:17:58.6203500Z shell: /usr/bin/bash -e {0}
2026-10-09T18:17:58.6203825Z env:
2026-10-09T18:17:58.6204051Z   CARGO_TERM_COLOR: always
2026-10-09T18:17:58.6204286Z   RUST_BACKTRACE: 1
2026-10-09T18:17:58.6204544Z   CARGO_HOME: /home/runner/.cargo
2026-10-09T18:17:58.6204809Z   CARGO_INCREMENTAL: 0
2026-10-09T18:17:58.6205041Z   CACHE_ON_FAILURE: false
2026-10-09T18:17:58.6205418Z   RUSTWRIGHT_CHROME: /opt/hostedtoolcache/setup-chrome/chrome/stable/x64/chrome
2026-10-09T18:17:58.6205746Z ##[endgroup]
2026-10-09T18:17:59.4714374Z Chrome before: {"phase": "before", "command": ["/opt/hostedtoolcache/setup-chrome/chrome/stable/x64/chrome", "--no-first-run", "--no-default-browser-check", "--user-data-dir=/home/runner/work/rustwright/rustwright/target/ci/linux-sandbox/before-profile-15uob63j", "--headless=new", "--disable-gpu", "--hide-scrollbars", "--mute-audio", "--dump-dom", "http://127.0.0.1:37199/"], "exit_code": -6, "timed_out": false, "stdout": "/home/runner/work/rustwright/rustwright/target/ci/linux-sandbox/before-stdout.log", "stderr": "/home/runner/work/rustwright/rustwright/target/ci/linux-sandbox/before-stderr.log", "document_rendered": false, "passed": false}
2026-10-09T18:17:59.4719425Z [3355:3355:1009/181759.120569:FATAL:content/browser/zygote_host/zygote_host_impl_linux.cc:130] No usable sandbox! If you are running on Ubuntu 23.10+ or another Linux distro that has disabled unprivileged user namespaces with AppArmor, see https://chromium.googlesource.com/chromium/src/+/main/docs/security/apparmor-userns-restrictions.md. Otherwise see https://chromium.googlesource.com/chromium/src/+/main/docs/linux/suid_sandbox_development.md for more information on developing with the (older) SUID sandbox. If you want to live dangerously and need an immediate workaround, you can try using --no-sandbox.
2026-10-09T18:17:59.4722454Z Received signal 6
2026-10-09T18:17:59.4723003Z #0 0x557897963fc3 (/opt/hostedtoolcache/setup-chrome/chrome/stable/x64/chrome+0x6aecfc2)
2026-10-09T18:17:59.4723844Z #1 0x55789c932174 (/opt/hostedtoolcache/setup-chrome/chrome/stable/x64/chrome+0xbabb173)
2026-10-09T18:17:59.4724515Z #2 0x7f2894045330 (/usr/lib/x86_64-linux-gnu/libc.so.6+0x4532f)
2026-10-09T18:17:59.4725120Z #3 0x7f289404527e (/usr/lib/x86_64-linux-gnu/libc.so.6+0x4527d)
2026-10-09T18:17:59.4725686Z #4 0x7f28940288ff (/usr/lib/x86_64-linux-gnu/libc.so.6+0x288fe)
2026-10-09T18:17:59.4726294Z #5 0x55789c928ed5 (/opt/hostedtoolcache/setup-chrome/chrome/stable/x64/chrome+0xbab1ed4)
2026-10-09T18:17:59.4727041Z #6 0x55789c8e8b8d (/opt/hostedtoolcache/setup-chrome/chrome/stable/x64/chrome+0xba71b8c)
2026-10-09T18:17:59.4727762Z #7 0x55789c8e8add (/opt/hostedtoolcache/setup-chrome/chrome/stable/x64/chrome+0xba71adc)
2026-10-09T18:17:59.4728566Z #8 0x55789762dc12 (/opt/hostedtoolcache/setup-chrome/chrome/stable/x64/chrome+0x67b6c11)
2026-10-09T18:17:59.4729302Z #9 0x557896d54829 (/opt/hostedtoolcache/setup-chrome/chrome/stable/x64/chrome+0x5edd828)
2026-10-09T18:17:59.4730044Z #10 0x55789688cf58 (/opt/hostedtoolcache/setup-chrome/chrome/stable/x64/chrome+0x5a15f57)
2026-10-09T18:17:59.4730861Z #11 0x55789bdfb74f (/opt/hostedtoolcache/setup-chrome/chrome/stable/x64/chrome+0xaf8474e)
2026-10-09T18:17:59.4731909Z #12 0x557896d9d90c (/opt/hostedtoolcache/setup-chrome/chrome/stable/x64/chrome+0x5f2690b)
2026-10-09T18:17:59.4732737Z #13 0x557896d9d060 (/opt/hostedtoolcache/setup-chrome/chrome/stable/x64/chrome+0x5f2605f)
2026-10-09T18:17:59.4733625Z #14 0x7f289402a1ca (/usr/lib/x86_64-linux-gnu/libc.so.6+0x2a1c9)
2026-10-09T18:17:59.4734245Z #15 0x7f289402a28b (/usr/lib/x86_64-linux-gnu/libc.so.6+0x2a28a)
2026-10-09T18:17:59.4734975Z #16 0x557897c1d36a (/opt/hostedtoolcache/setup-chrome/chrome/stable/x64/chrome+0x6da6369)
2026-10-09T18:17:59.4735747Z   r8: 000010480013c263  r9: 0000000000000001 r10: 0000000000000008 r11: 0000000000000246
2026-10-09T18:17:59.4736757Z  r12: 0000000000000006 r13: 000010480013c000 r14: 0000000000000016 r15: 00007ffdb0b05c58
2026-10-09T18:17:59.4737526Z   di: 0000000000000d1b  si: 0000000000000d1b  bp: 00007ffdb0b055d0  bx: 0000000000000d1b
2026-10-09T18:17:59.4738296Z   dx: 0000000000000006  ax: 0000000000000000  cx: 00007f289409ec0c  sp: 00007ffdb0b05590
2026-10-09T18:17:59.4739029Z   ip: 00007f289409ec0c efl: 0000000000000246 cgf: 002b000000000033 erf: 0000000000000000
2026-10-09T18:17:59.4739666Z  trp: 0000000000000000 msk: 0000000000000000 cr2: 0000000000000000
2026-10-09T18:17:59.4740221Z [end of stack trace]
2026-10-09T18:17:59.4740504Z 
2026-10-09T18:18:00.5247531Z Chrome after-configuration: {"phase": "after-configuration", "command": ["/opt/hostedtoolcache/setup-chrome/chrome/stable/x64/chrome", "--no-first-run", "--no-default-browser-check", "--user-data-dir=/home/runner/work/rustwright/rustwright/target/ci/linux-sandbox/after-configuration-profile-czpgtfuz", "--headless=new", "--disable-gpu", "--hide-scrollbars", "--mute-audio", "--dump-dom", "http://127.0.0.1:33533/"], "exit_code": 0, "timed_out": false, "stdout": "/home/runner/work/rustwright/rustwright/target/ci/linux-sandbox/after-configuration-stdout.log", "stderr": "/home/runner/work/rustwright/rustwright/target/ci/linux-sandbox/after-configuration-stderr.log", "document_rendered": true, "passed": true}
2026-10-09T18:18:00.5249798Z [3378:3403:1009/181759.696546:ERROR:dbus/bus.cc:405] Failed to connect to the bus: Could not parse server address: Unknown address type (examples of valid types are "tcp" and on UNIX "unix")
2026-10-09T18:18:00.5251210Z [3378:3403:1009/181759.697154:ERROR:dbus/bus.cc:405] Failed to connect to the bus: Could not parse server address: Unknown address type (examples of valid types are "tcp" and on UNIX "unix")
2026-10-09T18:18:00.5252343Z [3378:3403:1009/181759.697191:ERROR:dbus/bus.cc:405] Failed to connect to the bus: Could not parse server address: Unknown address type (examples of valid types are "tcp" and on UNIX "unix")
2026-10-09T18:18:00.5253255Z [3378:3403:1009/181759.698884:ERROR:dbus/bus.cc:405] Failed to connect to the bus: Could not parse server address: Unknown address type (examples of valid types are "tcp" and on UNIX "unix")
2026-10-09T18:18:00.5254050Z [3378:3403:1009/181759.721730:ERROR:dbus/bus.cc:405] Failed to connect to the bus: Could not parse server address: Unknown address type (examples of valid types are "tcp" and on UNIX "unix")
2026-10-09T18:18:00.5254867Z [3378:3378:1009/181759.798627:ERROR:dbus/object_proxy.cc:572] Failed to call method: org.freedesktop.DBus.NameHasOwner: object_path= /org/freedesktop/DBus: unknown error type: 
2026-10-09T18:18:00.5255683Z [3378:3403:1009/181759.798732:ERROR:dbus/bus.cc:405] Failed to connect to the bus: Could not parse server address: Unknown address type (examples of valid types are "tcp" and on UNIX "unix")
2026-10-09T18:18:00.5256572Z [3378:3378:1009/181759.798744:ERROR:dbus/object_proxy.cc:572] Failed to call method: org.freedesktop.DBus.NameHasOwner: object_path= /org/freedesktop/DBus: unknown error type: 
2026-10-09T18:18:00.5257358Z [3378:3403:1009/181759.798807:ERROR:dbus/bus.cc:405] Failed to connect to the bus: Could not parse server address: Unknown address type (examples of valid types are "tcp" and on UNIX "unix")
2026-10-09T18:18:00.5258123Z [3378:3378:1009/181759.801029:ERROR:dbus/object_proxy.cc:572] Failed to call method: org.freedesktop.DBus.NameHasOwner: object_path= /org/freedesktop/DBus: unknown error type: 
2026-10-09T18:18:00.5258913Z [3378:3378:1009/181759.816188:ERROR:dbus/object_proxy.cc:572] Failed to call method: org.freedesktop.DBus.NameHasOwner: object_path= /org/freedesktop/DBus: unknown error type: 
2026-10-09T18:18:00.5259714Z [3378:3403:1009/181759.816566:ERROR:dbus/bus.cc:405] Failed to connect to the bus: Could not parse server address: Unknown address type (examples of valid types are "tcp" and on UNIX "unix")
2026-10-09T18:18:00.5260614Z [3378:3378:1009/181759.832789:ERROR:dbus/object_proxy.cc:572] Failed to call method: org.freedesktop.DBus.NameHasOwner: object_path= /org/freedesktop/DBus: unknown error type: 
2026-10-09T18:18:00.5261501Z [3378:3378:1009/181759.833083:ERROR:dbus/object_proxy.cc:572] Failed to call method: org.freedesktop.DBus.NameHasOwner: object_path= /org/freedesktop/DBus: unknown error type: 
2026-10-09T18:18:00.5262284Z [3378:3403:1009/181759.834790:ERROR:dbus/bus.cc:405] Failed to connect to the bus: Could not parse server address: Unknown address type (examples of valid types are "tcp" and on UNIX "unix")
2026-10-09T18:18:00.5263114Z [3378:3378:1009/181759.834920:ERROR:dbus/object_proxy.cc:572] Failed to call method: org.freedesktop.DBus.NameHasOwner: object_path= /org/freedesktop/DBus: unknown error type: 
2026-10-09T18:18:00.5263874Z [3378:3378:1009/181759.844300:ERROR:dbus/object_proxy.cc:572] Failed to call method: org.freedesktop.DBus.NameHasOwner: object_path= /org/freedesktop/DBus: unknown error type: 
2026-10-09T18:18:00.5264938Z [3378:3378:1009/181759.844351:ERROR:dbus/object_proxy.cc:572] Failed to call method: org.freedesktop.DBus.Properties.GetAll: object_path= /org/freedesktop/UPower/devices/DisplayDevice: org.freedesktop.DBus.Error.ServiceUnknown: The name org.freedesktop.UPower was not provided by any .service files
2026-10-09T18:18:00.5266043Z [3378:3403:1009/181759.844360:ERROR:dbus/bus.cc:405] Failed to connect to the bus: Could not parse server address: Unknown address type (examples of valid types are "tcp" and on UNIX "unix")
2026-10-09T18:18:00.5266806Z [3378:3378:1009/181759.850901:ERROR:dbus/object_proxy.cc:572] Failed to call method: org.freedesktop.DBus.NameHasOwner: object_path= /org/freedesktop/DBus: unknown error type: 
2026-10-09T18:18:00.5267687Z [3378:3403:1009/181759.850947:ERROR:dbus/bus.cc:405] Failed to connect to the bus: Could not parse server address: Unknown address type (examples of valid types are "tcp" and on UNIX "unix")
2026-10-09T18:18:00.5268449Z [3378:3378:1009/181759.854240:ERROR:dbus/object_proxy.cc:572] Failed to call method: org.freedesktop.DBus.NameHasOwner: object_path= /org/freedesktop/DBus: unknown error type: 
2026-10-09T18:18:00.5269514Z [3378:3378:1009/181759.861449:ERROR:dbus/object_proxy.cc:572] Failed to call method: org.freedesktop.NetworkManager.GetDevices: object_path= /org/freedesktop/NetworkManager: org.freedesktop.DBus.Error.ServiceUnknown: The name org.freedesktop.NetworkManager was not provided by any .service files
2026-10-09T18:18:00.5270230Z 
2026-10-09T18:18:00.5377912Z ##[group]Run cargo test --locked --workspace -- --test-threads=1
2026-10-09T18:18:00.5378317Z [36;1mcargo test --locked --workspace -- --test-threads=1[0m
2026-10-09T18:18:00.5412530Z shell: /usr/bin/bash -e {0}
2026-10-09T18:18:00.5412797Z env:
2026-10-09T18:18:00.5413004Z   CARGO_TERM_COLOR: always
2026-10-09T18:18:00.5413288Z   RUST_BACKTRACE: 1
2026-10-09T18:18:00.5413535Z   CARGO_HOME: /home/runner/.cargo
2026-10-09T18:18:00.5413786Z   CARGO_INCREMENTAL: 0
2026-10-09T18:18:00.5414008Z   CACHE_ON_FAILURE: false
2026-10-09T18:18:00.5414310Z   CHROME_DEVEL_SANDBOX: /usr/local/lib/rustwright-ci/155.0.8059.39/chrome-sandbox
2026-10-09T18:18:00.5414755Z   RUSTWRIGHT_CHROME: /opt/hostedtoolcache/setup-chrome/chrome/stable/x64/chrome
2026-10-09T18:18:00.5415158Z   RUSTWRIGHT_FIREFOX: /opt/hostedtoolcache/firefox/157.0.1/x64/firefox
2026-10-09T18:18:00.5415478Z   RUSTWRIGHT_RETRIES: 0
2026-10-09T18:18:00.5415729Z   RUSTWRIGHT_HEADLESS: 1
2026-10-09T18:18:00.5416006Z   RUSTWRIGHT_REQUIRE_BROWSERS: 1
2026-10-09T18:18:00.5416254Z ##[endgroup]
2026-10-09T18:18:00.6091682Z [1m[92m   Compiling[0m typenum v1.20.1
2026-10-09T18:18:00.6092258Z [1m[92m   Compiling[0m libc v0.2.189
2026-10-09T18:18:00.6093024Z [1m[92m   Compiling[0m itoa v1.0.18
2026-10-09T18:18:00.6112738Z [1m[92m   Compiling[0m cfg-if v1.0.5
2026-10-09T18:18:00.6443680Z [1m[92m   Compiling[0m serde_core v1.0.229
2026-10-09T18:18:00.7170593Z [1m[92m   Compiling[0m rand_core v0.10.1
2026-10-09T18:18:00.7973179Z [1m[92m   Compiling[0m cpufeatures v0.3.1
2026-10-09T18:18:00.8213723Z [1m[92m   Compiling[0m zmij v1.0.23
2026-10-09T18:18:01.0203189Z [1m[92m   Compiling[0m pin-project-lite v0.2.17
2026-10-09T18:18:01.0543179Z [1m[92m   Compiling[0m const-oid v0.10.2
2026-10-09T18:18:01.1593143Z [1m[92m   Compiling[0m bytes v1.12.1
2026-10-09T18:18:01.3119355Z [1m[92m   Compiling[0m hybrid-array v0.4.15
2026-10-09T18:18:01.3331881Z [1m[92m   Compiling[0m memchr v2.8.3
2026-10-09T18:18:01.6283257Z [1m[92m   Compiling[0m errno v0.3.14
2026-10-09T18:18:01.6844965Z [1m[92m   Compiling[0m crypto-common v0.2.2
2026-10-09T18:18:01.6923024Z [1m[92m   Compiling[0m block-buffer v0.12.1
2026-10-09T18:18:01.7732950Z [1m[92m   Compiling[0m getrandom v0.4.3
2026-10-09T18:18:01.8370909Z [1m[92m   Compiling[0m chacha20 v0.10.2
2026-10-09T18:18:01.8913572Z [1m[92m   Compiling[0m thiserror v2.0.20
2026-10-09T18:18:01.9253064Z [1m[92m   Compiling[0m signal-hook-registry v1.4.8
2026-10-09T18:18:01.9955280Z [1m[92m   Compiling[0m rand v0.10.2
2026-10-09T18:18:02.0983143Z [1m[92m   Compiling[0m httparse v1.10.1
2026-10-09T18:18:02.3074289Z [1m[92m   Compiling[0m digest v0.11.3
2026-10-09T18:18:02.3132040Z [1m[92m   Compiling[0m serde_json v1.0.151
2026-10-09T18:18:02.4069641Z [1m[92m   Compiling[0m sha1 v0.11.0
2026-10-09T18:18:02.5313108Z [1m[92m   Compiling[0m http v1.5.0
2026-10-09T18:18:02.5629372Z [1m[92m   Compiling[0m mio v1.2.3
2026-10-09T18:18:02.5814410Z [1m[92m   Compiling[0m socket2 v0.6.5
2026-10-09T18:18:02.9414399Z [1m[92m   Compiling[0m futures-task v0.3.34
2026-10-09T18:18:02.9565429Z [1m[92m   Compiling[0m futures-core v0.3.34
2026-10-09T18:18:03.0294191Z [1m[92m   Compiling[0m once_cell v1.21.4
2026-10-09T18:18:03.0397806Z [1m[92m   Compiling[0m slab v0.4.12
2026-10-09T18:18:03.1305920Z [1m[92m   Compiling[0m futures-sink v0.3.34
2026-10-09T18:18:03.1624121Z [1m[92m   Compiling[0m data-encoding v2.11.1
2026-10-09T18:18:03.1713636Z [1m[92m   Compiling[0m log v0.4.34
2026-10-09T18:18:03.2723351Z [1m[92m   Compiling[0m futures-util v0.3.34
2026-10-09T18:18:03.2992961Z [1m[92m   Compiling[0m tracing-core v0.1.36
2026-10-09T18:18:03.4153210Z [1m[92m   Compiling[0m tungstenite v0.30.0
2026-10-09T18:18:03.7165278Z [1m[92m   Compiling[0m tokio v1.53.1
2026-10-09T18:18:03.7884204Z [1m[92m   Compiling[0m serde v1.0.229
2026-10-09T18:18:04.1873654Z [1m[92m   Compiling[0m tracing v0.1.44
2026-10-09T18:18:04.2413624Z [1m[92m   Compiling[0m rustwright-common v0.1.0 (/home/runner/work/rustwright/rustwright/crates/rustwright-common)
2026-10-09T18:18:04.3183098Z [1m[92m   Compiling[0m base64 v0.22.1
2026-10-09T18:18:04.3619062Z [1m[92m   Compiling[0m rustwright-test-macros v0.1.0 (/home/runner/work/rustwright/rustwright/crates/rustwright-test-macros)
2026-10-09T18:18:06.3713809Z [1m[92m   Compiling[0m tokio-tungstenite v0.30.0
2026-10-09T18:18:06.4953205Z [1m[92m   Compiling[0m rustwright-cdp v0.1.0 (/home/runner/work/rustwright/rustwright/crates/rustwright-cdp)
2026-10-09T18:18:07.4284910Z [1m[92m   Compiling[0m rustwright-browser v0.1.0 (/home/runner/work/rustwright/rustwright/crates/rustwright-browser)
2026-10-09T18:18:07.6203945Z [1m[92m   Compiling[0m rustwright-bidi v0.1.0 (/home/runner/work/rustwright/rustwright/crates/rustwright-bidi)
2026-10-09T18:18:07.6463791Z [1m[92m   Compiling[0m rustwright-core v0.1.0 (/home/runner/work/rustwright/rustwright/crates/rustwright-core)
2026-10-09T18:18:10.3821207Z [1m[92m   Compiling[0m rustwright v0.1.0 (/home/runner/work/rustwright/rustwright/crates/rustwright)
2026-10-09T18:18:10.6144844Z [1m[92m   Compiling[0m rustwright-test v0.1.0 (/home/runner/work/rustwright/rustwright/crates/rustwright-test)
2026-10-09T18:18:10.9503509Z [1m[92m   Compiling[0m rustwright-integration-tests v0.1.0 (/home/runner/work/rustwright/rustwright/tests)
2026-10-09T18:18:13.8213793Z [1m[92m   Compiling[0m rustwright-examples v0.1.0 (/home/runner/work/rustwright/rustwright/examples)
2026-10-09T18:18:41.2888914Z [1m[92m    Finished[0m `test` profile [unoptimized + debuginfo] target(s) in 40.73s
2026-10-09T18:18:41.3110780Z [1m[92m     Running[0m unittests src/lib.rs (target/debug/deps/rustwright-8953fa963d53eda2)
2026-10-09T18:18:41.3111078Z 
2026-10-09T18:18:41.3111197Z running 0 tests
2026-10-09T18:18:41.3112248Z 
2026-10-09T18:18:41.3112474Z test result: ok. 0 passed; 0 failed; 0 ignored; 0 measured; 0 filtered out; finished in 0.00s
2026-10-09T18:18:41.3112759Z 
2026-10-09T18:18:41.3112794Z 
2026-10-09T18:18:41.3112884Z running 86 tests
2026-10-09T18:18:41.3113351Z [1m[92m     Running[0m unittests src/lib.rs (target/debug/deps/rustwright_bidi-0263bc3f974006f6)
2026-10-09T18:18:41.3121624Z test browser::creation_tests::cancelled_after_reply_before_handoff_removes_context ... ok
2026-10-09T18:18:41.3151772Z test browser::creation_tests::cancelled_context_before_creation_reply_is_removed ... ok
2026-10-09T18:18:41.3163922Z test browser::creation_tests::cancelled_creation_with_silent_peer_releases_local_waiter_after_grace ... ok
2026-10-09T18:18:41.3206712Z test browser::creation_tests::cancelled_default_page_before_creation_reply_is_closed ... ok
2026-10-09T18:18:41.3260473Z test browser::creation_tests::cancelled_initialization_outside_runtime_thread_cleans_up ... ok
2026-10-09T18:18:41.3304265Z test browser::creation_tests::cancelled_page_before_creation_reply_is_closed ... ok
2026-10-09T18:18:41.3758625Z test browser::creation_tests::cancelled_page_initialization_closes_created_page ... ok
2026-10-09T18:18:41.3806711Z test browser::creation_tests::failed_page_initialization_closes_created_page ... ok
2026-10-09T18:18:41.3838239Z test browser::frame_helper_cache_tests::destroyed_frame_is_not_treated_as_an_initialized_document ... ok
2026-10-09T18:18:41.3874325Z test browser::frame_helper_cache_tests::late_injection_reply_does_not_initialize_a_replacement_document ... ok
2026-10-09T18:18:41.3918039Z test browser::frame_helper_cache_tests::live_frame_reuses_its_document_helper_without_reinjection ... ok
2026-10-09T18:18:41.3953979Z test browser::frame_helper_cache_tests::same_frame_id_in_a_new_document_gets_its_helper_again ... ok
2026-10-09T18:18:46.4435248Z test browser::interception_tests::acknowledged_late_removal_is_reconciled_before_a_new_route ... ok
2026-10-09T18:18:46.4879276Z test browser::interception_tests::canceled_pre_ack_event_continues_instead_of_being_lost ... ok
2026-10-09T18:18:46.5341548Z test browser::interception_tests::canceled_reconciliation_restores_previous_committed_rules ... ok
2026-10-09T18:18:46.5429595Z test browser::interception_tests::canceled_registration_reclaims_the_late_id ... ok
2026-10-09T18:18:46.6319952Z test browser::interception_tests::cancellation_after_old_phase_removal_preserves_previous_rules ... ok
2026-10-09T18:18:46.6661897Z test browser::interception_tests::clear_continues_after_waiter_cancellation ... ok
2026-10-09T18:18:46.7511575Z test browser::interception_tests::closing_during_unacknowledged_add_closes_remote_and_removes_helper ... ok
2026-10-09T18:18:46.7849199Z test browser::interception_tests::concurrent_registration_does_not_return_before_ack ... ok
2026-10-09T18:18:46.9119099Z test browser::interception_tests::context_close_marks_every_page_closed_before_waiting_for_late_add ... ok
2026-10-09T18:18:46.9600162Z test browser::interception_tests::descendant_events_use_owned_ids_and_foreign_intercepts_are_untouched ... ok
2026-10-09T18:18:46.9845278Z test browser::interception_tests::discovered_handles_share_routes_and_keep_registration_alive ... ok
2026-10-09T18:18:47.0298797Z test browser::interception_tests::failed_broader_registration_keeps_previous_phases_usable ... ok
2026-10-09T18:18:47.0401966Z test browser::interception_tests::failed_drop_retirement_is_reused_by_discovered_handle ... ok
2026-10-09T18:18:47.0429678Z test browser::interception_tests::failed_phase_expansion_preserves_existing_registration ... ok
2026-10-09T18:18:47.0530485Z test browser::interception_tests::final_handle_drop_outside_runtime_uses_its_origin_runtime ... ok
2026-10-09T18:18:47.0628934Z test browser::interception_tests::final_routed_page_handle_drop_removes_registration ... ok
2026-10-09T18:18:47.0656497Z test browser::interception_tests::page_close_retires_routes_while_handle_is_retained ... ok
2026-10-09T18:18:47.1711444Z test browser::interception_tests::persistent_drop_rejection_exits_after_explicit_browser_close ... ok
2026-10-09T18:18:47.2169798Z test browser::interception_tests::previous_routes_keep_dispatching_while_broader_allocation_is_unacknowledged ... ok
2026-10-09T18:18:47.2319594Z test browser::interception_tests::queued_unobserved_registration_handoff_is_rolled_back ... ok
2026-10-09T18:18:47.2345378Z test browser::interception_tests::rejected_registration_is_retryable ... ok
2026-10-09T18:18:47.2373491Z test browser::interception_tests::removal_error_is_typed_and_retains_the_id ... ok
2026-10-09T18:18:47.4861543Z test browser::interception_tests::repeated_canceled_upgrades_do_not_retain_historical_intercept_ids ... ok
2026-10-09T18:18:47.5298879Z test browser::interception_tests::retiring_intercept_continues_blocked_requests_until_ack ... ok
2026-10-09T18:18:47.5328351Z test browser::interception_tests::route_removal_failure_does_not_skip_native_close_or_helper_cleanup ... ok
2026-10-09T18:18:47.5370822Z test browser::interception_tests::user_context_close_retires_only_owned_routes ... ok
2026-10-09T18:18:47.5808543Z test browser::navigation_tests::cancelled_history_releases_command_and_next_traversal_recovers ... ok
2026-10-09T18:18:47.5836631Z test browser::navigation_tests::connection_shutdown_wakes_history_waiter ... ok
2026-10-09T18:18:47.5865361Z test browser::navigation_tests::context_destruction_wakes_history_even_with_command_acknowledgment_held ... ok
2026-10-09T18:18:47.6404744Z test browser::navigation_tests::history_deadline_covers_lifecycle_and_releases_pending_command ... ok
2026-10-09T18:18:47.6941010Z test browser::navigation_tests::history_timeout_includes_subscription_acknowledgment ... ok
2026-10-09T18:18:47.7781839Z test browser::navigation_tests::lifecycle_before_command_acknowledgment_is_not_lost ... ok
2026-10-09T18:18:47.7807267Z test browser::navigation_tests::missing_history_entry_preserves_typed_protocol_error ... ok
2026-10-09T18:18:47.8342115Z test browser::navigation_tests::reload_waits_for_complete_and_uses_one_explicit_deadline ... ok
2026-10-09T18:18:47.9187177Z test browser::navigation_tests::same_document_history_and_fragment_commits_share_one_subscription ... ok
2026-10-09T18:18:47.9843453Z test browser::navigation_tests::stale_foreign_and_wrong_navigation_loads_do_not_finish_history ... ok
2026-10-09T18:18:48.0278110Z test browser::navigation_tests::subscription_setup_survives_cancellation_without_duplicate_registration ... ok
2026-10-09T18:18:48.1025739Z test browser::network_subscription_tests::cancelled_monitoring_retains_events_received_before_subscription_acknowledgment ... ok
2026-10-09T18:18:48.1769822Z test browser::network_subscription_tests::cancelled_monitoring_setup_finishes_with_one_reused_pump ... ok
2026-10-09T18:18:48.2095726Z test browser::network_subscription_tests::cancelling_subscription_waiter_keeps_acknowledgment_owned ... ok
2026-10-09T18:18:48.2415499Z test browser::network_subscription_tests::concurrent_session_subscription_waits_for_the_same_successful_handshake ... ok
2026-10-09T18:18:48.3164547Z test browser::network_subscription_tests::monitoring_retains_events_received_before_subscription_acknowledgment ... ok
2026-10-09T18:18:48.3598319Z test browser::network_subscription_tests::rejected_monitoring_setup_can_retry_without_installing_a_failed_pump ... ok
2026-10-09T18:18:48.3923060Z test browser::network_subscription_tests::rejected_subscription_preserves_error_and_queued_caller_retries ... ok
2026-10-09T18:18:48.3935309Z test browser::network_subscription_tests::silent_subscription_has_a_bounded_local_waiter ... ok
2026-10-09T18:18:48.3942736Z test browser::shutdown_tests::browser_close_bounds_silent_end_and_closes_retained_connection ... ok
2026-10-09T18:18:48.3983187Z test browser::shutdown_tests::cancelled_browser_close_closes_retained_connection ... ok
2026-10-09T18:18:48.4038828Z test browser::shutdown_tests::cancelled_context_close_before_reply_removes_retained_helper ... ok
2026-10-09T18:18:48.4061431Z test browser::shutdown_tests::cancelled_context_close_bounds_silent_remote_waiter ... ok
2026-10-09T18:18:48.4116833Z test browser::shutdown_tests::cancelled_context_close_during_helper_removal_finishes ... ok
2026-10-09T18:18:48.4161444Z test browser::shutdown_tests::cancelled_page_close_during_helper_removal_closes_page ... ok
2026-10-09T18:18:48.4187982Z test browser::shutdown_tests::concurrent_and_repeated_context_close_remove_helper_once ... ok
2026-10-09T18:18:48.4227124Z test browser::shutdown_tests::concurrent_context_cleanup_error_does_not_skip_other_helpers ... ok
2026-10-09T18:18:48.4252893Z test browser::shutdown_tests::failed_helper_removal_is_retried_after_context_is_gone ... ok
2026-10-09T18:18:48.4278491Z test browser::shutdown_tests::page_helper_cleanup_error_is_returned_and_clone_retries ... ok
2026-10-09T18:18:48.4303803Z test browser::shutdown_tests::remote_context_error_is_returned_and_retry_cleans_helper ... ok
2026-10-09T18:18:48.4309039Z test connection::tests::cancelled_request_is_removed ... ok
2026-10-09T18:18:48.4314812Z test connection::tests::protocol_error_preserves_command_details ... ok
2026-10-09T18:18:48.4432381Z test connection::tests::timed_out_request_is_removed ... ok
2026-10-09T18:18:48.6980961Z test connection::transport_lifetime_tests::explicit_close_interrupts_blocked_write_and_close ... ok
2026-10-09T18:18:48.6988089Z test connection::transport_lifetime_tests::last_clone_drop_releases_inner_and_socket ... ok
2026-10-09T18:18:48.6998246Z test connection::transport_lifetime_tests::peer_loss_releases_waiters_and_inner ... ok
2026-10-09T18:18:48.9542968Z test connection::transport_lifetime_tests::reader_failure_interrupts_blocked_write_and_close ... ok
2026-10-09T18:18:48.9548514Z test connection::transport_lifetime_tests::writer_failure_releases_idle_reader_and_socket ... ok
2026-10-09T18:18:48.9989202Z test lifecycle_tests::cancelling_helper_registration_still_releases_the_remote_script ... ok
2026-10-09T18:18:49.0037455Z test lifecycle_tests::closing_one_context_preserves_other_context_helpers ... ok
2026-10-09T18:18:49.0063397Z test lifecycle_tests::context_close_releases_helpers_even_while_page_handles_are_retained ... ok
2026-10-09T18:18:49.0106776Z test lifecycle_tests::dropping_the_last_page_handle_releases_its_helper_registration ... ok
2026-10-09T18:18:49.0275851Z test lifecycle_tests::repeated_discovery_reuses_the_page_helper_registration ... ok
2026-10-09T18:18:49.0306949Z test network::interception_queue_tests::deferred_allocation_events_have_a_separate_bounded_queue ... ok
2026-10-09T18:18:49.0307972Z test session::tests::converts_arrays_and_objects ... ok
2026-10-09T18:18:49.0308550Z test session::tests::converts_scalars ... ok
2026-10-09T18:18:49.0309177Z test session::tests::evaluation_exceptions_preserve_the_browser_message ... ok
2026-10-09T18:18:49.0309886Z test session::tests::successful_null_and_undefined_are_distinct_from_exceptions ... ok
2026-10-09T18:18:49.0310185Z 
2026-10-09T18:18:49.0310389Z test result: ok. 86 passed; 0 failed; 0 ignored; 0 measured; 0 filtered out; finished in 7.72s
2026-10-09T18:18:49.0310608Z 
2026-10-09T18:18:49.0314157Z [1m[92m     Running[0m unittests src/lib.rs (target/debug/deps/rustwright_browser-5f7de59dfe103c9f)
2026-10-09T18:18:49.0323146Z 
2026-10-09T18:18:49.0323345Z running 4 tests
2026-10-09T18:18:49.0326251Z test firefox::tests::detects_snap_wrapper_scripts ... ok
2026-10-09T18:18:49.0326722Z test launch::tests::build_args_includes_profile_and_headless_flags ... ok
2026-10-09T18:18:49.0327340Z test launch::tests::parses_devtools_active_port_file ... ok
2026-10-09T18:18:49.0327838Z test launch::tests::rejects_malformed_active_port_file ... ok
2026-10-09T18:18:49.0328066Z 
2026-10-09T18:18:49.0328277Z test result: ok. 4 passed; 0 failed; 0 ignored; 0 measured; 0 filtered out; finished in 0.00s
2026-10-09T18:18:49.0328614Z 
2026-10-09T18:18:49.0329782Z [1m[92m     Running[0m unittests src/lib.rs (target/debug/deps/rustwright_cdp-def6d2eaee8ec917)
2026-10-09T18:18:49.0338523Z 
2026-10-09T18:18:49.0338958Z running 17 tests
2026-10-09T18:18:49.0349590Z test connection::tests::cancelled_request_is_removed ... ok
2026-10-09T18:18:49.0358597Z test connection::tests::context_destruction_is_scoped_to_both_session_and_context ... ok
2026-10-09T18:18:49.0365719Z test connection::tests::detachment_fails_only_its_sessions_pending_requests ... ok
2026-10-09T18:18:49.0371049Z test connection::tests::protocol_error_preserves_command_details ... ok
2026-10-09T18:18:49.0488342Z test connection::tests::timed_out_request_is_removed ... ok
2026-10-09T18:18:49.3054329Z test connection::transport_lifetime_tests::explicit_close_interrupts_blocked_write_and_close ... ok
2026-10-09T18:18:49.3063037Z test connection::transport_lifetime_tests::last_clone_drop_releases_inner_and_socket ... ok
2026-10-09T18:18:49.3071893Z test connection::transport_lifetime_tests::peer_loss_releases_waiters_and_inner ... ok
2026-10-09T18:18:49.5633603Z test connection::transport_lifetime_tests::reader_failure_interrupts_blocked_write_and_close ... ok
2026-10-09T18:18:49.5638301Z test connection::transport_lifetime_tests::repeated_close_emits_one_disconnection_marker ... ok
2026-10-09T18:18:49.5639885Z test connection::transport_lifetime_tests::writer_failure_releases_idle_reader_and_socket ... ok
2026-10-09T18:18:49.5640364Z test http::tests::decodes_chunked_bodies ... ok
2026-10-09T18:18:49.5642299Z test http::tests::detects_complete_chunked_bodies ... ok
2026-10-09T18:18:49.5642778Z test http::tests::endpoint_parses_default_port ... ok
2026-10-09T18:18:49.5643679Z test http::tests::missing_content_length_is_none ... ok
2026-10-09T18:18:49.5644029Z test http::tests::parses_content_length_case_insensitively ... ok
2026-10-09T18:18:49.5644442Z test protocol::page::tests::frame_urls_include_separately_reported_fragments ... ok
2026-10-09T18:18:49.5644723Z 
2026-10-09T18:18:49.5644946Z test result: ok. 17 passed; 0 failed; 0 ignored; 0 measured; 0 filtered out; finished in 0.53s
2026-10-09T18:18:49.5645222Z 
2026-10-09T18:18:49.5647486Z [1m[92m     Running[0m unittests src/lib.rs (target/debug/deps/rustwright_common-536c9a04ebab6705)
2026-10-09T18:18:49.5655649Z 
2026-10-09T18:18:49.5655940Z running 7 tests
2026-10-09T18:18:49.5657386Z test route::tests::glob_matches_wildcards ... ok
2026-10-09T18:18:49.5658201Z test route::tests::route_uses_glob_when_wildcards_present ... ok
2026-10-09T18:18:49.5658542Z test route::tests::substring_matches_when_no_wildcards ... ok
2026-10-09T18:18:49.5659514Z test selectors::tests::describes_selectors_for_errors ... ok
2026-10-09T18:18:49.5660010Z test selectors::tests::serializes_css_specs ... ok
2026-10-09T18:18:49.5660662Z test selectors::tests::serializes_role_specs ... ok
2026-10-09T18:18:49.5661167Z test selectors::tests::serializes_text_specs ... ok
2026-10-09T18:18:49.5661543Z 
2026-10-09T18:18:49.5661852Z test result: ok. 7 passed; 0 failed; 0 ignored; 0 measured; 0 filtered out; finished in 0.00s
2026-10-09T18:18:49.5662162Z 
2026-10-09T18:18:49.5664746Z [1m[92m     Running[0m unittests src/lib.rs (target/debug/deps/rustwright_core-3b15cbb49ab49d59)
2026-10-09T18:18:49.5673502Z 
2026-10-09T18:18:49.5673596Z running 53 tests
2026-10-09T18:18:54.5827449Z test browser::shutdown_tests::cancelled_owned_shutdown_has_bounded_forced_process_and_socket_cleanup ... ok
2026-10-09T18:18:54.6388066Z test browser::shutdown_tests::cancelled_owned_shutdown_keeps_worker_alive_until_acknowledgement ... ok
2026-10-09T18:18:54.6936887Z test browser::shutdown_tests::concurrent_owned_shutdown_does_not_interrupt_graceful_command ... ok
2026-10-09T18:18:54.7068005Z test browser::shutdown_tests::externally_owned_process_survives_repeated_disconnect ... ok
2026-10-09T18:18:54.7078341Z test context::shutdown_tests::cancelled_attachment_wait_still_disposes ... ok
2026-10-09T18:18:54.7504094Z test context::shutdown_tests::cancelled_disposal_wait_still_waits_for_acknowledgement ... ok
2026-10-09T18:18:54.7929172Z test context::shutdown_tests::concurrent_close_waits_for_disposal_acknowledgement ... ok
2026-10-09T18:18:54.7941715Z test context::shutdown_tests::default_context_close_keeps_foreign_context_and_connection_open ... ok
2026-10-09T18:18:54.7949886Z test context::shutdown_tests::disposal_failure_is_visible_and_replayed_without_duplicate_command ... ok
2026-10-09T18:18:59.7981961Z test context::shutdown_tests::stalled_attachment_still_attempts_disposal_and_replays_timeout ... ok
2026-10-09T18:19:04.8014012Z test context::shutdown_tests::stalled_disposal_has_bounded_replayed_error_without_waiter_leak ... ok
2026-10-09T18:19:04.8443504Z test context::tests::cancelled_page_wait_detaches_partial_initialization ... ok
2026-10-09T18:19:04.8473618Z test context::tests::disconnect_releases_registry_with_retained_handles ... ok
2026-10-09T18:19:04.8486642Z test context::tests::discovery_returns_initialization_errors_and_detaches_the_session ... ok
2026-10-09T18:19:04.8864502Z test context::tests::explicit_close_releases_registry_without_discovery ... ok
2026-10-09T18:19:04.9297620Z test context::tests::external_detach_releases_registry_with_retained_handles ... ok
2026-10-09T18:19:05.0325429Z test context::tests::page_wait_deadline_includes_stalled_discovery ... ok
2026-10-09T18:19:05.1348939Z test context::tests::page_wait_timeout_detaches_partial_initialization ... ok
2026-10-09T18:19:05.1772676Z test context::tests::popup_created_during_discovery_is_not_lost ... ok
2026-10-09T18:19:05.1817679Z test creation_tests::cancelled_after_reply_before_handoff_removes_context ... ok
2026-10-09T18:19:05.1861769Z test creation_tests::cancelled_context_before_creation_reply_is_removed ... ok
2026-10-09T18:19:05.1873589Z test creation_tests::cancelled_creation_with_silent_peer_releases_local_waiter_after_grace ... ok
2026-10-09T18:19:05.1907992Z test creation_tests::cancelled_default_page_before_creation_reply_is_closed ... ok
2026-10-09T18:19:05.1943031Z test creation_tests::cancelled_discovery_before_attach_reply_detaches_without_closing_existing_page ... ok
2026-10-09T18:19:05.1991785Z test creation_tests::cancelled_initialization_outside_runtime_thread_cleans_up ... ok
2026-10-09T18:19:05.2027521Z test creation_tests::cancelled_page_before_creation_reply_is_closed ... ok
2026-10-09T18:19:05.2477359Z test creation_tests::cancelled_page_initialization_closes_created_page ... ok
2026-10-09T18:19:05.2525441Z test creation_tests::failed_page_initialization_closes_created_page ... ok
2026-10-09T18:19:05.2525898Z test diagnostics::tests::formats_epoch_timestamps ... ok
2026-10-09T18:19:05.2526198Z test geometry::tests::clips_both_axes_before_selecting_the_center ... ok
2026-10-09T18:19:05.2529351Z test geometry::tests::limits_search_for_many_inline_fragments ... ok
2026-10-09T18:19:05.2529874Z test geometry::tests::prioritizes_distinct_fragments_and_accepts_reversed_winding ... ok
2026-10-09T18:19:05.2530433Z test geometry::tests::projection_round_trips_affine_and_perspective_quads ... ok
2026-10-09T18:19:05.2531095Z test geometry::tests::rejects_nonfinite_degenerate_and_offscreen_quads ... ok
2026-10-09T18:19:05.2531749Z test geometry::tests::rotated_clipping_keeps_candidates_in_the_visible_triangle ... ok
2026-10-09T18:19:05.2532201Z test geometry::tests::searches_edges_when_a_central_band_is_covered ... ok
2026-10-09T18:19:05.2532679Z test geometry::tests::searches_the_actual_overflow_strip_after_scrolling_an_oversized_control ... ok
2026-10-09T18:19:05.2533213Z test locator::tests::detached_pre_input_probes_can_retry_but_input_never_retries ... ok
2026-10-09T18:19:05.2533791Z test network_idle::tests::colliding_ids_and_duplicate_terminal_events_preserve_the_last_request_window ... ok
2026-10-09T18:19:05.2534863Z test network_idle::tests::new_main_document_discards_old_requests_but_preserves_its_pending_navigation ... ok
2026-10-09T18:19:05.2535523Z test network_idle::tests::redirects_and_document_transfers_do_not_create_phantom_requests ... ok
2026-10-09T18:19:05.2536038Z test network_idle::tests::removing_frames_and_sessions_preserves_other_pending_frames ... ok
2026-10-09T18:19:05.2536582Z test page::tests::detaching_a_session_removes_descendants_and_preserves_siblings ... ok
2026-10-09T18:19:05.2538091Z test page::tests::document_completion_transfers_to_its_new_session_without_duplicates ... ok
2026-10-09T18:19:05.2538544Z test page::tests::empty_input_becomes_about_blank ... ok
2026-10-09T18:19:05.2538855Z test page::tests::leaves_explicit_schemes_alone ... ok
2026-10-09T18:19:05.2539153Z test page::tests::maps_common_keys ... ok
2026-10-09T18:19:05.2541778Z test page::tests::network_ids_and_har_bodies_are_isolated_between_sessions ... ok
2026-10-09T18:19:05.2542376Z test page::tests::new_documents_discard_old_load_states_and_ignore_late_old_events ... ok
2026-10-09T18:19:05.2542901Z test page::tests::prefixes_bare_hosts_with_https ... ok
2026-10-09T18:19:05.2543345Z test page::tests::same_document_and_bfcache_commits_do_not_wait_for_nonexistent_load_events ... ok
2026-10-09T18:19:05.2545947Z test shutdown::shutdown_tests::cancelled_waiter_does_not_cancel_single_worker_or_late_result ... ok
2026-10-09T18:19:05.2805328Z test shutdown::shutdown_tests::worker_panic_wakes_all_waiters_with_failure ... ok
2026-10-09T18:19:05.2805644Z 
2026-10-09T18:19:05.2805819Z test result: ok. 53 passed; 0 failed; 0 ignored; 0 measured; 0 filtered out; finished in 15.71s
2026-10-09T18:19:05.2806052Z 
2026-10-09T18:19:05.2818974Z [1m[92m     Running[0m advanced.rs (target/debug/deps/advanced-d7f62d24c09fdb45)
2026-10-09T18:19:05.2829373Z 
2026-10-09T18:19:05.2829611Z running 9 tests
2026-10-09T18:19:05.7498165Z test aborts_blocked_requests ... ok
2026-10-09T18:19:06.2664137Z test downloads_to_configured_path ... ok
2026-10-09T18:19:06.7907980Z test exports_har ... ok
2026-10-09T18:19:07.2729766Z test fulfills_mocked_requests ... ok
2026-10-09T18:19:07.7904122Z test interacts_with_cross_origin_iframe ... ok
2026-10-09T18:19:08.2922449Z test modifies_request_headers ... ok
2026-10-09T18:19:08.8065838Z test modifies_response_headers ... ok
2026-10-09T18:19:09.3423889Z test records_a_chrome_trace ... ok
2026-10-09T18:19:09.9165581Z test uploads_files_to_input ... ok
2026-10-09T18:19:09.9165795Z 
2026-10-09T18:19:09.9168788Z [1m[92m     Running[0m bidi.rs (target/debug/deps/bidi-04ac2302dfdfe7ad)
2026-10-09T18:19:09.9169196Z test result: ok. 9 passed; 0 failed; 0 ignored; 0 measured; 0 filtered out; finished in 4.63s
2026-10-09T18:19:09.9169428Z 
2026-10-09T18:19:09.9179141Z 
2026-10-09T18:19:09.9179541Z running 9 tests
2026-10-09T18:19:12.9297999Z test firefox_bidi_cookies_and_storage ... ok
2026-10-09T18:19:14.2179195Z test firefox_bidi_frames ... ok
2026-10-09T18:19:15.9513273Z test firefox_bidi_init_script ... ok
2026-10-09T18:19:17.6942683Z test firefox_bidi_isolated_user_context ... ok
2026-10-09T18:19:19.2490062Z test firefox_bidi_locators_interact ... ok
2026-10-09T18:19:21.1027346Z test firefox_bidi_modifies_headers ... ok
2026-10-09T18:19:22.6039144Z test firefox_bidi_navigates_and_evaluates ... ok
2026-10-09T18:19:24.2095167Z test firefox_bidi_network_monitoring ... ok
2026-10-09T18:19:25.9369305Z test firefox_bidi_request_interception ... ok
2026-10-09T18:19:25.9369962Z 
2026-10-09T18:19:25.9370399Z test result: ok. 9 passed; 0 failed; 0 ignored; 0 measured; 0 filtered out; finished in 16.02s
2026-10-09T18:19:25.9370898Z 
2026-10-09T18:19:25.9374774Z [1m[92m     Running[0m diagnostics.rs (target/debug/deps/diagnostics-1bab974ba57cb796)
2026-10-09T18:19:25.9387343Z 
2026-10-09T18:19:25.9387522Z running 3 tests
2026-10-09T18:19:26.4088225Z test capture_console_messages_and_errors ... ok
2026-10-09T18:19:26.8572586Z test expose_cookies_navigations_and_network ... ok
2026-10-09T18:19:27.1463263Z test expose_launch_diagnostics ... ok
2026-10-09T18:19:27.1463613Z 
2026-10-09T18:19:27.1463869Z test result: ok. 3 passed; 0 failed; 0 ignored; 0 measured; 0 filtered out; finished in 1.21s
2026-10-09T18:19:27.1464211Z 
2026-10-09T18:19:27.1466195Z [1m[92m     Running[0m features.rs (target/debug/deps/features-950fde9910b40d69)
2026-10-09T18:19:27.1478152Z 
2026-10-09T18:19:27.1478375Z running 8 tests
2026-10-09T18:19:27.6578989Z test auto_dismisses_dialogs ... ok
2026-10-09T18:19:28.2485928Z test check_and_select ... ok
2026-10-09T18:19:28.7199049Z test history_and_wait_for_url ... ok
2026-10-09T18:19:29.2965607Z test hover_scroll_and_wheel ... ok
2026-10-09T18:19:29.7673868Z test locator_collections ... ok
2026-10-09T18:19:30.2967734Z test semantic_locators ... ok
2026-10-09T18:19:30.7752606Z test storage_state_round_trips_local_storage ... ok
2026-10-09T18:19:31.2805164Z test viewport_is_configurable ... ok
2026-10-09T18:19:31.2805419Z 
2026-10-09T18:19:31.2805650Z test result: ok. 8 passed; 0 failed; 0 ignored; 0 measured; 0 filtered out; finished in 4.13s
2026-10-09T18:19:31.2805921Z 
2026-10-09T18:19:31.2807684Z [1m[92m     Running[0m http_actionability.rs (target/debug/deps/http_actionability-29c123c702273c59)
2026-10-09T18:19:31.2818780Z 
2026-10-09T18:19:31.2819250Z running 12 tests
2026-10-09T18:19:31.9438165Z test chrome_blocked_prepare_timeout ... ok
2026-10-09T18:19:33.0516382Z test chrome_disabled_aria_ancestor ... ok
2026-10-09T18:19:34.1611985Z test chrome_disabled_fieldset ... ok
2026-10-09T18:19:35.1392445Z test chrome_disabled_timeout ... ok
2026-10-09T18:19:36.2484755Z test chrome_move_on_hover ... ok
2026-10-09T18:19:37.3171989Z test chrome_transient_overlay ... ok
2026-10-09T18:19:38.8919483Z test firefox_blocked_prepare_timeout ... ok
2026-10-09T18:19:41.0693290Z test firefox_disabled_aria_ancestor ... ok
2026-10-09T18:19:43.1338154Z test firefox_disabled_fieldset ... ok
2026-10-09T18:19:45.1446028Z test firefox_disabled_timeout ... ok
2026-10-09T18:19:47.2239141Z test firefox_move_on_hover ... ok
2026-10-09T18:19:49.3163246Z test firefox_transient_overlay ... ok
2026-10-09T18:19:49.3163457Z 
2026-10-09T18:19:49.3163656Z test result: ok. 12 passed; 0 failed; 0 ignored; 0 measured; 0 filtered out; finished in 18.03s
2026-10-09T18:19:49.3163931Z 
2026-10-09T18:19:49.3166486Z [1m[92m     Running[0m http_bidi_navigation.rs (target/debug/deps/http_bidi_navigation-9c62027c9e696531)
2026-10-09T18:19:49.3176334Z 
2026-10-09T18:19:49.3176424Z running 7 tests
2026-10-09T18:19:49.7689588Z test chrome_history_boundary_and_closed_errors ... ok
2026-10-09T18:19:50.3402379Z test chrome_history_commits_and_loads ... ok
2026-10-09T18:19:50.9490201Z test chrome_reload_waits_for_resources ... ok
2026-10-09T18:19:52.3000727Z test firefox_history_boundary_and_closed_errors ... ok
2026-10-09T18:19:54.2918666Z test firefox_history_commits_and_loads ... ok
2026-10-09T18:19:55.8794501Z test firefox_reload_deadline_cancellation_and_recovery ... ok
2026-10-09T18:19:57.4895727Z test firefox_reload_waits_for_resources ... ok
2026-10-09T18:19:57.4896050Z 
2026-10-09T18:19:57.4896327Z test result: ok. 7 passed; 0 failed; 0 ignored; 0 measured; 0 filtered out; finished in 8.17s
2026-10-09T18:19:57.4896659Z 
2026-10-09T18:19:57.4899209Z [1m[92m     Running[0m http_clipped_control.rs (target/debug/deps/http_clipped_control-d6300406bb73ff71)
2026-10-09T18:19:57.4909400Z 
2026-10-09T18:19:57.4909631Z running 10 tests
2026-10-09T18:19:58.0177826Z test chrome_fixed_control_escapes_clip ... ok
2026-10-09T18:19:58.5732562Z test chrome_narrow_overflow_control ... ok
2026-10-09T18:19:59.1197781Z test chrome_nested_overflow_control ... ok
2026-10-09T18:19:59.6728578Z test chrome_overflow_hidden_control ... ok
2026-10-09T18:20:00.2434908Z test chrome_scrolled_overflow_control ... ok
2026-10-09T18:20:01.7651443Z test firefox_fixed_control_escapes_clip ... ok
2026-10-09T18:20:03.2933684Z test firefox_narrow_overflow_control ... ok
2026-10-09T18:20:04.8180029Z test firefox_nested_overflow_control ... ok
2026-10-09T18:20:06.3561167Z test firefox_overflow_hidden_control ... ok
2026-10-09T18:20:07.8605416Z test firefox_scrolled_overflow_control ... ok
2026-10-09T18:20:07.8605692Z 
2026-10-09T18:20:07.8605945Z test result: ok. 10 passed; 0 failed; 0 ignored; 0 measured; 0 filtered out; finished in 10.37s
2026-10-09T18:20:07.8606244Z 
2026-10-09T18:20:07.8609277Z [1m[92m     Running[0m http_compat.rs (target/debug/deps/http_compat-2c6ee37085c5fb88)
2026-10-09T18:20:07.8619641Z 
2026-10-09T18:20:07.8619768Z running 24 tests
2026-10-09T18:20:08.4818112Z test chrome_cancelled_wait_recovers ... ok
2026-10-09T18:20:09.0236152Z test chrome_closing_page_wakes_wait ... ok
2026-10-09T18:20:09.7172476Z test chrome_delayed_and_absent_elements ... ok
2026-10-09T18:20:10.2281926Z test chrome_disconnect_wakes_wait ... ok
2026-10-09T18:20:10.7970070Z test chrome_frame_click ... ok
2026-10-09T18:20:11.3618526Z test chrome_frame_hover_and_keyboard ... ok
2026-10-09T18:20:11.8368499Z test chrome_frame_reload ... ok
2026-10-09T18:20:12.9526809Z test chrome_isolated_popup_ownership ... ok
2026-10-09T18:20:14.0149676Z test chrome_isolated_storage ... ok
2026-10-09T18:20:14.4861642Z test chrome_javascript_exceptions ... ok
2026-10-09T18:20:15.0549126Z test chrome_navigation_and_forms ... ok
2026-10-09T18:20:15.6708868Z test chrome_wait_deadline ... ok
2026-10-09T18:20:17.2970789Z test firefox_cancelled_wait_recovers ... ok
2026-10-09T18:20:18.9113515Z test firefox_closing_page_wakes_wait ... ok
2026-10-09T18:20:20.6647562Z test firefox_delayed_and_absent_elements ... ok
2026-10-09T18:20:22.2594994Z test firefox_disconnect_wakes_wait ... ok
2026-10-09T18:20:23.8165033Z test firefox_frame_click ... ok
2026-10-09T18:20:25.3797763Z test firefox_frame_hover_and_keyboard ... ok
2026-10-09T18:20:26.9546724Z test firefox_frame_reload ... ok
2026-10-09T18:20:28.8449460Z test firefox_isolated_popup_ownership ... ok
2026-10-09T18:20:30.5709677Z test firefox_isolated_storage ... ok
2026-10-09T18:20:32.0822624Z test firefox_javascript_exceptions ... ok
2026-10-09T18:20:33.7280234Z test firefox_navigation_and_forms ... ok
2026-10-09T18:20:35.3267166Z test firefox_wait_deadline ... ok
2026-10-09T18:20:35.3267412Z 
2026-10-09T18:20:35.3267709Z test result: ok. 24 passed; 0 failed; 0 ignored; 0 measured; 0 filtered out; finished in 27.46s
2026-10-09T18:20:35.3268031Z 
2026-10-09T18:20:35.3270701Z [1m[92m     Running[0m http_contexts.rs (target/debug/deps/http_contexts-13d4f11cc14ec1aa)
2026-10-09T18:20:35.3280848Z 
2026-10-09T18:20:35.3281180Z running 10 tests
2026-10-09T18:20:35.7389692Z test browser_disconnect_wakes_a_pending_page_wait ... ok
2026-10-09T18:20:36.6312164Z test cancelled_popup_wait_does_not_stop_future_discovery ... ok
2026-10-09T18:20:37.2592834Z test closed_pages_are_removed_from_the_context_list ... ok
2026-10-09T18:20:37.9119417Z test concurrent_refresh_shares_one_page_session_and_route_state ... ok
2026-10-09T18:20:38.6970324Z test concurrent_waiters_adopt_distinct_popups ... ok
2026-10-09T18:20:39.3488310Z test connected_browser_excludes_another_clients_isolated_context ... ok
2026-10-09T18:20:39.7597139Z test context_close_wakes_a_pending_page_wait ... ok
2026-10-09T18:20:40.4700323Z test default_discovery_does_not_adopt_isolated_pages ... ok
2026-10-09T18:20:41.3764236Z test default_popup_wait_ignores_isolated_target_created_events ... ok
2026-10-09T18:20:42.4803975Z test isolated_popup_wait_ignores_default_and_other_isolated_contexts ... ok
2026-10-09T18:20:42.4804319Z 
2026-10-09T18:20:42.4804509Z test result: ok. 10 passed; 0 failed; 0 ignored; 0 measured; 0 filtered out; finished in 7.15s
2026-10-09T18:20:42.4804741Z 
2026-10-09T18:20:42.4805921Z [1m[92m     Running[0m http_creation.rs (target/debug/deps/http_creation-4a55bc0e83b1cdc7)
2026-10-09T18:20:42.4816350Z 
2026-10-09T18:20:42.4816612Z running 2 tests
2026-10-09T18:21:02.0546789Z test chrome_cancelled_creation_releases_native_resources ... ok
2026-10-09T18:21:13.6826766Z test firefox_cancelled_creation_releases_native_resources ... ok
2026-10-09T18:21:13.6827087Z 
2026-10-09T18:21:13.6830136Z [1m[92m     Running[0m http_disconnect.rs (target/debug/deps/http_disconnect-097529e7fde875d3)
2026-10-09T18:21:13.6830577Z test result: ok. 2 passed; 0 failed; 0 ignored; 0 measured; 0 filtered out; finished in 31.20s
2026-10-09T18:21:13.6830808Z 
2026-10-09T18:21:13.6840384Z 
2026-10-09T18:21:13.6840518Z running 2 tests
2026-10-09T18:21:26.6845075Z test chrome_process_loss_and_manual_restart ... ok
2026-10-09T18:22:05.4660792Z test firefox_process_loss_and_manual_restart ... ok
2026-10-09T18:22:05.4661129Z 
2026-10-09T18:22:05.4661524Z test result: ok. 2 passed; 0 failed; 0 ignored; 0 measured; 0 filtered out; finished in 51.78s
2026-10-09T18:22:05.4661773Z 
2026-10-09T18:22:05.4663559Z [1m[92m     Running[0m http_frame_helpers.rs (target/debug/deps/http_frame_helpers-62d3603d1ab80243)
2026-10-09T18:22:05.4673629Z 
2026-10-09T18:22:05.4673737Z running 2 tests
2026-10-09T18:22:07.8078673Z test firefox_helper_presence_tracks_current_frame_document ... ok
2026-10-09T18:22:36.5393079Z test firefox_same_page_reuses_helpers_across_1000_destroyed_frames ... ok
2026-10-09T18:22:36.5393428Z 
2026-10-09T18:22:36.5393653Z test result: ok. 2 passed; 0 failed; 0 ignored; 0 measured; 0 filtered out; finished in 31.07s
2026-10-09T18:22:36.5393950Z 
2026-10-09T18:22:36.5395305Z [1m[92m     Running[0m http_frames.rs (target/debug/deps/http_frames-7d8d5c9ccbe51a73)
2026-10-09T18:22:36.5405022Z 
2026-10-09T18:22:36.5405212Z running 67 tests
2026-10-09T18:22:37.2300354Z test checkbox_actions_wait_for_the_same_click_checks ... ok
2026-10-09T18:22:37.7256635Z test click_accepts_descendants_and_native_fieldset_legend_exceptions ... ok
2026-10-09T18:22:38.3060943Z test click_deadline_bounds_a_stalled_preparation_promise ... ok
2026-10-09T18:22:38.8826528Z test click_deadline_includes_a_missing_frame ... ok
2026-10-09T18:22:39.7097835Z test click_does_not_intercept_an_overlay_above_the_iframe ... ok
2026-10-09T18:22:40.3357967Z test click_handles_a_one_pixel_target ... ok
2026-10-09T18:22:40.9609331Z test click_maps_an_offscreen_iframe_to_root_viewport_coordinates ... ok
2026-10-09T18:22:41.4729704Z test click_preserves_javascript_and_closed_page_errors ... ok
2026-10-09T18:22:42.3252865Z test click_rechecks_overlay_created_on_hover ... ok
2026-10-09T18:22:43.0023305Z test click_reresolves_target_replaced_on_hover ... ok
2026-10-09T18:22:43.6040896Z test click_scrolls_an_offscreen_target_into_view ... ok
2026-10-09T18:22:44.5612904Z test click_timeout_reports_disabled_and_intercepted_targets_without_clicking ... ok
2026-10-09T18:22:45.3160758Z test click_waits_until_aria_disabled_ancestor_is_enabled ... ok
2026-10-09T18:22:46.0528554Z test click_waits_until_button_is_enabled ... ok
2026-10-09T18:22:46.8179912Z test click_waits_until_button_stops_moving ... ok
2026-10-09T18:22:47.5812742Z test click_waits_until_overlay_disappears ... ok
2026-10-09T18:22:48.3955178Z test click_waits_until_parent_fieldset_is_enabled ... ok
2026-10-09T18:22:49.0665396Z test cross_origin_frame_with_another_port_fills_and_submits ... ok
2026-10-09T18:22:49.8030745Z test cross_site_already_loaded_frame_is_initialized_when_connecting ... ok
2026-10-09T18:22:50.5882397Z test cross_site_click_checks_parent_overlays_and_transformed_scrolled_coordinates ... ok
2026-10-09T18:22:51.4556386Z test cross_site_click_retries_when_its_renderer_detaches_during_preparation ... ok
2026-10-09T18:22:52.1921526Z test cross_site_frame_fills_and_submits ... ok
2026-10-09T18:22:53.0797265Z test cross_site_frame_keeps_working_after_reload_and_swaps_back_to_the_parent_site ... ok
2026-10-09T18:22:54.1172570Z test cross_site_frame_removal_cleans_up_and_a_new_frame_can_be_resolved ... ok
2026-10-09T18:22:54.8439990Z test cross_site_frame_wait_survives_a_process_swap ... ok
2026-10-09T18:22:55.7018515Z test cross_site_isolated_worlds_do_not_replace_default_context_and_errors_propagate ... ok
2026-10-09T18:22:56.5564987Z test cross_site_nested_renderer_click_maps_both_frame_boundaries ... ok
2026-10-09T18:22:57.2153959Z test cross_site_network_block_is_inherited_and_clear_restores_requests ... ok
2026-10-09T18:22:57.7987524Z test cross_site_network_diagnostics_capture_initial_request_and_response_body ... ok
2026-10-09T18:22:58.4239575Z test cross_site_network_diagnostics_capture_mocked_responses_and_blocked_failures ... ok
2026-10-09T18:22:59.0199231Z test cross_site_network_diagnostics_capture_nested_renderer_bodies ... ok
2026-10-09T18:22:59.7974521Z test cross_site_network_diagnostics_follow_reloads_and_repeated_process_swaps ... ok
2026-10-09T18:23:00.3821503Z test cross_site_network_diagnostics_keep_concurrent_parent_and_child_bodies_separate ... ok
2026-10-09T18:23:00.9841174Z test cross_site_network_diagnostics_retain_detached_requests_without_reusing_the_parent_session ... ok
2026-10-09T18:23:01.6127127Z test cross_site_network_existing_child_adds_clears_and_readds_mocks ... ok
2026-10-09T18:23:02.3968630Z test cross_site_network_gate_blocks_the_first_request_on_return_to_parent ... ok
2026-10-09T18:23:03.0204539Z test cross_site_network_gate_changes_the_first_response_header_on_return_to_parent ... ok
2026-10-09T18:23:05.3657403Z test cross_site_network_gate_covers_fetch_and_xhr_on_repeated_returns_without_server_access ... ok
2026-10-09T18:23:06.0126350Z test cross_site_network_gate_restores_the_first_request_when_nested_child_returns_to_outer ... ok
2026-10-09T18:23:06.7531216Z test cross_site_network_gate_resumes_application_debugger_statements_and_clears_cleanly ... ok
2026-10-09T18:23:07.3821079Z test cross_site_network_mock_is_inherited_before_child_scripts_run ... ok
2026-10-09T18:23:08.0070965Z test cross_site_network_mock_overrides_previously_cached_responses ... ok
2026-10-09T18:23:08.6692940Z test cross_site_network_nested_child_inherits_routes_and_clear_reaches_every_renderer ... ok
2026-10-09T18:23:09.3167719Z test cross_site_network_request_headers_apply_to_child_without_losing_original_headers ... ok
2026-10-09T18:23:09.9919948Z test cross_site_network_response_stage_upgrades_existing_and_new_children ... ok
2026-10-09T18:23:10.6339377Z test cross_site_network_route_changes_and_child_attachment_are_serialized ... ok
2026-10-09T18:23:11.3689711Z test cross_site_network_rules_cover_first_script_requests_after_process_swaps ... ok
2026-10-09T18:23:12.0282450Z test cross_site_sibling_sessions_do_not_mix_contexts ... ok
2026-10-09T18:23:12.7301060Z test fills_and_clicks_in_a_frame_added_after_the_action_starts ... ok
2026-10-09T18:23:13.4321946Z test frame_wait_deadline_also_bounds_the_child_element_wait ... ok
2026-10-09T18:23:14.0276236Z test frame_wait_includes_iframe_resolution_in_its_deadline ... ok
2026-10-09T18:23:14.5532904Z test frame_wait_preserves_javascript_errors ... ok
2026-10-09T18:23:15.0675435Z test frame_wait_propagates_closed_page_errors_without_waiting_for_timeout ... ok
2026-10-09T18:23:15.6517376Z test geometry_click_finds_an_uncovered_point_away_from_the_center ... ok
2026-10-09T18:23:16.2524410Z test geometry_click_handles_a_clip_path_with_an_occluded_center ... ok
2026-10-09T18:23:16.8427794Z test geometry_click_handles_a_rotated_element_clipped_by_the_viewport ... ok
2026-10-09T18:23:17.4284425Z test geometry_click_handles_a_transformed_iframe ... ok
2026-10-09T18:23:18.0297593Z test geometry_click_handles_overflow_clipping ... ok
2026-10-09T18:23:18.5854698Z test geometry_click_handles_perspective_transforms ... ok
2026-10-09T18:23:19.1073042Z test geometry_click_selects_an_uncovered_point_on_a_rotated_target ... ok
2026-10-09T18:23:19.6863121Z test geometry_click_uses_an_uncovered_inline_fragment ... ok
2026-10-09T18:23:20.4340314Z test geometry_click_waits_for_transform_changes_with_identical_bounding_rects ... ok
2026-10-09T18:23:21.1349261Z test network_gate_cancelled_updates_finish_before_later_cleanup_or_reconfiguration ... ok
2026-10-09T18:23:21.6904866Z test network_gate_is_inert_for_other_debuggers_after_routes_are_cleared ... ok
2026-10-09T18:23:22.5491528Z test network_gate_keeps_cached_resources_mocked_across_navigation_and_frame_returns ... ok
2026-10-09T18:23:23.2668239Z test waiting_locator_survives_frame_navigation ... ok
2026-10-09T18:23:23.9380650Z test waits_for_the_frame_document_to_load ... ok
2026-10-09T18:23:23.9380983Z 
2026-10-09T18:23:23.9381368Z test result: ok. 67 passed; 0 failed; 0 ignored; 0 measured; 0 filtered out; finished in 47.40s
2026-10-09T18:23:23.9381693Z 
2026-10-09T18:23:23.9383561Z [1m[92m     Running[0m http_intercept_lifecycle.rs (target/debug/deps/http_intercept_lifecycle-e7fc73fecd2557ac)
2026-10-09T18:23:23.9393793Z 
2026-10-09T18:23:23.9393894Z running 4 tests
2026-10-09T18:23:30.4421775Z test firefox_intercept_cancellation_preserves_live_requests_and_prior_rules ... ok
2026-10-09T18:23:35.2327204Z test firefox_phase_expansion_keeps_prior_rules_usable_before_acknowledgment ... ok
2026-10-09T18:23:37.7886030Z test firefox_routing_phases_and_child_frame_requests_remain_functional ... ok
2026-10-09T18:23:47.7194200Z test firefox_shared_handles_drop_and_close_retire_only_owned_intercepts ... ok
2026-10-09T18:23:47.7196535Z 
2026-10-09T18:23:47.7196905Z test result: ok. 4 passed; 0 failed; 0 ignored; 0 measured; 0 filtered out; finished in 23.78s
2026-10-09T18:23:47.7197223Z 
2026-10-09T18:23:47.7200782Z [1m[92m     Running[0m http_navigation.rs (target/debug/deps/http_navigation-419f49d805ec0b26)
2026-10-09T18:23:47.7211323Z 
2026-10-09T18:23:47.7211608Z running 14 tests
2026-10-09T18:23:48.2360844Z test another_document_interrupts_an_older_navigation_waiter ... ok
2026-10-09T18:23:48.7359758Z test browser_disconnect_wakes_pending_waiters ... ok
2026-10-09T18:23:49.2846363Z test cancelled_navigation_does_not_corrupt_the_next_navigation ... ok
2026-10-09T18:23:49.9392171Z test click_navigation_does_not_reuse_the_previous_documents_load ... ok
2026-10-09T18:23:50.4807934Z test closing_a_page_wakes_pending_load_waiters ... ok
2026-10-09T18:23:51.0085787Z test closing_a_page_wakes_pending_url_waiters ... ok
2026-10-09T18:23:51.5035406Z test fragment_navigation_preserves_the_document_load_state ... ok
2026-10-09T18:23:52.2722971Z test goto_timeout_covers_headers_and_document_load_together ... ok
2026-10-09T18:23:52.7789544Z test redirected_goto_reports_the_committed_url ... ok
2026-10-09T18:23:53.4806246Z test reload_waits_for_the_new_document_and_its_resources ... ok
2026-10-09T18:23:54.0210257Z test same_document_history_and_full_document_history_finish ... ok
2026-10-09T18:23:54.8225201Z test timeout_before_commit_allows_a_new_navigation_and_ignores_the_old_response ... ok
2026-10-09T18:23:55.3267567Z test url_wait_observes_a_matching_url_even_if_it_changes_again_immediately ... ok
2026-10-09T18:23:55.8454285Z test url_wait_observes_push_state_and_hash_changes ... ok
2026-10-09T18:23:55.8454586Z 
2026-10-09T18:23:55.8454758Z test result: ok. 14 passed; 0 failed; 0 ignored; 0 measured; 0 filtered out; finished in 8.12s
2026-10-09T18:23:55.8454989Z 
2026-10-09T18:23:55.8456559Z [1m[92m     Running[0m http_network_idle.rs (target/debug/deps/http_network_idle-78dad576fb420eee)
2026-10-09T18:23:55.8467171Z 
2026-10-09T18:23:55.8467312Z running 10 tests
2026-10-09T18:23:57.4967298Z test aborted_fetch_and_cancelled_idle_wait_leave_no_pending_activity ... ok
2026-10-09T18:23:58.4905346Z test closing_during_the_quiet_timer_wakes_the_idle_waiter ... ok
2026-10-09T18:24:00.4917351Z test concurrent_requests_and_a_second_burst_restart_the_quiet_window ... ok
2026-10-09T18:24:03.1498879Z test mocked_blocked_and_redirected_requests_finish_without_stale_counts ... ok
2026-10-09T18:24:04.8367869Z test new_main_document_does_not_wait_for_old_keepalive_or_child_requests ... ok
2026-10-09T18:24:06.5107797Z test remote_frame_fetch_prevents_parent_network_idle ... ok
2026-10-09T18:24:08.2148697Z test remote_frame_reload_and_return_do_not_leave_stale_pending_requests ... ok
2026-10-09T18:24:09.8699945Z test removing_a_same_process_frame_releases_its_pending_requests ... ok
2026-10-09T18:24:11.5573762Z test removing_nested_renderer_frames_releases_the_entire_subtree ... ok
2026-10-09T18:24:13.1958102Z test restarted_fetch_waits_for_the_body_and_a_new_quiet_window ... ok
2026-10-09T18:24:13.1958383Z 
2026-10-09T18:24:13.1958604Z test result: ok. 10 passed; 0 failed; 0 ignored; 0 measured; 0 filtered out; finished in 17.35s
2026-10-09T18:24:13.1958847Z 
2026-10-09T18:24:13.1960069Z [1m[92m     Running[0m http_shutdown.rs (target/debug/deps/http_shutdown-f929299cd78f2c79)
2026-10-09T18:24:13.1972267Z 
2026-10-09T18:24:13.1972758Z running 3 tests
2026-10-09T18:24:34.3088312Z test chrome_cancelled_shutdown_completes_native_cleanup ... ok
2026-10-09T18:24:36.4507636Z test firefox_cancelled_monitor_setup_still_waits_for_subscription ... ok
2026-10-09T18:24:49.3798539Z test firefox_cancelled_shutdown_completes_native_cleanup ... ok
2026-10-09T18:24:49.3798873Z 
2026-10-09T18:24:49.3799136Z test result: ok. 3 passed; 0 failed; 0 ignored; 0 measured; 0 filtered out; finished in 36.18s
2026-10-09T18:24:49.3799446Z 
2026-10-09T18:24:49.3801508Z [1m[92m     Running[0m unified.rs (target/debug/deps/unified-e0bbd23e3fa347f5)
2026-10-09T18:24:49.3811578Z 
2026-10-09T18:24:49.3811828Z running 3 tests
2026-10-09T18:24:51.5782965Z test dynamic_backends_in_one_vec ... ok
2026-10-09T18:24:52.1976287Z test same_code_on_chrome ... ok
2026-10-09T18:24:53.8092793Z test same_code_on_firefox ... ok
2026-10-09T18:24:53.8093480Z 
2026-10-09T18:24:53.8110097Z [1m[92m     Running[0m vertical_slice.rs (target/debug/deps/vertical_slice-81ac6e39210d5edb)
2026-10-09T18:24:53.8110638Z test result: ok. 3 passed; 0 failed; 0 ignored; 0 measured; 0 filtered out; finished in 4.43s
2026-10-09T18:24:53.8111161Z 
2026-10-09T18:24:53.8111461Z 
2026-10-09T18:24:53.8111689Z running 5 tests
2026-10-09T18:24:54.5344800Z test isolated_context_has_separate_storage ... ok
2026-10-09T18:24:55.0264077Z test launch_goto_title_and_content ... ok
2026-10-09T18:24:55.5702836Z test locators_fill_click_and_wait ... ok
2026-10-09T18:24:56.0618949Z test screenshot_writes_a_png ... ok
2026-10-09T18:24:56.9911827Z test wait_for_detached_and_load_states ... ok
2026-10-09T18:24:56.9912047Z 
2026-10-09T18:24:56.9912278Z test result: ok. 5 passed; 0 failed; 0 ignored; 0 measured; 0 filtered out; finished in 3.18s
2026-10-09T18:24:56.9912831Z 
2026-10-09T18:24:56.9914944Z [1m[92m     Running[0m unittests src/lib.rs (target/debug/deps/rustwright_test-990eb26711f85471)
2026-10-09T18:24:56.9922495Z 
2026-10-09T18:24:56.9922651Z running 4 tests
2026-10-09T18:24:56.9924192Z test tests::automatic_discovery_absence_skips_both_backends ... ok
2026-10-09T18:24:56.9924925Z test tests::connection_and_context_setup_errors_fail ... ok
2026-10-09T18:24:56.9926461Z test tests::other_browser_setup_errors_fail_both_backends ... ok
2026-10-09T18:24:56.9927075Z test tests::shards_partition_tests ... ok
2026-10-09T18:24:56.9927286Z 
2026-10-09T18:24:56.9927541Z test result: ok. 4 passed; 0 failed; 0 ignored; 0 measured; 0 filtered out; finished in 0.00s
2026-10-09T18:24:56.9927919Z 
2026-10-09T18:24:56.9929653Z [1m[92m     Running[0m tests/expect_retry.rs (target/debug/deps/expect_retry-5393ff18b4b0fb27)
2026-10-09T18:24:56.9938987Z 
2026-10-09T18:24:56.9939263Z running 12 tests
2026-10-09T18:24:57.9381430Z test assertion_deadline_bounds_missing_element_reads ... ok
2026-10-09T18:24:58.5566107Z test backend_errors_are_returned_without_retry ... ok
2026-10-09T18:24:59.2055417Z test matching_conditions_return_without_waiting_for_timeout ... ok
2026-10-09T18:25:00.1787764Z test timeout_reports_last_observed_count ... ok
2026-10-09T18:25:00.8502738Z test waits_for_a_frame_execution_context_before_counting ... ok
2026-10-09T18:25:01.7439490Z test waits_for_delayed_attribute ... ok
2026-10-09T18:25:02.6159396Z test waits_for_delayed_contained_text ... ok
2026-10-09T18:25:03.4733164Z test waits_for_delayed_count ... ok
2026-10-09T18:25:04.3932785Z test waits_for_delayed_text ... ok
2026-10-09T18:25:05.2834428Z test waits_for_element_to_appear ... ok
2026-10-09T18:25:06.1289577Z test waits_for_enabled_button ... ok
2026-10-09T18:25:07.2008348Z test waits_for_visibility_changes ... ok
2026-10-09T18:25:07.2008608Z 
2026-10-09T18:25:07.2008837Z test result: ok. 12 passed; 0 failed; 0 ignored; 0 measured; 0 filtered out; finished in 10.21s
2026-10-09T18:25:07.2009123Z 
2026-10-09T18:25:07.2031145Z [1m[92m     Running[0m tests/runner_startup.rs (target/debug/deps/runner_startup-019dee1091c5e44e)
2026-10-09T18:25:07.2043363Z 
2026-10-09T18:25:07.2043780Z running 5 tests
2026-10-09T18:25:07.2654933Z test browser_exiting_during_startup_fails_the_test ... ok
2026-10-09T18:25:07.3026218Z test missing_explicit_browser_fails_instead_of_falling_back ... ok
2026-10-09T18:25:07.3458763Z test non_executable_browser_fails_the_test ... ok
2026-10-09T18:25:07.3459227Z test runner_probe ... ok
2026-10-09T18:25:07.4264929Z test startup_failure_uses_the_configured_retries ... ok
2026-10-09T18:25:07.4265188Z 
2026-10-09T18:25:07.4265386Z test result: ok. 5 passed; 0 failed; 0 ignored; 0 measured; 0 filtered out; finished in 0.22s
2026-10-09T18:25:07.4265666Z 
2026-10-09T18:25:07.4266577Z [1m[92m     Running[0m tests/smoke.rs (target/debug/deps/smoke-90efb41dcbb0652b)
2026-10-09T18:25:07.4276732Z 
2026-10-09T18:25:07.4277359Z running 3 tests
2026-10-09T18:25:08.0721764Z test assertions_and_matchers ... ok
2026-10-09T18:25:08.7768303Z test opens_a_data_url ... ok
2026-10-09T18:25:09.4587234Z test supports_extra_pages ... ok
2026-10-09T18:25:09.4587497Z 
2026-10-09T18:25:09.4587720Z test result: ok. 3 passed; 0 failed; 0 ignored; 0 measured; 0 filtered out; finished in 2.03s
2026-10-09T18:25:09.4587948Z 
2026-10-09T18:25:09.4590953Z [1m[92m     Running[0m unittests src/lib.rs (target/debug/deps/rustwright_test_macros-0cee4777b848a027)
2026-10-09T18:25:09.5314622Z 
2026-10-09T18:25:09.5315038Z running 0 tests
2026-10-09T18:25:09.5315199Z 
2026-10-09T18:25:09.5346440Z test result: ok. 0 passed; 0 failed; 0 ignored; 0 measured; 0 filtered out; finished in 0.00s
2026-10-09T18:25:09.5346685Z 
2026-10-09T18:25:09.5348619Z [1m[92m   Doc-tests[0m rustwright
2026-10-09T18:25:09.5793093Z 
2026-10-09T18:25:09.5793684Z running 2 tests
2026-10-09T18:25:09.6558723Z test crates/rustwright/src/any.rs - any (line 8) ... ok
2026-10-09T18:25:09.6938719Z test crates/rustwright/src/lib.rs - (line 8) - compile ... ok
2026-10-09T18:25:09.6938962Z 
2026-10-09T18:25:09.6939127Z test result: ok. 2 passed; 0 failed; 0 ignored; 0 measured; 0 filtered out; finished in 0.11s
2026-10-09T18:25:09.6939358Z 
2026-10-09T18:25:09.6956642Z [1m[92m   Doc-tests[0m rustwright_bidi
2026-10-09T18:25:09.7783959Z 
2026-10-09T18:25:09.7784653Z running 1 test
2026-10-09T18:25:09.8139791Z test crates/rustwright-bidi/src/lib.rs - (line 8) - compile ... ok
2026-10-09T18:25:09.8140022Z 
2026-10-09T18:25:09.8140198Z test result: ok. 1 passed; 0 failed; 0 ignored; 0 measured; 0 filtered out; finished in 0.04s
2026-10-09T18:25:09.8140427Z 
2026-10-09T18:25:09.8156075Z [1m[92m   Doc-tests[0m rustwright_browser
2026-10-09T18:25:09.8434800Z 
2026-10-09T18:25:09.8435294Z running 1 test
2026-10-09T18:25:09.9374142Z test crates/rustwright-browser/src/chrome.rs - chrome::Chrome (line 59) ... ok
2026-10-09T18:25:09.9374433Z 
2026-10-09T18:25:09.9374607Z test result: ok. 1 passed; 0 failed; 0 ignored; 0 measured; 0 filtered out; finished in 0.09s
2026-10-09T18:25:09.9374847Z 
2026-10-09T18:25:09.9389032Z [1m[92m   Doc-tests[0m rustwright_cdp
2026-10-09T18:25:10.0834555Z 
2026-10-09T18:25:10.0835231Z running 0 tests
2026-10-09T18:25:10.0835416Z 
2026-10-09T18:25:10.0835643Z test result: ok. 0 passed; 0 failed; 0 ignored; 0 measured; 0 filtered out; finished in 0.00s
2026-10-09T18:25:10.0835949Z 
2026-10-09T18:25:10.0851906Z [1m[92m   Doc-tests[0m rustwright_common
2026-10-09T18:25:10.1038385Z 
2026-10-09T18:25:10.1038802Z running 1 test
2026-10-09T18:25:10.1243018Z test crates/rustwright-common/src/api.rs - api (line 12) - compile ... ok
2026-10-09T18:25:10.1243346Z 
2026-10-09T18:25:10.1243574Z test result: ok. 1 passed; 0 failed; 0 ignored; 0 measured; 0 filtered out; finished in 0.02s
2026-10-09T18:25:10.1243901Z 
2026-10-09T18:25:10.1255370Z [1m[92m   Doc-tests[0m rustwright_core
2026-10-09T18:25:10.1909068Z 
2026-10-09T18:25:10.1909560Z running 2 tests
2026-10-09T18:25:10.2197700Z test crates/rustwright-core/src/browser.rs - browser::Browser::launch (line 46) - compile ... ok
2026-10-09T18:25:10.2762625Z test crates/rustwright-core/src/lib.rs - prelude (line 54) ... ok
2026-10-09T18:25:10.2762946Z 
2026-10-09T18:25:10.2763171Z test result: ok. 2 passed; 0 failed; 0 ignored; 0 measured; 0 filtered out; finished in 0.09s
2026-10-09T18:25:10.2763472Z 
2026-10-09T18:25:10.2776629Z [1m[92m   Doc-tests[0m rustwright_test
2026-10-09T18:25:10.2973230Z 
2026-10-09T18:25:10.2973956Z running 3 tests
2026-10-09T18:25:10.3290657Z test crates/rustwright-test/src/expect.rs - expect (line 7) - compile ... ok
2026-10-09T18:25:10.3576709Z test crates/rustwright-test/src/expect.rs - expect::Expectation::with_timeout (line 50) - compile ... ok
2026-10-09T18:25:10.3875673Z test crates/rustwright-test/src/lib.rs - (line 8) - compile ... ok
2026-10-09T18:25:10.3875961Z 
2026-10-09T18:25:10.3876160Z test result: ok. 3 passed; 0 failed; 0 ignored; 0 measured; 0 filtered out; finished in 0.09s
2026-10-09T18:25:10.3876387Z 
2026-10-09T18:25:10.3890688Z [1m[92m   Doc-tests[0m rustwright_test_macros
2026-10-09T18:25:10.4032635Z 
2026-10-09T18:25:10.4033031Z running 1 test
2026-10-09T18:25:10.4033436Z test crates/rustwright-test-macros/src/lib.rs - rustwright_test (line 14) ... ignored
2026-10-09T18:25:10.4033742Z 
2026-10-09T18:25:10.4033960Z test result: ok. 0 passed; 0 failed; 1 ignored; 0 measured; 0 filtered out; finished in 0.00s
2026-10-09T18:25:10.4034290Z 
2026-10-09T18:25:10.4112249Z ##[group]Run actions/upload-artifact@v4
2026-10-09T18:25:10.4112496Z with:
2026-10-09T18:25:10.4112675Z   name: workspace-chrome-sandbox
2026-10-09T18:25:10.4112881Z   path: target/ci/linux-sandbox/
2026-10-09T18:25:10.4113082Z   if-no-files-found: error
2026-10-09T18:25:10.4113270Z   compression-level: 6
2026-10-09T18:25:10.4113437Z   overwrite: false
2026-10-09T18:25:10.4113609Z   include-hidden-files: false
2026-10-09T18:25:10.4113789Z env:
2026-10-09T18:25:10.4113945Z   CARGO_TERM_COLOR: always
2026-10-09T18:25:10.4114262Z   RUST_BACKTRACE: 1
2026-10-09T18:25:10.4114445Z   CARGO_HOME: /home/runner/.cargo
2026-10-09T18:25:10.4114632Z   CARGO_INCREMENTAL: 0
2026-10-09T18:25:10.4114803Z   CACHE_ON_FAILURE: false
2026-10-09T18:25:10.4115064Z   CHROME_DEVEL_SANDBOX: /usr/local/lib/rustwright-ci/155.0.8059.39/chrome-sandbox
2026-10-09T18:25:10.4115351Z ##[endgroup]
2026-10-09T18:25:10.5358477Z (node:89582) [DEP0040] DeprecationWarning: The `punycode` module is deprecated. Please use a userland alternative instead.
2026-10-09T18:25:10.5358993Z (Use `node --trace-deprecation ...` to show where the warning was created)
2026-10-09T18:25:10.5442703Z With the provided path, there will be 6 files uploaded
2026-10-09T18:25:10.5446876Z Artifact name is valid!
2026-10-09T18:25:10.5452722Z Root directory input is valid!
2026-10-09T18:25:10.8420562Z Beginning upload of artifact content to blob storage
2026-10-09T18:25:10.8630723Z (node:89582) [DEP0169] DeprecationWarning: `url.parse()` behavior is not standardized and prone to errors that have security implications. Use the WHATWG URL API instead. CVEs are not issued for `url.parse()` vulnerabilities.
2026-10-09T18:25:10.9936311Z Uploaded bytes 3397
2026-10-09T18:25:11.0313630Z Finished uploading artifact content to blob storage!
2026-10-09T18:25:11.0314188Z SHA256 digest of uploaded artifact zip is 59422b33a9f2ba539ad4c9ab4f543e82f9a81bf00860b27ddfec5f7b76420784
2026-10-09T18:25:11.0315807Z Finalizing artifact upload
2026-10-09T18:25:11.2784113Z Artifact workspace-chrome-sandbox.zip successfully finalized. Artifact ID 11637906514
2026-10-09T18:25:11.2784815Z Artifact workspace-chrome-sandbox has been successfully uploaded! Final size is 3397 bytes. Artifact ID is 11637906514
2026-10-09T18:25:11.2790272Z Artifact download URL: https://github.com/rsasaki0109/rustwright/actions/runs/37972198887/artifacts/11637906514
2026-10-09T18:25:11.2924201Z Post job cleanup.
2026-10-09T18:25:11.3799650Z ##[group]Cache Configuration
2026-10-09T18:25:11.3800378Z Cache Provider:
2026-10-09T18:25:11.3800993Z     github
2026-10-09T18:25:11.3801364Z Workspaces:
2026-10-09T18:25:11.3801617Z     /home/runner/work/rustwright/rustwright
2026-10-09T18:25:11.3801922Z Cache Paths:
2026-10-09T18:25:11.3802123Z     /home/runner/.cargo/bin
2026-10-09T18:25:11.3802313Z     /home/runner/.cargo/.crates.toml
2026-10-09T18:25:11.3802522Z     /home/runner/.cargo/.crates2.json
2026-10-09T18:25:11.3802715Z     /home/runner/.cargo/registry
2026-10-09T18:25:11.3802892Z     /home/runner/.cargo/git
2026-10-09T18:25:11.3803170Z     /home/runner/work/rustwright/rustwright/target
2026-10-09T18:25:11.3803408Z Restore Key:
2026-10-09T18:25:11.3803572Z     v0-rust-check-Linux-x64-2c4d122c
2026-10-09T18:25:11.3803759Z Cache Key:
2026-10-09T18:25:11.3803928Z     v0-rust-check-Linux-x64-2c4d122c-ed23558d
2026-10-09T18:25:11.3804130Z .. Prefix:
2026-10-09T18:25:11.3804329Z   - v0-rust-check-Linux-x64
2026-10-09T18:25:11.3804520Z .. Environment considered:
2026-10-09T18:25:11.3804691Z   - Rust Versions:
2026-10-09T18:25:11.3804928Z     - 1.99.0 x86_64-unknown-linux-gnu b940084d7eb6a299eb4bfeb8e34901bc051e7ac4
2026-10-09T18:25:11.3805195Z   - CARGO_HOME
2026-10-09T18:25:11.3805359Z   - CARGO_INCREMENTAL
2026-10-09T18:25:11.3805530Z   - CARGO_TERM_COLOR
2026-10-09T18:25:11.3805683Z   - RUST_BACKTRACE
2026-10-09T18:25:11.3805838Z .. Lockfiles considered:
2026-10-09T18:25:11.3806046Z   - /home/runner/work/rustwright/rustwright/Cargo.lock
2026-10-09T18:25:11.3806342Z   - /home/runner/work/rustwright/rustwright/crates/rustwright-bidi/Cargo.toml
2026-10-09T18:25:11.3806690Z   - /home/runner/work/rustwright/rustwright/crates/rustwright-browser/Cargo.toml
2026-10-09T18:25:11.3807036Z   - /home/runner/work/rustwright/rustwright/crates/rustwright-cdp/Cargo.toml
2026-10-09T18:25:11.3807381Z   - /home/runner/work/rustwright/rustwright/crates/rustwright-common/Cargo.toml
2026-10-09T18:25:11.3807724Z   - /home/runner/work/rustwright/rustwright/crates/rustwright-core/Cargo.toml
2026-10-09T18:25:11.3808077Z   - /home/runner/work/rustwright/rustwright/crates/rustwright-test-macros/Cargo.toml
2026-10-09T18:25:11.3808685Z   - /home/runner/work/rustwright/rustwright/crates/rustwright-test/Cargo.toml
2026-10-09T18:25:11.3809012Z   - /home/runner/work/rustwright/rustwright/crates/rustwright/Cargo.toml
2026-10-09T18:25:11.3809433Z   - /home/runner/work/rustwright/rustwright/docs/ci/results/remote-20261009/followup-local/consumer/.cargo/config.toml
2026-10-09T18:25:11.3809945Z   - /home/runner/work/rustwright/rustwright/docs/ci/results/required-browser/release/consumer/.cargo/config.toml
2026-10-09T18:25:11.3810436Z   - /home/runner/work/rustwright/rustwright/docs/release/results/local-package/consumer/.cargo/config.toml
2026-10-09T18:25:11.3810813Z   - /home/runner/work/rustwright/rustwright/examples/Cargo.toml
2026-10-09T18:25:11.3811090Z   - /home/runner/work/rustwright/rustwright/tests/Cargo.toml
2026-10-09T18:25:11.3811729Z ##[endgroup]
2026-10-09T18:25:11.3811833Z 
2026-10-09T18:25:11.6012671Z ... Cleaning /home/runner/work/rustwright/rustwright/target ...
2026-10-09T18:25:11.9228524Z ... Cleaning cargo registry (cache-all-crates: false) ...
2026-10-09T18:25:12.2396427Z ... Cleaning cargo/bin ...
2026-10-09T18:25:12.2424614Z ... Cleaning cargo git cache ...
2026-10-09T18:25:12.2428252Z ... Saving cache ...
2026-10-09T18:25:12.2566205Z [command]/usr/bin/tar --posix -cf cache.tzst --exclude cache.tzst -P -C /home/runner/work/rustwright/rustwright --files-from manifest.txt --use-compress-program zstdmt
2026-10-09T18:25:13.8986995Z Sent 49348608 of 86654959 (56.9%), 47.1 MBs/sec
2026-10-09T18:25:14.7536360Z Sent 86654959 of 86654959 (100.0%), 44.6 MBs/sec
2026-10-09T18:25:14.9203679Z Post job cleanup.
2026-10-09T18:25:14.9826841Z [command]/usr/bin/git version
2026-10-09T18:25:14.9857282Z git version 2.55.0
2026-10-09T18:25:14.9881884Z Temporarily overriding HOME='/home/runner/work/_temp/2fd1468c-12c7-44f9-9e08-150e723d99da' before making global git config changes
2026-10-09T18:25:14.9883047Z Adding repository directory to the temporary git global config as a safe directory
2026-10-09T18:25:14.9885937Z [command]/usr/bin/git config --global --add safe.directory /home/runner/work/rustwright/rustwright
2026-10-09T18:25:14.9914271Z [command]/usr/bin/git config --local --name-only --get-regexp core\.sshCommand
2026-10-09T18:25:14.9938061Z [command]/usr/bin/git submodule foreach --recursive sh -c "git config --local --name-only --get-regexp 'core\.sshCommand' && git config --local --unset-all 'core.sshCommand' || :"
2026-10-09T18:25:15.0105488Z [command]/usr/bin/git config --local --name-only --get-regexp http\.https\:\/\/github\.com\/\.extraheader
2026-10-09T18:25:15.0124183Z http.https://github.com/.extraheader
2026-10-09T18:25:15.0131174Z [command]/usr/bin/git config --local --unset-all http.https://github.com/.extraheader
2026-10-09T18:25:15.0158895Z [command]/usr/bin/git submodule foreach --recursive sh -c "git config --local --name-only --get-regexp 'http\.https\:\/\/github\.com\/\.extraheader' && git config --local --unset-all 'http.https://github.com/.extraheader' || :"
2026-10-09T18:25:15.0341926Z [command]/usr/bin/git config --local --name-only --get-regexp ^includeIf\.gitdir:
2026-10-09T18:25:15.0364437Z [command]/usr/bin/git submodule foreach --recursive git config --local --show-origin --name-only --get-regexp remote.origin.url
2026-10-09T18:25:15.0631938Z Cleaning up orphan processes
2026-10-09T18:25:15.0828905Z ##[warning]Node.js 20 is deprecated. The following actions target Node.js 20 but are being forced to run on Node.js 24: actions/upload-artifact@v4. For more information see: https://github.blog/changelog/2025-09-19-deprecation-of-node-20-on-github-actions-runners/
