   Compiling rustwright-bidi v0.1.0 (/workspace/rustwright/crates/rustwright-bidi)
   Compiling rustwright v0.1.0 (/workspace/rustwright/crates/rustwright)
   Compiling rustwright-integration-tests v0.1.0 (/workspace/rustwright/tests)
    Finished `test` profile [unoptimized + debuginfo] target(s) in 20.46s
     Running http_actionability.rs (target/debug/deps/http_actionability-4979319a40142347)

running 12 tests
test chrome_blocked_prepare_timeout ... Chrome version: Chrome/151.0.7922.173
ok
test chrome_disabled_aria_ancestor ... Chrome version: Chrome/151.0.7922.173
ok
test chrome_disabled_fieldset ... Chrome version: Chrome/151.0.7922.173
ok
test chrome_disabled_timeout ... Chrome version: Chrome/151.0.7922.173
ok
test chrome_move_on_hover ... Chrome version: Chrome/151.0.7922.173
ok
test chrome_transient_overlay ... Chrome version: Chrome/151.0.7922.173
ok
test firefox_blocked_prepare_timeout ... Firefox version: Some("157.0.1")
ok
test firefox_disabled_aria_ancestor ... Firefox version: Some("157.0.1")
ok
test firefox_disabled_fieldset ... Firefox version: Some("157.0.1")
ok
test firefox_disabled_timeout ... Firefox version: Some("157.0.1")
ok
test firefox_move_on_hover ... Firefox version: Some("157.0.1")
ok
test firefox_transient_overlay ... Firefox version: Some("157.0.1")
ok

test result: ok. 12 passed; 0 failed; 0 ignored; 0 measured; 0 filtered out; finished in 18.71s

     Running http_clipped_control.rs (target/debug/deps/http_clipped_control-ff90287c6e7ffd1d)

running 10 tests
test chrome_fixed_control_escapes_clip ... Chrome version: Chrome/151.0.7922.173
width=60 nested=false click=Ok(()) observed=[1,true,0] geometry={"clip":{"bottom":160,"height":60,"left":100,"right":160,"top":100,"width":60,"x":100,"y":100},"hit":"","rect":{"bottom":250,"height":50,"left":300,"right":700,"top":200,"width":400,"x":300,"y":200},"scroll":0}
ok
test chrome_narrow_overflow_control ... Chrome version: Chrome/151.0.7922.173
width=3 nested=false click=Ok(()) observed=[1,true,0] geometry={"clip":{"bottom":160,"height":60,"left":100,"right":103,"top":100,"width":3,"x":100,"y":100},"hit":"go","rect":{"bottom":150,"height":50,"left":-99,"right":301,"top":100,"width":400,"x":-99,"y":100},"scroll":199}
ok
test chrome_nested_overflow_control ... Chrome version: Chrome/151.0.7922.173
width=60 nested=true click=Ok(()) observed=[1,true,0] geometry={"clip":{"bottom":160,"height":60,"left":80,"right":140,"top":100,"width":60,"x":80,"y":100},"hit":"go","rect":{"bottom":150,"height":50,"left":-90,"right":310,"top":100,"width":400,"x":-90,"y":100},"scroll":170}
ok
test chrome_overflow_hidden_control ... Chrome version: Chrome/151.0.7922.173
width=60 nested=false click=Ok(()) observed=[1,true,0] geometry={"clip":{"bottom":160,"height":60,"left":100,"right":160,"top":100,"width":60,"x":100,"y":100},"hit":"go","rect":{"bottom":150,"height":50,"left":-70,"right":330,"top":100,"width":400,"x":-70,"y":100},"scroll":170}
ok
test chrome_scrolled_overflow_control ... Chrome version: Chrome/151.0.7922.173
width=60 nested=false click=Ok(()) observed=[1,true,0] geometry={"clip":{"bottom":281,"height":60,"left":360,"right":420,"top":221,"width":60,"x":360,"y":221},"hit":"","rect":{"bottom":271,"height":50,"left":190,"right":590,"top":221,"width":400,"x":190,"y":221},"scroll":170}
ok
test firefox_fixed_control_escapes_clip ... Firefox version: Some("157.0.1")
width=60 nested=false click=Ok(()) observed=[1,true,0] geometry={"clip":{"bottom":160,"height":60,"left":100,"right":160,"top":100,"width":60,"x":100,"y":100},"hit":"","rect":{"bottom":250,"height":50,"left":300,"right":700,"top":200,"width":400,"x":300,"y":200},"scroll":0}
ok
test firefox_narrow_overflow_control ... Firefox version: Some("157.0.1")
width=3 nested=false click=Ok(()) observed=[1,true,0] geometry={"clip":{"bottom":160,"height":60,"left":100,"right":103,"top":100,"width":3,"x":100,"y":100},"hit":"go","rect":{"bottom":150,"height":50,"left":-98.5,"right":301.5,"top":100,"width":400,"x":-98.5,"y":100},"scroll":198.5}
ok
test firefox_nested_overflow_control ... Firefox version: Some("157.0.1")
width=60 nested=true click=Ok(()) observed=[1,true,0] geometry={"clip":{"bottom":160,"height":60,"left":80,"right":140,"top":100,"width":60,"x":80,"y":100},"hit":"go","rect":{"bottom":150,"height":50,"left":-90,"right":310,"top":100,"width":400,"x":-90,"y":100},"scroll":170}
ok
test firefox_overflow_hidden_control ... Firefox version: Some("157.0.1")
width=60 nested=false click=Ok(()) observed=[1,true,0] geometry={"clip":{"bottom":160,"height":60,"left":100,"right":160,"top":100,"width":60,"x":100,"y":100},"hit":"go","rect":{"bottom":150,"height":50,"left":-70,"right":330,"top":100,"width":400,"x":-70,"y":100},"scroll":170}
ok
test firefox_scrolled_overflow_control ... Firefox version: Some("157.0.1")
width=60 nested=false click=Ok(()) observed=[1,true,0] geometry={"clip":{"bottom":349,"height":60,"left":647,"right":707,"top":289,"width":60,"x":647,"y":289},"hit":"","rect":{"bottom":339,"height":50,"left":477,"right":877,"top":289,"width":400,"x":477,"y":289},"scroll":170}
ok

test result: ok. 10 passed; 0 failed; 0 ignored; 0 measured; 0 filtered out; finished in 10.93s

     Running http_compat.rs (target/debug/deps/http_compat-13835e7b87cc4bc8)

running 24 tests
test chrome_cancelled_wait_recovers ... Chrome version: Chrome/151.0.7922.173
ok
test chrome_closing_page_wakes_wait ... Chrome version: Chrome/151.0.7922.173
ok
test chrome_delayed_and_absent_elements ... Chrome version: Chrome/151.0.7922.173
ok
test chrome_disconnect_wakes_wait ... Chrome version: Chrome/151.0.7922.173
ok
test chrome_frame_click ... Chrome version: Chrome/151.0.7922.173
ok
test chrome_frame_hover_and_keyboard ... Chrome version: Chrome/151.0.7922.173
ok
test chrome_frame_reload ... Chrome version: Chrome/151.0.7922.173
ok
test chrome_isolated_popup_ownership ... Chrome version: Chrome/151.0.7922.173
ok
test chrome_isolated_storage ... Chrome version: Chrome/151.0.7922.173
ok
test chrome_javascript_exceptions ... Chrome version: Chrome/151.0.7922.173
ok
test chrome_navigation_and_forms ... Chrome version: Chrome/151.0.7922.173
ok
test chrome_wait_deadline ... Chrome version: Chrome/151.0.7922.173
ok
test firefox_cancelled_wait_recovers ... Firefox version: Some("157.0.1")
ok
test firefox_closing_page_wakes_wait ... Firefox version: Some("157.0.1")
ok
test firefox_delayed_and_absent_elements ... Firefox version: Some("157.0.1")
ok
test firefox_disconnect_wakes_wait ... Firefox version: Some("157.0.1")
ok
test firefox_frame_click ... Firefox version: Some("157.0.1")
ok
test firefox_frame_hover_and_keyboard ... Firefox version: Some("157.0.1")
ok
test firefox_frame_reload ... Firefox version: Some("157.0.1")
ok
test firefox_isolated_popup_ownership ... Firefox version: Some("157.0.1")
ok
test firefox_isolated_storage ... Firefox version: Some("157.0.1")
ok
test firefox_javascript_exceptions ... Firefox version: Some("157.0.1")
ok
test firefox_navigation_and_forms ... Firefox version: Some("157.0.1")
ok
test firefox_wait_deadline ... Firefox version: Some("157.0.1")
ok

test result: ok. 24 passed; 0 failed; 0 ignored; 0 measured; 0 filtered out; finished in 27.67s

     Running http_contexts.rs (target/debug/deps/http_contexts-7790aada98a9b338)

running 10 tests
test browser_disconnect_wakes_a_pending_page_wait ... ok
test cancelled_popup_wait_does_not_stop_future_discovery ... ok
test closed_pages_are_removed_from_the_context_list ... ok
test concurrent_refresh_shares_one_page_session_and_route_state ... ok
test concurrent_waiters_adopt_distinct_popups ... ok
test connected_browser_excludes_another_clients_isolated_context ... ok
test context_close_wakes_a_pending_page_wait ... ok
test default_discovery_does_not_adopt_isolated_pages ... ok
test default_popup_wait_ignores_isolated_target_created_events ... ok
test isolated_popup_wait_ignores_default_and_other_isolated_contexts ... ok

test result: ok. 10 passed; 0 failed; 0 ignored; 0 measured; 0 filtered out; finished in 6.29s

     Running http_creation.rs (target/debug/deps/http_creation-56c8e51711cc4f3c)

running 2 tests
test chrome_cancelled_creation_releases_native_resources ... {"context_ids":[],"contexts":0,"cycle":1,"engine":"chrome","existing_page_preserved":true,"helper_preloads":null,"mode":"context","page_ids":["4167D254A5525A589C3381D6327D0057","B3DD021E3A002C27A1FD2011D9AEC995"],"pages":2,"pending":0,"subsequent_page_usable":true,"version":"Chrome/151.0.7922.173"}
{"context_ids":[],"contexts":0,"cycle":2,"engine":"chrome","existing_page_preserved":true,"helper_preloads":null,"mode":"context","page_ids":["4167D254A5525A589C3381D6327D0057","B3DD021E3A002C27A1FD2011D9AEC995"],"pages":2,"pending":0,"subsequent_page_usable":true,"version":"Chrome/151.0.7922.173"}
{"context_ids":[],"contexts":0,"cycle":3,"engine":"chrome","existing_page_preserved":true,"helper_preloads":null,"mode":"context","page_ids":["4167D254A5525A589C3381D6327D0057","B3DD021E3A002C27A1FD2011D9AEC995"],"pages":2,"pending":0,"subsequent_page_usable":true,"version":"Chrome/151.0.7922.173"}
{"context_ids":[],"contexts":0,"cycle":4,"engine":"chrome","existing_page_preserved":true,"helper_preloads":null,"mode":"context","page_ids":["4167D254A5525A589C3381D6327D0057","B3DD021E3A002C27A1FD2011D9AEC995"],"pages":2,"pending":0,"subsequent_page_usable":true,"version":"Chrome/151.0.7922.173"}
{"context_ids":[],"contexts":0,"cycle":5,"engine":"chrome","existing_page_preserved":true,"helper_preloads":null,"mode":"context","page_ids":["4167D254A5525A589C3381D6327D0057","B3DD021E3A002C27A1FD2011D9AEC995"],"pages":2,"pending":0,"subsequent_page_usable":true,"version":"Chrome/151.0.7922.173"}
{"context_ids":[],"contexts":0,"cycle":6,"engine":"chrome","existing_page_preserved":true,"helper_preloads":null,"mode":"context","page_ids":["4167D254A5525A589C3381D6327D0057","B3DD021E3A002C27A1FD2011D9AEC995"],"pages":2,"pending":0,"subsequent_page_usable":true,"version":"Chrome/151.0.7922.173"}
{"context_ids":[],"contexts":0,"cycle":7,"engine":"chrome","existing_page_preserved":true,"helper_preloads":null,"mode":"context","page_ids":["4167D254A5525A589C3381D6327D0057","B3DD021E3A002C27A1FD2011D9AEC995"],"pages":2,"pending":0,"subsequent_page_usable":true,"version":"Chrome/151.0.7922.173"}
{"context_ids":[],"contexts":0,"cycle":8,"engine":"chrome","existing_page_preserved":true,"helper_preloads":null,"mode":"context","page_ids":["4167D254A5525A589C3381D6327D0057","B3DD021E3A002C27A1FD2011D9AEC995"],"pages":2,"pending":0,"subsequent_page_usable":true,"version":"Chrome/151.0.7922.173"}
{"context_ids":[],"contexts":0,"cycle":9,"engine":"chrome","existing_page_preserved":true,"helper_preloads":null,"mode":"context","page_ids":["4167D254A5525A589C3381D6327D0057","B3DD021E3A002C27A1FD2011D9AEC995"],"pages":2,"pending":0,"subsequent_page_usable":true,"version":"Chrome/151.0.7922.173"}
{"context_ids":[],"contexts":0,"cycle":10,"engine":"chrome","existing_page_preserved":true,"helper_preloads":null,"mode":"context","page_ids":["4167D254A5525A589C3381D6327D0057","B3DD021E3A002C27A1FD2011D9AEC995"],"pages":2,"pending":0,"subsequent_page_usable":true,"version":"Chrome/151.0.7922.173"}
{"context_ids":[],"contexts":0,"cycle":1,"engine":"chrome","existing_page_preserved":true,"helper_preloads":null,"mode":"default-create","page_ids":["4167D254A5525A589C3381D6327D0057","B3DD021E3A002C27A1FD2011D9AEC995"],"pages":2,"pending":0,"subsequent_page_usable":true,"version":"Chrome/151.0.7922.173"}
{"context_ids":[],"contexts":0,"cycle":2,"engine":"chrome","existing_page_preserved":true,"helper_preloads":null,"mode":"default-create","page_ids":["4167D254A5525A589C3381D6327D0057","B3DD021E3A002C27A1FD2011D9AEC995"],"pages":2,"pending":0,"subsequent_page_usable":true,"version":"Chrome/151.0.7922.173"}
{"context_ids":[],"contexts":0,"cycle":3,"engine":"chrome","existing_page_preserved":true,"helper_preloads":null,"mode":"default-create","page_ids":["4167D254A5525A589C3381D6327D0057","B3DD021E3A002C27A1FD2011D9AEC995"],"pages":2,"pending":0,"subsequent_page_usable":true,"version":"Chrome/151.0.7922.173"}
{"context_ids":[],"contexts":0,"cycle":4,"engine":"chrome","existing_page_preserved":true,"helper_preloads":null,"mode":"default-create","page_ids":["4167D254A5525A589C3381D6327D0057","B3DD021E3A002C27A1FD2011D9AEC995"],"pages":2,"pending":0,"subsequent_page_usable":true,"version":"Chrome/151.0.7922.173"}
{"context_ids":[],"contexts":0,"cycle":5,"engine":"chrome","existing_page_preserved":true,"helper_preloads":null,"mode":"default-create","page_ids":["4167D254A5525A589C3381D6327D0057","B3DD021E3A002C27A1FD2011D9AEC995"],"pages":2,"pending":0,"subsequent_page_usable":true,"version":"Chrome/151.0.7922.173"}
{"context_ids":[],"contexts":0,"cycle":6,"engine":"chrome","existing_page_preserved":true,"helper_preloads":null,"mode":"default-create","page_ids":["4167D254A5525A589C3381D6327D0057","B3DD021E3A002C27A1FD2011D9AEC995"],"pages":2,"pending":0,"subsequent_page_usable":true,"version":"Chrome/151.0.7922.173"}
{"context_ids":[],"contexts":0,"cycle":7,"engine":"chrome","existing_page_preserved":true,"helper_preloads":null,"mode":"default-create","page_ids":["4167D254A5525A589C3381D6327D0057","B3DD021E3A002C27A1FD2011D9AEC995"],"pages":2,"pending":0,"subsequent_page_usable":true,"version":"Chrome/151.0.7922.173"}
{"context_ids":[],"contexts":0,"cycle":8,"engine":"chrome","existing_page_preserved":true,"helper_preloads":null,"mode":"default-create","page_ids":["4167D254A5525A589C3381D6327D0057","B3DD021E3A002C27A1FD2011D9AEC995"],"pages":2,"pending":0,"subsequent_page_usable":true,"version":"Chrome/151.0.7922.173"}
{"context_ids":[],"contexts":0,"cycle":9,"engine":"chrome","existing_page_preserved":true,"helper_preloads":null,"mode":"default-create","page_ids":["4167D254A5525A589C3381D6327D0057","B3DD021E3A002C27A1FD2011D9AEC995"],"pages":2,"pending":0,"subsequent_page_usable":true,"version":"Chrome/151.0.7922.173"}
{"context_ids":[],"contexts":0,"cycle":10,"engine":"chrome","existing_page_preserved":true,"helper_preloads":null,"mode":"default-create","page_ids":["4167D254A5525A589C3381D6327D0057","B3DD021E3A002C27A1FD2011D9AEC995"],"pages":2,"pending":0,"subsequent_page_usable":true,"version":"Chrome/151.0.7922.173"}
{"context_ids":[],"contexts":0,"cycle":1,"engine":"chrome","existing_page_preserved":true,"helper_preloads":null,"mode":"default-init","page_ids":["4167D254A5525A589C3381D6327D0057","B3DD021E3A002C27A1FD2011D9AEC995"],"pages":2,"pending":0,"subsequent_page_usable":true,"version":"Chrome/151.0.7922.173"}
{"context_ids":[],"contexts":0,"cycle":2,"engine":"chrome","existing_page_preserved":true,"helper_preloads":null,"mode":"default-init","page_ids":["4167D254A5525A589C3381D6327D0057","B3DD021E3A002C27A1FD2011D9AEC995"],"pages":2,"pending":0,"subsequent_page_usable":true,"version":"Chrome/151.0.7922.173"}
{"context_ids":[],"contexts":0,"cycle":3,"engine":"chrome","existing_page_preserved":true,"helper_preloads":null,"mode":"default-init","page_ids":["4167D254A5525A589C3381D6327D0057","B3DD021E3A002C27A1FD2011D9AEC995"],"pages":2,"pending":0,"subsequent_page_usable":true,"version":"Chrome/151.0.7922.173"}
{"context_ids":[],"contexts":0,"cycle":4,"engine":"chrome","existing_page_preserved":true,"helper_preloads":null,"mode":"default-init","page_ids":["4167D254A5525A589C3381D6327D0057","B3DD021E3A002C27A1FD2011D9AEC995"],"pages":2,"pending":0,"subsequent_page_usable":true,"version":"Chrome/151.0.7922.173"}
{"context_ids":[],"contexts":0,"cycle":5,"engine":"chrome","existing_page_preserved":true,"helper_preloads":null,"mode":"default-init","page_ids":["4167D254A5525A589C3381D6327D0057","B3DD021E3A002C27A1FD2011D9AEC995"],"pages":2,"pending":0,"subsequent_page_usable":true,"version":"Chrome/151.0.7922.173"}
{"context_ids":[],"contexts":0,"cycle":6,"engine":"chrome","existing_page_preserved":true,"helper_preloads":null,"mode":"default-init","page_ids":["4167D254A5525A589C3381D6327D0057","B3DD021E3A002C27A1FD2011D9AEC995"],"pages":2,"pending":0,"subsequent_page_usable":true,"version":"Chrome/151.0.7922.173"}
{"context_ids":[],"contexts":0,"cycle":7,"engine":"chrome","existing_page_preserved":true,"helper_preloads":null,"mode":"default-init","page_ids":["4167D254A5525A589C3381D6327D0057","B3DD021E3A002C27A1FD2011D9AEC995"],"pages":2,"pending":0,"subsequent_page_usable":true,"version":"Chrome/151.0.7922.173"}
{"context_ids":[],"contexts":0,"cycle":8,"engine":"chrome","existing_page_preserved":true,"helper_preloads":null,"mode":"default-init","page_ids":["4167D254A5525A589C3381D6327D0057","B3DD021E3A002C27A1FD2011D9AEC995"],"pages":2,"pending":0,"subsequent_page_usable":true,"version":"Chrome/151.0.7922.173"}
{"context_ids":[],"contexts":0,"cycle":9,"engine":"chrome","existing_page_preserved":true,"helper_preloads":null,"mode":"default-init","page_ids":["4167D254A5525A589C3381D6327D0057","B3DD021E3A002C27A1FD2011D9AEC995"],"pages":2,"pending":0,"subsequent_page_usable":true,"version":"Chrome/151.0.7922.173"}
{"context_ids":[],"contexts":0,"cycle":10,"engine":"chrome","existing_page_preserved":true,"helper_preloads":null,"mode":"default-init","page_ids":["4167D254A5525A589C3381D6327D0057","B3DD021E3A002C27A1FD2011D9AEC995"],"pages":2,"pending":0,"subsequent_page_usable":true,"version":"Chrome/151.0.7922.173"}
{"context_ids":["C1EE5B30307861D771E66604B77A2871"],"contexts":1,"cycle":1,"engine":"chrome","existing_page_preserved":true,"helper_preloads":null,"mode":"isolated-create","page_ids":["4167D254A5525A589C3381D6327D0057","B3DD021E3A002C27A1FD2011D9AEC995"],"pages":2,"pending":0,"subsequent_page_usable":true,"version":"Chrome/151.0.7922.173"}
{"context_ids":["C1EE5B30307861D771E66604B77A2871"],"contexts":1,"cycle":2,"engine":"chrome","existing_page_preserved":true,"helper_preloads":null,"mode":"isolated-create","page_ids":["4167D254A5525A589C3381D6327D0057","B3DD021E3A002C27A1FD2011D9AEC995"],"pages":2,"pending":0,"subsequent_page_usable":true,"version":"Chrome/151.0.7922.173"}
{"context_ids":["C1EE5B30307861D771E66604B77A2871"],"contexts":1,"cycle":3,"engine":"chrome","existing_page_preserved":true,"helper_preloads":null,"mode":"isolated-create","page_ids":["4167D254A5525A589C3381D6327D0057","B3DD021E3A002C27A1FD2011D9AEC995"],"pages":2,"pending":0,"subsequent_page_usable":true,"version":"Chrome/151.0.7922.173"}
{"context_ids":["C1EE5B30307861D771E66604B77A2871"],"contexts":1,"cycle":4,"engine":"chrome","existing_page_preserved":true,"helper_preloads":null,"mode":"isolated-create","page_ids":["4167D254A5525A589C3381D6327D0057","B3DD021E3A002C27A1FD2011D9AEC995"],"pages":2,"pending":0,"subsequent_page_usable":true,"version":"Chrome/151.0.7922.173"}
{"context_ids":["C1EE5B30307861D771E66604B77A2871"],"contexts":1,"cycle":5,"engine":"chrome","existing_page_preserved":true,"helper_preloads":null,"mode":"isolated-create","page_ids":["4167D254A5525A589C3381D6327D0057","B3DD021E3A002C27A1FD2011D9AEC995"],"pages":2,"pending":0,"subsequent_page_usable":true,"version":"Chrome/151.0.7922.173"}
{"context_ids":["C1EE5B30307861D771E66604B77A2871"],"contexts":1,"cycle":6,"engine":"chrome","existing_page_preserved":true,"helper_preloads":null,"mode":"isolated-create","page_ids":["4167D254A5525A589C3381D6327D0057","B3DD021E3A002C27A1FD2011D9AEC995"],"pages":2,"pending":0,"subsequent_page_usable":true,"version":"Chrome/151.0.7922.173"}
{"context_ids":["C1EE5B30307861D771E66604B77A2871"],"contexts":1,"cycle":7,"engine":"chrome","existing_page_preserved":true,"helper_preloads":null,"mode":"isolated-create","page_ids":["4167D254A5525A589C3381D6327D0057","B3DD021E3A002C27A1FD2011D9AEC995"],"pages":2,"pending":0,"subsequent_page_usable":true,"version":"Chrome/151.0.7922.173"}
{"context_ids":["C1EE5B30307861D771E66604B77A2871"],"contexts":1,"cycle":8,"engine":"chrome","existing_page_preserved":true,"helper_preloads":null,"mode":"isolated-create","page_ids":["4167D254A5525A589C3381D6327D0057","B3DD021E3A002C27A1FD2011D9AEC995"],"pages":2,"pending":0,"subsequent_page_usable":true,"version":"Chrome/151.0.7922.173"}
{"context_ids":["C1EE5B30307861D771E66604B77A2871"],"contexts":1,"cycle":9,"engine":"chrome","existing_page_preserved":true,"helper_preloads":null,"mode":"isolated-create","page_ids":["4167D254A5525A589C3381D6327D0057","B3DD021E3A002C27A1FD2011D9AEC995"],"pages":2,"pending":0,"subsequent_page_usable":true,"version":"Chrome/151.0.7922.173"}
{"context_ids":["C1EE5B30307861D771E66604B77A2871"],"contexts":1,"cycle":10,"engine":"chrome","existing_page_preserved":true,"helper_preloads":null,"mode":"isolated-create","page_ids":["4167D254A5525A589C3381D6327D0057","B3DD021E3A002C27A1FD2011D9AEC995"],"pages":2,"pending":0,"subsequent_page_usable":true,"version":"Chrome/151.0.7922.173"}
{"context_ids":["58FFE0E260BF880A3D2A28A87BCB355D"],"contexts":1,"cycle":1,"engine":"chrome","existing_page_preserved":true,"helper_preloads":null,"mode":"isolated-init","page_ids":["4167D254A5525A589C3381D6327D0057","B3DD021E3A002C27A1FD2011D9AEC995"],"pages":2,"pending":0,"subsequent_page_usable":true,"version":"Chrome/151.0.7922.173"}
{"context_ids":["58FFE0E260BF880A3D2A28A87BCB355D"],"contexts":1,"cycle":2,"engine":"chrome","existing_page_preserved":true,"helper_preloads":null,"mode":"isolated-init","page_ids":["4167D254A5525A589C3381D6327D0057","B3DD021E3A002C27A1FD2011D9AEC995"],"pages":2,"pending":0,"subsequent_page_usable":true,"version":"Chrome/151.0.7922.173"}
{"context_ids":["58FFE0E260BF880A3D2A28A87BCB355D"],"contexts":1,"cycle":3,"engine":"chrome","existing_page_preserved":true,"helper_preloads":null,"mode":"isolated-init","page_ids":["4167D254A5525A589C3381D6327D0057","B3DD021E3A002C27A1FD2011D9AEC995"],"pages":2,"pending":0,"subsequent_page_usable":true,"version":"Chrome/151.0.7922.173"}
{"context_ids":["58FFE0E260BF880A3D2A28A87BCB355D"],"contexts":1,"cycle":4,"engine":"chrome","existing_page_preserved":true,"helper_preloads":null,"mode":"isolated-init","page_ids":["4167D254A5525A589C3381D6327D0057","B3DD021E3A002C27A1FD2011D9AEC995"],"pages":2,"pending":0,"subsequent_page_usable":true,"version":"Chrome/151.0.7922.173"}
{"context_ids":["58FFE0E260BF880A3D2A28A87BCB355D"],"contexts":1,"cycle":5,"engine":"chrome","existing_page_preserved":true,"helper_preloads":null,"mode":"isolated-init","page_ids":["4167D254A5525A589C3381D6327D0057","B3DD021E3A002C27A1FD2011D9AEC995"],"pages":2,"pending":0,"subsequent_page_usable":true,"version":"Chrome/151.0.7922.173"}
{"context_ids":["58FFE0E260BF880A3D2A28A87BCB355D"],"contexts":1,"cycle":6,"engine":"chrome","existing_page_preserved":true,"helper_preloads":null,"mode":"isolated-init","page_ids":["4167D254A5525A589C3381D6327D0057","B3DD021E3A002C27A1FD2011D9AEC995"],"pages":2,"pending":0,"subsequent_page_usable":true,"version":"Chrome/151.0.7922.173"}
{"context_ids":["58FFE0E260BF880A3D2A28A87BCB355D"],"contexts":1,"cycle":7,"engine":"chrome","existing_page_preserved":true,"helper_preloads":null,"mode":"isolated-init","page_ids":["4167D254A5525A589C3381D6327D0057","B3DD021E3A002C27A1FD2011D9AEC995"],"pages":2,"pending":0,"subsequent_page_usable":true,"version":"Chrome/151.0.7922.173"}
{"context_ids":["58FFE0E260BF880A3D2A28A87BCB355D"],"contexts":1,"cycle":8,"engine":"chrome","existing_page_preserved":true,"helper_preloads":null,"mode":"isolated-init","page_ids":["4167D254A5525A589C3381D6327D0057","B3DD021E3A002C27A1FD2011D9AEC995"],"pages":2,"pending":0,"subsequent_page_usable":true,"version":"Chrome/151.0.7922.173"}
{"context_ids":["58FFE0E260BF880A3D2A28A87BCB355D"],"contexts":1,"cycle":9,"engine":"chrome","existing_page_preserved":true,"helper_preloads":null,"mode":"isolated-init","page_ids":["4167D254A5525A589C3381D6327D0057","B3DD021E3A002C27A1FD2011D9AEC995"],"pages":2,"pending":0,"subsequent_page_usable":true,"version":"Chrome/151.0.7922.173"}
{"context_ids":["58FFE0E260BF880A3D2A28A87BCB355D"],"contexts":1,"cycle":10,"engine":"chrome","existing_page_preserved":true,"helper_preloads":null,"mode":"isolated-init","page_ids":["4167D254A5525A589C3381D6327D0057","B3DD021E3A002C27A1FD2011D9AEC995"],"pages":2,"pending":0,"subsequent_page_usable":true,"version":"Chrome/151.0.7922.173"}
ok
test firefox_cancelled_creation_releases_native_resources ... {"context_ids":["088d805b-82ee-4722-8139-deaeac364fdb","8d858c46-c349-4a66-a64b-e7ebfd75175f","a8d3f04b-5321-44b8-8cd7-3c1ed5937654","b4732c18-edf4-4649-9c00-06a844b3bfc7","default"],"contexts":5,"cycle":1,"engine":"firefox","existing_page_preserved":true,"helper_preloads":1,"mode":"context","page_ids":["18ec7004-48fa-446a-bfdc-c270a86503df","8d467393-c8c9-4c65-97f9-f9b8748757dc"],"pages":2,"pending":0,"subsequent_page_usable":true,"version":"157.0.1"}
{"context_ids":["088d805b-82ee-4722-8139-deaeac364fdb","8d858c46-c349-4a66-a64b-e7ebfd75175f","a8d3f04b-5321-44b8-8cd7-3c1ed5937654","b4732c18-edf4-4649-9c00-06a844b3bfc7","default"],"contexts":5,"cycle":2,"engine":"firefox","existing_page_preserved":true,"helper_preloads":1,"mode":"context","page_ids":["18ec7004-48fa-446a-bfdc-c270a86503df","8d467393-c8c9-4c65-97f9-f9b8748757dc"],"pages":2,"pending":0,"subsequent_page_usable":true,"version":"157.0.1"}
{"context_ids":["088d805b-82ee-4722-8139-deaeac364fdb","8d858c46-c349-4a66-a64b-e7ebfd75175f","a8d3f04b-5321-44b8-8cd7-3c1ed5937654","b4732c18-edf4-4649-9c00-06a844b3bfc7","default"],"contexts":5,"cycle":3,"engine":"firefox","existing_page_preserved":true,"helper_preloads":1,"mode":"context","page_ids":["18ec7004-48fa-446a-bfdc-c270a86503df","8d467393-c8c9-4c65-97f9-f9b8748757dc"],"pages":2,"pending":0,"subsequent_page_usable":true,"version":"157.0.1"}
{"context_ids":["088d805b-82ee-4722-8139-deaeac364fdb","8d858c46-c349-4a66-a64b-e7ebfd75175f","a8d3f04b-5321-44b8-8cd7-3c1ed5937654","b4732c18-edf4-4649-9c00-06a844b3bfc7","default"],"contexts":5,"cycle":4,"engine":"firefox","existing_page_preserved":true,"helper_preloads":1,"mode":"context","page_ids":["18ec7004-48fa-446a-bfdc-c270a86503df","8d467393-c8c9-4c65-97f9-f9b8748757dc"],"pages":2,"pending":0,"subsequent_page_usable":true,"version":"157.0.1"}
{"context_ids":["088d805b-82ee-4722-8139-deaeac364fdb","8d858c46-c349-4a66-a64b-e7ebfd75175f","a8d3f04b-5321-44b8-8cd7-3c1ed5937654","b4732c18-edf4-4649-9c00-06a844b3bfc7","default"],"contexts":5,"cycle":5,"engine":"firefox","existing_page_preserved":true,"helper_preloads":1,"mode":"context","page_ids":["18ec7004-48fa-446a-bfdc-c270a86503df","8d467393-c8c9-4c65-97f9-f9b8748757dc"],"pages":2,"pending":0,"subsequent_page_usable":true,"version":"157.0.1"}
{"context_ids":["088d805b-82ee-4722-8139-deaeac364fdb","8d858c46-c349-4a66-a64b-e7ebfd75175f","a8d3f04b-5321-44b8-8cd7-3c1ed5937654","b4732c18-edf4-4649-9c00-06a844b3bfc7","default"],"contexts":5,"cycle":6,"engine":"firefox","existing_page_preserved":true,"helper_preloads":1,"mode":"context","page_ids":["18ec7004-48fa-446a-bfdc-c270a86503df","8d467393-c8c9-4c65-97f9-f9b8748757dc"],"pages":2,"pending":0,"subsequent_page_usable":true,"version":"157.0.1"}
{"context_ids":["088d805b-82ee-4722-8139-deaeac364fdb","8d858c46-c349-4a66-a64b-e7ebfd75175f","a8d3f04b-5321-44b8-8cd7-3c1ed5937654","b4732c18-edf4-4649-9c00-06a844b3bfc7","default"],"contexts":5,"cycle":7,"engine":"firefox","existing_page_preserved":true,"helper_preloads":1,"mode":"context","page_ids":["18ec7004-48fa-446a-bfdc-c270a86503df","8d467393-c8c9-4c65-97f9-f9b8748757dc"],"pages":2,"pending":0,"subsequent_page_usable":true,"version":"157.0.1"}
{"context_ids":["088d805b-82ee-4722-8139-deaeac364fdb","8d858c46-c349-4a66-a64b-e7ebfd75175f","a8d3f04b-5321-44b8-8cd7-3c1ed5937654","b4732c18-edf4-4649-9c00-06a844b3bfc7","default"],"contexts":5,"cycle":8,"engine":"firefox","existing_page_preserved":true,"helper_preloads":1,"mode":"context","page_ids":["18ec7004-48fa-446a-bfdc-c270a86503df","8d467393-c8c9-4c65-97f9-f9b8748757dc"],"pages":2,"pending":0,"subsequent_page_usable":true,"version":"157.0.1"}
{"context_ids":["088d805b-82ee-4722-8139-deaeac364fdb","8d858c46-c349-4a66-a64b-e7ebfd75175f","a8d3f04b-5321-44b8-8cd7-3c1ed5937654","b4732c18-edf4-4649-9c00-06a844b3bfc7","default"],"contexts":5,"cycle":9,"engine":"firefox","existing_page_preserved":true,"helper_preloads":1,"mode":"context","page_ids":["18ec7004-48fa-446a-bfdc-c270a86503df","8d467393-c8c9-4c65-97f9-f9b8748757dc"],"pages":2,"pending":0,"subsequent_page_usable":true,"version":"157.0.1"}
{"context_ids":["088d805b-82ee-4722-8139-deaeac364fdb","8d858c46-c349-4a66-a64b-e7ebfd75175f","a8d3f04b-5321-44b8-8cd7-3c1ed5937654","b4732c18-edf4-4649-9c00-06a844b3bfc7","default"],"contexts":5,"cycle":10,"engine":"firefox","existing_page_preserved":true,"helper_preloads":1,"mode":"context","page_ids":["18ec7004-48fa-446a-bfdc-c270a86503df","8d467393-c8c9-4c65-97f9-f9b8748757dc"],"pages":2,"pending":0,"subsequent_page_usable":true,"version":"157.0.1"}
{"context_ids":["088d805b-82ee-4722-8139-deaeac364fdb","8d858c46-c349-4a66-a64b-e7ebfd75175f","a8d3f04b-5321-44b8-8cd7-3c1ed5937654","b4732c18-edf4-4649-9c00-06a844b3bfc7","default"],"contexts":5,"cycle":1,"engine":"firefox","existing_page_preserved":true,"helper_preloads":1,"mode":"default-create","page_ids":["18ec7004-48fa-446a-bfdc-c270a86503df","8d467393-c8c9-4c65-97f9-f9b8748757dc"],"pages":2,"pending":0,"subsequent_page_usable":true,"version":"157.0.1"}
{"context_ids":["088d805b-82ee-4722-8139-deaeac364fdb","8d858c46-c349-4a66-a64b-e7ebfd75175f","a8d3f04b-5321-44b8-8cd7-3c1ed5937654","b4732c18-edf4-4649-9c00-06a844b3bfc7","default"],"contexts":5,"cycle":2,"engine":"firefox","existing_page_preserved":true,"helper_preloads":1,"mode":"default-create","page_ids":["18ec7004-48fa-446a-bfdc-c270a86503df","8d467393-c8c9-4c65-97f9-f9b8748757dc"],"pages":2,"pending":0,"subsequent_page_usable":true,"version":"157.0.1"}
{"context_ids":["088d805b-82ee-4722-8139-deaeac364fdb","8d858c46-c349-4a66-a64b-e7ebfd75175f","a8d3f04b-5321-44b8-8cd7-3c1ed5937654","b4732c18-edf4-4649-9c00-06a844b3bfc7","default"],"contexts":5,"cycle":3,"engine":"firefox","existing_page_preserved":true,"helper_preloads":1,"mode":"default-create","page_ids":["18ec7004-48fa-446a-bfdc-c270a86503df","8d467393-c8c9-4c65-97f9-f9b8748757dc"],"pages":2,"pending":0,"subsequent_page_usable":true,"version":"157.0.1"}
{"context_ids":["088d805b-82ee-4722-8139-deaeac364fdb","8d858c46-c349-4a66-a64b-e7ebfd75175f","a8d3f04b-5321-44b8-8cd7-3c1ed5937654","b4732c18-edf4-4649-9c00-06a844b3bfc7","default"],"contexts":5,"cycle":4,"engine":"firefox","existing_page_preserved":true,"helper_preloads":1,"mode":"default-create","page_ids":["18ec7004-48fa-446a-bfdc-c270a86503df","8d467393-c8c9-4c65-97f9-f9b8748757dc"],"pages":2,"pending":0,"subsequent_page_usable":true,"version":"157.0.1"}
{"context_ids":["088d805b-82ee-4722-8139-deaeac364fdb","8d858c46-c349-4a66-a64b-e7ebfd75175f","a8d3f04b-5321-44b8-8cd7-3c1ed5937654","b4732c18-edf4-4649-9c00-06a844b3bfc7","default"],"contexts":5,"cycle":5,"engine":"firefox","existing_page_preserved":true,"helper_preloads":1,"mode":"default-create","page_ids":["18ec7004-48fa-446a-bfdc-c270a86503df","8d467393-c8c9-4c65-97f9-f9b8748757dc"],"pages":2,"pending":0,"subsequent_page_usable":true,"version":"157.0.1"}
{"context_ids":["088d805b-82ee-4722-8139-deaeac364fdb","8d858c46-c349-4a66-a64b-e7ebfd75175f","a8d3f04b-5321-44b8-8cd7-3c1ed5937654","b4732c18-edf4-4649-9c00-06a844b3bfc7","default"],"contexts":5,"cycle":6,"engine":"firefox","existing_page_preserved":true,"helper_preloads":1,"mode":"default-create","page_ids":["18ec7004-48fa-446a-bfdc-c270a86503df","8d467393-c8c9-4c65-97f9-f9b8748757dc"],"pages":2,"pending":0,"subsequent_page_usable":true,"version":"157.0.1"}
{"context_ids":["088d805b-82ee-4722-8139-deaeac364fdb","8d858c46-c349-4a66-a64b-e7ebfd75175f","a8d3f04b-5321-44b8-8cd7-3c1ed5937654","b4732c18-edf4-4649-9c00-06a844b3bfc7","default"],"contexts":5,"cycle":7,"engine":"firefox","existing_page_preserved":true,"helper_preloads":1,"mode":"default-create","page_ids":["18ec7004-48fa-446a-bfdc-c270a86503df","8d467393-c8c9-4c65-97f9-f9b8748757dc"],"pages":2,"pending":0,"subsequent_page_usable":true,"version":"157.0.1"}
{"context_ids":["088d805b-82ee-4722-8139-deaeac364fdb","8d858c46-c349-4a66-a64b-e7ebfd75175f","a8d3f04b-5321-44b8-8cd7-3c1ed5937654","b4732c18-edf4-4649-9c00-06a844b3bfc7","default"],"contexts":5,"cycle":8,"engine":"firefox","existing_page_preserved":true,"helper_preloads":1,"mode":"default-create","page_ids":["18ec7004-48fa-446a-bfdc-c270a86503df","8d467393-c8c9-4c65-97f9-f9b8748757dc"],"pages":2,"pending":0,"subsequent_page_usable":true,"version":"157.0.1"}
{"context_ids":["088d805b-82ee-4722-8139-deaeac364fdb","8d858c46-c349-4a66-a64b-e7ebfd75175f","a8d3f04b-5321-44b8-8cd7-3c1ed5937654","b4732c18-edf4-4649-9c00-06a844b3bfc7","default"],"contexts":5,"cycle":9,"engine":"firefox","existing_page_preserved":true,"helper_preloads":1,"mode":"default-create","page_ids":["18ec7004-48fa-446a-bfdc-c270a86503df","8d467393-c8c9-4c65-97f9-f9b8748757dc"],"pages":2,"pending":0,"subsequent_page_usable":true,"version":"157.0.1"}
{"context_ids":["088d805b-82ee-4722-8139-deaeac364fdb","8d858c46-c349-4a66-a64b-e7ebfd75175f","a8d3f04b-5321-44b8-8cd7-3c1ed5937654","b4732c18-edf4-4649-9c00-06a844b3bfc7","default"],"contexts":5,"cycle":10,"engine":"firefox","existing_page_preserved":true,"helper_preloads":1,"mode":"default-create","page_ids":["18ec7004-48fa-446a-bfdc-c270a86503df","8d467393-c8c9-4c65-97f9-f9b8748757dc"],"pages":2,"pending":0,"subsequent_page_usable":true,"version":"157.0.1"}
{"context_ids":["088d805b-82ee-4722-8139-deaeac364fdb","8d858c46-c349-4a66-a64b-e7ebfd75175f","a8d3f04b-5321-44b8-8cd7-3c1ed5937654","b4732c18-edf4-4649-9c00-06a844b3bfc7","default"],"contexts":5,"cycle":1,"engine":"firefox","existing_page_preserved":true,"helper_preloads":1,"mode":"default-init","page_ids":["18ec7004-48fa-446a-bfdc-c270a86503df","8d467393-c8c9-4c65-97f9-f9b8748757dc"],"pages":2,"pending":0,"subsequent_page_usable":true,"version":"157.0.1"}
{"context_ids":["088d805b-82ee-4722-8139-deaeac364fdb","8d858c46-c349-4a66-a64b-e7ebfd75175f","a8d3f04b-5321-44b8-8cd7-3c1ed5937654","b4732c18-edf4-4649-9c00-06a844b3bfc7","default"],"contexts":5,"cycle":2,"engine":"firefox","existing_page_preserved":true,"helper_preloads":1,"mode":"default-init","page_ids":["18ec7004-48fa-446a-bfdc-c270a86503df","8d467393-c8c9-4c65-97f9-f9b8748757dc"],"pages":2,"pending":0,"subsequent_page_usable":true,"version":"157.0.1"}
{"context_ids":["088d805b-82ee-4722-8139-deaeac364fdb","8d858c46-c349-4a66-a64b-e7ebfd75175f","a8d3f04b-5321-44b8-8cd7-3c1ed5937654","b4732c18-edf4-4649-9c00-06a844b3bfc7","default"],"contexts":5,"cycle":3,"engine":"firefox","existing_page_preserved":true,"helper_preloads":1,"mode":"default-init","page_ids":["18ec7004-48fa-446a-bfdc-c270a86503df","8d467393-c8c9-4c65-97f9-f9b8748757dc"],"pages":2,"pending":0,"subsequent_page_usable":true,"version":"157.0.1"}
{"context_ids":["088d805b-82ee-4722-8139-deaeac364fdb","8d858c46-c349-4a66-a64b-e7ebfd75175f","a8d3f04b-5321-44b8-8cd7-3c1ed5937654","b4732c18-edf4-4649-9c00-06a844b3bfc7","default"],"contexts":5,"cycle":4,"engine":"firefox","existing_page_preserved":true,"helper_preloads":1,"mode":"default-init","page_ids":["18ec7004-48fa-446a-bfdc-c270a86503df","8d467393-c8c9-4c65-97f9-f9b8748757dc"],"pages":2,"pending":0,"subsequent_page_usable":true,"version":"157.0.1"}
{"context_ids":["088d805b-82ee-4722-8139-deaeac364fdb","8d858c46-c349-4a66-a64b-e7ebfd75175f","a8d3f04b-5321-44b8-8cd7-3c1ed5937654","b4732c18-edf4-4649-9c00-06a844b3bfc7","default"],"contexts":5,"cycle":5,"engine":"firefox","existing_page_preserved":true,"helper_preloads":1,"mode":"default-init","page_ids":["18ec7004-48fa-446a-bfdc-c270a86503df","8d467393-c8c9-4c65-97f9-f9b8748757dc"],"pages":2,"pending":0,"subsequent_page_usable":true,"version":"157.0.1"}
{"context_ids":["088d805b-82ee-4722-8139-deaeac364fdb","8d858c46-c349-4a66-a64b-e7ebfd75175f","a8d3f04b-5321-44b8-8cd7-3c1ed5937654","b4732c18-edf4-4649-9c00-06a844b3bfc7","default"],"contexts":5,"cycle":6,"engine":"firefox","existing_page_preserved":true,"helper_preloads":1,"mode":"default-init","page_ids":["18ec7004-48fa-446a-bfdc-c270a86503df","8d467393-c8c9-4c65-97f9-f9b8748757dc"],"pages":2,"pending":0,"subsequent_page_usable":true,"version":"157.0.1"}
{"context_ids":["088d805b-82ee-4722-8139-deaeac364fdb","8d858c46-c349-4a66-a64b-e7ebfd75175f","a8d3f04b-5321-44b8-8cd7-3c1ed5937654","b4732c18-edf4-4649-9c00-06a844b3bfc7","default"],"contexts":5,"cycle":7,"engine":"firefox","existing_page_preserved":true,"helper_preloads":1,"mode":"default-init","page_ids":["18ec7004-48fa-446a-bfdc-c270a86503df","8d467393-c8c9-4c65-97f9-f9b8748757dc"],"pages":2,"pending":0,"subsequent_page_usable":true,"version":"157.0.1"}
{"context_ids":["088d805b-82ee-4722-8139-deaeac364fdb","8d858c46-c349-4a66-a64b-e7ebfd75175f","a8d3f04b-5321-44b8-8cd7-3c1ed5937654","b4732c18-edf4-4649-9c00-06a844b3bfc7","default"],"contexts":5,"cycle":8,"engine":"firefox","existing_page_preserved":true,"helper_preloads":1,"mode":"default-init","page_ids":["18ec7004-48fa-446a-bfdc-c270a86503df","8d467393-c8c9-4c65-97f9-f9b8748757dc"],"pages":2,"pending":0,"subsequent_page_usable":true,"version":"157.0.1"}
{"context_ids":["088d805b-82ee-4722-8139-deaeac364fdb","8d858c46-c349-4a66-a64b-e7ebfd75175f","a8d3f04b-5321-44b8-8cd7-3c1ed5937654","b4732c18-edf4-4649-9c00-06a844b3bfc7","default"],"contexts":5,"cycle":9,"engine":"firefox","existing_page_preserved":true,"helper_preloads":1,"mode":"default-init","page_ids":["18ec7004-48fa-446a-bfdc-c270a86503df","8d467393-c8c9-4c65-97f9-f9b8748757dc"],"pages":2,"pending":0,"subsequent_page_usable":true,"version":"157.0.1"}
{"context_ids":["088d805b-82ee-4722-8139-deaeac364fdb","8d858c46-c349-4a66-a64b-e7ebfd75175f","a8d3f04b-5321-44b8-8cd7-3c1ed5937654","b4732c18-edf4-4649-9c00-06a844b3bfc7","default"],"contexts":5,"cycle":10,"engine":"firefox","existing_page_preserved":true,"helper_preloads":1,"mode":"default-init","page_ids":["18ec7004-48fa-446a-bfdc-c270a86503df","8d467393-c8c9-4c65-97f9-f9b8748757dc"],"pages":2,"pending":0,"subsequent_page_usable":true,"version":"157.0.1"}
{"context_ids":["088d805b-82ee-4722-8139-deaeac364fdb","64f2a893-bba5-4cfb-8292-0e77712927c9","8d858c46-c349-4a66-a64b-e7ebfd75175f","a8d3f04b-5321-44b8-8cd7-3c1ed5937654","b4732c18-edf4-4649-9c00-06a844b3bfc7","default"],"contexts":6,"cycle":1,"engine":"firefox","existing_page_preserved":true,"helper_preloads":1,"mode":"isolated-create","page_ids":["18ec7004-48fa-446a-bfdc-c270a86503df","8d467393-c8c9-4c65-97f9-f9b8748757dc"],"pages":2,"pending":0,"subsequent_page_usable":true,"version":"157.0.1"}
{"context_ids":["088d805b-82ee-4722-8139-deaeac364fdb","64f2a893-bba5-4cfb-8292-0e77712927c9","8d858c46-c349-4a66-a64b-e7ebfd75175f","a8d3f04b-5321-44b8-8cd7-3c1ed5937654","b4732c18-edf4-4649-9c00-06a844b3bfc7","default"],"contexts":6,"cycle":2,"engine":"firefox","existing_page_preserved":true,"helper_preloads":1,"mode":"isolated-create","page_ids":["18ec7004-48fa-446a-bfdc-c270a86503df","8d467393-c8c9-4c65-97f9-f9b8748757dc"],"pages":2,"pending":0,"subsequent_page_usable":true,"version":"157.0.1"}
{"context_ids":["088d805b-82ee-4722-8139-deaeac364fdb","64f2a893-bba5-4cfb-8292-0e77712927c9","8d858c46-c349-4a66-a64b-e7ebfd75175f","a8d3f04b-5321-44b8-8cd7-3c1ed5937654","b4732c18-edf4-4649-9c00-06a844b3bfc7","default"],"contexts":6,"cycle":3,"engine":"firefox","existing_page_preserved":true,"helper_preloads":1,"mode":"isolated-create","page_ids":["18ec7004-48fa-446a-bfdc-c270a86503df","8d467393-c8c9-4c65-97f9-f9b8748757dc"],"pages":2,"pending":0,"subsequent_page_usable":true,"version":"157.0.1"}
{"context_ids":["088d805b-82ee-4722-8139-deaeac364fdb","64f2a893-bba5-4cfb-8292-0e77712927c9","8d858c46-c349-4a66-a64b-e7ebfd75175f","a8d3f04b-5321-44b8-8cd7-3c1ed5937654","b4732c18-edf4-4649-9c00-06a844b3bfc7","default"],"contexts":6,"cycle":4,"engine":"firefox","existing_page_preserved":true,"helper_preloads":1,"mode":"isolated-create","page_ids":["18ec7004-48fa-446a-bfdc-c270a86503df","8d467393-c8c9-4c65-97f9-f9b8748757dc"],"pages":2,"pending":0,"subsequent_page_usable":true,"version":"157.0.1"}
{"context_ids":["088d805b-82ee-4722-8139-deaeac364fdb","64f2a893-bba5-4cfb-8292-0e77712927c9","8d858c46-c349-4a66-a64b-e7ebfd75175f","a8d3f04b-5321-44b8-8cd7-3c1ed5937654","b4732c18-edf4-4649-9c00-06a844b3bfc7","default"],"contexts":6,"cycle":5,"engine":"firefox","existing_page_preserved":true,"helper_preloads":1,"mode":"isolated-create","page_ids":["18ec7004-48fa-446a-bfdc-c270a86503df","8d467393-c8c9-4c65-97f9-f9b8748757dc"],"pages":2,"pending":0,"subsequent_page_usable":true,"version":"157.0.1"}
{"context_ids":["088d805b-82ee-4722-8139-deaeac364fdb","64f2a893-bba5-4cfb-8292-0e77712927c9","8d858c46-c349-4a66-a64b-e7ebfd75175f","a8d3f04b-5321-44b8-8cd7-3c1ed5937654","b4732c18-edf4-4649-9c00-06a844b3bfc7","default"],"contexts":6,"cycle":6,"engine":"firefox","existing_page_preserved":true,"helper_preloads":1,"mode":"isolated-create","page_ids":["18ec7004-48fa-446a-bfdc-c270a86503df","8d467393-c8c9-4c65-97f9-f9b8748757dc"],"pages":2,"pending":0,"subsequent_page_usable":true,"version":"157.0.1"}
{"context_ids":["088d805b-82ee-4722-8139-deaeac364fdb","64f2a893-bba5-4cfb-8292-0e77712927c9","8d858c46-c349-4a66-a64b-e7ebfd75175f","a8d3f04b-5321-44b8-8cd7-3c1ed5937654","b4732c18-edf4-4649-9c00-06a844b3bfc7","default"],"contexts":6,"cycle":7,"engine":"firefox","existing_page_preserved":true,"helper_preloads":1,"mode":"isolated-create","page_ids":["18ec7004-48fa-446a-bfdc-c270a86503df","8d467393-c8c9-4c65-97f9-f9b8748757dc"],"pages":2,"pending":0,"subsequent_page_usable":true,"version":"157.0.1"}
{"context_ids":["088d805b-82ee-4722-8139-deaeac364fdb","64f2a893-bba5-4cfb-8292-0e77712927c9","8d858c46-c349-4a66-a64b-e7ebfd75175f","a8d3f04b-5321-44b8-8cd7-3c1ed5937654","b4732c18-edf4-4649-9c00-06a844b3bfc7","default"],"contexts":6,"cycle":8,"engine":"firefox","existing_page_preserved":true,"helper_preloads":1,"mode":"isolated-create","page_ids":["18ec7004-48fa-446a-bfdc-c270a86503df","8d467393-c8c9-4c65-97f9-f9b8748757dc"],"pages":2,"pending":0,"subsequent_page_usable":true,"version":"157.0.1"}
{"context_ids":["088d805b-82ee-4722-8139-deaeac364fdb","64f2a893-bba5-4cfb-8292-0e77712927c9","8d858c46-c349-4a66-a64b-e7ebfd75175f","a8d3f04b-5321-44b8-8cd7-3c1ed5937654","b4732c18-edf4-4649-9c00-06a844b3bfc7","default"],"contexts":6,"cycle":9,"engine":"firefox","existing_page_preserved":true,"helper_preloads":1,"mode":"isolated-create","page_ids":["18ec7004-48fa-446a-bfdc-c270a86503df","8d467393-c8c9-4c65-97f9-f9b8748757dc"],"pages":2,"pending":0,"subsequent_page_usable":true,"version":"157.0.1"}
{"context_ids":["088d805b-82ee-4722-8139-deaeac364fdb","64f2a893-bba5-4cfb-8292-0e77712927c9","8d858c46-c349-4a66-a64b-e7ebfd75175f","a8d3f04b-5321-44b8-8cd7-3c1ed5937654","b4732c18-edf4-4649-9c00-06a844b3bfc7","default"],"contexts":6,"cycle":10,"engine":"firefox","existing_page_preserved":true,"helper_preloads":1,"mode":"isolated-create","page_ids":["18ec7004-48fa-446a-bfdc-c270a86503df","8d467393-c8c9-4c65-97f9-f9b8748757dc"],"pages":2,"pending":0,"subsequent_page_usable":true,"version":"157.0.1"}
{"context_ids":["088d805b-82ee-4722-8139-deaeac364fdb","8d858c46-c349-4a66-a64b-e7ebfd75175f","a8d3f04b-5321-44b8-8cd7-3c1ed5937654","b4732c18-edf4-4649-9c00-06a844b3bfc7","b4cb7aad-b943-4512-bcd5-6ff1151d3c80","default"],"contexts":6,"cycle":1,"engine":"firefox","existing_page_preserved":true,"helper_preloads":1,"mode":"isolated-init","page_ids":["18ec7004-48fa-446a-bfdc-c270a86503df","8d467393-c8c9-4c65-97f9-f9b8748757dc"],"pages":2,"pending":0,"subsequent_page_usable":true,"version":"157.0.1"}
{"context_ids":["088d805b-82ee-4722-8139-deaeac364fdb","8d858c46-c349-4a66-a64b-e7ebfd75175f","a8d3f04b-5321-44b8-8cd7-3c1ed5937654","b4732c18-edf4-4649-9c00-06a844b3bfc7","b4cb7aad-b943-4512-bcd5-6ff1151d3c80","default"],"contexts":6,"cycle":2,"engine":"firefox","existing_page_preserved":true,"helper_preloads":1,"mode":"isolated-init","page_ids":["18ec7004-48fa-446a-bfdc-c270a86503df","8d467393-c8c9-4c65-97f9-f9b8748757dc"],"pages":2,"pending":0,"subsequent_page_usable":true,"version":"157.0.1"}
{"context_ids":["088d805b-82ee-4722-8139-deaeac364fdb","8d858c46-c349-4a66-a64b-e7ebfd75175f","a8d3f04b-5321-44b8-8cd7-3c1ed5937654","b4732c18-edf4-4649-9c00-06a844b3bfc7","b4cb7aad-b943-4512-bcd5-6ff1151d3c80","default"],"contexts":6,"cycle":3,"engine":"firefox","existing_page_preserved":true,"helper_preloads":1,"mode":"isolated-init","page_ids":["18ec7004-48fa-446a-bfdc-c270a86503df","8d467393-c8c9-4c65-97f9-f9b8748757dc"],"pages":2,"pending":0,"subsequent_page_usable":true,"version":"157.0.1"}
{"context_ids":["088d805b-82ee-4722-8139-deaeac364fdb","8d858c46-c349-4a66-a64b-e7ebfd75175f","a8d3f04b-5321-44b8-8cd7-3c1ed5937654","b4732c18-edf4-4649-9c00-06a844b3bfc7","b4cb7aad-b943-4512-bcd5-6ff1151d3c80","default"],"contexts":6,"cycle":4,"engine":"firefox","existing_page_preserved":true,"helper_preloads":1,"mode":"isolated-init","page_ids":["18ec7004-48fa-446a-bfdc-c270a86503df","8d467393-c8c9-4c65-97f9-f9b8748757dc"],"pages":2,"pending":0,"subsequent_page_usable":true,"version":"157.0.1"}
{"context_ids":["088d805b-82ee-4722-8139-deaeac364fdb","8d858c46-c349-4a66-a64b-e7ebfd75175f","a8d3f04b-5321-44b8-8cd7-3c1ed5937654","b4732c18-edf4-4649-9c00-06a844b3bfc7","b4cb7aad-b943-4512-bcd5-6ff1151d3c80","default"],"contexts":6,"cycle":5,"engine":"firefox","existing_page_preserved":true,"helper_preloads":1,"mode":"isolated-init","page_ids":["18ec7004-48fa-446a-bfdc-c270a86503df","8d467393-c8c9-4c65-97f9-f9b8748757dc"],"pages":2,"pending":0,"subsequent_page_usable":true,"version":"157.0.1"}
{"context_ids":["088d805b-82ee-4722-8139-deaeac364fdb","8d858c46-c349-4a66-a64b-e7ebfd75175f","a8d3f04b-5321-44b8-8cd7-3c1ed5937654","b4732c18-edf4-4649-9c00-06a844b3bfc7","b4cb7aad-b943-4512-bcd5-6ff1151d3c80","default"],"contexts":6,"cycle":6,"engine":"firefox","existing_page_preserved":true,"helper_preloads":1,"mode":"isolated-init","page_ids":["18ec7004-48fa-446a-bfdc-c270a86503df","8d467393-c8c9-4c65-97f9-f9b8748757dc"],"pages":2,"pending":0,"subsequent_page_usable":true,"version":"157.0.1"}
{"context_ids":["088d805b-82ee-4722-8139-deaeac364fdb","8d858c46-c349-4a66-a64b-e7ebfd75175f","a8d3f04b-5321-44b8-8cd7-3c1ed5937654","b4732c18-edf4-4649-9c00-06a844b3bfc7","b4cb7aad-b943-4512-bcd5-6ff1151d3c80","default"],"contexts":6,"cycle":7,"engine":"firefox","existing_page_preserved":true,"helper_preloads":1,"mode":"isolated-init","page_ids":["18ec7004-48fa-446a-bfdc-c270a86503df","8d467393-c8c9-4c65-97f9-f9b8748757dc"],"pages":2,"pending":0,"subsequent_page_usable":true,"version":"157.0.1"}
{"context_ids":["088d805b-82ee-4722-8139-deaeac364fdb","8d858c46-c349-4a66-a64b-e7ebfd75175f","a8d3f04b-5321-44b8-8cd7-3c1ed5937654","b4732c18-edf4-4649-9c00-06a844b3bfc7","b4cb7aad-b943-4512-bcd5-6ff1151d3c80","default"],"contexts":6,"cycle":8,"engine":"firefox","existing_page_preserved":true,"helper_preloads":1,"mode":"isolated-init","page_ids":["18ec7004-48fa-446a-bfdc-c270a86503df","8d467393-c8c9-4c65-97f9-f9b8748757dc"],"pages":2,"pending":0,"subsequent_page_usable":true,"version":"157.0.1"}
{"context_ids":["088d805b-82ee-4722-8139-deaeac364fdb","8d858c46-c349-4a66-a64b-e7ebfd75175f","a8d3f04b-5321-44b8-8cd7-3c1ed5937654","b4732c18-edf4-4649-9c00-06a844b3bfc7","b4cb7aad-b943-4512-bcd5-6ff1151d3c80","default"],"contexts":6,"cycle":9,"engine":"firefox","existing_page_preserved":true,"helper_preloads":1,"mode":"isolated-init","page_ids":["18ec7004-48fa-446a-bfdc-c270a86503df","8d467393-c8c9-4c65-97f9-f9b8748757dc"],"pages":2,"pending":0,"subsequent_page_usable":true,"version":"157.0.1"}
{"context_ids":["088d805b-82ee-4722-8139-deaeac364fdb","8d858c46-c349-4a66-a64b-e7ebfd75175f","a8d3f04b-5321-44b8-8cd7-3c1ed5937654","b4732c18-edf4-4649-9c00-06a844b3bfc7","b4cb7aad-b943-4512-bcd5-6ff1151d3c80","default"],"contexts":6,"cycle":10,"engine":"firefox","existing_page_preserved":true,"helper_preloads":1,"mode":"isolated-init","page_ids":["18ec7004-48fa-446a-bfdc-c270a86503df","8d467393-c8c9-4c65-97f9-f9b8748757dc"],"pages":2,"pending":0,"subsequent_page_usable":true,"version":"157.0.1"}
ok

test result: ok. 2 passed; 0 failed; 0 ignored; 0 measured; 0 filtered out; finished in 31.65s

     Running http_disconnect.rs (target/debug/deps/http_disconnect-c07d6c39e224a143)

running 2 tests
test chrome_process_loss_and_manual_restart ... {"cleanup_ms":13.070702,"cycle":1,"engine":"chrome","event_channel_closed":true,"pending_after_loss":0,"pid":1236788,"root_exited":true,"version":"Chrome/151.0.7922.173","wake_ms":12.910451}
{"cleanup_ms":20.072333,"cycle":2,"engine":"chrome","event_channel_closed":true,"pending_after_loss":0,"pid":1236914,"root_exited":true,"version":"Chrome/151.0.7922.173","wake_ms":18.466039}
{"cleanup_ms":27.042554,"cycle":3,"engine":"chrome","event_channel_closed":true,"pending_after_loss":0,"pid":1237044,"root_exited":true,"version":"Chrome/151.0.7922.173","wake_ms":26.885801}
{"cleanup_ms":46.994118,"cycle":4,"engine":"chrome","event_channel_closed":true,"pending_after_loss":0,"pid":1237175,"root_exited":true,"version":"Chrome/151.0.7922.173","wake_ms":46.783480000000004}
{"cleanup_ms":13.550118999999999,"cycle":5,"engine":"chrome","event_channel_closed":true,"pending_after_loss":0,"pid":1237304,"root_exited":true,"version":"Chrome/151.0.7922.173","wake_ms":13.431538}
{"cleanup_ms":44.733892999999995,"cycle":6,"engine":"chrome","event_channel_closed":true,"pending_after_loss":0,"pid":1237435,"root_exited":true,"version":"Chrome/151.0.7922.173","wake_ms":44.627046}
{"cleanup_ms":17.760602,"cycle":7,"engine":"chrome","event_channel_closed":true,"pending_after_loss":0,"pid":1237566,"root_exited":true,"version":"Chrome/151.0.7922.173","wake_ms":17.614286}
{"cleanup_ms":23.157863,"cycle":8,"engine":"chrome","event_channel_closed":true,"pending_after_loss":0,"pid":1237697,"root_exited":true,"version":"Chrome/151.0.7922.173","wake_ms":22.870661000000002}
{"cleanup_ms":16.182502000000003,"cycle":9,"engine":"chrome","event_channel_closed":true,"pending_after_loss":0,"pid":1237829,"root_exited":true,"version":"Chrome/151.0.7922.173","wake_ms":16.078889999999998}
{"cleanup_ms":8.139818,"cycle":10,"engine":"chrome","event_channel_closed":true,"pending_after_loss":0,"pid":1237961,"root_exited":true,"version":"Chrome/151.0.7922.173","wake_ms":8.022037}
{"cleanup_ms":21.954454000000002,"cycle":11,"engine":"chrome","event_channel_closed":true,"pending_after_loss":0,"pid":1238089,"root_exited":true,"version":"Chrome/151.0.7922.173","wake_ms":21.791498}
{"cleanup_ms":9.838837,"cycle":12,"engine":"chrome","event_channel_closed":true,"pending_after_loss":0,"pid":1238218,"root_exited":true,"version":"Chrome/151.0.7922.173","wake_ms":9.73488}
{"cleanup_ms":17.052609,"cycle":13,"engine":"chrome","event_channel_closed":true,"pending_after_loss":0,"pid":1238349,"root_exited":true,"version":"Chrome/151.0.7922.173","wake_ms":16.947242000000003}
{"cleanup_ms":14.959401000000002,"cycle":14,"engine":"chrome","event_channel_closed":true,"pending_after_loss":0,"pid":1238480,"root_exited":true,"version":"Chrome/151.0.7922.173","wake_ms":14.834819000000001}
{"cleanup_ms":7.7944770000000005,"cycle":15,"engine":"chrome","event_channel_closed":true,"pending_after_loss":0,"pid":1238609,"root_exited":true,"version":"Chrome/151.0.7922.173","wake_ms":7.673781}
{"cleanup_ms":19.601475999999998,"cycle":16,"engine":"chrome","event_channel_closed":true,"pending_after_loss":0,"pid":1238739,"root_exited":true,"version":"Chrome/151.0.7922.173","wake_ms":19.485102}
{"cleanup_ms":11.040085,"cycle":17,"engine":"chrome","event_channel_closed":true,"pending_after_loss":0,"pid":1238870,"root_exited":true,"version":"Chrome/151.0.7922.173","wake_ms":10.931550999999999}
{"cleanup_ms":16.265559999999997,"cycle":18,"engine":"chrome","event_channel_closed":true,"pending_after_loss":0,"pid":1239000,"root_exited":true,"version":"Chrome/151.0.7922.173","wake_ms":16.145465}
{"cleanup_ms":12.521725,"cycle":19,"engine":"chrome","event_channel_closed":true,"pending_after_loss":0,"pid":1239130,"root_exited":true,"version":"Chrome/151.0.7922.173","wake_ms":12.418976}
{"cleanup_ms":14.424308,"cycle":20,"engine":"chrome","event_channel_closed":true,"pending_after_loss":0,"pid":1239262,"root_exited":true,"version":"Chrome/151.0.7922.173","wake_ms":14.322144}
{"cleanup_ms":11.708664,"cycle":21,"engine":"chrome","event_channel_closed":true,"pending_after_loss":0,"pid":1239395,"root_exited":true,"version":"Chrome/151.0.7922.173","wake_ms":11.608842}
{"cleanup_ms":14.716465999999999,"cycle":22,"engine":"chrome","event_channel_closed":true,"pending_after_loss":0,"pid":1239525,"root_exited":true,"version":"Chrome/151.0.7922.173","wake_ms":14.613242999999999}
{"cleanup_ms":14.548184000000001,"cycle":23,"engine":"chrome","event_channel_closed":true,"pending_after_loss":0,"pid":1239654,"root_exited":true,"version":"Chrome/151.0.7922.173","wake_ms":14.399999}
{"cleanup_ms":5.29981,"cycle":24,"engine":"chrome","event_channel_closed":true,"pending_after_loss":0,"pid":1239784,"root_exited":true,"version":"Chrome/151.0.7922.173","wake_ms":5.201608}
{"cleanup_ms":9.983125000000001,"cycle":25,"engine":"chrome","event_channel_closed":true,"pending_after_loss":0,"pid":1239914,"root_exited":true,"version":"Chrome/151.0.7922.173","wake_ms":9.879739}
ok
test firefox_process_loss_and_manual_restart ... {"cleanup_ms":17.648255000000002,"cycle":1,"engine":"firefox","event_channel_closed":true,"pending_after_loss":0,"pid":1240045,"root_exited":true,"version":"157.0.1","wake_ms":17.403253}
{"cleanup_ms":48.050971999999994,"cycle":2,"engine":"firefox","event_channel_closed":true,"pending_after_loss":0,"pid":1240357,"root_exited":true,"version":"157.0.1","wake_ms":47.932664}
{"cleanup_ms":35.394732999999995,"cycle":3,"engine":"firefox","event_channel_closed":true,"pending_after_loss":0,"pid":1240642,"root_exited":true,"version":"157.0.1","wake_ms":35.270443}
{"cleanup_ms":37.018301,"cycle":4,"engine":"firefox","event_channel_closed":true,"pending_after_loss":0,"pid":1240947,"root_exited":true,"version":"157.0.1","wake_ms":36.804088}
{"cleanup_ms":15.878784999999999,"cycle":5,"engine":"firefox","event_channel_closed":true,"pending_after_loss":0,"pid":1241263,"root_exited":true,"version":"157.0.1","wake_ms":15.757437999999999}
{"cleanup_ms":33.305237,"cycle":6,"engine":"firefox","event_channel_closed":true,"pending_after_loss":0,"pid":1241524,"root_exited":true,"version":"157.0.1","wake_ms":33.156025}
{"cleanup_ms":36.790809,"cycle":7,"engine":"firefox","event_channel_closed":true,"pending_after_loss":0,"pid":1241836,"root_exited":true,"version":"157.0.1","wake_ms":36.601083}
{"cleanup_ms":63.265233,"cycle":8,"engine":"firefox","event_channel_closed":true,"pending_after_loss":0,"pid":1242134,"root_exited":true,"version":"157.0.1","wake_ms":63.139379}
{"cleanup_ms":20.122026,"cycle":9,"engine":"firefox","event_channel_closed":true,"pending_after_loss":0,"pid":1242372,"root_exited":true,"version":"157.0.1","wake_ms":19.896250000000002}
{"cleanup_ms":19.395641,"cycle":10,"engine":"firefox","event_channel_closed":true,"pending_after_loss":0,"pid":1242605,"root_exited":true,"version":"157.0.1","wake_ms":19.144549}
{"cleanup_ms":13.042698999999999,"cycle":11,"engine":"firefox","event_channel_closed":true,"pending_after_loss":0,"pid":1242921,"root_exited":true,"version":"157.0.1","wake_ms":12.872987}
{"cleanup_ms":31.535599999999995,"cycle":12,"engine":"firefox","event_channel_closed":true,"pending_after_loss":0,"pid":1243175,"root_exited":true,"version":"157.0.1","wake_ms":31.340795999999997}
{"cleanup_ms":41.827519,"cycle":13,"engine":"firefox","event_channel_closed":true,"pending_after_loss":0,"pid":1243482,"root_exited":true,"version":"157.0.1","wake_ms":41.697994}
{"cleanup_ms":16.600034,"cycle":14,"engine":"firefox","event_channel_closed":true,"pending_after_loss":0,"pid":1243735,"root_exited":true,"version":"157.0.1","wake_ms":16.444190000000003}
{"cleanup_ms":38.140163,"cycle":15,"engine":"firefox","event_channel_closed":true,"pending_after_loss":0,"pid":1244052,"root_exited":true,"version":"157.0.1","wake_ms":37.852634}
{"cleanup_ms":20.6642,"cycle":16,"engine":"firefox","event_channel_closed":true,"pending_after_loss":0,"pid":1244355,"root_exited":true,"version":"157.0.1","wake_ms":20.487930000000002}
{"cleanup_ms":15.022799,"cycle":17,"engine":"firefox","event_channel_closed":true,"pending_after_loss":0,"pid":1244672,"root_exited":true,"version":"157.0.1","wake_ms":14.817229}
{"cleanup_ms":19.369513,"cycle":18,"engine":"firefox","event_channel_closed":true,"pending_after_loss":0,"pid":1244974,"root_exited":true,"version":"157.0.1","wake_ms":19.240929}
{"cleanup_ms":17.560760000000002,"cycle":19,"engine":"firefox","event_channel_closed":true,"pending_after_loss":0,"pid":1245280,"root_exited":true,"version":"157.0.1","wake_ms":17.36634}
{"cleanup_ms":54.321964,"cycle":20,"engine":"firefox","event_channel_closed":true,"pending_after_loss":0,"pid":1245523,"root_exited":true,"version":"157.0.1","wake_ms":54.172932}
{"cleanup_ms":22.899269999999998,"cycle":21,"engine":"firefox","event_channel_closed":true,"pending_after_loss":0,"pid":1245835,"root_exited":true,"version":"157.0.1","wake_ms":22.774476}
{"cleanup_ms":14.725445,"cycle":22,"engine":"firefox","event_channel_closed":true,"pending_after_loss":0,"pid":1246151,"root_exited":true,"version":"157.0.1","wake_ms":14.567893999999999}
{"cleanup_ms":48.726991,"cycle":23,"engine":"firefox","event_channel_closed":true,"pending_after_loss":0,"pid":1246453,"root_exited":true,"version":"157.0.1","wake_ms":48.540686}
{"cleanup_ms":46.044516,"cycle":24,"engine":"firefox","event_channel_closed":true,"pending_after_loss":0,"pid":1246767,"root_exited":true,"version":"157.0.1","wake_ms":45.899133}
{"cleanup_ms":15.147165000000001,"cycle":25,"engine":"firefox","event_channel_closed":true,"pending_after_loss":0,"pid":1247031,"root_exited":true,"version":"157.0.1","wake_ms":14.992316}
ok

test result: ok. 2 passed; 0 failed; 0 ignored; 0 measured; 0 filtered out; finished in 56.48s

     Running http_frame_helpers.rs (target/debug/deps/http_frame_helpers-5b01ac4ac75ecc18)

running 2 tests
test firefox_helper_presence_tracks_current_frame_document ... Firefox version: Some("157.0.1")
ok
test firefox_same_page_reuses_helpers_across_1000_destroyed_frames ... Firefox version: Some("157.0.1")
{"counts":{"helpers":1,"pages":[["10b0cc48-d11d-4ba6-a127-06bc41bd808f",0],["2734799f-ac61-4232-a7cd-2a105d56eba6",0]],"users":["085eb49b-8a48-4a37-85b1-b7a69675f2cf","797ee333-398f-4535-8eb6-0ba10fc490a9","889a83bc-fd7e-49f6-92f8-130e3e18854a","default","f9f15c83-f88e-4bfc-b2bf-b89391c34bc8"]},"cycle":100,"frame_ids_seen":100,"kind":"frame-churn","pending":0}
{"counts":{"helpers":1,"pages":[["10b0cc48-d11d-4ba6-a127-06bc41bd808f",0],["2734799f-ac61-4232-a7cd-2a105d56eba6",0]],"users":["085eb49b-8a48-4a37-85b1-b7a69675f2cf","797ee333-398f-4535-8eb6-0ba10fc490a9","889a83bc-fd7e-49f6-92f8-130e3e18854a","default","f9f15c83-f88e-4bfc-b2bf-b89391c34bc8"]},"cycle":200,"frame_ids_seen":200,"kind":"frame-churn","pending":0}
{"counts":{"helpers":1,"pages":[["10b0cc48-d11d-4ba6-a127-06bc41bd808f",0],["2734799f-ac61-4232-a7cd-2a105d56eba6",0]],"users":["085eb49b-8a48-4a37-85b1-b7a69675f2cf","797ee333-398f-4535-8eb6-0ba10fc490a9","889a83bc-fd7e-49f6-92f8-130e3e18854a","default","f9f15c83-f88e-4bfc-b2bf-b89391c34bc8"]},"cycle":300,"frame_ids_seen":300,"kind":"frame-churn","pending":0}
{"counts":{"helpers":1,"pages":[["10b0cc48-d11d-4ba6-a127-06bc41bd808f",0],["2734799f-ac61-4232-a7cd-2a105d56eba6",0]],"users":["085eb49b-8a48-4a37-85b1-b7a69675f2cf","797ee333-398f-4535-8eb6-0ba10fc490a9","889a83bc-fd7e-49f6-92f8-130e3e18854a","default","f9f15c83-f88e-4bfc-b2bf-b89391c34bc8"]},"cycle":400,"frame_ids_seen":400,"kind":"frame-churn","pending":0}
{"counts":{"helpers":1,"pages":[["10b0cc48-d11d-4ba6-a127-06bc41bd808f",0],["2734799f-ac61-4232-a7cd-2a105d56eba6",0]],"users":["085eb49b-8a48-4a37-85b1-b7a69675f2cf","797ee333-398f-4535-8eb6-0ba10fc490a9","889a83bc-fd7e-49f6-92f8-130e3e18854a","default","f9f15c83-f88e-4bfc-b2bf-b89391c34bc8"]},"cycle":500,"frame_ids_seen":500,"kind":"frame-churn","pending":0}
{"counts":{"helpers":1,"pages":[["10b0cc48-d11d-4ba6-a127-06bc41bd808f",0],["2734799f-ac61-4232-a7cd-2a105d56eba6",0]],"users":["085eb49b-8a48-4a37-85b1-b7a69675f2cf","797ee333-398f-4535-8eb6-0ba10fc490a9","889a83bc-fd7e-49f6-92f8-130e3e18854a","default","f9f15c83-f88e-4bfc-b2bf-b89391c34bc8"]},"cycle":600,"frame_ids_seen":600,"kind":"frame-churn","pending":0}
{"counts":{"helpers":1,"pages":[["10b0cc48-d11d-4ba6-a127-06bc41bd808f",0],["2734799f-ac61-4232-a7cd-2a105d56eba6",0]],"users":["085eb49b-8a48-4a37-85b1-b7a69675f2cf","797ee333-398f-4535-8eb6-0ba10fc490a9","889a83bc-fd7e-49f6-92f8-130e3e18854a","default","f9f15c83-f88e-4bfc-b2bf-b89391c34bc8"]},"cycle":700,"frame_ids_seen":700,"kind":"frame-churn","pending":0}
{"counts":{"helpers":1,"pages":[["10b0cc48-d11d-4ba6-a127-06bc41bd808f",0],["2734799f-ac61-4232-a7cd-2a105d56eba6",0]],"users":["085eb49b-8a48-4a37-85b1-b7a69675f2cf","797ee333-398f-4535-8eb6-0ba10fc490a9","889a83bc-fd7e-49f6-92f8-130e3e18854a","default","f9f15c83-f88e-4bfc-b2bf-b89391c34bc8"]},"cycle":800,"frame_ids_seen":800,"kind":"frame-churn","pending":0}
{"counts":{"helpers":1,"pages":[["10b0cc48-d11d-4ba6-a127-06bc41bd808f",0],["2734799f-ac61-4232-a7cd-2a105d56eba6",0]],"users":["085eb49b-8a48-4a37-85b1-b7a69675f2cf","797ee333-398f-4535-8eb6-0ba10fc490a9","889a83bc-fd7e-49f6-92f8-130e3e18854a","default","f9f15c83-f88e-4bfc-b2bf-b89391c34bc8"]},"cycle":900,"frame_ids_seen":900,"kind":"frame-churn","pending":0}
{"counts":{"helpers":1,"pages":[["10b0cc48-d11d-4ba6-a127-06bc41bd808f",0],["2734799f-ac61-4232-a7cd-2a105d56eba6",0]],"users":["085eb49b-8a48-4a37-85b1-b7a69675f2cf","797ee333-398f-4535-8eb6-0ba10fc490a9","889a83bc-fd7e-49f6-92f8-130e3e18854a","default","f9f15c83-f88e-4bfc-b2bf-b89391c34bc8"]},"cycle":1000,"frame_ids_seen":1000,"kind":"frame-churn","pending":0}
ok

test result: ok. 2 passed; 0 failed; 0 ignored; 0 measured; 0 filtered out; finished in 35.20s

     Running http_frames.rs (target/debug/deps/http_frames-3007310b5bae71f1)

running 67 tests
test checkbox_actions_wait_for_the_same_click_checks ... ok
test click_accepts_descendants_and_native_fieldset_legend_exceptions ... ok
test click_deadline_bounds_a_stalled_preparation_promise ... ok
test click_deadline_includes_a_missing_frame ... ok
test click_does_not_intercept_an_overlay_above_the_iframe ... ok
test click_handles_a_one_pixel_target ... ok
test click_maps_an_offscreen_iframe_to_root_viewport_coordinates ... ok
test click_preserves_javascript_and_closed_page_errors ... ok
test click_rechecks_overlay_created_on_hover ... ok
test click_reresolves_target_replaced_on_hover ... ok
test click_scrolls_an_offscreen_target_into_view ... ok
test click_timeout_reports_disabled_and_intercepted_targets_without_clicking ... ok
test click_waits_until_aria_disabled_ancestor_is_enabled ... ok
test click_waits_until_button_is_enabled ... ok
test click_waits_until_button_stops_moving ... ok
test click_waits_until_overlay_disappears ... ok
test click_waits_until_parent_fieldset_is_enabled ... ok
test cross_origin_frame_with_another_port_fills_and_submits ... ok
test cross_site_already_loaded_frame_is_initialized_when_connecting ... ok
test cross_site_click_checks_parent_overlays_and_transformed_scrolled_coordinates ... ok
test cross_site_click_retries_when_its_renderer_detaches_during_preparation ... ok
test cross_site_frame_fills_and_submits ... ok
test cross_site_frame_keeps_working_after_reload_and_swaps_back_to_the_parent_site ... ok
test cross_site_frame_removal_cleans_up_and_a_new_frame_can_be_resolved ... ok
test cross_site_frame_wait_survives_a_process_swap ... ok
test cross_site_isolated_worlds_do_not_replace_default_context_and_errors_propagate ... ok
test cross_site_nested_renderer_click_maps_both_frame_boundaries ... ok
test cross_site_network_block_is_inherited_and_clear_restores_requests ... ok
test cross_site_network_diagnostics_capture_initial_request_and_response_body ... ok
test cross_site_network_diagnostics_capture_mocked_responses_and_blocked_failures ... ok
test cross_site_network_diagnostics_capture_nested_renderer_bodies ... ok
test cross_site_network_diagnostics_follow_reloads_and_repeated_process_swaps ... ok
test cross_site_network_diagnostics_keep_concurrent_parent_and_child_bodies_separate ... ok
test cross_site_network_diagnostics_retain_detached_requests_without_reusing_the_parent_session ... ok
test cross_site_network_existing_child_adds_clears_and_readds_mocks ... ok
test cross_site_network_gate_blocks_the_first_request_on_return_to_parent ... ok
test cross_site_network_gate_changes_the_first_response_header_on_return_to_parent ... ok
test cross_site_network_gate_covers_fetch_and_xhr_on_repeated_returns_without_server_access ... ok
test cross_site_network_gate_restores_the_first_request_when_nested_child_returns_to_outer ... ok
test cross_site_network_gate_resumes_application_debugger_statements_and_clears_cleanly ... ok
test cross_site_network_mock_is_inherited_before_child_scripts_run ... ok
test cross_site_network_mock_overrides_previously_cached_responses ... ok
test cross_site_network_nested_child_inherits_routes_and_clear_reaches_every_renderer ... ok
test cross_site_network_request_headers_apply_to_child_without_losing_original_headers ... ok
test cross_site_network_response_stage_upgrades_existing_and_new_children ... ok
test cross_site_network_route_changes_and_child_attachment_are_serialized ... ok
test cross_site_network_rules_cover_first_script_requests_after_process_swaps ... ok
test cross_site_sibling_sessions_do_not_mix_contexts ... ok
test fills_and_clicks_in_a_frame_added_after_the_action_starts ... ok
test frame_wait_deadline_also_bounds_the_child_element_wait ... ok
test frame_wait_includes_iframe_resolution_in_its_deadline ... ok
test frame_wait_preserves_javascript_errors ... ok
test frame_wait_propagates_closed_page_errors_without_waiting_for_timeout ... ok
test geometry_click_finds_an_uncovered_point_away_from_the_center ... ok
test geometry_click_handles_a_clip_path_with_an_occluded_center ... ok
test geometry_click_handles_a_rotated_element_clipped_by_the_viewport ... ok
test geometry_click_handles_a_transformed_iframe ... ok
test geometry_click_handles_overflow_clipping ... ok
test geometry_click_handles_perspective_transforms ... ok
test geometry_click_selects_an_uncovered_point_on_a_rotated_target ... ok
test geometry_click_uses_an_uncovered_inline_fragment ... ok
test geometry_click_waits_for_transform_changes_with_identical_bounding_rects ... ok
test network_gate_cancelled_updates_finish_before_later_cleanup_or_reconfiguration ... ok
test network_gate_is_inert_for_other_debuggers_after_routes_are_cleared ... ok
test network_gate_keeps_cached_resources_mocked_across_navigation_and_frame_returns ... ok
test waiting_locator_survives_frame_navigation ... ok
test waits_for_the_frame_document_to_load ... ok

test result: ok. 67 passed; 0 failed; 0 ignored; 0 measured; 0 filtered out; finished in 42.71s

     Running http_intercept_lifecycle.rs (target/debug/deps/http_intercept_lifecycle-f9239ae13a2862ff)

running 4 tests
test firefox_intercept_cancellation_preserves_live_requests_and_prior_rules ... {"cycle":1,"known_intercept_ids":["7fb0e5e0-13a7-49ce-b88e-f73f650a0dde"],"known_intercepts_absent":true,"mode":"cancel-add-with-blocked-request","pending":0,"version":"157.0.1"}
{"cycle":1,"known_intercept_ids":["e7bf1899-2191-45b6-80de-339f78d30a4b"],"known_intercepts_absent":true,"mode":"cancel-clear","pending":0,"version":"157.0.1"}
{"cycle":1,"known_intercept_ids":["858093ee-8f20-40ac-b63a-93ce1716041b","8754a8c8-5712-469e-90fc-feda3cef0194","1315d4be-7732-446b-a1d9-232c80e63514"],"known_intercepts_absent":true,"mode":"cancel-phase-upgrade","pending":0,"version":"157.0.1"}
{"cycle":2,"known_intercept_ids":["0301e1f6-d572-4ac1-af33-ec1b473fbfa2"],"known_intercepts_absent":true,"mode":"cancel-add-with-blocked-request","pending":0,"version":"157.0.1"}
{"cycle":2,"known_intercept_ids":["af3b009c-8e7c-4271-bef3-62da48aedf35"],"known_intercepts_absent":true,"mode":"cancel-clear","pending":0,"version":"157.0.1"}
{"cycle":2,"known_intercept_ids":["d329bb74-4c44-4847-ba06-b3ab40bc8be0","7db4859e-a93d-422d-b92b-5367981bd5e8","20d7fda9-ee0a-4b2f-a24b-58b40563a86e"],"known_intercepts_absent":true,"mode":"cancel-phase-upgrade","pending":0,"version":"157.0.1"}
{"cycle":3,"known_intercept_ids":["a8984690-797f-4001-bc24-ebdf1f40acf3"],"known_intercepts_absent":true,"mode":"cancel-add-with-blocked-request","pending":0,"version":"157.0.1"}
{"cycle":3,"known_intercept_ids":["4b5e9cd1-89ed-4ae1-8daa-709fff2354ec"],"known_intercepts_absent":true,"mode":"cancel-clear","pending":0,"version":"157.0.1"}
{"cycle":3,"known_intercept_ids":["f8a614ba-ec86-4d20-810a-2a47dabf09a6","847598ec-f21d-4b5c-a69e-b53e1831edae","415c7db5-2d68-4ad6-ac5a-3214c5016e29"],"known_intercepts_absent":true,"mode":"cancel-phase-upgrade","pending":0,"version":"157.0.1"}
{"cycle":4,"known_intercept_ids":["0a18bacd-45b1-4087-a0e2-8318038ceb50"],"known_intercepts_absent":true,"mode":"cancel-add-with-blocked-request","pending":0,"version":"157.0.1"}
{"cycle":4,"known_intercept_ids":["34e421d0-1085-4349-921b-4b380c14ede0"],"known_intercepts_absent":true,"mode":"cancel-clear","pending":0,"version":"157.0.1"}
{"cycle":4,"known_intercept_ids":["0216f2ad-a5cc-40e8-975d-403636573d16","3c081af0-0dbe-447a-af6e-b559ab443023","b4aca1bd-613d-48d1-8ffb-31d69ab73b3f"],"known_intercepts_absent":true,"mode":"cancel-phase-upgrade","pending":0,"version":"157.0.1"}
{"cycle":5,"known_intercept_ids":["90d6b8b2-8926-4b98-9ccb-933ae629b958"],"known_intercepts_absent":true,"mode":"cancel-add-with-blocked-request","pending":0,"version":"157.0.1"}
{"cycle":5,"known_intercept_ids":["c87adca1-8292-42f1-a783-9f54bd75a8b4"],"known_intercepts_absent":true,"mode":"cancel-clear","pending":0,"version":"157.0.1"}
{"cycle":5,"known_intercept_ids":["2abd3fbf-a5f0-496f-b3ac-c56c6618c500","c1c1d99c-336d-4307-8316-45dc1e6d7308","da267362-d479-474e-8119-64da2365ae46"],"known_intercepts_absent":true,"mode":"cancel-phase-upgrade","pending":0,"version":"157.0.1"}
{"cycle":6,"known_intercept_ids":["b42de1f4-6a86-4cc2-861c-e9dabcc685a2"],"known_intercepts_absent":true,"mode":"cancel-add-with-blocked-request","pending":0,"version":"157.0.1"}
{"cycle":6,"known_intercept_ids":["04618cb9-d766-4d41-b053-f0d616a8797a"],"known_intercepts_absent":true,"mode":"cancel-clear","pending":0,"version":"157.0.1"}
{"cycle":6,"known_intercept_ids":["97f0c7c9-8a44-4977-b690-c3565e86b384","0bfa3df8-b7db-43a3-8a7b-93ce549251cd","60196b25-4162-4007-9c44-245bf09d6a52"],"known_intercepts_absent":true,"mode":"cancel-phase-upgrade","pending":0,"version":"157.0.1"}
{"cycle":7,"known_intercept_ids":["874b49eb-645d-42c3-9062-e7040fb18561"],"known_intercepts_absent":true,"mode":"cancel-add-with-blocked-request","pending":0,"version":"157.0.1"}
{"cycle":7,"known_intercept_ids":["2966886e-f723-4010-a38f-13cc0ae8efb1"],"known_intercepts_absent":true,"mode":"cancel-clear","pending":0,"version":"157.0.1"}
{"cycle":7,"known_intercept_ids":["d5e5021a-5470-473d-9721-c16d0c80c5ef","6ba9ab6f-f370-4da4-b092-0cb413a1acf1","26aa1c05-155d-428f-9c18-c8182b33bed1"],"known_intercepts_absent":true,"mode":"cancel-phase-upgrade","pending":0,"version":"157.0.1"}
{"cycle":8,"known_intercept_ids":["335fa256-03e0-4188-a77d-faa50ef50089"],"known_intercepts_absent":true,"mode":"cancel-add-with-blocked-request","pending":0,"version":"157.0.1"}
{"cycle":8,"known_intercept_ids":["11cbfec9-fea8-4df0-a53b-f9c93ebb03af"],"known_intercepts_absent":true,"mode":"cancel-clear","pending":0,"version":"157.0.1"}
{"cycle":8,"known_intercept_ids":["ab22db54-babe-474d-8014-2c4130d78302","4394676c-fe59-4594-9ea8-ae8927c1b35e","9498c522-1541-4e20-984f-414aaa623f2e"],"known_intercepts_absent":true,"mode":"cancel-phase-upgrade","pending":0,"version":"157.0.1"}
{"cycle":9,"known_intercept_ids":["a0042666-133f-4bd2-9d3e-8e110dd7cefe"],"known_intercepts_absent":true,"mode":"cancel-add-with-blocked-request","pending":0,"version":"157.0.1"}
{"cycle":9,"known_intercept_ids":["22641a9b-3c27-4a91-abaf-c7ba0eff2d1c"],"known_intercepts_absent":true,"mode":"cancel-clear","pending":0,"version":"157.0.1"}
{"cycle":9,"known_intercept_ids":["93c6d4c9-307e-454c-9a1f-94194ef637a7","262f7830-b489-4dbc-acbe-b42fda93ab09","d6c52b49-430a-4f13-a48e-b01548102af1"],"known_intercepts_absent":true,"mode":"cancel-phase-upgrade","pending":0,"version":"157.0.1"}
{"cycle":10,"known_intercept_ids":["a874cc4b-7210-4ee0-805d-766284365ca8"],"known_intercepts_absent":true,"mode":"cancel-add-with-blocked-request","pending":0,"version":"157.0.1"}
{"cycle":10,"known_intercept_ids":["7a2608b1-ed3f-4f52-aa6b-c55b4951a35a"],"known_intercepts_absent":true,"mode":"cancel-clear","pending":0,"version":"157.0.1"}
{"cycle":10,"known_intercept_ids":["0f64bda0-f482-4777-94d3-a6da57cde4e3","c3724eb9-fe15-4d56-ae06-960ba5dcb29b","bffddbf3-c104-4a2c-95d7-21142b9dfaaf"],"known_intercepts_absent":true,"mode":"cancel-phase-upgrade","pending":0,"version":"157.0.1"}
ok
test firefox_phase_expansion_keeps_prior_rules_usable_before_acknowledgment ... {"cycle":1,"known_intercept_ids":["caa57a57-cca9-469c-99dc-610bb66076a2","d941075c-de90-4027-9690-21b337ecb31a"],"known_intercepts_absent":true,"mode":"active-rules-during-phase-upgrade","pending":0,"version":"157.0.1"}
{"cycle":2,"known_intercept_ids":["54f4fabc-e499-4c90-a5ac-672154a1a66f","ce0b175c-5eb8-48c5-b70f-2422adaddf8e"],"known_intercepts_absent":true,"mode":"active-rules-during-phase-upgrade","pending":0,"version":"157.0.1"}
{"cycle":3,"known_intercept_ids":["108ec76f-825f-49c8-873c-982d3b124227","9d67eb3f-61cc-44c4-a0fe-d1e53976f19a"],"known_intercepts_absent":true,"mode":"active-rules-during-phase-upgrade","pending":0,"version":"157.0.1"}
{"cycle":4,"known_intercept_ids":["1a92f6c0-e9c7-4c1a-906d-d0d09302f8a4","9729b776-324b-4e84-acf2-7cb27177a0dc"],"known_intercepts_absent":true,"mode":"active-rules-during-phase-upgrade","pending":0,"version":"157.0.1"}
{"cycle":5,"known_intercept_ids":["fb2e2f4b-274e-4f54-a4c1-501b94840a32","7bcd6ed0-23c6-4a30-a454-c5fdc3da9bc6"],"known_intercepts_absent":true,"mode":"active-rules-during-phase-upgrade","pending":0,"version":"157.0.1"}
{"cycle":6,"known_intercept_ids":["46041a4a-27b4-4c23-ae0b-856d0ec1668b","691362a6-b980-4a47-8dea-2e265695f7b6"],"known_intercepts_absent":true,"mode":"active-rules-during-phase-upgrade","pending":0,"version":"157.0.1"}
{"cycle":7,"known_intercept_ids":["5224ed13-08e5-4fa1-bbee-c4f76d349e3a","cbd2c49a-e3bf-43c8-adad-b5bdf702427a"],"known_intercepts_absent":true,"mode":"active-rules-during-phase-upgrade","pending":0,"version":"157.0.1"}
{"cycle":8,"known_intercept_ids":["1f04f923-359d-4055-8ebf-ca5854236bbb","1def0274-2a2a-4f09-b813-19aab1d5cf7e"],"known_intercepts_absent":true,"mode":"active-rules-during-phase-upgrade","pending":0,"version":"157.0.1"}
{"cycle":9,"known_intercept_ids":["e4e6a3c1-0929-446a-ab12-3c1ce7fa9be3","306be38d-9448-47bb-8fd5-c9bb0741b150"],"known_intercepts_absent":true,"mode":"active-rules-during-phase-upgrade","pending":0,"version":"157.0.1"}
{"cycle":10,"known_intercept_ids":["7b917a39-8631-41ca-b292-ffc4ecbf792c","2504ad33-cd5c-43a3-968c-2c0a1ee5d593"],"known_intercepts_absent":true,"mode":"active-rules-during-phase-upgrade","pending":0,"version":"157.0.1"}
ok
test firefox_routing_phases_and_child_frame_requests_remain_functional ... {"cycle":1,"known_intercept_ids":["0a8388fc-637e-438b-ae2f-6872da0ce99b","9e9da05f-573f-42af-ba9f-df02e6b90257"],"known_intercepts_absent":true,"mode":"request-response-child-frame","pending":0,"version":"157.0.1"}
ok
test firefox_shared_handles_drop_and_close_retire_only_owned_intercepts ... {"cycle":1,"known_intercept_ids":["cbf207e0-52ad-4d57-8a93-1a440602ce44"],"known_intercepts_absent":true,"mode":"shared-handles-final-drop","pending":0,"version":"157.0.1"}
{"cycle":1,"known_intercept_ids":["367adc69-0f91-449f-b05b-abe3585db9cc"],"known_intercepts_absent":true,"mode":"page-close-retained-handles","pending":0,"version":"157.0.1"}
{"cycle":1,"known_intercept_ids":["0ee31806-9a8c-4025-baa6-71e7149bff0a","014c3890-bcd6-40c6-b1f6-719f247b954d"],"known_intercepts_absent":true,"mode":"user-context-close-retained-pages","pending":0,"version":"157.0.1"}
{"cycle":2,"known_intercept_ids":["36e5d6ab-67de-45f2-8947-5691aa43f88a"],"known_intercepts_absent":true,"mode":"shared-handles-final-drop","pending":0,"version":"157.0.1"}
{"cycle":2,"known_intercept_ids":["27685ecb-38e6-4233-92dc-ac477c9aa346"],"known_intercepts_absent":true,"mode":"page-close-retained-handles","pending":0,"version":"157.0.1"}
{"cycle":2,"known_intercept_ids":["5c68c12a-59ca-4017-9219-1ca0d39f1cd1","424a6e0e-06b9-4417-a6de-ef93e8d4d66c"],"known_intercepts_absent":true,"mode":"user-context-close-retained-pages","pending":0,"version":"157.0.1"}
{"cycle":3,"known_intercept_ids":["51e4d74b-6f5b-4755-be16-14902f84a1c4"],"known_intercepts_absent":true,"mode":"shared-handles-final-drop","pending":0,"version":"157.0.1"}
{"cycle":3,"known_intercept_ids":["0ece5dec-b20f-4477-8212-b3af4cf5c274"],"known_intercepts_absent":true,"mode":"page-close-retained-handles","pending":0,"version":"157.0.1"}
{"cycle":3,"known_intercept_ids":["ff3dbed6-7c6a-4221-b34f-e0d7f9d0da32","9b416884-6c1a-4f1a-9009-e2606385a72f"],"known_intercepts_absent":true,"mode":"user-context-close-retained-pages","pending":0,"version":"157.0.1"}
{"cycle":4,"known_intercept_ids":["7ef26e69-a17d-4176-b80c-34e2c88bc2e1"],"known_intercepts_absent":true,"mode":"shared-handles-final-drop","pending":0,"version":"157.0.1"}
{"cycle":4,"known_intercept_ids":["d355cc1c-0a66-49a7-933f-b1239e811715"],"known_intercepts_absent":true,"mode":"page-close-retained-handles","pending":0,"version":"157.0.1"}
{"cycle":4,"known_intercept_ids":["311a8708-ca50-47da-a801-4e5dcac7d70f","5b219f5a-8d83-40ee-99f7-3b25ea3b5be4"],"known_intercepts_absent":true,"mode":"user-context-close-retained-pages","pending":0,"version":"157.0.1"}
{"cycle":5,"known_intercept_ids":["a62fa23e-b4b2-4853-8b8c-a27755d0a182"],"known_intercepts_absent":true,"mode":"shared-handles-final-drop","pending":0,"version":"157.0.1"}
{"cycle":5,"known_intercept_ids":["498f0f8c-96e6-48bb-925a-19a203c0f868"],"known_intercepts_absent":true,"mode":"page-close-retained-handles","pending":0,"version":"157.0.1"}
{"cycle":5,"known_intercept_ids":["32d2397f-4527-458a-aa6a-c49efa39482b","f78e59a1-8c29-4645-a141-ee351c51b139"],"known_intercepts_absent":true,"mode":"user-context-close-retained-pages","pending":0,"version":"157.0.1"}
{"cycle":6,"known_intercept_ids":["4d806448-133d-4bc4-8095-8db9ebd4d0ea"],"known_intercepts_absent":true,"mode":"shared-handles-final-drop","pending":0,"version":"157.0.1"}
{"cycle":6,"known_intercept_ids":["807a0a4f-696f-41a7-b1d0-e1a87806b0ec"],"known_intercepts_absent":true,"mode":"page-close-retained-handles","pending":0,"version":"157.0.1"}
{"cycle":6,"known_intercept_ids":["6990c5a3-e1a5-458a-9e91-6e593256778c","e160944d-49b3-47fd-baca-c39d498f5fa5"],"known_intercepts_absent":true,"mode":"user-context-close-retained-pages","pending":0,"version":"157.0.1"}
{"cycle":7,"known_intercept_ids":["6f45a91b-41a3-4bea-b592-5cd237401c74"],"known_intercepts_absent":true,"mode":"shared-handles-final-drop","pending":0,"version":"157.0.1"}
{"cycle":7,"known_intercept_ids":["1f73e872-ede1-4576-ab6d-fc54a96f8156"],"known_intercepts_absent":true,"mode":"page-close-retained-handles","pending":0,"version":"157.0.1"}
{"cycle":7,"known_intercept_ids":["4e204d93-4d53-4d52-9cb0-e52466fb37b0","126df779-a00c-41b8-94bb-7c374353537c"],"known_intercepts_absent":true,"mode":"user-context-close-retained-pages","pending":0,"version":"157.0.1"}
{"cycle":8,"known_intercept_ids":["a5b62ee0-f148-4a37-96d9-2785d7d25cec"],"known_intercepts_absent":true,"mode":"shared-handles-final-drop","pending":0,"version":"157.0.1"}
{"cycle":8,"known_intercept_ids":["d4e60506-814a-42a9-8018-9ff901899474"],"known_intercepts_absent":true,"mode":"page-close-retained-handles","pending":0,"version":"157.0.1"}
{"cycle":8,"known_intercept_ids":["bad84b89-5a1e-40da-bd99-a7198eaacd3c","f9894f09-f26f-4d00-b5fa-e7bb18b7bef1"],"known_intercepts_absent":true,"mode":"user-context-close-retained-pages","pending":0,"version":"157.0.1"}
{"cycle":9,"known_intercept_ids":["aa180749-c144-4957-8996-823990f57dde"],"known_intercepts_absent":true,"mode":"shared-handles-final-drop","pending":0,"version":"157.0.1"}
{"cycle":9,"known_intercept_ids":["fa127cb1-8918-4572-a2e9-075d82cf8a71"],"known_intercepts_absent":true,"mode":"page-close-retained-handles","pending":0,"version":"157.0.1"}
{"cycle":9,"known_intercept_ids":["4abd9aa1-f0ce-4720-b907-350d7f0ec78a","64cb3258-9e04-40d1-af43-84bde6c4dcb1"],"known_intercepts_absent":true,"mode":"user-context-close-retained-pages","pending":0,"version":"157.0.1"}
{"cycle":10,"known_intercept_ids":["89391efd-e189-4dbf-93f8-2d3944b0a0cf"],"known_intercepts_absent":true,"mode":"shared-handles-final-drop","pending":0,"version":"157.0.1"}
{"cycle":10,"known_intercept_ids":["fe9e6b54-0090-4443-bf10-f8a6d73945b0"],"known_intercepts_absent":true,"mode":"page-close-retained-handles","pending":0,"version":"157.0.1"}
{"cycle":10,"known_intercept_ids":["c23c66f6-abb2-48ed-8bd2-61413260afa2","5d57fa7c-e97d-4c7f-a71e-67f18a66ae6b"],"known_intercepts_absent":true,"mode":"user-context-close-retained-pages","pending":0,"version":"157.0.1"}
ok

test result: ok. 4 passed; 0 failed; 0 ignored; 0 measured; 0 filtered out; finished in 23.51s

     Running http_navigation.rs (target/debug/deps/http_navigation-ef29bf3a90cb572b)

running 14 tests
test another_document_interrupts_an_older_navigation_waiter ... ok
test browser_disconnect_wakes_pending_waiters ... ok
test cancelled_navigation_does_not_corrupt_the_next_navigation ... ok
test click_navigation_does_not_reuse_the_previous_documents_load ... ok
test closing_a_page_wakes_pending_load_waiters ... ok
test closing_a_page_wakes_pending_url_waiters ... ok
test fragment_navigation_preserves_the_document_load_state ... ok
test goto_timeout_covers_headers_and_document_load_together ... ok
test redirected_goto_reports_the_committed_url ... ok
test reload_waits_for_the_new_document_and_its_resources ... ok
test same_document_history_and_full_document_history_finish ... ok
test timeout_before_commit_allows_a_new_navigation_and_ignores_the_old_response ... ok
test url_wait_observes_a_matching_url_even_if_it_changes_again_immediately ... ok
test url_wait_observes_push_state_and_hash_changes ... ok

test result: ok. 14 passed; 0 failed; 0 ignored; 0 measured; 0 filtered out; finished in 6.85s

     Running http_network_idle.rs (target/debug/deps/http_network_idle-fee690056236f8cf)

running 10 tests
test aborted_fetch_and_cancelled_idle_wait_leave_no_pending_activity ... ok
test closing_during_the_quiet_timer_wakes_the_idle_waiter ... ok
test concurrent_requests_and_a_second_burst_restart_the_quiet_window ... ok
test mocked_blocked_and_redirected_requests_finish_without_stale_counts ... ok
test new_main_document_does_not_wait_for_old_keepalive_or_child_requests ... ok
test remote_frame_fetch_prevents_parent_network_idle ... ok
test remote_frame_reload_and_return_do_not_leave_stale_pending_requests ... ok
test removing_a_same_process_frame_releases_its_pending_requests ... ok
test removing_nested_renderer_frames_releases_the_entire_subtree ... ok
test restarted_fetch_waits_for_the_body_and_a_new_quiet_window ... ok

test result: ok. 10 passed; 0 failed; 0 ignored; 0 measured; 0 filtered out; finished in 17.09s

     Running http_shutdown.rs (target/debug/deps/http_shutdown-ff3050712ec6fed4)

running 3 tests
test chrome_cancelled_shutdown_completes_native_cleanup ... {"concurrent_close_waited":true,"context_ids":[],"cycle":1,"engine":"chrome","helper_preloads":null,"keeper_preserved":true,"mode":"context-page-response","page_ids":["4F720477E0B16C07D60CC460216FDC9C","D31936311E84A9EA4FDA87C5FB881D11"],"pending":0,"retained_closed_handles":2,"subsequent_context_usable":true,"version":"Chrome/151.0.7922.173"}
{"concurrent_close_waited":true,"context_ids":[],"cycle":2,"engine":"chrome","helper_preloads":null,"keeper_preserved":true,"mode":"context-page-response","page_ids":["4F720477E0B16C07D60CC460216FDC9C","D31936311E84A9EA4FDA87C5FB881D11"],"pending":0,"retained_closed_handles":2,"subsequent_context_usable":true,"version":"Chrome/151.0.7922.173"}
{"concurrent_close_waited":true,"context_ids":[],"cycle":3,"engine":"chrome","helper_preloads":null,"keeper_preserved":true,"mode":"context-page-response","page_ids":["4F720477E0B16C07D60CC460216FDC9C","D31936311E84A9EA4FDA87C5FB881D11"],"pending":0,"retained_closed_handles":2,"subsequent_context_usable":true,"version":"Chrome/151.0.7922.173"}
{"concurrent_close_waited":true,"context_ids":[],"cycle":4,"engine":"chrome","helper_preloads":null,"keeper_preserved":true,"mode":"context-page-response","page_ids":["4F720477E0B16C07D60CC460216FDC9C","D31936311E84A9EA4FDA87C5FB881D11"],"pending":0,"retained_closed_handles":2,"subsequent_context_usable":true,"version":"Chrome/151.0.7922.173"}
{"concurrent_close_waited":true,"context_ids":[],"cycle":5,"engine":"chrome","helper_preloads":null,"keeper_preserved":true,"mode":"context-page-response","page_ids":["4F720477E0B16C07D60CC460216FDC9C","D31936311E84A9EA4FDA87C5FB881D11"],"pending":0,"retained_closed_handles":2,"subsequent_context_usable":true,"version":"Chrome/151.0.7922.173"}
{"concurrent_close_waited":true,"context_ids":[],"cycle":6,"engine":"chrome","helper_preloads":null,"keeper_preserved":true,"mode":"context-page-response","page_ids":["4F720477E0B16C07D60CC460216FDC9C","D31936311E84A9EA4FDA87C5FB881D11"],"pending":0,"retained_closed_handles":2,"subsequent_context_usable":true,"version":"Chrome/151.0.7922.173"}
{"concurrent_close_waited":true,"context_ids":[],"cycle":7,"engine":"chrome","helper_preloads":null,"keeper_preserved":true,"mode":"context-page-response","page_ids":["4F720477E0B16C07D60CC460216FDC9C","D31936311E84A9EA4FDA87C5FB881D11"],"pending":0,"retained_closed_handles":2,"subsequent_context_usable":true,"version":"Chrome/151.0.7922.173"}
{"concurrent_close_waited":true,"context_ids":[],"cycle":8,"engine":"chrome","helper_preloads":null,"keeper_preserved":true,"mode":"context-page-response","page_ids":["4F720477E0B16C07D60CC460216FDC9C","D31936311E84A9EA4FDA87C5FB881D11"],"pending":0,"retained_closed_handles":2,"subsequent_context_usable":true,"version":"Chrome/151.0.7922.173"}
{"concurrent_close_waited":true,"context_ids":[],"cycle":9,"engine":"chrome","helper_preloads":null,"keeper_preserved":true,"mode":"context-page-response","page_ids":["4F720477E0B16C07D60CC460216FDC9C","D31936311E84A9EA4FDA87C5FB881D11"],"pending":0,"retained_closed_handles":2,"subsequent_context_usable":true,"version":"Chrome/151.0.7922.173"}
{"concurrent_close_waited":true,"context_ids":[],"cycle":10,"engine":"chrome","helper_preloads":null,"keeper_preserved":true,"mode":"context-page-response","page_ids":["4F720477E0B16C07D60CC460216FDC9C","D31936311E84A9EA4FDA87C5FB881D11"],"pending":0,"retained_closed_handles":2,"subsequent_context_usable":true,"version":"Chrome/151.0.7922.173"}
{"concurrent_close_waited":true,"context_ids":[],"cycle":1,"engine":"chrome","helper_preloads":null,"keeper_preserved":true,"mode":"context-response","page_ids":["4F720477E0B16C07D60CC460216FDC9C","D31936311E84A9EA4FDA87C5FB881D11"],"pending":0,"retained_closed_handles":2,"subsequent_context_usable":true,"version":"Chrome/151.0.7922.173"}
{"concurrent_close_waited":true,"context_ids":[],"cycle":2,"engine":"chrome","helper_preloads":null,"keeper_preserved":true,"mode":"context-response","page_ids":["4F720477E0B16C07D60CC460216FDC9C","D31936311E84A9EA4FDA87C5FB881D11"],"pending":0,"retained_closed_handles":2,"subsequent_context_usable":true,"version":"Chrome/151.0.7922.173"}
{"concurrent_close_waited":true,"context_ids":[],"cycle":3,"engine":"chrome","helper_preloads":null,"keeper_preserved":true,"mode":"context-response","page_ids":["4F720477E0B16C07D60CC460216FDC9C","D31936311E84A9EA4FDA87C5FB881D11"],"pending":0,"retained_closed_handles":2,"subsequent_context_usable":true,"version":"Chrome/151.0.7922.173"}
{"concurrent_close_waited":true,"context_ids":[],"cycle":4,"engine":"chrome","helper_preloads":null,"keeper_preserved":true,"mode":"context-response","page_ids":["4F720477E0B16C07D60CC460216FDC9C","D31936311E84A9EA4FDA87C5FB881D11"],"pending":0,"retained_closed_handles":2,"subsequent_context_usable":true,"version":"Chrome/151.0.7922.173"}
{"concurrent_close_waited":true,"context_ids":[],"cycle":5,"engine":"chrome","helper_preloads":null,"keeper_preserved":true,"mode":"context-response","page_ids":["4F720477E0B16C07D60CC460216FDC9C","D31936311E84A9EA4FDA87C5FB881D11"],"pending":0,"retained_closed_handles":2,"subsequent_context_usable":true,"version":"Chrome/151.0.7922.173"}
{"concurrent_close_waited":true,"context_ids":[],"cycle":6,"engine":"chrome","helper_preloads":null,"keeper_preserved":true,"mode":"context-response","page_ids":["4F720477E0B16C07D60CC460216FDC9C","D31936311E84A9EA4FDA87C5FB881D11"],"pending":0,"retained_closed_handles":2,"subsequent_context_usable":true,"version":"Chrome/151.0.7922.173"}
{"concurrent_close_waited":true,"context_ids":[],"cycle":7,"engine":"chrome","helper_preloads":null,"keeper_preserved":true,"mode":"context-response","page_ids":["4F720477E0B16C07D60CC460216FDC9C","D31936311E84A9EA4FDA87C5FB881D11"],"pending":0,"retained_closed_handles":2,"subsequent_context_usable":true,"version":"Chrome/151.0.7922.173"}
{"concurrent_close_waited":true,"context_ids":[],"cycle":8,"engine":"chrome","helper_preloads":null,"keeper_preserved":true,"mode":"context-response","page_ids":["4F720477E0B16C07D60CC460216FDC9C","D31936311E84A9EA4FDA87C5FB881D11"],"pending":0,"retained_closed_handles":2,"subsequent_context_usable":true,"version":"Chrome/151.0.7922.173"}
{"concurrent_close_waited":true,"context_ids":[],"cycle":9,"engine":"chrome","helper_preloads":null,"keeper_preserved":true,"mode":"context-response","page_ids":["4F720477E0B16C07D60CC460216FDC9C","D31936311E84A9EA4FDA87C5FB881D11"],"pending":0,"retained_closed_handles":2,"subsequent_context_usable":true,"version":"Chrome/151.0.7922.173"}
{"concurrent_close_waited":true,"context_ids":[],"cycle":10,"engine":"chrome","helper_preloads":null,"keeper_preserved":true,"mode":"context-response","page_ids":["4F720477E0B16C07D60CC460216FDC9C","D31936311E84A9EA4FDA87C5FB881D11"],"pending":0,"retained_closed_handles":2,"subsequent_context_usable":true,"version":"Chrome/151.0.7922.173"}
ok
test firefox_cancelled_monitor_setup_still_waits_for_subscription ... ok
test firefox_cancelled_shutdown_completes_native_cleanup ... {"concurrent_close_waited":true,"context_ids":["141fbb43-1b1e-41e7-94b7-bc39dc5a3733","19930976-7280-4116-82e0-7be568666572","48069e9d-d8ea-4bc0-b52b-474617c54aa3","9f2a65be-083d-42ba-88a5-6ef824299b73","default"],"cycle":1,"engine":"firefox","helper_preloads":1,"keeper_preserved":true,"mode":"context-response","page_ids":["1d4af02b-1e52-4253-8a56-4a3f7537fe73","da309af6-4460-455f-b178-cc2353047a1e"],"pending":0,"retained_closed_handles":2,"subsequent_context_usable":true,"version":"157.0.1"}
{"concurrent_close_waited":true,"context_ids":["141fbb43-1b1e-41e7-94b7-bc39dc5a3733","19930976-7280-4116-82e0-7be568666572","48069e9d-d8ea-4bc0-b52b-474617c54aa3","9f2a65be-083d-42ba-88a5-6ef824299b73","default"],"cycle":2,"engine":"firefox","helper_preloads":1,"keeper_preserved":true,"mode":"context-response","page_ids":["1d4af02b-1e52-4253-8a56-4a3f7537fe73","da309af6-4460-455f-b178-cc2353047a1e"],"pending":0,"retained_closed_handles":2,"subsequent_context_usable":true,"version":"157.0.1"}
{"concurrent_close_waited":true,"context_ids":["141fbb43-1b1e-41e7-94b7-bc39dc5a3733","19930976-7280-4116-82e0-7be568666572","48069e9d-d8ea-4bc0-b52b-474617c54aa3","9f2a65be-083d-42ba-88a5-6ef824299b73","default"],"cycle":3,"engine":"firefox","helper_preloads":1,"keeper_preserved":true,"mode":"context-response","page_ids":["1d4af02b-1e52-4253-8a56-4a3f7537fe73","da309af6-4460-455f-b178-cc2353047a1e"],"pending":0,"retained_closed_handles":2,"subsequent_context_usable":true,"version":"157.0.1"}
{"concurrent_close_waited":true,"context_ids":["141fbb43-1b1e-41e7-94b7-bc39dc5a3733","19930976-7280-4116-82e0-7be568666572","48069e9d-d8ea-4bc0-b52b-474617c54aa3","9f2a65be-083d-42ba-88a5-6ef824299b73","default"],"cycle":4,"engine":"firefox","helper_preloads":1,"keeper_preserved":true,"mode":"context-response","page_ids":["1d4af02b-1e52-4253-8a56-4a3f7537fe73","da309af6-4460-455f-b178-cc2353047a1e"],"pending":0,"retained_closed_handles":2,"subsequent_context_usable":true,"version":"157.0.1"}
{"concurrent_close_waited":true,"context_ids":["141fbb43-1b1e-41e7-94b7-bc39dc5a3733","19930976-7280-4116-82e0-7be568666572","48069e9d-d8ea-4bc0-b52b-474617c54aa3","9f2a65be-083d-42ba-88a5-6ef824299b73","default"],"cycle":5,"engine":"firefox","helper_preloads":1,"keeper_preserved":true,"mode":"context-response","page_ids":["1d4af02b-1e52-4253-8a56-4a3f7537fe73","da309af6-4460-455f-b178-cc2353047a1e"],"pending":0,"retained_closed_handles":2,"subsequent_context_usable":true,"version":"157.0.1"}
{"concurrent_close_waited":true,"context_ids":["141fbb43-1b1e-41e7-94b7-bc39dc5a3733","19930976-7280-4116-82e0-7be568666572","48069e9d-d8ea-4bc0-b52b-474617c54aa3","9f2a65be-083d-42ba-88a5-6ef824299b73","default"],"cycle":6,"engine":"firefox","helper_preloads":1,"keeper_preserved":true,"mode":"context-response","page_ids":["1d4af02b-1e52-4253-8a56-4a3f7537fe73","da309af6-4460-455f-b178-cc2353047a1e"],"pending":0,"retained_closed_handles":2,"subsequent_context_usable":true,"version":"157.0.1"}
{"concurrent_close_waited":true,"context_ids":["141fbb43-1b1e-41e7-94b7-bc39dc5a3733","19930976-7280-4116-82e0-7be568666572","48069e9d-d8ea-4bc0-b52b-474617c54aa3","9f2a65be-083d-42ba-88a5-6ef824299b73","default"],"cycle":7,"engine":"firefox","helper_preloads":1,"keeper_preserved":true,"mode":"context-response","page_ids":["1d4af02b-1e52-4253-8a56-4a3f7537fe73","da309af6-4460-455f-b178-cc2353047a1e"],"pending":0,"retained_closed_handles":2,"subsequent_context_usable":true,"version":"157.0.1"}
{"concurrent_close_waited":true,"context_ids":["141fbb43-1b1e-41e7-94b7-bc39dc5a3733","19930976-7280-4116-82e0-7be568666572","48069e9d-d8ea-4bc0-b52b-474617c54aa3","9f2a65be-083d-42ba-88a5-6ef824299b73","default"],"cycle":8,"engine":"firefox","helper_preloads":1,"keeper_preserved":true,"mode":"context-response","page_ids":["1d4af02b-1e52-4253-8a56-4a3f7537fe73","da309af6-4460-455f-b178-cc2353047a1e"],"pending":0,"retained_closed_handles":2,"subsequent_context_usable":true,"version":"157.0.1"}
{"concurrent_close_waited":true,"context_ids":["141fbb43-1b1e-41e7-94b7-bc39dc5a3733","19930976-7280-4116-82e0-7be568666572","48069e9d-d8ea-4bc0-b52b-474617c54aa3","9f2a65be-083d-42ba-88a5-6ef824299b73","default"],"cycle":9,"engine":"firefox","helper_preloads":1,"keeper_preserved":true,"mode":"context-response","page_ids":["1d4af02b-1e52-4253-8a56-4a3f7537fe73","da309af6-4460-455f-b178-cc2353047a1e"],"pending":0,"retained_closed_handles":2,"subsequent_context_usable":true,"version":"157.0.1"}
{"concurrent_close_waited":true,"context_ids":["141fbb43-1b1e-41e7-94b7-bc39dc5a3733","19930976-7280-4116-82e0-7be568666572","48069e9d-d8ea-4bc0-b52b-474617c54aa3","9f2a65be-083d-42ba-88a5-6ef824299b73","default"],"cycle":10,"engine":"firefox","helper_preloads":1,"keeper_preserved":true,"mode":"context-response","page_ids":["1d4af02b-1e52-4253-8a56-4a3f7537fe73","da309af6-4460-455f-b178-cc2353047a1e"],"pending":0,"retained_closed_handles":2,"subsequent_context_usable":true,"version":"157.0.1"}
{"concurrent_close_waited":true,"context_ids":["141fbb43-1b1e-41e7-94b7-bc39dc5a3733","19930976-7280-4116-82e0-7be568666572","48069e9d-d8ea-4bc0-b52b-474617c54aa3","9f2a65be-083d-42ba-88a5-6ef824299b73","default"],"cycle":1,"engine":"firefox","helper_preloads":1,"keeper_preserved":true,"mode":"context-helper","page_ids":["1d4af02b-1e52-4253-8a56-4a3f7537fe73","da309af6-4460-455f-b178-cc2353047a1e"],"pending":0,"retained_closed_handles":2,"subsequent_context_usable":true,"version":"157.0.1"}
{"concurrent_close_waited":true,"context_ids":["141fbb43-1b1e-41e7-94b7-bc39dc5a3733","19930976-7280-4116-82e0-7be568666572","48069e9d-d8ea-4bc0-b52b-474617c54aa3","9f2a65be-083d-42ba-88a5-6ef824299b73","default"],"cycle":2,"engine":"firefox","helper_preloads":1,"keeper_preserved":true,"mode":"context-helper","page_ids":["1d4af02b-1e52-4253-8a56-4a3f7537fe73","da309af6-4460-455f-b178-cc2353047a1e"],"pending":0,"retained_closed_handles":2,"subsequent_context_usable":true,"version":"157.0.1"}
{"concurrent_close_waited":true,"context_ids":["141fbb43-1b1e-41e7-94b7-bc39dc5a3733","19930976-7280-4116-82e0-7be568666572","48069e9d-d8ea-4bc0-b52b-474617c54aa3","9f2a65be-083d-42ba-88a5-6ef824299b73","default"],"cycle":3,"engine":"firefox","helper_preloads":1,"keeper_preserved":true,"mode":"context-helper","page_ids":["1d4af02b-1e52-4253-8a56-4a3f7537fe73","da309af6-4460-455f-b178-cc2353047a1e"],"pending":0,"retained_closed_handles":2,"subsequent_context_usable":true,"version":"157.0.1"}
{"concurrent_close_waited":true,"context_ids":["141fbb43-1b1e-41e7-94b7-bc39dc5a3733","19930976-7280-4116-82e0-7be568666572","48069e9d-d8ea-4bc0-b52b-474617c54aa3","9f2a65be-083d-42ba-88a5-6ef824299b73","default"],"cycle":4,"engine":"firefox","helper_preloads":1,"keeper_preserved":true,"mode":"context-helper","page_ids":["1d4af02b-1e52-4253-8a56-4a3f7537fe73","da309af6-4460-455f-b178-cc2353047a1e"],"pending":0,"retained_closed_handles":2,"subsequent_context_usable":true,"version":"157.0.1"}
{"concurrent_close_waited":true,"context_ids":["141fbb43-1b1e-41e7-94b7-bc39dc5a3733","19930976-7280-4116-82e0-7be568666572","48069e9d-d8ea-4bc0-b52b-474617c54aa3","9f2a65be-083d-42ba-88a5-6ef824299b73","default"],"cycle":5,"engine":"firefox","helper_preloads":1,"keeper_preserved":true,"mode":"context-helper","page_ids":["1d4af02b-1e52-4253-8a56-4a3f7537fe73","da309af6-4460-455f-b178-cc2353047a1e"],"pending":0,"retained_closed_handles":2,"subsequent_context_usable":true,"version":"157.0.1"}
{"concurrent_close_waited":true,"context_ids":["141fbb43-1b1e-41e7-94b7-bc39dc5a3733","19930976-7280-4116-82e0-7be568666572","48069e9d-d8ea-4bc0-b52b-474617c54aa3","9f2a65be-083d-42ba-88a5-6ef824299b73","default"],"cycle":6,"engine":"firefox","helper_preloads":1,"keeper_preserved":true,"mode":"context-helper","page_ids":["1d4af02b-1e52-4253-8a56-4a3f7537fe73","da309af6-4460-455f-b178-cc2353047a1e"],"pending":0,"retained_closed_handles":2,"subsequent_context_usable":true,"version":"157.0.1"}
{"concurrent_close_waited":true,"context_ids":["141fbb43-1b1e-41e7-94b7-bc39dc5a3733","19930976-7280-4116-82e0-7be568666572","48069e9d-d8ea-4bc0-b52b-474617c54aa3","9f2a65be-083d-42ba-88a5-6ef824299b73","default"],"cycle":7,"engine":"firefox","helper_preloads":1,"keeper_preserved":true,"mode":"context-helper","page_ids":["1d4af02b-1e52-4253-8a56-4a3f7537fe73","da309af6-4460-455f-b178-cc2353047a1e"],"pending":0,"retained_closed_handles":2,"subsequent_context_usable":true,"version":"157.0.1"}
{"concurrent_close_waited":true,"context_ids":["141fbb43-1b1e-41e7-94b7-bc39dc5a3733","19930976-7280-4116-82e0-7be568666572","48069e9d-d8ea-4bc0-b52b-474617c54aa3","9f2a65be-083d-42ba-88a5-6ef824299b73","default"],"cycle":8,"engine":"firefox","helper_preloads":1,"keeper_preserved":true,"mode":"context-helper","page_ids":["1d4af02b-1e52-4253-8a56-4a3f7537fe73","da309af6-4460-455f-b178-cc2353047a1e"],"pending":0,"retained_closed_handles":2,"subsequent_context_usable":true,"version":"157.0.1"}
{"concurrent_close_waited":true,"context_ids":["141fbb43-1b1e-41e7-94b7-bc39dc5a3733","19930976-7280-4116-82e0-7be568666572","48069e9d-d8ea-4bc0-b52b-474617c54aa3","9f2a65be-083d-42ba-88a5-6ef824299b73","default"],"cycle":9,"engine":"firefox","helper_preloads":1,"keeper_preserved":true,"mode":"context-helper","page_ids":["1d4af02b-1e52-4253-8a56-4a3f7537fe73","da309af6-4460-455f-b178-cc2353047a1e"],"pending":0,"retained_closed_handles":2,"subsequent_context_usable":true,"version":"157.0.1"}
{"concurrent_close_waited":true,"context_ids":["141fbb43-1b1e-41e7-94b7-bc39dc5a3733","19930976-7280-4116-82e0-7be568666572","48069e9d-d8ea-4bc0-b52b-474617c54aa3","9f2a65be-083d-42ba-88a5-6ef824299b73","default"],"cycle":10,"engine":"firefox","helper_preloads":1,"keeper_preserved":true,"mode":"context-helper","page_ids":["1d4af02b-1e52-4253-8a56-4a3f7537fe73","da309af6-4460-455f-b178-cc2353047a1e"],"pending":0,"retained_closed_handles":2,"subsequent_context_usable":true,"version":"157.0.1"}
{"concurrent_close_waited":true,"context_ids":["141fbb43-1b1e-41e7-94b7-bc39dc5a3733","19930976-7280-4116-82e0-7be568666572","48069e9d-d8ea-4bc0-b52b-474617c54aa3","9f2a65be-083d-42ba-88a5-6ef824299b73","default"],"cycle":1,"engine":"firefox","helper_preloads":1,"keeper_preserved":true,"mode":"page-helper","page_ids":["1d4af02b-1e52-4253-8a56-4a3f7537fe73","da309af6-4460-455f-b178-cc2353047a1e"],"pending":0,"retained_closed_handles":2,"subsequent_context_usable":true,"version":"157.0.1"}
{"concurrent_close_waited":true,"context_ids":["141fbb43-1b1e-41e7-94b7-bc39dc5a3733","19930976-7280-4116-82e0-7be568666572","48069e9d-d8ea-4bc0-b52b-474617c54aa3","9f2a65be-083d-42ba-88a5-6ef824299b73","default"],"cycle":2,"engine":"firefox","helper_preloads":1,"keeper_preserved":true,"mode":"page-helper","page_ids":["1d4af02b-1e52-4253-8a56-4a3f7537fe73","da309af6-4460-455f-b178-cc2353047a1e"],"pending":0,"retained_closed_handles":2,"subsequent_context_usable":true,"version":"157.0.1"}
{"concurrent_close_waited":true,"context_ids":["141fbb43-1b1e-41e7-94b7-bc39dc5a3733","19930976-7280-4116-82e0-7be568666572","48069e9d-d8ea-4bc0-b52b-474617c54aa3","9f2a65be-083d-42ba-88a5-6ef824299b73","default"],"cycle":3,"engine":"firefox","helper_preloads":1,"keeper_preserved":true,"mode":"page-helper","page_ids":["1d4af02b-1e52-4253-8a56-4a3f7537fe73","da309af6-4460-455f-b178-cc2353047a1e"],"pending":0,"retained_closed_handles":2,"subsequent_context_usable":true,"version":"157.0.1"}
{"concurrent_close_waited":true,"context_ids":["141fbb43-1b1e-41e7-94b7-bc39dc5a3733","19930976-7280-4116-82e0-7be568666572","48069e9d-d8ea-4bc0-b52b-474617c54aa3","9f2a65be-083d-42ba-88a5-6ef824299b73","default"],"cycle":4,"engine":"firefox","helper_preloads":1,"keeper_preserved":true,"mode":"page-helper","page_ids":["1d4af02b-1e52-4253-8a56-4a3f7537fe73","da309af6-4460-455f-b178-cc2353047a1e"],"pending":0,"retained_closed_handles":2,"subsequent_context_usable":true,"version":"157.0.1"}
{"concurrent_close_waited":true,"context_ids":["141fbb43-1b1e-41e7-94b7-bc39dc5a3733","19930976-7280-4116-82e0-7be568666572","48069e9d-d8ea-4bc0-b52b-474617c54aa3","9f2a65be-083d-42ba-88a5-6ef824299b73","default"],"cycle":5,"engine":"firefox","helper_preloads":1,"keeper_preserved":true,"mode":"page-helper","page_ids":["1d4af02b-1e52-4253-8a56-4a3f7537fe73","da309af6-4460-455f-b178-cc2353047a1e"],"pending":0,"retained_closed_handles":2,"subsequent_context_usable":true,"version":"157.0.1"}
{"concurrent_close_waited":true,"context_ids":["141fbb43-1b1e-41e7-94b7-bc39dc5a3733","19930976-7280-4116-82e0-7be568666572","48069e9d-d8ea-4bc0-b52b-474617c54aa3","9f2a65be-083d-42ba-88a5-6ef824299b73","default"],"cycle":6,"engine":"firefox","helper_preloads":1,"keeper_preserved":true,"mode":"page-helper","page_ids":["1d4af02b-1e52-4253-8a56-4a3f7537fe73","da309af6-4460-455f-b178-cc2353047a1e"],"pending":0,"retained_closed_handles":2,"subsequent_context_usable":true,"version":"157.0.1"}
{"concurrent_close_waited":true,"context_ids":["141fbb43-1b1e-41e7-94b7-bc39dc5a3733","19930976-7280-4116-82e0-7be568666572","48069e9d-d8ea-4bc0-b52b-474617c54aa3","9f2a65be-083d-42ba-88a5-6ef824299b73","default"],"cycle":7,"engine":"firefox","helper_preloads":1,"keeper_preserved":true,"mode":"page-helper","page_ids":["1d4af02b-1e52-4253-8a56-4a3f7537fe73","da309af6-4460-455f-b178-cc2353047a1e"],"pending":0,"retained_closed_handles":2,"subsequent_context_usable":true,"version":"157.0.1"}
{"concurrent_close_waited":true,"context_ids":["141fbb43-1b1e-41e7-94b7-bc39dc5a3733","19930976-7280-4116-82e0-7be568666572","48069e9d-d8ea-4bc0-b52b-474617c54aa3","9f2a65be-083d-42ba-88a5-6ef824299b73","default"],"cycle":8,"engine":"firefox","helper_preloads":1,"keeper_preserved":true,"mode":"page-helper","page_ids":["1d4af02b-1e52-4253-8a56-4a3f7537fe73","da309af6-4460-455f-b178-cc2353047a1e"],"pending":0,"retained_closed_handles":2,"subsequent_context_usable":true,"version":"157.0.1"}
{"concurrent_close_waited":true,"context_ids":["141fbb43-1b1e-41e7-94b7-bc39dc5a3733","19930976-7280-4116-82e0-7be568666572","48069e9d-d8ea-4bc0-b52b-474617c54aa3","9f2a65be-083d-42ba-88a5-6ef824299b73","default"],"cycle":9,"engine":"firefox","helper_preloads":1,"keeper_preserved":true,"mode":"page-helper","page_ids":["1d4af02b-1e52-4253-8a56-4a3f7537fe73","da309af6-4460-455f-b178-cc2353047a1e"],"pending":0,"retained_closed_handles":2,"subsequent_context_usable":true,"version":"157.0.1"}
{"concurrent_close_waited":true,"context_ids":["141fbb43-1b1e-41e7-94b7-bc39dc5a3733","19930976-7280-4116-82e0-7be568666572","48069e9d-d8ea-4bc0-b52b-474617c54aa3","9f2a65be-083d-42ba-88a5-6ef824299b73","default"],"cycle":10,"engine":"firefox","helper_preloads":1,"keeper_preserved":true,"mode":"page-helper","page_ids":["1d4af02b-1e52-4253-8a56-4a3f7537fe73","da309af6-4460-455f-b178-cc2353047a1e"],"pending":0,"retained_closed_handles":2,"subsequent_context_usable":true,"version":"157.0.1"}
ok

test result: ok. 3 passed; 0 failed; 0 ignored; 0 measured; 0 filtered out; finished in 34.01s

