2026-10-09T20:42:50.2955557Z Current runner version: '2.337.0'
2026-10-09T20:42:50.2979944Z ##[group]Runner Image Provisioner
2026-10-09T20:42:50.2980887Z Hosted Compute Agent
2026-10-09T20:42:50.2981494Z Version: 20261002.596
2026-10-09T20:42:50.2982214Z Commit: c3d12f3313a95f25162a1503be624f3b0617f8c0
2026-10-09T20:42:50.2982996Z Build Date: 2026-10-02T22:28:27Z
2026-10-09T20:42:50.2983779Z Worker ID: {108baad2-eba6-4878-a578-4853c8752b43}
2026-10-09T20:42:50.2984521Z Region: westus2
2026-10-09T20:42:50.2985094Z Cloud: Azure
2026-10-09T20:42:50.2985691Z ##[endgroup]
2026-10-09T20:42:50.2987143Z ##[group]Operating System
2026-10-09T20:42:50.2987797Z Ubuntu
2026-10-09T20:42:50.2988738Z 24.04.5
2026-10-09T20:42:50.2989257Z LTS
2026-10-09T20:42:50.2989810Z ##[endgroup]
2026-10-09T20:42:50.2990416Z ##[group]Runner Image
2026-10-09T20:42:50.2991108Z Image: ubuntu-24.04
2026-10-09T20:42:50.2991756Z Version: 20261004.327.1
2026-10-09T20:42:50.2993063Z Included Software: https://github.com/actions/runner-images/blob/ubuntu24/20261004.327/images/ubuntu/Ubuntu2404-Readme.md
2026-10-09T20:42:50.2994752Z Image Release: https://github.com/actions/runner-images/releases/tag/ubuntu24%2F20261004.327
2026-10-09T20:42:50.2995768Z ##[endgroup]
2026-10-09T20:42:50.2996989Z ##[group]GITHUB_TOKEN Permissions
2026-10-09T20:42:50.2999075Z Contents: read
2026-10-09T20:42:50.2999805Z Metadata: read
2026-10-09T20:42:50.3000412Z ##[endgroup]
2026-10-09T20:42:50.3002518Z Secret source: Actions
2026-10-09T20:42:50.3003521Z Cache mode: write
2026-10-09T20:42:50.3004271Z Prepare workflow directory
2026-10-09T20:42:50.3456740Z Prepare all required actions
2026-10-09T20:42:50.3505380Z Getting action download info
2026-10-09T20:42:50.7089766Z Download action repository 'actions/checkout@v5' (SHA:fbc6f3992d24b796d5a048ff273f7fcc4a7b6c09)
2026-10-09T20:42:50.8033540Z Download action repository 'dtolnay/rust-toolchain@stable' (SHA:686976e191b89faba57d3206551f0f330d8cb249)
2026-10-09T20:42:50.9914424Z Download action repository 'Swatinem/rust-cache@v2' (SHA:6323deb102c322ba6fcbdcafc7e3dddab59af2b6)
2026-10-09T20:42:51.2960184Z Download action repository 'browser-actions/setup-chrome@v2' (SHA:48ad923757ca74d66703209fe939badbdf80f2f4)
2026-10-09T20:42:51.4736645Z Download action repository 'browser-actions/setup-firefox@v1' (SHA:0bc507ddf224827e3b1af68e014d5e42ab93e795)
2026-10-09T20:42:51.6652295Z Download action repository 'actions/upload-artifact@v4' (SHA:ea165f8d65b6e75b540449e92b4886f43607fa02)
2026-10-09T20:42:51.9198937Z Complete job name: fmt / clippy / test
2026-10-09T20:42:52.0056494Z ##[group]Run actions/checkout@v5
2026-10-09T20:42:52.0057444Z with:
2026-10-09T20:42:52.0058173Z   repository: rsasaki0109/rustwright
2026-10-09T20:42:52.0062129Z   token: ***
2026-10-09T20:42:52.0062573Z   ssh-strict: true
2026-10-09T20:42:52.0063032Z   ssh-user: git
2026-10-09T20:42:52.0063495Z   persist-credentials: true
2026-10-09T20:42:52.0064008Z   clean: true
2026-10-09T20:42:52.0064477Z   sparse-checkout-cone-mode: true
2026-10-09T20:42:52.0065015Z   fetch-depth: 1
2026-10-09T20:42:52.0065491Z   fetch-tags: false
2026-10-09T20:42:52.0065953Z   show-progress: true
2026-10-09T20:42:52.0066419Z   lfs: false
2026-10-09T20:42:52.0066850Z   submodules: false
2026-10-09T20:42:52.0067313Z   set-safe-directory: true
2026-10-09T20:42:52.0067977Z   allow-unsafe-pr-checkout: false
2026-10-09T20:42:52.0068796Z env:
2026-10-09T20:42:52.0069248Z   CARGO_TERM_COLOR: always
2026-10-09T20:42:52.0069737Z   RUST_BACKTRACE: 1
2026-10-09T20:42:52.0070181Z ##[endgroup]
2026-10-09T20:42:52.1124043Z Syncing repository: rsasaki0109/rustwright
2026-10-09T20:42:52.1125951Z ##[group]Getting Git version info
2026-10-09T20:42:52.1126757Z Working directory is '/home/runner/work/rustwright/rustwright'
2026-10-09T20:42:52.1128209Z [command]/usr/bin/git version
2026-10-09T20:42:52.1213055Z git version 2.55.0
2026-10-09T20:42:52.1240283Z ##[endgroup]
2026-10-09T20:42:52.1256694Z Temporarily overriding HOME='/home/runner/work/_temp/0b9bbc67-0695-4d3b-8c99-183e532a1d2f' before making global git config changes
2026-10-09T20:42:52.1260379Z Adding repository directory to the temporary git global config as a safe directory
2026-10-09T20:42:52.1262301Z [command]/usr/bin/git config --global --add safe.directory /home/runner/work/rustwright/rustwright
2026-10-09T20:42:52.1333428Z Deleting the contents of '/home/runner/work/rustwright/rustwright'
2026-10-09T20:42:52.1337026Z ##[group]Initializing the repository
2026-10-09T20:42:52.1342732Z [command]/usr/bin/git init /home/runner/work/rustwright/rustwright
2026-10-09T20:42:52.1476060Z hint: Using 'master' as the name for the initial branch. This default branch name
2026-10-09T20:42:52.1477693Z hint: will change to "main" in Git 3.0. To configure the initial branch name
2026-10-09T20:42:52.1479531Z hint: to use in all of your new repositories, which will suppress this warning,
2026-10-09T20:42:52.1480738Z hint: call:
2026-10-09T20:42:52.1482307Z hint:
2026-10-09T20:42:52.1483163Z hint: 	git config --global init.defaultBranch <name>
2026-10-09T20:42:52.1484151Z hint:
2026-10-09T20:42:52.1485099Z hint: Names commonly chosen instead of 'master' are 'main', 'trunk' and
2026-10-09T20:42:52.1486608Z hint: 'development'. The just-created branch can be renamed via this command:
2026-10-09T20:42:52.1488023Z hint:
2026-10-09T20:42:52.1488708Z hint: 	git branch -m <name>
2026-10-09T20:42:52.1489471Z hint:
2026-10-09T20:42:52.1490476Z hint: Disable this message with "git config set advice.defaultBranchName false"
2026-10-09T20:42:52.1492190Z Initialized empty Git repository in /home/runner/work/rustwright/rustwright/.git/
2026-10-09T20:42:52.1494901Z [command]/usr/bin/git remote add origin https://github.com/rsasaki0109/rustwright
2026-10-09T20:42:52.1543707Z ##[endgroup]
2026-10-09T20:42:52.1544913Z ##[group]Disabling automatic garbage collection
2026-10-09T20:42:52.1547579Z [command]/usr/bin/git config --local gc.auto 0
2026-10-09T20:42:52.1580440Z ##[endgroup]
2026-10-09T20:42:52.1581715Z ##[group]Setting up auth
2026-10-09T20:42:52.1588740Z [command]/usr/bin/git config --local --name-only --get-regexp core\.sshCommand
2026-10-09T20:42:52.1623872Z [command]/usr/bin/git submodule foreach --recursive sh -c "git config --local --name-only --get-regexp 'core\.sshCommand' && git config --local --unset-all 'core.sshCommand' || :"
2026-10-09T20:42:52.2038797Z [command]/usr/bin/git config --local --name-only --get-regexp http\.https\:\/\/github\.com\/\.extraheader
2026-10-09T20:42:52.2077505Z [command]/usr/bin/git submodule foreach --recursive sh -c "git config --local --name-only --get-regexp 'http\.https\:\/\/github\.com\/\.extraheader' && git config --local --unset-all 'http.https://github.com/.extraheader' || :"
2026-10-09T20:42:52.2303442Z [command]/usr/bin/git config --local --name-only --get-regexp ^includeIf\.gitdir:
2026-10-09T20:42:52.2341044Z [command]/usr/bin/git submodule foreach --recursive git config --local --show-origin --name-only --get-regexp remote.origin.url
2026-10-09T20:42:52.2566097Z [command]/usr/bin/git config --local http.https://github.com/.extraheader AUTHORIZATION: basic ***
2026-10-09T20:42:52.2607631Z ##[endgroup]
2026-10-09T20:42:52.2617121Z ##[group]Fetching the repository
2026-10-09T20:42:52.2619201Z [command]/usr/bin/git -c protocol.version=2 fetch --no-tags --prune --no-recurse-submodules --depth=1 origin +81864cc233628753cc97cdbb19a70cc30a1d4128:refs/remotes/pull/1/merge
2026-10-09T20:42:53.3582797Z From https://github.com/rsasaki0109/rustwright
2026-10-09T20:42:53.3586153Z  * [new ref]         81864cc233628753cc97cdbb19a70cc30a1d4128 -> pull/1/merge
2026-10-09T20:42:53.3592943Z ##[endgroup]
2026-10-09T20:42:53.3595509Z ##[group]Determining the checkout info
2026-10-09T20:42:53.3598827Z ##[endgroup]
2026-10-09T20:42:53.3600849Z [command]/usr/bin/git sparse-checkout disable
2026-10-09T20:42:53.3662688Z [command]/usr/bin/git config --local --unset-all extensions.worktreeConfig
2026-10-09T20:42:53.3696123Z ##[group]Checking out the ref
2026-10-09T20:42:53.3698960Z [command]/usr/bin/git checkout --progress --force refs/remotes/pull/1/merge
2026-10-09T20:42:53.5014729Z Note: switching to 'refs/remotes/pull/1/merge'.
2026-10-09T20:42:53.5017572Z 
2026-10-09T20:42:53.5019682Z You are in 'detached HEAD' state. You can look around, make experimental
2026-10-09T20:42:53.5021830Z changes and commit them, and you can discard any commits you make in this
2026-10-09T20:42:53.5023852Z state without impacting any branches by switching back to a branch.
2026-10-09T20:42:53.5025113Z 
2026-10-09T20:42:53.5026042Z If you want to create a new branch to retain commits you create, you may
2026-10-09T20:42:53.5028236Z do so (now or later) by using -c with the switch command. Example:
2026-10-09T20:42:53.5029741Z 
2026-10-09T20:42:53.5030198Z   git switch -c <new-branch-name>
2026-10-09T20:42:53.5030934Z 
2026-10-09T20:42:53.5031464Z Or undo this operation with:
2026-10-09T20:42:53.5032204Z 
2026-10-09T20:42:53.5032694Z   git switch -
2026-10-09T20:42:53.5033325Z 
2026-10-09T20:42:53.5034282Z Turn off this advice by setting config variable advice.detachedHead to false
2026-10-09T20:42:53.5035929Z 
2026-10-09T20:42:53.5037505Z HEAD is now at 81864cc Merge be1b065aeff87e5c19e53492a19f4465ba4436f4 into 91e72af388d000266c9b4e7567a3e1fe4007fc33
2026-10-09T20:42:53.5044017Z ##[endgroup]
2026-10-09T20:42:53.5082798Z [command]/usr/bin/git log -1 --format=%H
2026-10-09T20:42:53.5109356Z 81864cc233628753cc97cdbb19a70cc30a1d4128
2026-10-09T20:42:53.5825550Z ##[group]Run dtolnay/rust-toolchain@stable
2026-10-09T20:42:53.5826863Z with:
2026-10-09T20:42:53.5828117Z   components: rustfmt, clippy
2026-10-09T20:42:53.5829374Z   toolchain: stable
2026-10-09T20:42:53.5830308Z env:
2026-10-09T20:42:53.5831163Z   CARGO_TERM_COLOR: always
2026-10-09T20:42:53.5832172Z   RUST_BACKTRACE: 1
2026-10-09T20:42:53.5833079Z ##[endgroup]
2026-10-09T20:42:53.5919645Z ##[start-action display=Parse toolchain version;id=__dtolnay_rust-toolchain.parse]
2026-10-09T20:42:53.6009879Z ##[group]Run if [[ -z $toolchain ]]; then
2026-10-09T20:42:53.6011234Z [36;1mif [[ -z $toolchain ]]; then[0m
2026-10-09T20:42:53.6013258Z [36;1m  # GitHub does not enforce `required: true` inputs itself. https://github.com/actions/runner/issues/1070[0m
2026-10-09T20:42:53.6015446Z [36;1m  echo "'toolchain' is a required input" >&2[0m
2026-10-09T20:42:53.6016698Z [36;1m  exit 1[0m
2026-10-09T20:42:53.6018434Z [36;1melif [[ $toolchain =~ ^stable' '[0-9]+' '(year|month|week|day)s?' 'ago$ ]]; then[0m
2026-10-09T20:42:53.6020132Z [36;1m  if [[ Linux == macOS ]]; then[0m
2026-10-09T20:42:53.6022201Z [36;1m    echo "toolchain=1.$((($(date -v-$(sed 's/stable \([0-9]*\) \(.\).*/\1\2/' <<< $toolchain) +%s)/60/60/24-16569)/7/6))" >> $GITHUB_OUTPUT[0m
2026-10-09T20:42:53.6024234Z [36;1m  else[0m
2026-10-09T20:42:53.6025843Z [36;1m    echo "toolchain=1.$((($(date --date "${toolchain#stable }" +%s)/60/60/24-16569)/7/6))" >> $GITHUB_OUTPUT[0m
2026-10-09T20:42:53.6027702Z [36;1m  fi[0m
2026-10-09T20:42:53.6029217Z [36;1melif [[ $toolchain =~ ^stable' 'minus' '[0-9]+' 'releases?$ ]]; then[0m
2026-10-09T20:42:53.6031318Z [36;1m  echo "toolchain=1.$((($(date +%s)/60/60/24-16569)/7/6-${toolchain//[^0-9]/}))" >> $GITHUB_OUTPUT[0m
2026-10-09T20:42:53.6033194Z [36;1melif [[ $toolchain =~ ^1\.[0-9]+$ ]]; then[0m
2026-10-09T20:42:53.6035286Z [36;1m  echo "toolchain=1.$((i=${toolchain#1.}, c=($(date +%s)/60/60/24-16569)/7/6, i+9*i*(10*i<=c)+90*i*(100*i<=c)))" >> $GITHUB_OUTPUT[0m
2026-10-09T20:42:53.6037284Z [36;1melse[0m
2026-10-09T20:42:53.6038352Z [36;1m  delimiter=EOF[0m
2026-10-09T20:42:53.6039653Z [36;1m  while [[ $toolchain == *$delimiter* ]]; do delimiter+=_; done[0m
2026-10-09T20:42:53.6041703Z [36;1m  printf 'toolchain<<%s\n%s\n%s\n' "$delimiter" "$toolchain" "$delimiter" >> $GITHUB_OUTPUT[0m
2026-10-09T20:42:53.6043409Z [36;1mfi[0m
2026-10-09T20:42:53.6325324Z shell: /usr/bin/bash --noprofile --norc -e -o pipefail {0}
2026-10-09T20:42:53.6326882Z env:
2026-10-09T20:42:53.6328163Z   CARGO_TERM_COLOR: always
2026-10-09T20:42:53.6329328Z   RUST_BACKTRACE: 1
2026-10-09T20:42:53.6330373Z   toolchain: stable
2026-10-09T20:42:53.6331391Z ##[endgroup]
2026-10-09T20:42:53.6493016Z ##[end-action id=__dtolnay_rust-toolchain.parse;outcome=success;conclusion=success;duration_ms=57]
2026-10-09T20:42:53.6502667Z ##[start-action display=Set $CARGO_HOME;id=__dtolnay_rust-toolchain.__run]
2026-10-09T20:42:53.6611969Z ##[group]Run echo CARGO_HOME=${CARGO_HOME:-"$HOME/.cargo"} >> $GITHUB_ENV
2026-10-09T20:42:53.6613834Z [36;1mecho CARGO_HOME=${CARGO_HOME:-"$HOME/.cargo"} >> $GITHUB_ENV[0m
2026-10-09T20:42:53.6680532Z shell: /usr/bin/bash --noprofile --norc -e -o pipefail {0}
2026-10-09T20:42:53.6681888Z env:
2026-10-09T20:42:53.6682715Z   CARGO_TERM_COLOR: always
2026-10-09T20:42:53.6683742Z   RUST_BACKTRACE: 1
2026-10-09T20:42:53.6684637Z ##[endgroup]
2026-10-09T20:42:53.6801038Z ##[end-action id=__dtolnay_rust-toolchain.__run;outcome=success;conclusion=success;duration_ms=29]
2026-10-09T20:42:53.6808098Z ##[start-action display=Install rustup if needed;id=__dtolnay_rust-toolchain.__run_2]
2026-10-09T20:42:53.6873308Z ##[group]Run if ! command -v rustup &>/dev/null; then
2026-10-09T20:42:53.6874758Z [36;1mif ! command -v rustup &>/dev/null; then[0m
2026-10-09T20:42:53.6877567Z [36;1m  curl --proto '=https' --tlsv1.2 --retry 10 --retry-connrefused --location --silent --show-error --fail https://sh.rustup.rs | sh -s -- --default-toolchain none -y[0m
2026-10-09T20:42:53.6880856Z [36;1m  echo "$CARGO_HOME/bin" >> $GITHUB_PATH[0m
2026-10-09T20:42:53.6882087Z [36;1mfi[0m
2026-10-09T20:42:53.6950286Z shell: /usr/bin/bash --noprofile --norc -e -o pipefail {0}
2026-10-09T20:42:53.6951631Z env:
2026-10-09T20:42:53.6952471Z   CARGO_TERM_COLOR: always
2026-10-09T20:42:53.6953465Z   RUST_BACKTRACE: 1
2026-10-09T20:42:53.6954403Z   CARGO_HOME: /home/runner/.cargo
2026-10-09T20:42:53.6955461Z ##[endgroup]
2026-10-09T20:42:53.7068726Z ##[end-action id=__dtolnay_rust-toolchain.__run_2;outcome=success;conclusion=success;duration_ms=25]
2026-10-09T20:42:53.7075577Z ##[start-action display=Install rustup if needed on windows;id=__dtolnay_rust-toolchain.__run_3]
2026-10-09T20:42:53.7091190Z ##[end-action id=__dtolnay_rust-toolchain.__run_3;outcome=skipped;conclusion=skipped;duration_ms=0]
2026-10-09T20:42:53.7111193Z ##[start-action display=rustup toolchain install stable;id=__dtolnay_rust-toolchain.__run_4]
2026-10-09T20:42:53.7187643Z ##[group]Run set -f  # split targets and components on commas and whitespace, without glob expansion
2026-10-09T20:42:53.7190353Z [36;1mset -f  # split targets and components on commas and whitespace, without glob expansion[0m
2026-10-09T20:42:53.7192063Z [36;1mflags=()[0m
2026-10-09T20:42:53.7193155Z [36;1mfor t in ${targets//,/ }; do flags+=(--target "$t"); done[0m
2026-10-09T20:42:53.7194790Z [36;1mfor c in ${components//,/ }; do flags+=(--component "$c"); done[0m
2026-10-09T20:42:53.7196694Z [36;1mif [[ $toolchain == nightly && -n $components ]]; then flags+=(--allow-downgrade); fi[0m
2026-10-09T20:42:53.7198562Z [36;1mlog=$(mktemp)[0m
2026-10-09T20:42:53.7199514Z [36;1mtrap 'rm -f "$log"' EXIT[0m
2026-10-09T20:42:53.7200564Z [36;1mfor attempt in 1 2 3 4 5; do[0m
2026-10-09T20:42:53.7202730Z [36;1m  if rustup toolchain install "$toolchain" "${flags[@]}" --profile minimal --no-self-update --force-non-host 2>&1 | tee "$log"; then[0m
2026-10-09T20:42:53.7204899Z [36;1m    break[0m
2026-10-09T20:42:53.7205746Z [36;1m  else[0m
2026-10-09T20:42:53.7206593Z [36;1m    status=$?[0m
2026-10-09T20:42:53.7207487Z [36;1m  fi[0m
2026-10-09T20:42:53.7208871Z [36;1m  if [[ $attempt == 5 ]] || ! grep -Fq 'checksum failed for ' "$log" \[0m
2026-10-09T20:42:53.7210963Z [36;1m      || ! grep -Fq 'this is likely due to an ongoing update of the official release server' "$log"; then[0m
2026-10-09T20:42:53.7212765Z [36;1m    exit "$status"[0m
2026-10-09T20:42:53.7213712Z [36;1m  fi[0m
2026-10-09T20:42:53.7215106Z [36;1m  echo "Retrying rustup toolchain install in 30 seconds (retry $attempt of 4)" >&2[0m
2026-10-09T20:42:53.7216753Z [36;1m  sleep 30[0m
2026-10-09T20:42:53.7217616Z [36;1mdone[0m
2026-10-09T20:42:53.7284847Z shell: /usr/bin/bash --noprofile --norc -e -o pipefail {0}
2026-10-09T20:42:53.7286315Z env:
2026-10-09T20:42:53.7287105Z   CARGO_TERM_COLOR: always
2026-10-09T20:42:53.7288313Z   RUST_BACKTRACE: 1
2026-10-09T20:42:53.7289230Z   CARGO_HOME: /home/runner/.cargo
2026-10-09T20:42:53.7290254Z   toolchain: stable
2026-10-09T20:42:53.7291109Z   targets: 
2026-10-09T20:42:53.7291932Z   components: rustfmt, clippy
2026-10-09T20:42:53.7292947Z   RUSTUP_PERMIT_COPY_RENAME: 1
2026-10-09T20:42:53.7293930Z ##[endgroup]
2026-10-09T20:42:53.9815638Z info: syncing channel updates for stable-x86_64-unknown-linux-gnu
2026-10-09T20:42:54.1406655Z info: latest update on 2026-10-01 for version 1.99.0 (b940084d7 2026-09-28)
2026-10-09T20:42:54.1609338Z info: component clippy is up to date
2026-10-09T20:42:54.1611555Z info: component rustfmt is up to date
2026-10-09T20:42:54.1618453Z 
2026-10-09T20:42:54.1706132Z   stable-x86_64-unknown-linux-gnu unchanged - rustc 1.99.0 (b940084d7 2026-09-28)
2026-10-09T20:42:54.1707537Z 
2026-10-09T20:42:54.1772379Z ##[end-action id=__dtolnay_rust-toolchain.__run_4;outcome=success;conclusion=success;duration_ms=465]
2026-10-09T20:42:54.1783301Z ##[start-action display=rustup default stable;id=__dtolnay_rust-toolchain.__run_5]
2026-10-09T20:42:54.1834868Z ##[group]Run rustup default "$toolchain" --force-non-host
2026-10-09T20:42:54.1836492Z [36;1mrustup default "$toolchain" --force-non-host[0m
2026-10-09T20:42:54.1909974Z shell: /usr/bin/bash --noprofile --norc -e -o pipefail {0}
2026-10-09T20:42:54.1911247Z env:
2026-10-09T20:42:54.1912011Z   CARGO_TERM_COLOR: always
2026-10-09T20:42:54.1912946Z   RUST_BACKTRACE: 1
2026-10-09T20:42:54.1913834Z   CARGO_HOME: /home/runner/.cargo
2026-10-09T20:42:54.1914824Z   toolchain: stable
2026-10-09T20:42:54.1915648Z ##[endgroup]
2026-10-09T20:42:54.2055235Z info: using existing install for stable-x86_64-unknown-linux-gnu
2026-10-09T20:42:54.2065024Z info: default toolchain set to stable-x86_64-unknown-linux-gnu
2026-10-09T20:42:54.2066397Z 
2026-10-09T20:42:54.2140798Z   stable-x86_64-unknown-linux-gnu unchanged - rustc 1.99.0 (b940084d7 2026-09-28)
2026-10-09T20:42:54.2142247Z 
2026-10-09T20:42:54.2171798Z ##[end-action id=__dtolnay_rust-toolchain.__run_5;outcome=success;conclusion=success;duration_ms=38]
2026-10-09T20:42:54.2181154Z ##[start-action display=Create cachekey;id=__dtolnay_rust-toolchain.rustc-version]
2026-10-09T20:42:54.2240215Z ##[group]Run DATE=$(rustc +"$toolchain" --version --verbose | sed -ne 's/^commit-date: \(20[0-9][0-9]\)-\([01][0-9]\)-\([0-3][0-9]\)$/\1\2\3/p')
2026-10-09T20:42:54.2243204Z [36;1mDATE=$(rustc +"$toolchain" --version --verbose | sed -ne 's/^commit-date: \(20[0-9][0-9]\)-\([01][0-9]\)-\([0-3][0-9]\)$/\1\2\3/p')[0m
2026-10-09T20:42:54.2245672Z [36;1mHASH=$(rustc +"$toolchain" --version --verbose | sed -ne 's/^commit-hash: //p')[0m
2026-10-09T20:42:54.2247573Z [36;1mecho "cachekey=$(echo $DATE$HASH | head -c12)" >> $GITHUB_OUTPUT[0m
2026-10-09T20:42:54.2321280Z shell: /usr/bin/bash --noprofile --norc -e -o pipefail {0}
2026-10-09T20:42:54.2322530Z env:
2026-10-09T20:42:54.2323343Z   CARGO_TERM_COLOR: always
2026-10-09T20:42:54.2324252Z   RUST_BACKTRACE: 1
2026-10-09T20:42:54.2325131Z   CARGO_HOME: /home/runner/.cargo
2026-10-09T20:42:54.2326157Z   toolchain: stable
2026-10-09T20:42:54.2326987Z ##[endgroup]
2026-10-09T20:42:54.2725465Z ##[end-action id=__dtolnay_rust-toolchain.rustc-version;outcome=success;conclusion=success;duration_ms=54]
2026-10-09T20:42:54.2732851Z ##[start-action display=Disable incremental compilation;id=__dtolnay_rust-toolchain.__run_6]
2026-10-09T20:42:54.2783930Z ##[group]Run if [ -z "${CARGO_INCREMENTAL+set}" ]; then
2026-10-09T20:42:54.2785276Z [36;1mif [ -z "${CARGO_INCREMENTAL+set}" ]; then[0m
2026-10-09T20:42:54.2786546Z [36;1m  echo CARGO_INCREMENTAL=0 >> $GITHUB_ENV[0m
2026-10-09T20:42:54.2787679Z [36;1mfi[0m
2026-10-09T20:42:54.2858780Z shell: /usr/bin/bash --noprofile --norc -e -o pipefail {0}
2026-10-09T20:42:54.2860048Z env:
2026-10-09T20:42:54.2860838Z   CARGO_TERM_COLOR: always
2026-10-09T20:42:54.2861760Z   RUST_BACKTRACE: 1
2026-10-09T20:42:54.2862821Z   CARGO_HOME: /home/runner/.cargo
2026-10-09T20:42:54.2863801Z ##[endgroup]
2026-10-09T20:42:54.2970587Z ##[end-action id=__dtolnay_rust-toolchain.__run_6;outcome=success;conclusion=success;duration_ms=23]
2026-10-09T20:42:54.2976835Z ##[start-action display=Enable colors in Cargo output;id=__dtolnay_rust-toolchain.__run_7]
2026-10-09T20:42:54.3026285Z ##[group]Run if [ -z "${CARGO_TERM_COLOR+set}" ]; then
2026-10-09T20:42:54.3027602Z [36;1mif [ -z "${CARGO_TERM_COLOR+set}" ]; then[0m
2026-10-09T20:42:54.3029123Z [36;1m  echo CARGO_TERM_COLOR=always >> $GITHUB_ENV[0m
2026-10-09T20:42:54.3030284Z [36;1mfi[0m
2026-10-09T20:42:54.3094203Z shell: /usr/bin/bash --noprofile --norc -e -o pipefail {0}
2026-10-09T20:42:54.3095443Z env:
2026-10-09T20:42:54.3096209Z   CARGO_TERM_COLOR: always
2026-10-09T20:42:54.3097135Z   RUST_BACKTRACE: 1
2026-10-09T20:42:54.3098170Z   CARGO_HOME: /home/runner/.cargo
2026-10-09T20:42:54.3099167Z   CARGO_INCREMENTAL: 0
2026-10-09T20:42:54.3100040Z ##[endgroup]
2026-10-09T20:42:54.3204739Z ##[end-action id=__dtolnay_rust-toolchain.__run_7;outcome=success;conclusion=success;duration_ms=22]
2026-10-09T20:42:54.3212486Z ##[start-action display=Enable Cargo sparse registry;id=__dtolnay_rust-toolchain.__run_8]
2026-10-09T20:42:54.3263559Z ##[group]Run # implemented in 1.66, stabilized in 1.68, made default in 1.70
2026-10-09T20:42:54.3265362Z [36;1m# implemented in 1.66, stabilized in 1.68, made default in 1.70[0m
2026-10-09T20:42:54.3268117Z [36;1mif [ -z "${CARGO_REGISTRIES_CRATES_IO_PROTOCOL+set}" -o -f "/home/runner/work/_temp"/.implicit_cargo_registries_crates_io_protocol ]; then[0m
2026-10-09T20:42:54.3270845Z [36;1m  if rustc +"$toolchain" --version --verbose | grep -q '^release: 1\.6[89]\.'; then[0m
2026-10-09T20:42:54.3273000Z [36;1m    touch "/home/runner/work/_temp"/.implicit_cargo_registries_crates_io_protocol || true[0m
2026-10-09T20:42:54.3274997Z [36;1m    echo CARGO_REGISTRIES_CRATES_IO_PROTOCOL=sparse >> $GITHUB_ENV[0m
2026-10-09T20:42:54.3276924Z [36;1m  elif rustc +"$toolchain" --version --verbose | grep -q '^release: 1\.6[67]\.'; then[0m
2026-10-09T20:42:54.3279439Z [36;1m    touch "/home/runner/work/_temp"/.implicit_cargo_registries_crates_io_protocol || true[0m
2026-10-09T20:42:54.3281417Z [36;1m    echo CARGO_REGISTRIES_CRATES_IO_PROTOCOL=git >> $GITHUB_ENV[0m
2026-10-09T20:42:54.3282774Z [36;1m  fi[0m
2026-10-09T20:42:54.3283562Z [36;1mfi[0m
2026-10-09T20:42:54.3346842Z shell: /usr/bin/bash --noprofile --norc -e -o pipefail {0}
2026-10-09T20:42:54.3348246Z env:
2026-10-09T20:42:54.3349026Z   CARGO_TERM_COLOR: always
2026-10-09T20:42:54.3349952Z   RUST_BACKTRACE: 1
2026-10-09T20:42:54.3350828Z   CARGO_HOME: /home/runner/.cargo
2026-10-09T20:42:54.3351806Z   CARGO_INCREMENTAL: 0
2026-10-09T20:42:54.3352667Z   toolchain: stable
2026-10-09T20:42:54.3353482Z ##[endgroup]
2026-10-09T20:42:54.3701760Z ##[end-action id=__dtolnay_rust-toolchain.__run_8;outcome=success;conclusion=success;duration_ms=48]
2026-10-09T20:42:54.3710745Z ##[start-action display=Work around spurious network errors in curl 8.0;id=__dtolnay_rust-toolchain.__run_9]
2026-10-09T20:42:54.3762790Z ##[group]Run # https://rust-lang.zulipchat.com/#narrow/stream/246057-t-cargo/topic/timeout.20investigation
2026-10-09T20:42:54.3765485Z [36;1m# https://rust-lang.zulipchat.com/#narrow/stream/246057-t-cargo/topic/timeout.20investigation[0m
2026-10-09T20:42:54.3767716Z [36;1mif rustc +"$toolchain" --version --verbose | grep -q '^release: 1\.7[01]\.'; then[0m
2026-10-09T20:42:54.3769685Z [36;1m  echo CARGO_HTTP_MULTIPLEXING=false >> $GITHUB_ENV[0m
2026-10-09T20:42:54.3770868Z [36;1mfi[0m
2026-10-09T20:42:54.3845930Z shell: /usr/bin/bash --noprofile --norc -e -o pipefail {0}
2026-10-09T20:42:54.3847140Z env:
2026-10-09T20:42:54.3848272Z   CARGO_TERM_COLOR: always
2026-10-09T20:42:54.3849203Z   RUST_BACKTRACE: 1
2026-10-09T20:42:54.3850063Z   CARGO_HOME: /home/runner/.cargo
2026-10-09T20:42:54.3851042Z   CARGO_INCREMENTAL: 0
2026-10-09T20:42:54.3851879Z   toolchain: stable
2026-10-09T20:42:54.3852889Z ##[endgroup]
2026-10-09T20:42:54.4086406Z ##[end-action id=__dtolnay_rust-toolchain.__run_9;outcome=success;conclusion=success;duration_ms=37]
2026-10-09T20:42:54.4096005Z ##[start-action display=rustc +stable --version --verbose;id=__dtolnay_rust-toolchain.__run_10]
2026-10-09T20:42:54.4146461Z ##[group]Run rustc +"$toolchain" --version --verbose
2026-10-09T20:42:54.4147753Z [36;1mrustc +"$toolchain" --version --verbose[0m
2026-10-09T20:42:54.4217107Z shell: /usr/bin/bash --noprofile --norc -e -o pipefail {0}
2026-10-09T20:42:54.4218708Z env:
2026-10-09T20:42:54.4219475Z   CARGO_TERM_COLOR: always
2026-10-09T20:42:54.4220395Z   RUST_BACKTRACE: 1
2026-10-09T20:42:54.4221248Z   CARGO_HOME: /home/runner/.cargo
2026-10-09T20:42:54.4222251Z   CARGO_INCREMENTAL: 0
2026-10-09T20:42:54.4223089Z   toolchain: stable
2026-10-09T20:42:54.4223885Z ##[endgroup]
2026-10-09T20:42:54.4428452Z rustc 1.99.0 (b940084d7 2026-09-28)
2026-10-09T20:42:54.4430464Z binary: rustc
2026-10-09T20:42:54.4431996Z commit-hash: b940084d7eb6a299eb4bfeb8e34901bc051e7ac4
2026-10-09T20:42:54.4433297Z commit-date: 2026-09-28
2026-10-09T20:42:54.4434294Z host: x86_64-unknown-linux-gnu
2026-10-09T20:42:54.4435320Z release: 1.99.0
2026-10-09T20:42:54.4436204Z LLVM version: 23.1.1
2026-10-09T20:42:54.4456812Z ##[end-action id=__dtolnay_rust-toolchain.__run_10;outcome=success;conclusion=success;duration_ms=35]
2026-10-09T20:42:54.4691253Z ##[group]Run Swatinem/rust-cache@v2
2026-10-09T20:42:54.4692308Z with:
2026-10-09T20:42:54.4693099Z   prefix-key: v0-rust
2026-10-09T20:42:54.4693992Z   add-job-id-key: true
2026-10-09T20:42:54.4694955Z   add-rust-environment-hash-key: true
2026-10-09T20:42:54.4696037Z   cache-targets: true
2026-10-09T20:42:54.4696946Z   cache-all-crates: false
2026-10-09T20:42:54.4698301Z   cache-workspace-crates: false
2026-10-09T20:42:54.4699339Z   save-if: true
2026-10-09T20:42:54.4700206Z   cache-provider: github
2026-10-09T20:42:54.4701138Z   cache-bin: true
2026-10-09T20:42:54.4701999Z   lookup-only: false
2026-10-09T20:42:54.4702867Z   cmd-format: {0}
2026-10-09T20:42:54.4703677Z env:
2026-10-09T20:42:54.4704456Z   CARGO_TERM_COLOR: always
2026-10-09T20:42:54.4705394Z   RUST_BACKTRACE: 1
2026-10-09T20:42:54.4706293Z   CARGO_HOME: /home/runner/.cargo
2026-10-09T20:42:54.4707292Z   CARGO_INCREMENTAL: 0
2026-10-09T20:42:54.4708299Z ##[endgroup]
2026-10-09T20:42:55.7202742Z ##[group]Cache Configuration
2026-10-09T20:42:55.7203405Z Cache Provider:
2026-10-09T20:42:55.7203751Z     github
2026-10-09T20:42:55.7204086Z Workspaces:
2026-10-09T20:42:55.7204497Z     /home/runner/work/rustwright/rustwright
2026-10-09T20:42:55.7205011Z Cache Paths:
2026-10-09T20:42:55.7205400Z     /home/runner/.cargo/bin
2026-10-09T20:42:55.7205854Z     /home/runner/.cargo/.crates.toml
2026-10-09T20:42:55.7206367Z     /home/runner/.cargo/.crates2.json
2026-10-09T20:42:55.7206915Z     /home/runner/.cargo/registry
2026-10-09T20:42:55.7207372Z     /home/runner/.cargo/git
2026-10-09T20:42:55.7208081Z     /home/runner/work/rustwright/rustwright/target
2026-10-09T20:42:55.7208663Z Restore Key:
2026-10-09T20:42:55.7209046Z     v0-rust-check-Linux-x64-2c4d122c
2026-10-09T20:42:55.7209503Z Cache Key:
2026-10-09T20:42:55.7209919Z     v0-rust-check-Linux-x64-2c4d122c-5e13362d
2026-10-09T20:42:55.7210453Z .. Prefix:
2026-10-09T20:42:55.7210831Z   - v0-rust-check-Linux-x64
2026-10-09T20:42:55.7211269Z .. Environment considered:
2026-10-09T20:42:55.7211699Z   - Rust Versions:
2026-10-09T20:42:55.7212286Z     - 1.99.0 x86_64-unknown-linux-gnu b940084d7eb6a299eb4bfeb8e34901bc051e7ac4
2026-10-09T20:42:55.7212968Z   - CARGO_HOME
2026-10-09T20:42:55.7213325Z   - CARGO_INCREMENTAL
2026-10-09T20:42:55.7213735Z   - CARGO_TERM_COLOR
2026-10-09T20:42:55.7214103Z   - RUST_BACKTRACE
2026-10-09T20:42:55.7214492Z .. Lockfiles considered:
2026-10-09T20:42:55.7214992Z   - /home/runner/work/rustwright/rustwright/Cargo.lock
2026-10-09T20:42:55.7215824Z   - /home/runner/work/rustwright/rustwright/crates/rustwright-bidi/Cargo.toml
2026-10-09T20:42:55.7217217Z   - /home/runner/work/rustwright/rustwright/crates/rustwright-browser/Cargo.toml
2026-10-09T20:42:55.7218583Z   - /home/runner/work/rustwright/rustwright/crates/rustwright-cdp/Cargo.toml
2026-10-09T20:42:55.7219908Z   - /home/runner/work/rustwright/rustwright/crates/rustwright-common/Cargo.toml
2026-10-09T20:42:55.7226974Z   - /home/runner/work/rustwright/rustwright/crates/rustwright-core/Cargo.toml
2026-10-09T20:42:55.7229097Z   - /home/runner/work/rustwright/rustwright/crates/rustwright-test-macros/Cargo.toml
2026-10-09T20:42:55.7230623Z   - /home/runner/work/rustwright/rustwright/crates/rustwright-test/Cargo.toml
2026-10-09T20:42:55.7231672Z   - /home/runner/work/rustwright/rustwright/crates/rustwright/Cargo.toml
2026-10-09T20:42:55.7233589Z   - /home/runner/work/rustwright/rustwright/docs/ci/results/firefox-network-idle/local/release/consumer/.cargo/config.toml
2026-10-09T20:42:55.7235732Z   - /home/runner/work/rustwright/rustwright/docs/ci/results/remote-20261009/followup-local/consumer/.cargo/config.toml
2026-10-09T20:42:55.7237215Z   - /home/runner/work/rustwright/rustwright/docs/ci/results/required-browser/release/consumer/.cargo/config.toml
2026-10-09T20:42:55.7238838Z   - /home/runner/work/rustwright/rustwright/docs/release/results/local-package/consumer/.cargo/config.toml
2026-10-09T20:42:55.7239939Z   - /home/runner/work/rustwright/rustwright/examples/Cargo.toml
2026-10-09T20:42:55.7241016Z   - /home/runner/work/rustwright/rustwright/tests/Cargo.toml
2026-10-09T20:42:55.7242794Z ##[endgroup]
2026-10-09T20:42:55.7243028Z 
2026-10-09T20:42:55.7243187Z ... Restoring cache ...
2026-10-09T20:42:56.0152684Z Cache hit for: v0-rust-check-Linux-x64-2c4d122c-5e13362d
2026-10-09T20:42:57.3056108Z Received 0 of 86648183 (0.0%), 0.0 MBs/sec
2026-10-09T20:42:58.1720043Z Received 86648183 of 86648183 (100.0%), 44.3 MBs/sec
2026-10-09T20:42:58.1720725Z Cache Size: ~83 MB (86648183 B)
2026-10-09T20:42:58.1760043Z [command]/usr/bin/tar -xf /home/runner/work/_temp/7a3a0025-3988-4917-80ff-03d1bf98296c/cache.tzst -P -C /home/runner/work/rustwright/rustwright --use-compress-program unzstd
2026-10-09T20:42:58.6825353Z Cache restored successfully
2026-10-09T20:42:58.6867047Z Restored from cache key "v0-rust-check-Linux-x64-2c4d122c-5e13362d" full match: true.
2026-10-09T20:42:58.7007290Z ##[group]Run cargo fmt --all -- --check
2026-10-09T20:42:58.7007667Z [36;1mcargo fmt --all -- --check[0m
2026-10-09T20:42:58.7071960Z shell: /usr/bin/bash -e {0}
2026-10-09T20:42:58.7072293Z env:
2026-10-09T20:42:58.7072503Z   CARGO_TERM_COLOR: always
2026-10-09T20:42:58.7072763Z   RUST_BACKTRACE: 1
2026-10-09T20:42:58.7072999Z   CARGO_HOME: /home/runner/.cargo
2026-10-09T20:42:58.7073283Z   CARGO_INCREMENTAL: 0
2026-10-09T20:42:58.7073522Z   CACHE_ON_FAILURE: false
2026-10-09T20:42:58.7073764Z ##[endgroup]
2026-10-09T20:43:00.1632182Z ##[group]Run cargo clippy --workspace --all-targets -- -D warnings
2026-10-09T20:43:00.1632742Z [36;1mcargo clippy --workspace --all-targets -- -D warnings[0m
2026-10-09T20:43:00.1694882Z shell: /usr/bin/bash -e {0}
2026-10-09T20:43:00.1695156Z env:
2026-10-09T20:43:00.1695359Z   CARGO_TERM_COLOR: always
2026-10-09T20:43:00.1695607Z   RUST_BACKTRACE: 1
2026-10-09T20:43:00.1695834Z   CARGO_HOME: /home/runner/.cargo
2026-10-09T20:43:00.1696093Z   CARGO_INCREMENTAL: 0
2026-10-09T20:43:00.1696319Z   CACHE_ON_FAILURE: false
2026-10-09T20:43:00.1696549Z ##[endgroup]
2026-10-09T20:43:00.6484712Z [1m[92m    Updating[0m crates.io index
2026-10-09T20:43:01.1832658Z [1m[92m    Checking[0m rustwright-common v0.1.0 (/home/runner/work/rustwright/rustwright/crates/rustwright-common)
2026-10-09T20:43:01.1834799Z [1m[92m    Checking[0m rustwright-cdp v0.1.0 (/home/runner/work/rustwright/rustwright/crates/rustwright-cdp)
2026-10-09T20:43:01.1841448Z [1m[92m   Compiling[0m rustwright-test-macros v0.1.0 (/home/runner/work/rustwright/rustwright/crates/rustwright-test-macros)
2026-10-09T20:43:04.6110807Z [1m[92m    Checking[0m rustwright-browser v0.1.0 (/home/runner/work/rustwright/rustwright/crates/rustwright-browser)
2026-10-09T20:43:04.8296916Z [1m[92m    Checking[0m rustwright-bidi v0.1.0 (/home/runner/work/rustwright/rustwright/crates/rustwright-bidi)
2026-10-09T20:43:04.8299066Z [1m[92m    Checking[0m rustwright-core v0.1.0 (/home/runner/work/rustwright/rustwright/crates/rustwright-core)
2026-10-09T20:43:06.2630134Z [1m[92m    Checking[0m rustwright v0.1.0 (/home/runner/work/rustwright/rustwright/crates/rustwright)
2026-10-09T20:43:06.4740466Z [1m[92m    Checking[0m rustwright-test v0.1.0 (/home/runner/work/rustwright/rustwright/crates/rustwright-test)
2026-10-09T20:43:06.4743033Z [1m[92m    Checking[0m rustwright-integration-tests v0.1.0 (/home/runner/work/rustwright/rustwright/tests)
2026-10-09T20:43:06.8650591Z [1m[92m    Checking[0m rustwright-examples v0.1.0 (/home/runner/work/rustwright/rustwright/examples)
2026-10-09T20:43:09.6210294Z [1m[92m    Finished[0m `dev` profile [unoptimized + debuginfo] target(s) in 9.38s
2026-10-09T20:43:09.6459313Z ##[group]Run browser-actions/setup-chrome@v2
2026-10-09T20:43:09.6459685Z with:
2026-10-09T20:43:09.6459893Z   chrome-version: stable
2026-10-09T20:43:09.6460153Z   install-dependencies: true
2026-10-09T20:43:09.6460419Z   install-chromedriver: false
2026-10-09T20:43:09.6460671Z   no-sudo: false
2026-10-09T20:43:09.6460871Z env:
2026-10-09T20:43:09.6461065Z   CARGO_TERM_COLOR: always
2026-10-09T20:43:09.6461308Z   RUST_BACKTRACE: 1
2026-10-09T20:43:09.6461539Z   CARGO_HOME: /home/runner/.cargo
2026-10-09T20:43:09.6461795Z   CARGO_INCREMENTAL: 0
2026-10-09T20:43:09.6462017Z   CACHE_ON_FAILURE: false
2026-10-09T20:43:09.6462236Z ##[endgroup]
2026-10-09T20:43:09.7154700Z Installing dependencies
2026-10-09T20:43:09.7208217Z [command]/usr/bin/sudo apt-get update
2026-10-09T20:43:09.8486508Z Get:1 file:/etc/apt/apt-mirrors.txt Mirrorlist [144 B]
2026-10-09T20:43:09.9000021Z Hit:2 http://azure.archive.ubuntu.com/ubuntu noble InRelease
2026-10-09T20:43:09.9004875Z Get:6 https://packages.microsoft.com/ubuntu/24.04/prod noble InRelease [3600 B]
2026-10-09T20:43:09.9020778Z Get:3 http://azure.archive.ubuntu.com/ubuntu noble-updates InRelease [126 kB]
2026-10-09T20:43:09.9090072Z Get:4 http://azure.archive.ubuntu.com/ubuntu noble-backports InRelease [126 kB]
2026-10-09T20:43:09.9159331Z Get:5 http://azure.archive.ubuntu.com/ubuntu noble-security InRelease [126 kB]
2026-10-09T20:43:10.0238989Z Get:7 https://packages.microsoft.com/ubuntu/24.04/prod noble/main amd64 Packages [531 kB]
2026-10-09T20:43:10.0462917Z Get:8 https://packages.microsoft.com/ubuntu/24.04/prod noble/main armhf Packages [12.3 kB]
2026-10-09T20:43:10.0512832Z Get:9 https://packages.microsoft.com/ubuntu/24.04/prod noble/main arm64 Packages [475 kB]
2026-10-09T20:43:10.0546818Z Get:10 https://packages.microsoft.com/ubuntu/24.04/prod noble/main all Packages [640 B]
2026-10-09T20:43:10.0786029Z Get:11 http://azure.archive.ubuntu.com/ubuntu noble-updates/main amd64 Packages [1375 kB]
2026-10-09T20:43:10.0850455Z Get:12 http://azure.archive.ubuntu.com/ubuntu noble-updates/main Translation-en [306 kB]
2026-10-09T20:43:10.0869949Z Get:13 http://azure.archive.ubuntu.com/ubuntu noble-updates/universe amd64 Packages [1702 kB]
2026-10-09T20:43:10.0956661Z Get:14 http://azure.archive.ubuntu.com/ubuntu noble-updates/universe Translation-en [342 kB]
2026-10-09T20:43:10.0980903Z Get:15 http://azure.archive.ubuntu.com/ubuntu noble-updates/restricted amd64 Packages [1761 kB]
2026-10-09T20:43:10.1094013Z Get:16 http://azure.archive.ubuntu.com/ubuntu noble-updates/restricted Translation-en [401 kB]
2026-10-09T20:43:10.1118937Z Get:17 http://azure.archive.ubuntu.com/ubuntu noble-updates/multiverse amd64 Packages [55.0 kB]
2026-10-09T20:43:10.1120203Z Get:18 http://azure.archive.ubuntu.com/ubuntu noble-updates/multiverse Translation-en [14.3 kB]
2026-10-09T20:43:10.1869266Z Get:19 http://azure.archive.ubuntu.com/ubuntu noble-security/main amd64 Packages [1121 kB]
2026-10-09T20:43:10.1923667Z Get:20 http://azure.archive.ubuntu.com/ubuntu noble-security/main Translation-en [228 kB]
2026-10-09T20:43:10.2379987Z Get:21 http://azure.archive.ubuntu.com/ubuntu noble-security/universe amd64 Packages [1220 kB]
2026-10-09T20:43:10.2437197Z Get:22 http://azure.archive.ubuntu.com/ubuntu noble-security/universe Translation-en [245 kB]
2026-10-09T20:43:10.2452421Z Get:23 http://azure.archive.ubuntu.com/ubuntu noble-security/restricted amd64 Packages [1669 kB]
2026-10-09T20:43:10.2529000Z Get:24 http://azure.archive.ubuntu.com/ubuntu noble-security/restricted Translation-en [383 kB]
2026-10-09T20:43:10.2548407Z Get:25 http://azure.archive.ubuntu.com/ubuntu noble-security/multiverse amd64 Packages [49.8 kB]
2026-10-09T20:43:10.2555566Z Get:26 http://azure.archive.ubuntu.com/ubuntu noble-security/multiverse Translation-en [12.4 kB]
2026-10-09T20:43:13.0898634Z Fetched 12.3 MB in 1s (9480 kB/s)
2026-10-09T20:43:13.9313485Z Reading package lists...
2026-10-09T20:43:13.9454928Z [command]/usr/bin/sudo apt-get install --yes --no-install-recommends libasound2t64 libatk-bridge2.0-0t64 libatk1.0-0t64 libcairo2 libcups2t64 libdbus-1-3 libexpat1 libgbm1 libglib2.0-0t64 libnss3 libpango-1.0-0 libxcomposite1 libxdamage1 libxfixes3 libxkbcommon0 libxrandr2
2026-10-09T20:43:13.9656865Z Reading package lists...
2026-10-09T20:43:14.1486913Z Building dependency tree...
2026-10-09T20:43:14.1495658Z Reading state information...
2026-10-09T20:43:14.3185248Z libasound2t64 is already the newest version (1.2.11-1ubuntu0.3).
2026-10-09T20:43:14.3186002Z libasound2t64 set to manually installed.
2026-10-09T20:43:14.3186640Z libatk-bridge2.0-0t64 is already the newest version (2.52.0-1build1).
2026-10-09T20:43:14.3187324Z libatk-bridge2.0-0t64 set to manually installed.
2026-10-09T20:43:14.3188218Z libatk1.0-0t64 is already the newest version (2.52.0-1build1).
2026-10-09T20:43:14.3188844Z libatk1.0-0t64 set to manually installed.
2026-10-09T20:43:14.3189564Z libcairo2 is already the newest version (1.18.0-3build1).
2026-10-09T20:43:14.3190154Z libcairo2 set to manually installed.
2026-10-09T20:43:14.3190795Z libcups2t64 is already the newest version (2.4.7-1.2ubuntu7.14).
2026-10-09T20:43:14.3191427Z libcups2t64 set to manually installed.
2026-10-09T20:43:14.3191796Z libdbus-1-3 is already the newest version (1.14.10-4ubuntu4.1).
2026-10-09T20:43:14.3192160Z libdbus-1-3 set to manually installed.
2026-10-09T20:43:14.3192524Z libexpat1 is already the newest version (2.6.1-2ubuntu0.6).
2026-10-09T20:43:14.3193031Z libexpat1 set to manually installed.
2026-10-09T20:43:14.3193590Z libgbm1 is already the newest version (25.2.8-0ubuntu0.24.04.4).
2026-10-09T20:43:14.3194182Z libgbm1 set to manually installed.
2026-10-09T20:43:14.3194756Z libglib2.0-0t64 is already the newest version (2.80.0-6ubuntu3.9).
2026-10-09T20:43:14.3195158Z libglib2.0-0t64 set to manually installed.
2026-10-09T20:43:14.3195504Z libnss3 is already the newest version (2:3.98-1ubuntu0.2).
2026-10-09T20:43:14.3195845Z libnss3 set to manually installed.
2026-10-09T20:43:14.3196197Z libpango-1.0-0 is already the newest version (1.52.1+ds-1build1).
2026-10-09T20:43:14.3196563Z libpango-1.0-0 set to manually installed.
2026-10-09T20:43:14.3196922Z libxcomposite1 is already the newest version (1:0.4.5-1build3).
2026-10-09T20:43:14.3197311Z libxcomposite1 set to manually installed.
2026-10-09T20:43:14.3197657Z libxdamage1 is already the newest version (1:1.1.6-1build1).
2026-10-09T20:43:14.3198285Z libxdamage1 set to manually installed.
2026-10-09T20:43:14.3198622Z libxfixes3 is already the newest version (1:6.0.0-2build1).
2026-10-09T20:43:14.3199118Z libxfixes3 set to manually installed.
2026-10-09T20:43:14.3199554Z libxkbcommon0 is already the newest version (1.6.0-1build1).
2026-10-09T20:43:14.3200264Z libxkbcommon0 set to manually installed.
2026-10-09T20:43:14.3201073Z libxrandr2 is already the newest version (2:1.5.2-2build1).
2026-10-09T20:43:14.3201821Z libxrandr2 set to manually installed.
2026-10-09T20:43:14.3202743Z 0 upgraded, 0 newly installed, 0 to remove and 23 not upgraded.
2026-10-09T20:43:14.3223283Z Setup chrome stable
2026-10-09T20:43:14.3224910Z Attempting to download chrome stable...
2026-10-09T20:43:14.3836525Z Acquiring chrome stable from https://storage.googleapis.com/chrome-for-testing-public/155.0.8059.39/linux64/chrome-linux64.zip
2026-10-09T20:43:15.5171388Z Installing chrome...
2026-10-09T20:43:15.5211277Z [command]/usr/bin/unzip -o -q /home/runner/work/_temp/8a7f0320-7eeb-432c-802f-cc6424bf7498
2026-10-09T20:43:19.3803089Z Successfully Installed chrome to /opt/hostedtoolcache/setup-chrome/chrome/stable/x64
2026-10-09T20:43:19.3810851Z [command]/opt/hostedtoolcache/setup-chrome/chrome/stable/x64/chrome --version
2026-10-09T20:43:19.5499490Z Google Chrome for Testing 155.0.8059.39 
2026-10-09T20:43:19.5557737Z Successfully setup chrome 155.0.8059.39
2026-10-09T20:43:19.5720602Z ##[group]Run browser-actions/setup-firefox@v1
2026-10-09T20:43:19.5720934Z with:
2026-10-09T20:43:19.5721305Z   firefox-version: 157.0.1
2026-10-09T20:43:19.5721547Z env:
2026-10-09T20:43:19.5721738Z   CARGO_TERM_COLOR: always
2026-10-09T20:43:19.5721973Z   RUST_BACKTRACE: 1
2026-10-09T20:43:19.5722199Z   CARGO_HOME: /home/runner/.cargo
2026-10-09T20:43:19.5722474Z   CARGO_INCREMENTAL: 0
2026-10-09T20:43:19.5722692Z   CACHE_ON_FAILURE: false
2026-10-09T20:43:19.5722919Z ##[endgroup]
2026-10-09T20:43:19.6428965Z Setup firefox 157.0.1 (en-US)
2026-10-09T20:43:19.6436363Z Attempting to download firefox 157.0.1...
2026-10-09T20:43:19.6439423Z This is the version number:157
2026-10-09T20:43:19.6440291Z Acquiring 157.0.1 from https://ftp.mozilla.org/pub/firefox/releases/157.0.1/linux-x86_64/en-US/firefox-157.0.1.tar.xz
2026-10-09T20:43:20.1138421Z Extracting Firefox...
2026-10-09T20:43:20.1270116Z [command]/usr/bin/tar xJ --strip-components=1 --warning=no-unknown-keyword --overwrite -C /home/runner/work/_temp/9879ccd0-6811-4acc-87e3-3af6489a9511 -f /home/runner/work/_temp/57609cdf-ee25-4b35-9da8-f363a8b329d0
2026-10-09T20:43:25.6295186Z Successfully extracted firefox 157.0.1 to /home/runner/work/_temp/9879ccd0-6811-4acc-87e3-3af6489a9511
2026-10-09T20:43:25.6296331Z Adding to the cache ...
2026-10-09T20:43:25.6398825Z (node:2973) Warning: Closing file descriptor 21 on garbage collection
2026-10-09T20:43:25.6408134Z (Use `node --trace-warnings ...` to show where the warning was created)
2026-10-09T20:43:25.6410159Z (node:2973) [DEP0137] DeprecationWarning: Closing a FileHandle object on garbage collection is deprecated. Please close FileHandle objects explicitly using FileHandle.prototype.close(). In the future, an error will be thrown if a file descriptor is closed during garbage collection.
2026-10-09T20:43:25.9708350Z Successfully cached firefox 157.0.1 to /opt/hostedtoolcache/firefox/157.0.1/x64
2026-10-09T20:43:25.9718884Z [command]/opt/hostedtoolcache/firefox/157.0.1/x64/firefox --version
2026-10-09T20:43:25.9780348Z [2991] Sandbox: CanCreateUserNamespace() unshare(CLONE_NEWPID): EPERM
2026-10-09T20:43:26.2285385Z Mozilla Firefox 157.0.1
2026-10-09T20:43:26.2302761Z Successfully setup firefox version 157.0.1
2026-10-09T20:43:26.2425975Z ##[group]Run "/opt/hostedtoolcache/firefox/157.0.1/x64/firefox" --version
2026-10-09T20:43:26.2426537Z [36;1m"/opt/hostedtoolcache/firefox/157.0.1/x64/firefox" --version[0m
2026-10-09T20:43:26.2489114Z shell: /usr/bin/bash -e {0}
2026-10-09T20:43:26.2489385Z env:
2026-10-09T20:43:26.2489614Z   CARGO_TERM_COLOR: always
2026-10-09T20:43:26.2489874Z   RUST_BACKTRACE: 1
2026-10-09T20:43:26.2490119Z   CARGO_HOME: /home/runner/.cargo
2026-10-09T20:43:26.2490400Z   CARGO_INCREMENTAL: 0
2026-10-09T20:43:26.2490649Z   CACHE_ON_FAILURE: false
2026-10-09T20:43:26.2490902Z ##[endgroup]
2026-10-09T20:43:26.2600695Z [2996] Sandbox: CanCreateUserNamespace() unshare(CLONE_NEWPID): EPERM
2026-10-09T20:43:26.2777804Z Mozilla Firefox 157.0.1
2026-10-09T20:43:26.2837440Z ##[group]Run python3 scripts/ci/chrome_linux_sandbox.py
2026-10-09T20:43:26.2838051Z [36;1mpython3 scripts/ci/chrome_linux_sandbox.py[0m
2026-10-09T20:43:26.2896272Z shell: /usr/bin/bash -e {0}
2026-10-09T20:43:26.2896533Z env:
2026-10-09T20:43:26.2896754Z   CARGO_TERM_COLOR: always
2026-10-09T20:43:26.2897005Z   RUST_BACKTRACE: 1
2026-10-09T20:43:26.2897415Z   CARGO_HOME: /home/runner/.cargo
2026-10-09T20:43:26.2897688Z   CARGO_INCREMENTAL: 0
2026-10-09T20:43:26.2898092Z   CACHE_ON_FAILURE: false
2026-10-09T20:43:26.2898479Z   RUSTWRIGHT_CHROME: /opt/hostedtoolcache/setup-chrome/chrome/stable/x64/chrome
2026-10-09T20:43:26.2898913Z ##[endgroup]
2026-10-09T20:43:27.0873443Z Chrome before: {"phase": "before", "command": ["/opt/hostedtoolcache/setup-chrome/chrome/stable/x64/chrome", "--no-first-run", "--no-default-browser-check", "--user-data-dir=/home/runner/work/rustwright/rustwright/target/ci/linux-sandbox/before-profile-x1ktdch8", "--headless=new", "--disable-gpu", "--hide-scrollbars", "--mute-audio", "--dump-dom", "http://127.0.0.1:38145/"], "exit_code": -6, "timed_out": false, "stdout": "/home/runner/work/rustwright/rustwright/target/ci/linux-sandbox/before-stdout.log", "stderr": "/home/runner/work/rustwright/rustwright/target/ci/linux-sandbox/before-stderr.log", "document_rendered": false, "passed": false}
2026-10-09T20:43:27.0882119Z [3003:3003:1009/204326.634971:FATAL:content/browser/zygote_host/zygote_host_impl_linux.cc:130] No usable sandbox! If you are running on Ubuntu 23.10+ or another Linux distro that has disabled unprivileged user namespaces with AppArmor, see https://chromium.googlesource.com/chromium/src/+/main/docs/security/apparmor-userns-restrictions.md. Otherwise see https://chromium.googlesource.com/chromium/src/+/main/docs/linux/suid_sandbox_development.md for more information on developing with the (older) SUID sandbox. If you want to live dangerously and need an immediate workaround, you can try using --no-sandbox.
2026-10-09T20:43:27.0887105Z [1009/204326.644834:ERROR:third_party/crashpad/crashpad/util/file/file_io_posix.cc:145] open /sys/devices/system/cpu/cpu0/cpufreq/scaling_cur_freq: No such file or directory (2)
2026-10-09T20:43:27.0889437Z [1009/204326.644880:ERROR:third_party/crashpad/crashpad/util/file/file_io_posix.cc:145] open /sys/devices/system/cpu/cpu0/cpufreq/scaling_max_freq: No such file or directory (2)
2026-10-09T20:43:27.0890702Z Received signal 6
2026-10-09T20:43:27.0891349Z #0 0x56371e985fc3 (/opt/hostedtoolcache/setup-chrome/chrome/stable/x64/chrome+0x6aecfc2)
2026-10-09T20:43:27.0892413Z #1 0x563723954174 (/opt/hostedtoolcache/setup-chrome/chrome/stable/x64/chrome+0xbabb173)
2026-10-09T20:43:27.0893289Z #2 0x7fd59b245330 (/usr/lib/x86_64-linux-gnu/libc.so.6+0x4532f)
2026-10-09T20:43:27.0894009Z #3 0x7fd59b24527e (/usr/lib/x86_64-linux-gnu/libc.so.6+0x4527d)
2026-10-09T20:43:27.0894796Z #4 0x7fd59b2288ff (/usr/lib/x86_64-linux-gnu/libc.so.6+0x288fe)
2026-10-09T20:43:27.0895687Z #5 0x56372394aed5 (/opt/hostedtoolcache/setup-chrome/chrome/stable/x64/chrome+0xbab1ed4)
2026-10-09T20:43:27.0896737Z #6 0x56372390ab8d (/opt/hostedtoolcache/setup-chrome/chrome/stable/x64/chrome+0xba71b8c)
2026-10-09T20:43:27.0897767Z #7 0x56372390aadd (/opt/hostedtoolcache/setup-chrome/chrome/stable/x64/chrome+0xba71adc)
2026-10-09T20:43:27.0899055Z #8 0x56371e64fc12 (/opt/hostedtoolcache/setup-chrome/chrome/stable/x64/chrome+0x67b6c11)
2026-10-09T20:43:27.0900066Z #9 0x56371dd76829 (/opt/hostedtoolcache/setup-chrome/chrome/stable/x64/chrome+0x5edd828)
2026-10-09T20:43:27.0901097Z #10 0x56371d8aef58 (/opt/hostedtoolcache/setup-chrome/chrome/stable/x64/chrome+0x5a15f57)
2026-10-09T20:43:27.0902177Z #11 0x563722e1d74f (/opt/hostedtoolcache/setup-chrome/chrome/stable/x64/chrome+0xaf8474e)
2026-10-09T20:43:27.0903221Z #12 0x56371ddbf90c (/opt/hostedtoolcache/setup-chrome/chrome/stable/x64/chrome+0x5f2690b)
2026-10-09T20:43:27.0904274Z #13 0x56371ddbf060 (/opt/hostedtoolcache/setup-chrome/chrome/stable/x64/chrome+0x5f2605f)
2026-10-09T20:43:27.0905367Z #14 0x7fd59b22a1ca (/usr/lib/x86_64-linux-gnu/libc.so.6+0x2a1c9)
2026-10-09T20:43:27.0906122Z #15 0x7fd59b22a28b (/usr/lib/x86_64-linux-gnu/libc.so.6+0x2a28a)
2026-10-09T20:43:27.0906942Z #16 0x56371ec3f36a (/opt/hostedtoolcache/setup-chrome/chrome/stable/x64/chrome+0x6da6369)
2026-10-09T20:43:27.0908181Z   r8: 000014080013c263  r9: 0000000000000001 r10: 0000000000000008 r11: 0000000000000246
2026-10-09T20:43:27.0909360Z  r12: 0000000000000006 r13: 000014080013c000 r14: 0000000000000016 r15: 00007ffd3f73aab8
2026-10-09T20:43:27.0910269Z   di: 0000000000000bbb  si: 0000000000000bbb  bp: 00007ffd3f73a430  bx: 0000000000000bbb
2026-10-09T20:43:27.0911190Z   dx: 0000000000000006  ax: 0000000000000000  cx: 00007fd59b29ec0c  sp: 00007ffd3f73a3f0
2026-10-09T20:43:27.0912134Z   ip: 00007fd59b29ec0c efl: 0000000000000246 cgf: 002b000000000033 erf: 0000000000000000
2026-10-09T20:43:27.0912970Z  trp: 0000000000000000 msk: 0000000000000000 cr2: 0000000000000000
2026-10-09T20:43:27.0913584Z [end of stack trace]
2026-10-09T20:43:27.0913833Z 
2026-10-09T20:43:28.4212612Z Chrome after-configuration: {"phase": "after-configuration", "command": ["/opt/hostedtoolcache/setup-chrome/chrome/stable/x64/chrome", "--no-first-run", "--no-default-browser-check", "--user-data-dir=/home/runner/work/rustwright/rustwright/target/ci/linux-sandbox/after-configuration-profile-2crg9sim", "--headless=new", "--disable-gpu", "--hide-scrollbars", "--mute-audio", "--dump-dom", "http://127.0.0.1:32843/"], "exit_code": 0, "timed_out": false, "stdout": "/home/runner/work/rustwright/rustwright/target/ci/linux-sandbox/after-configuration-stdout.log", "stderr": "/home/runner/work/rustwright/rustwright/target/ci/linux-sandbox/after-configuration-stderr.log", "document_rendered": true, "passed": true}
2026-10-09T20:43:28.4217585Z [3031:3053:1009/204327.458567:ERROR:dbus/bus.cc:405] Failed to connect to the bus: Could not parse server address: Unknown address type (examples of valid types are "tcp" and on UNIX "unix")
2026-10-09T20:43:28.4219484Z [3031:3053:1009/204327.459642:ERROR:dbus/bus.cc:405] Failed to connect to the bus: Could not parse server address: Unknown address type (examples of valid types are "tcp" and on UNIX "unix")
2026-10-09T20:43:28.4220920Z [3031:3053:1009/204327.459680:ERROR:dbus/bus.cc:405] Failed to connect to the bus: Could not parse server address: Unknown address type (examples of valid types are "tcp" and on UNIX "unix")
2026-10-09T20:43:28.4222129Z [3031:3053:1009/204327.461718:ERROR:dbus/bus.cc:405] Failed to connect to the bus: Could not parse server address: Unknown address type (examples of valid types are "tcp" and on UNIX "unix")
2026-10-09T20:43:28.4223299Z [3031:3053:1009/204327.485963:ERROR:dbus/bus.cc:405] Failed to connect to the bus: Could not parse server address: Unknown address type (examples of valid types are "tcp" and on UNIX "unix")
2026-10-09T20:43:28.4224471Z [3031:3031:1009/204327.617347:ERROR:dbus/object_proxy.cc:572] Failed to call method: org.freedesktop.DBus.NameHasOwner: object_path= /org/freedesktop/DBus: unknown error type: 
2026-10-09T20:43:28.4225646Z [3031:3053:1009/204327.617557:ERROR:dbus/bus.cc:405] Failed to connect to the bus: Could not parse server address: Unknown address type (examples of valid types are "tcp" and on UNIX "unix")
2026-10-09T20:43:28.4226816Z [3031:3031:1009/204327.618109:ERROR:dbus/object_proxy.cc:572] Failed to call method: org.freedesktop.DBus.NameHasOwner: object_path= /org/freedesktop/DBus: unknown error type: 
2026-10-09T20:43:28.4228298Z [3031:3053:1009/204327.618382:ERROR:dbus/bus.cc:405] Failed to connect to the bus: Could not parse server address: Unknown address type (examples of valid types are "tcp" and on UNIX "unix")
2026-10-09T20:43:28.4229521Z [3031:3031:1009/204327.618657:ERROR:dbus/object_proxy.cc:572] Failed to call method: org.freedesktop.DBus.NameHasOwner: object_path= /org/freedesktop/DBus: unknown error type: 
2026-10-09T20:43:28.4230982Z [3031:3031:1009/204327.632940:ERROR:dbus/object_proxy.cc:572] Failed to call method: org.freedesktop.DBus.NameHasOwner: object_path= /org/freedesktop/DBus: unknown error type: 
2026-10-09T20:43:28.4232206Z [3031:3053:1009/204327.633309:ERROR:dbus/bus.cc:405] Failed to connect to the bus: Could not parse server address: Unknown address type (examples of valid types are "tcp" and on UNIX "unix")
2026-10-09T20:43:28.4233382Z [3031:3031:1009/204327.668889:ERROR:dbus/object_proxy.cc:572] Failed to call method: org.freedesktop.DBus.NameHasOwner: object_path= /org/freedesktop/DBus: unknown error type: 
2026-10-09T20:43:28.4234666Z [3031:3031:1009/204327.669675:ERROR:dbus/object_proxy.cc:572] Failed to call method: org.freedesktop.DBus.NameHasOwner: object_path= /org/freedesktop/DBus: unknown error type: 
2026-10-09T20:43:28.4235843Z [3031:3053:1009/204327.669744:ERROR:dbus/bus.cc:405] Failed to connect to the bus: Could not parse server address: Unknown address type (examples of valid types are "tcp" and on UNIX "unix")
2026-10-09T20:43:28.4237002Z [3031:3031:1009/204327.671939:ERROR:dbus/object_proxy.cc:572] Failed to call method: org.freedesktop.DBus.NameHasOwner: object_path= /org/freedesktop/DBus: unknown error type: 
2026-10-09T20:43:28.4238398Z [3031:3031:1009/204327.681634:ERROR:dbus/object_proxy.cc:572] Failed to call method: org.freedesktop.DBus.NameHasOwner: object_path= /org/freedesktop/DBus: unknown error type: 
2026-10-09T20:43:28.4240003Z [3031:3031:1009/204327.681703:ERROR:dbus/object_proxy.cc:572] Failed to call method: org.freedesktop.DBus.Properties.GetAll: object_path= /org/freedesktop/UPower/devices/DisplayDevice: org.freedesktop.DBus.Error.ServiceUnknown: The name org.freedesktop.UPower was not provided by any .service files
2026-10-09T20:43:28.4241628Z [3031:3053:1009/204327.681921:ERROR:dbus/bus.cc:405] Failed to connect to the bus: Could not parse server address: Unknown address type (examples of valid types are "tcp" and on UNIX "unix")
2026-10-09T20:43:28.4242797Z [3031:3031:1009/204327.704532:ERROR:dbus/object_proxy.cc:572] Failed to call method: org.freedesktop.DBus.NameHasOwner: object_path= /org/freedesktop/DBus: unknown error type: 
2026-10-09T20:43:28.4243944Z [3031:3053:1009/204327.704624:ERROR:dbus/bus.cc:405] Failed to connect to the bus: Could not parse server address: Unknown address type (examples of valid types are "tcp" and on UNIX "unix")
2026-10-09T20:43:28.4245094Z [3031:3031:1009/204327.725167:ERROR:dbus/object_proxy.cc:572] Failed to call method: org.freedesktop.DBus.NameHasOwner: object_path= /org/freedesktop/DBus: unknown error type: 
2026-10-09T20:43:28.4246687Z [3031:3031:1009/204327.736720:ERROR:dbus/object_proxy.cc:572] Failed to call method: org.freedesktop.NetworkManager.GetDevices: object_path= /org/freedesktop/NetworkManager: org.freedesktop.DBus.Error.ServiceUnknown: The name org.freedesktop.NetworkManager was not provided by any .service files
2026-10-09T20:43:28.4247739Z 
2026-10-09T20:43:28.4345096Z ##[group]Run cargo test --locked --workspace -- --test-threads=1
2026-10-09T20:43:28.4345594Z [36;1mcargo test --locked --workspace -- --test-threads=1[0m
2026-10-09T20:43:28.4408592Z shell: /usr/bin/bash -e {0}
2026-10-09T20:43:28.4408855Z env:
2026-10-09T20:43:28.4409051Z   CARGO_TERM_COLOR: always
2026-10-09T20:43:28.4409295Z   RUST_BACKTRACE: 1
2026-10-09T20:43:28.4409520Z   CARGO_HOME: /home/runner/.cargo
2026-10-09T20:43:28.4409779Z   CARGO_INCREMENTAL: 0
2026-10-09T20:43:28.4410009Z   CACHE_ON_FAILURE: false
2026-10-09T20:43:28.4410379Z   CHROME_DEVEL_SANDBOX: /usr/local/lib/rustwright-ci/155.0.8059.39/chrome-sandbox
2026-10-09T20:43:28.4410937Z   RUSTWRIGHT_CHROME: /opt/hostedtoolcache/setup-chrome/chrome/stable/x64/chrome
2026-10-09T20:43:28.4411447Z   RUSTWRIGHT_FIREFOX: /opt/hostedtoolcache/firefox/157.0.1/x64/firefox
2026-10-09T20:43:28.4411819Z   RUSTWRIGHT_RETRIES: 0
2026-10-09T20:43:28.4412046Z   RUSTWRIGHT_HEADLESS: 1
2026-10-09T20:43:28.4412313Z   RUSTWRIGHT_REQUIRE_BROWSERS: 1
2026-10-09T20:43:28.4412560Z ##[endgroup]
2026-10-09T20:43:28.5309441Z [1m[92m   Compiling[0m rustwright-common v0.1.0 (/home/runner/work/rustwright/rustwright/crates/rustwright-common)
2026-10-09T20:43:28.5311221Z [1m[92m   Compiling[0m rustwright-cdp v0.1.0 (/home/runner/work/rustwright/rustwright/crates/rustwright-cdp)
2026-10-09T20:43:28.5313040Z [1m[92m   Compiling[0m rustwright-test-macros v0.1.0 (/home/runner/work/rustwright/rustwright/crates/rustwright-test-macros)
2026-10-09T20:43:29.6953053Z [1m[92m   Compiling[0m rustwright-browser v0.1.0 (/home/runner/work/rustwright/rustwright/crates/rustwright-browser)
2026-10-09T20:43:29.9540033Z [1m[92m   Compiling[0m rustwright-bidi v0.1.0 (/home/runner/work/rustwright/rustwright/crates/rustwright-bidi)
2026-10-09T20:43:30.0551371Z [1m[92m   Compiling[0m rustwright-core v0.1.0 (/home/runner/work/rustwright/rustwright/crates/rustwright-core)
2026-10-09T20:43:33.0398783Z [1m[92m   Compiling[0m rustwright v0.1.0 (/home/runner/work/rustwright/rustwright/crates/rustwright)
2026-10-09T20:43:33.3081333Z [1m[92m   Compiling[0m rustwright-test v0.1.0 (/home/runner/work/rustwright/rustwright/crates/rustwright-test)
2026-10-09T20:43:34.3045328Z [1m[92m   Compiling[0m rustwright-integration-tests v0.1.0 (/home/runner/work/rustwright/rustwright/tests)
2026-10-09T20:43:36.1958852Z [1m[92m   Compiling[0m rustwright-examples v0.1.0 (/home/runner/work/rustwright/rustwright/examples)
2026-10-09T20:44:17.7058685Z [1m[92m    Finished[0m `test` profile [unoptimized + debuginfo] target(s) in 49.24s
2026-10-09T20:44:17.7156268Z [1m[92m     Running[0m unittests src/lib.rs (target/debug/deps/rustwright-8953fa963d53eda2)
2026-10-09T20:44:17.7165969Z 
2026-10-09T20:44:17.7166316Z running 0 tests
2026-10-09T20:44:17.7166480Z 
2026-10-09T20:44:17.7166912Z test result: ok. 0 passed; 0 failed; 0 ignored; 0 measured; 0 filtered out; finished in 0.00s
2026-10-09T20:44:17.7167533Z 
2026-10-09T20:44:17.7168382Z [1m[92m     Running[0m unittests src/lib.rs (target/debug/deps/rustwright_bidi-0263bc3f974006f6)
2026-10-09T20:44:17.7180557Z 
2026-10-09T20:44:17.7180709Z running 111 tests
2026-10-09T20:44:17.7240082Z test browser::creation_tests::cancelled_after_reply_before_handoff_removes_context ... ok
2026-10-09T20:44:17.7288742Z test browser::creation_tests::cancelled_context_before_creation_reply_is_removed ... ok
2026-10-09T20:44:17.7306163Z test browser::creation_tests::cancelled_creation_with_silent_peer_releases_local_waiter_after_grace ... ok
2026-10-09T20:44:17.7358956Z test browser::creation_tests::cancelled_default_page_before_creation_reply_is_closed ... ok
2026-10-09T20:44:17.7418546Z test browser::creation_tests::cancelled_initialization_outside_runtime_thread_cleans_up ... ok
2026-10-09T20:44:17.7474996Z test browser::creation_tests::cancelled_page_before_creation_reply_is_closed ... ok
2026-10-09T20:44:17.7940299Z test browser::creation_tests::cancelled_page_initialization_closes_created_page ... ok
2026-10-09T20:44:17.8004892Z test browser::creation_tests::failed_page_initialization_closes_created_page ... ok
2026-10-09T20:44:17.8072730Z test browser::frame_helper_cache_tests::destroyed_frame_is_not_treated_as_an_initialized_document ... ok
2026-10-09T20:44:17.8151465Z test browser::frame_helper_cache_tests::late_injection_reply_does_not_initialize_a_replacement_document ... ok
2026-10-09T20:44:17.8260621Z test browser::frame_helper_cache_tests::live_frame_reuses_its_document_helper_without_reinjection ... ok
2026-10-09T20:44:17.8338895Z test browser::frame_helper_cache_tests::same_frame_id_in_a_new_document_gets_its_helper_again ... ok
2026-10-09T20:44:22.8841238Z test browser::interception_tests::acknowledged_late_removal_is_reconciled_before_a_new_route ... ok
2026-10-09T20:44:22.9321532Z test browser::interception_tests::canceled_pre_ack_event_continues_instead_of_being_lost ... ok
2026-10-09T20:44:22.9864984Z test browser::interception_tests::canceled_reconciliation_restores_previous_committed_rules ... ok
2026-10-09T20:44:22.9985025Z test browser::interception_tests::canceled_registration_reclaims_the_late_id ... ok
2026-10-09T20:44:23.0892707Z test browser::interception_tests::cancellation_after_old_phase_removal_preserves_previous_rules ... ok
2026-10-09T20:44:23.1264890Z test browser::interception_tests::clear_continues_after_waiter_cancellation ... ok
2026-10-09T20:44:23.2128695Z test browser::interception_tests::closing_during_unacknowledged_add_closes_remote_and_removes_helper ... ok
2026-10-09T20:44:23.2494911Z test browser::interception_tests::concurrent_registration_does_not_return_before_ack ... ok
2026-10-09T20:44:23.3809189Z test browser::interception_tests::context_close_marks_every_page_closed_before_waiting_for_late_add ... ok
2026-10-09T20:44:23.4323556Z test browser::interception_tests::descendant_events_use_owned_ids_and_foreign_intercepts_are_untouched ... ok
2026-10-09T20:44:23.4605995Z test browser::interception_tests::discovered_handles_share_routes_and_keep_registration_alive ... ok
2026-10-09T20:44:23.5081916Z test browser::interception_tests::failed_broader_registration_keeps_previous_phases_usable ... ok
2026-10-09T20:44:23.5223471Z test browser::interception_tests::failed_drop_retirement_is_reused_by_discovered_handle ... ok
2026-10-09T20:44:23.5282452Z test browser::interception_tests::failed_phase_expansion_preserves_existing_registration ... ok
2026-10-09T20:44:23.5414712Z test browser::interception_tests::final_handle_drop_outside_runtime_uses_its_origin_runtime ... ok
2026-10-09T20:44:23.5555130Z test browser::interception_tests::final_routed_page_handle_drop_removes_registration ... ok
2026-10-09T20:44:23.5613325Z test browser::interception_tests::page_close_retires_routes_while_handle_is_retained ... ok
2026-10-09T20:44:23.6700528Z test browser::interception_tests::persistent_drop_rejection_exits_after_explicit_browser_close ... ok
2026-10-09T20:44:23.7232802Z test browser::interception_tests::previous_routes_keep_dispatching_while_broader_allocation_is_unacknowledged ... ok
2026-10-09T20:44:23.7403737Z test browser::interception_tests::queued_unobserved_registration_handoff_is_rolled_back ... ok
2026-10-09T20:44:23.7459044Z test browser::interception_tests::rejected_registration_is_retryable ... ok
2026-10-09T20:44:23.7513888Z test browser::interception_tests::removal_error_is_typed_and_retains_the_id ... ok
2026-10-09T20:44:24.0160272Z test browser::interception_tests::repeated_canceled_upgrades_do_not_retain_historical_intercept_ids ... ok
2026-10-09T20:44:24.0624224Z test browser::interception_tests::retiring_intercept_continues_blocked_requests_until_ack ... ok
2026-10-09T20:44:24.0684181Z test browser::interception_tests::route_removal_failure_does_not_skip_native_close_or_helper_cleanup ... ok
2026-10-09T20:44:24.0780018Z test browser::interception_tests::user_context_close_retires_only_owned_routes ... ok
2026-10-09T20:44:24.1217426Z test browser::navigation_tests::cancelled_history_releases_command_and_next_traversal_recovers ... ok
2026-10-09T20:44:24.1239627Z test browser::navigation_tests::connection_shutdown_wakes_history_waiter ... ok
2026-10-09T20:44:24.1262943Z test browser::navigation_tests::context_destruction_wakes_history_even_with_command_acknowledgment_held ... ok
2026-10-09T20:44:24.1798220Z test browser::navigation_tests::history_deadline_covers_lifecycle_and_releases_pending_command ... ok
2026-10-09T20:44:24.2332496Z test browser::navigation_tests::history_timeout_includes_subscription_acknowledgment ... ok
2026-10-09T20:44:24.3176553Z test browser::navigation_tests::lifecycle_before_command_acknowledgment_is_not_lost ... ok
2026-10-09T20:44:24.3200590Z test browser::navigation_tests::missing_history_entry_preserves_typed_protocol_error ... ok
2026-10-09T20:44:24.3733801Z test browser::navigation_tests::reload_waits_for_complete_and_uses_one_explicit_deadline ... ok
2026-10-09T20:44:24.4578602Z test browser::navigation_tests::same_document_history_and_fragment_commits_share_one_subscription ... ok
2026-10-09T20:44:24.5232005Z test browser::navigation_tests::stale_foreign_and_wrong_navigation_loads_do_not_finish_history ... ok
2026-10-09T20:44:24.5670540Z test browser::navigation_tests::subscription_setup_survives_cancellation_without_duplicate_registration ... ok
2026-10-09T20:44:24.6420029Z test browser::network_subscription_tests::cancelled_monitoring_retains_events_received_before_subscription_acknowledgment ... ok
2026-10-09T20:44:24.7160400Z test browser::network_subscription_tests::cancelled_monitoring_setup_finishes_with_one_reused_pump ... ok
2026-10-09T20:44:24.7492803Z test browser::network_subscription_tests::cancelling_subscription_waiter_keeps_acknowledgment_owned ... ok
2026-10-09T20:44:24.7518063Z test browser::network_subscription_tests::closing_one_page_alias_stops_all_diagnostics_without_a_destroy_event ... ok
2026-10-09T20:44:24.7848259Z test browser::network_subscription_tests::concurrent_session_subscription_waits_for_the_same_successful_handshake ... ok
2026-10-09T20:44:24.8597046Z test browser::network_subscription_tests::monitoring_retains_events_received_before_subscription_acknowledgment ... ok
2026-10-09T20:44:24.9028997Z test browser::network_subscription_tests::rejected_monitoring_setup_can_retry_without_installing_a_failed_pump ... ok
2026-10-09T20:44:24.9366283Z test browser::network_subscription_tests::rejected_subscription_preserves_error_and_queued_caller_retries ... ok
2026-10-09T20:44:24.9389276Z test browser::network_subscription_tests::retained_page_diagnostics_stop_on_browser_close_without_remote_events ... ok
2026-10-09T20:44:24.9409999Z test browser::network_subscription_tests::silent_subscription_has_a_bounded_local_waiter ... ok
2026-10-09T20:44:24.9424564Z test browser::shutdown_tests::browser_close_bounds_silent_end_and_closes_retained_connection ... ok
2026-10-09T20:44:24.9471668Z test browser::shutdown_tests::cancelled_browser_close_closes_retained_connection ... ok
2026-10-09T20:44:24.9557972Z test browser::shutdown_tests::cancelled_context_close_before_reply_removes_retained_helper ... ok
2026-10-09T20:44:24.9607529Z test browser::shutdown_tests::cancelled_context_close_bounds_silent_remote_waiter ... ok
2026-10-09T20:44:24.9693642Z test browser::shutdown_tests::cancelled_context_close_during_helper_removal_finishes ... ok
2026-10-09T20:44:24.9777729Z test browser::shutdown_tests::cancelled_page_close_during_helper_removal_closes_page ... ok
2026-10-09T20:44:24.9839212Z test browser::shutdown_tests::concurrent_and_repeated_context_close_remove_helper_once ... ok
2026-10-09T20:44:24.9930445Z test browser::shutdown_tests::concurrent_context_cleanup_error_does_not_skip_other_helpers ... ok
2026-10-09T20:44:24.9990180Z test browser::shutdown_tests::failed_helper_removal_is_retried_after_context_is_gone ... ok
2026-10-09T20:44:25.0048240Z test browser::shutdown_tests::page_helper_cleanup_error_is_returned_and_clone_retries ... ok
2026-10-09T20:44:25.0106589Z test browser::shutdown_tests::remote_context_error_is_returned_and_retry_cleans_helper ... ok
2026-10-09T20:44:25.0114007Z test connection::tests::cancelled_request_is_removed ... ok
2026-10-09T20:44:25.0133975Z test connection::tests::protocol_error_preserves_command_details ... ok
2026-10-09T20:44:25.0242306Z test connection::tests::timed_out_request_is_removed ... ok
2026-10-09T20:44:25.2803606Z test connection::transport_lifetime_tests::explicit_close_interrupts_blocked_write_and_close ... ok
2026-10-09T20:44:25.2813249Z test connection::transport_lifetime_tests::last_clone_drop_releases_inner_and_socket ... ok
2026-10-09T20:44:25.2825303Z test connection::transport_lifetime_tests::peer_loss_releases_waiters_and_inner ... ok
2026-10-09T20:44:25.5375737Z test connection::transport_lifetime_tests::reader_failure_interrupts_blocked_write_and_close ... ok
2026-10-09T20:44:25.5382331Z test connection::transport_lifetime_tests::writer_failure_releases_idle_reader_and_socket ... ok
2026-10-09T20:44:25.5851043Z test lifecycle_tests::cancelling_helper_registration_still_releases_the_remote_script ... ok
2026-10-09T20:44:25.5956847Z test lifecycle_tests::closing_one_context_preserves_other_context_helpers ... ok
2026-10-09T20:44:25.6011524Z test lifecycle_tests::context_close_releases_helpers_even_while_page_handles_are_retained ... ok
2026-10-09T20:44:25.6081751Z test lifecycle_tests::dropping_the_last_page_handle_releases_its_helper_registration ... ok
2026-10-09T20:44:25.6464267Z test lifecycle_tests::repeated_discovery_reuses_the_page_helper_registration ... ok
2026-10-09T20:44:25.6524431Z test network::interception_queue_tests::deferred_allocation_events_have_a_separate_bounded_queue ... ok
2026-10-09T20:44:25.6528397Z test network_idle::tests::actual_broadcast_lag_invalidates_the_live_pump_and_releases_waiters ... ok
2026-10-09T20:44:25.6531378Z test network_idle::tests::already_quiet_page_still_observes_a_fresh_window_per_call ... ok
2026-10-09T20:44:25.6534248Z test network_idle::tests::committed_new_document_preserves_incoming_request_and_new_subresources ... ok
2026-10-09T20:44:25.6536263Z test network_idle::tests::completed_historical_start_and_non_http_activity_do_not_create_pending_work ... ok
2026-10-09T20:44:25.6539294Z test network_idle::tests::delayed_old_document_commit_cannot_retire_a_started_new_navigation ... ok
2026-10-09T20:44:25.6541327Z test network_idle::tests::descendant_requests_count_and_destroying_subtree_preserves_other_work ... ok
2026-10-09T20:44:25.6543446Z test network_idle::tests::discovered_incomplete_lost_and_closed_are_explicit_errors ... ok
2026-10-09T20:44:25.6545169Z test network_idle::tests::headers_leave_body_pending_and_errors_start_quiet_window ... ok
2026-10-09T20:44:25.6548311Z test network_idle::tests::incoming_document_before_navigation_started_survives_the_old_commit ... ok
2026-10-09T20:44:26.2066159Z test network_idle::tests::protocol_tests::cancelling_new_page_during_setup_closes_allocation_and_does_not_poison_retry ... ok
2026-10-09T20:44:26.7319646Z test network_idle::tests::protocol_tests::concurrent_idle_setup_survives_cancel_and_reuses_one_acknowledged_pump ... ok
2026-10-09T20:44:27.2439541Z test network_idle::tests::protocol_tests::discovered_handles_reuse_created_observer_and_unobserved_pages_are_rejected ... ok
2026-10-09T20:44:27.2490946Z test network_idle::tests::protocol_tests::dropped_last_observer_aborts_its_pump_without_a_registry_cycle ... ok
2026-10-09T20:44:27.3642393Z test network_idle::tests::protocol_tests::held_snapshot_overflow_fails_setup_instead_of_claiming_idle ... ok
2026-10-09T20:44:27.3695837Z test network_idle::tests::protocol_tests::local_page_close_releases_idle_pump_without_a_remote_destroy_event ... ok
2026-10-09T20:44:27.4594875Z test network_idle::tests::protocol_tests::page_close_and_disconnect_wake_pending_waiters ... ok
2026-10-09T20:44:28.7593311Z test network_idle::tests::protocol_tests::public_creation_waits_for_ack_and_retains_early_nested_requests ... ok
2026-10-09T20:44:29.2694289Z test network_idle::tests::protocol_tests::rejected_setup_closes_unexposed_page_and_next_creation_retries ... ok
2026-10-09T20:44:29.7746147Z test network_idle::tests::protocol_tests::silent_idle_setup_has_a_finite_budget_and_a_late_ack_does_not_poison_retry ... ok
2026-10-09T20:44:29.7861377Z test network_idle::tests::repeated_document_and_request_churn_retains_only_live_ownership ... ok
2026-10-09T20:44:29.7864894Z test network_idle::tests::request_delivered_after_triggering_command_ack_interrupts_fresh_window ... ok
2026-10-09T20:44:29.7867107Z test network_idle::tests::stale_redirect_terminal_and_duplicates_cannot_finish_new_hop ... ok
2026-10-09T20:44:29.7871741Z test network_idle::tests::timeout_and_cancel_leave_shared_state_and_interrupted_quiet_window_intact ... ok
2026-10-09T20:44:29.7872899Z test session::tests::converts_arrays_and_objects ... ok
2026-10-09T20:44:29.7873904Z test session::tests::converts_scalars ... ok
2026-10-09T20:44:29.7875370Z test session::tests::evaluation_exceptions_preserve_the_browser_message ... ok
2026-10-09T20:44:29.7881736Z test session::tests::successful_null_and_undefined_are_distinct_from_exceptions ... ok
2026-10-09T20:44:29.7883244Z [1m[92m     Running[0m unittests src/lib.rs (target/debug/deps/rustwright_browser-5f7de59dfe103c9f)
2026-10-09T20:44:29.7883914Z 
2026-10-09T20:44:29.7884383Z test result: ok. 111 passed; 0 failed; 0 ignored; 0 measured; 0 filtered out; finished in 12.07s
2026-10-09T20:44:29.7884925Z 
2026-10-09T20:44:29.7895508Z 
2026-10-09T20:44:29.7895729Z running 11 tests
2026-10-09T20:44:29.7901019Z test firefox::tests::detects_snap_wrapper_scripts ... ok
2026-10-09T20:44:29.8001662Z test firefox::tests::firefox_startup_cancellation_reaps_child_and_preserves_caller_profile ... ok
2026-10-09T20:44:30.0603999Z test firefox::tests::firefox_startup_timeout_reaps_child_and_preserves_caller_profile ... ok
2026-10-09T20:44:30.0743661Z test launch::startup_tests::chrome_early_exit_removes_ephemeral_profile_but_preserves_error_log ... ok
2026-10-09T20:44:30.0886029Z test launch::startup_tests::chrome_ready_child_and_profile_transfer_to_returned_owner ... ok
2026-10-09T20:44:30.0975924Z test launch::startup_tests::chrome_startup_cancellation_reaps_child_and_removes_ephemeral_profile ... ok
2026-10-09T20:44:30.3578250Z test launch::startup_tests::chrome_startup_timeout_preserves_caller_profile ... ok
2026-10-09T20:44:30.6167464Z test launch::startup_tests::chrome_startup_timeout_reaps_child_and_removes_ephemeral_profile ... ok
2026-10-09T20:44:30.6169094Z test launch::tests::build_args_includes_profile_and_headless_flags ... ok
2026-10-09T20:44:30.6170171Z test launch::tests::parses_devtools_active_port_file ... ok
2026-10-09T20:44:30.6171109Z test launch::tests::rejects_malformed_active_port_file ... ok
2026-10-09T20:44:30.6171599Z 
2026-10-09T20:44:30.6172010Z test result: ok. 11 passed; 0 failed; 0 ignored; 0 measured; 0 filtered out; finished in 0.83s
2026-10-09T20:44:30.6172634Z 
2026-10-09T20:44:30.6173867Z [1m[92m     Running[0m unittests src/lib.rs (target/debug/deps/rustwright_cdp-def6d2eaee8ec917)
2026-10-09T20:44:30.6184482Z 
2026-10-09T20:44:30.6184666Z running 17 tests
2026-10-09T20:44:30.6197563Z test connection::tests::cancelled_request_is_removed ... ok
2026-10-09T20:44:30.6210693Z test connection::tests::context_destruction_is_scoped_to_both_session_and_context ... ok
2026-10-09T20:44:30.6221897Z test connection::tests::detachment_fails_only_its_sessions_pending_requests ... ok
2026-10-09T20:44:30.6229543Z test connection::tests::protocol_error_preserves_command_details ... ok
2026-10-09T20:44:30.6349702Z test connection::tests::timed_out_request_is_removed ... ok
2026-10-09T20:44:30.8899416Z test connection::transport_lifetime_tests::explicit_close_interrupts_blocked_write_and_close ... ok
2026-10-09T20:44:30.8909460Z test connection::transport_lifetime_tests::last_clone_drop_releases_inner_and_socket ... ok
2026-10-09T20:44:30.8922771Z test connection::transport_lifetime_tests::peer_loss_releases_waiters_and_inner ... ok
2026-10-09T20:44:31.1472812Z test connection::transport_lifetime_tests::reader_failure_interrupts_blocked_write_and_close ... ok
2026-10-09T20:44:31.1478787Z test connection::transport_lifetime_tests::repeated_close_emits_one_disconnection_marker ... ok
2026-10-09T20:44:31.1484558Z test connection::transport_lifetime_tests::writer_failure_releases_idle_reader_and_socket ... ok
2026-10-09T20:44:31.1485700Z test http::tests::decodes_chunked_bodies ... ok
2026-10-09T20:44:31.1486440Z test http::tests::detects_complete_chunked_bodies ... ok
2026-10-09T20:44:31.1487225Z test http::tests::endpoint_parses_default_port ... ok
2026-10-09T20:44:31.1488923Z test http::tests::missing_content_length_is_none ... ok
2026-10-09T20:44:31.1489755Z test http::tests::parses_content_length_case_insensitively ... ok
2026-10-09T20:44:31.1493377Z test protocol::page::tests::frame_urls_include_separately_reported_fragments ... ok
2026-10-09T20:44:31.1493964Z 
2026-10-09T20:44:31.1494613Z [1m[92m     Running[0m unittests src/lib.rs (target/debug/deps/rustwright_common-536c9a04ebab6705)
2026-10-09T20:44:31.1495712Z test result: ok. 17 passed; 0 failed; 0 ignored; 0 measured; 0 filtered out; finished in 0.53s
2026-10-09T20:44:31.1496389Z 
2026-10-09T20:44:31.1505054Z 
2026-10-09T20:44:31.1505217Z running 7 tests
2026-10-09T20:44:31.1507525Z test route::tests::glob_matches_wildcards ... ok
2026-10-09T20:44:31.1508851Z test route::tests::route_uses_glob_when_wildcards_present ... ok
2026-10-09T20:44:31.1509647Z test route::tests::substring_matches_when_no_wildcards ... ok
2026-10-09T20:44:31.1510651Z test selectors::tests::describes_selectors_for_errors ... ok
2026-10-09T20:44:31.1511572Z test selectors::tests::serializes_css_specs ... ok
2026-10-09T20:44:31.1512602Z test selectors::tests::serializes_role_specs ... ok
2026-10-09T20:44:31.1513910Z test selectors::tests::serializes_text_specs ... ok
2026-10-09T20:44:31.1514558Z 
2026-10-09T20:44:31.1515029Z test result: ok. 7 passed; 0 failed; 0 ignored; 0 measured; 0 filtered out; finished in 0.00s
2026-10-09T20:44:31.1515646Z 
2026-10-09T20:44:31.1516316Z [1m[92m     Running[0m unittests src/lib.rs (target/debug/deps/rustwright_core-3b15cbb49ab49d59)
2026-10-09T20:44:31.1528212Z 
2026-10-09T20:44:31.1528612Z running 61 tests
2026-10-09T20:44:36.1693854Z test browser::shutdown_tests::cancelled_owned_shutdown_has_bounded_forced_process_and_socket_cleanup ... ok
2026-10-09T20:44:36.2249294Z test browser::shutdown_tests::cancelled_owned_shutdown_keeps_worker_alive_until_acknowledgement ... ok
2026-10-09T20:44:36.2802318Z test browser::shutdown_tests::concurrent_owned_shutdown_does_not_interrupt_graceful_command ... ok
2026-10-09T20:44:36.2937728Z test browser::shutdown_tests::externally_owned_process_survives_repeated_disconnect ... ok
2026-10-09T20:44:36.3777799Z test context::discovery_tests::context_closure_during_target_proof_remains_context_closed ... ok
2026-10-09T20:44:36.3801771Z test context::discovery_tests::detached_session_on_existing_target_remains_an_initialization_error ... ok
2026-10-09T20:44:36.3824510Z test context::discovery_tests::near_match_missing_target_message_is_not_accepted_as_proof ... ok
2026-10-09T20:44:36.3845424Z test context::discovery_tests::ordinary_initialization_protocol_error_is_not_reinterpreted_as_closure ... ok
2026-10-09T20:44:36.3867085Z test context::discovery_tests::socket_loss_during_target_proof_remains_browser_closed ... ok
2026-10-09T20:44:36.3889452Z test context::discovery_tests::target_proof_protocol_error_is_not_hidden ... ok
2026-10-09T20:44:36.4909241Z test context::discovery_tests::vanished_popup_during_initialization_keeps_waiting_until_deadline ... ok
2026-10-09T20:44:36.4934159Z test context::discovery_tests::vanished_target_during_page_enable_is_skipped_after_browser_proof ... ok
2026-10-09T20:44:36.4949422Z test context::shutdown_tests::cancelled_attachment_wait_still_disposes ... ok
2026-10-09T20:44:36.5376329Z test context::shutdown_tests::cancelled_disposal_wait_still_waits_for_acknowledgement ... ok
2026-10-09T20:44:36.5804080Z test context::shutdown_tests::concurrent_close_waits_for_disposal_acknowledgement ... ok
2026-10-09T20:44:36.5819492Z test context::shutdown_tests::default_context_close_keeps_foreign_context_and_connection_open ... ok
2026-10-09T20:44:36.5834669Z test context::shutdown_tests::disposal_failure_is_visible_and_replayed_without_duplicate_command ... ok
2026-10-09T20:44:41.5858382Z test context::shutdown_tests::stalled_attachment_still_attempts_disposal_and_replays_timeout ... ok
2026-10-09T20:44:46.5889030Z test context::shutdown_tests::stalled_disposal_has_bounded_replayed_error_without_waiter_leak ... ok
2026-10-09T20:44:46.6313751Z test context::tests::cancelled_page_wait_detaches_partial_initialization ... ok
2026-10-09T20:44:46.6366795Z test context::tests::disconnect_releases_registry_with_retained_handles ... ok
2026-10-09T20:44:46.6386713Z test context::tests::discovery_returns_initialization_errors_and_detaches_the_session ... ok
2026-10-09T20:44:46.7293132Z test context::tests::explicit_close_releases_registry_without_discovery ... ok
2026-10-09T20:44:46.7754370Z test context::tests::external_detach_releases_registry_with_retained_handles ... ok
2026-10-09T20:44:46.8779264Z test context::tests::page_wait_deadline_includes_stalled_discovery ... ok
2026-10-09T20:44:46.9806508Z test context::tests::page_wait_timeout_detaches_partial_initialization ... ok
2026-10-09T20:44:47.0233629Z test context::tests::popup_created_during_discovery_is_not_lost ... ok
2026-10-09T20:44:47.0286994Z test creation_tests::cancelled_after_reply_before_handoff_removes_context ... ok
2026-10-09T20:44:47.0340000Z test creation_tests::cancelled_context_before_creation_reply_is_removed ... ok
2026-10-09T20:44:47.0358334Z test creation_tests::cancelled_creation_with_silent_peer_releases_local_waiter_after_grace ... ok
2026-10-09T20:44:47.0411935Z test creation_tests::cancelled_default_page_before_creation_reply_is_closed ... ok
2026-10-09T20:44:47.0458460Z test creation_tests::cancelled_discovery_before_attach_reply_detaches_without_closing_existing_page ... ok
2026-10-09T20:44:47.0518113Z test creation_tests::cancelled_initialization_outside_runtime_thread_cleans_up ... ok
2026-10-09T20:44:47.0573719Z test creation_tests::cancelled_page_before_creation_reply_is_closed ... ok
2026-10-09T20:44:47.1024546Z test creation_tests::cancelled_page_initialization_closes_created_page ... ok
2026-10-09T20:44:47.1083420Z test creation_tests::failed_page_initialization_closes_created_page ... ok
2026-10-09T20:44:47.1084369Z test diagnostics::tests::formats_epoch_timestamps ... ok
2026-10-09T20:44:47.1085466Z test geometry::tests::clips_both_axes_before_selecting_the_center ... ok
2026-10-09T20:44:47.1089201Z test geometry::tests::limits_search_for_many_inline_fragments ... ok
2026-10-09T20:44:47.1090691Z test geometry::tests::prioritizes_distinct_fragments_and_accepts_reversed_winding ... ok
2026-10-09T20:44:47.1091782Z test geometry::tests::projection_round_trips_affine_and_perspective_quads ... ok
2026-10-09T20:44:47.1092808Z test geometry::tests::rejects_nonfinite_degenerate_and_offscreen_quads ... ok
2026-10-09T20:44:47.1093826Z test geometry::tests::rotated_clipping_keeps_candidates_in_the_visible_triangle ... ok
2026-10-09T20:44:47.1094862Z test geometry::tests::searches_edges_when_a_central_band_is_covered ... ok
2026-10-09T20:44:47.1095961Z test geometry::tests::searches_the_actual_overflow_strip_after_scrolling_an_oversized_control ... ok
2026-10-09T20:44:47.1097154Z test locator::tests::detached_pre_input_probes_can_retry_but_input_never_retries ... ok
2026-10-09T20:44:47.1098623Z test network_idle::tests::colliding_ids_and_duplicate_terminal_events_preserve_the_last_request_window ... ok
2026-10-09T20:44:47.1100017Z test network_idle::tests::new_main_document_discards_old_requests_but_preserves_its_pending_navigation ... ok
2026-10-09T20:44:47.1101366Z test network_idle::tests::redirects_and_document_transfers_do_not_create_phantom_requests ... ok
2026-10-09T20:44:47.1102410Z test network_idle::tests::removing_frames_and_sessions_preserves_other_pending_frames ... ok
2026-10-09T20:44:47.1103283Z test page::tests::detaching_a_session_removes_descendants_and_preserves_siblings ... ok
2026-10-09T20:44:47.1104667Z test page::tests::document_completion_transfers_to_its_new_session_without_duplicates ... ok
2026-10-09T20:44:47.1105915Z test page::tests::empty_input_becomes_about_blank ... ok
2026-10-09T20:44:47.1106631Z test page::tests::leaves_explicit_schemes_alone ... ok
2026-10-09T20:44:47.1107360Z test page::tests::maps_common_keys ... ok
2026-10-09T20:44:47.1111055Z test page::tests::network_ids_and_har_bodies_are_isolated_between_sessions ... ok
2026-10-09T20:44:47.1112111Z test page::tests::new_documents_discard_old_load_states_and_ignore_late_old_events ... ok
2026-10-09T20:44:47.1112882Z test page::tests::prefixes_bare_hosts_with_https ... ok
2026-10-09T20:44:47.1114273Z test page::tests::same_document_and_bfcache_commits_do_not_wait_for_nonexistent_load_events ... ok
2026-10-09T20:44:47.1118405Z test shutdown::shutdown_tests::cancelled_waiter_does_not_cancel_single_worker_or_late_result ... ok
2026-10-09T20:44:47.1500335Z test shutdown::shutdown_tests::worker_panic_wakes_all_waiters_with_failure ... ok
2026-10-09T20:44:47.1500857Z 
2026-10-09T20:44:47.1501221Z test result: ok. 61 passed; 0 failed; 0 ignored; 0 measured; 0 filtered out; finished in 16.00s
2026-10-09T20:44:47.1501691Z 
2026-10-09T20:44:47.1524871Z [1m[92m     Running[0m unittests compat_report.rs (target/debug/examples/compat_report-5eb78d217f14a1e8)
2026-10-09T20:44:47.1534238Z 
2026-10-09T20:44:47.1534410Z running 4 tests
2026-10-09T20:44:47.1536977Z test tests::cli_rejects_missing_values_unknown_flags_and_invalid_modes ... ok
2026-10-09T20:44:47.1538515Z test tests::cli_selects_firefox_and_preserves_all_requested_sites ... ok
2026-10-09T20:44:47.1539651Z test tests::http_denial_and_error_pages_are_not_successful_document_observations ... ok
2026-10-09T20:44:47.1543121Z test tests::proxy_validation_preserves_cert_checks_and_user_profiles ... ok
2026-10-09T20:44:47.1544175Z 
2026-10-09T20:44:47.1544736Z test result: ok. 4 passed; 0 failed; 0 ignored; 0 measured; 0 filtered out; finished in 0.00s
2026-10-09T20:44:47.1545324Z 
2026-10-09T20:44:47.1549062Z [1m[92m     Running[0m advanced.rs (target/debug/deps/advanced-d7f62d24c09fdb45)
2026-10-09T20:44:47.1555385Z 
2026-10-09T20:44:47.1555553Z running 9 tests
2026-10-09T20:44:47.7882170Z test aborts_blocked_requests ... ok
2026-10-09T20:44:48.4384301Z test downloads_to_configured_path ... ok
2026-10-09T20:44:49.0518058Z test exports_har ... ok
2026-10-09T20:44:49.6867267Z test fulfills_mocked_requests ... ok
2026-10-09T20:44:50.3920072Z test interacts_with_cross_origin_iframe ... ok
2026-10-09T20:44:51.0190791Z test modifies_request_headers ... ok
2026-10-09T20:44:51.6558508Z test modifies_response_headers ... ok
2026-10-09T20:44:52.3292048Z test records_a_chrome_trace ... ok
2026-10-09T20:44:52.9706190Z test uploads_files_to_input ... ok
2026-10-09T20:44:52.9706614Z 
2026-10-09T20:44:52.9707060Z test result: ok. 9 passed; 0 failed; 0 ignored; 0 measured; 0 filtered out; finished in 5.81s
2026-10-09T20:44:52.9707720Z 
2026-10-09T20:44:52.9709975Z [1m[92m     Running[0m bidi.rs (target/debug/deps/bidi-04ac2302dfdfe7ad)
2026-10-09T20:44:52.9725535Z 
2026-10-09T20:44:52.9731138Z running 9 tests
2026-10-09T20:44:55.0838563Z test firefox_bidi_cookies_and_storage ... ok
2026-10-09T20:44:57.4432799Z test firefox_bidi_frames ... ok
2026-10-09T20:44:59.3791148Z test firefox_bidi_init_script ... ok
2026-10-09T20:45:01.5761447Z test firefox_bidi_isolated_user_context ... ok
2026-10-09T20:45:03.5223581Z test firefox_bidi_locators_interact ... ok
2026-10-09T20:45:05.6189812Z test firefox_bidi_modifies_headers ... ok
2026-10-09T20:45:07.5135142Z test firefox_bidi_navigates_and_evaluates ... ok
2026-10-09T20:45:09.4400228Z test firefox_bidi_network_monitoring ... ok
2026-10-09T20:45:11.4735852Z test firefox_bidi_request_interception ... ok
2026-10-09T20:45:11.4749544Z [1m[92m     Running[0m diagnostics.rs (target/debug/deps/diagnostics-1bab974ba57cb796)
2026-10-09T20:45:11.4750351Z 
2026-10-09T20:45:11.4758893Z test result: ok. 9 passed; 0 failed; 0 ignored; 0 measured; 0 filtered out; finished in 18.50s
2026-10-09T20:45:11.4767735Z 
2026-10-09T20:45:11.4771063Z 
2026-10-09T20:45:11.4771440Z running 3 tests
2026-10-09T20:45:12.1381695Z test capture_console_messages_and_errors ... ok
2026-10-09T20:45:12.7549391Z test expose_cookies_navigations_and_network ... ok
2026-10-09T20:45:13.1401832Z test expose_launch_diagnostics ... ok
2026-10-09T20:45:13.1402254Z 
2026-10-09T20:45:13.1402698Z test result: ok. 3 passed; 0 failed; 0 ignored; 0 measured; 0 filtered out; finished in 1.67s
2026-10-09T20:45:13.1403184Z 
2026-10-09T20:45:13.1406194Z [1m[92m     Running[0m features.rs (target/debug/deps/features-950fde9910b40d69)
2026-10-09T20:45:13.1423303Z 
2026-10-09T20:45:13.1423637Z running 8 tests
2026-10-09T20:45:13.8316357Z test auto_dismisses_dialogs ... ok
2026-10-09T20:45:14.5469525Z test check_and_select ... ok
2026-10-09T20:45:15.2325994Z test history_and_wait_for_url ... ok
2026-10-09T20:45:15.8992877Z test hover_scroll_and_wheel ... ok
2026-10-09T20:45:16.5641762Z test locator_collections ... ok
2026-10-09T20:45:17.2444163Z test semantic_locators ... ok
2026-10-09T20:45:17.8816994Z test storage_state_round_trips_local_storage ... ok
2026-10-09T20:45:18.4685204Z test viewport_is_configurable ... ok
2026-10-09T20:45:18.4685604Z 
2026-10-09T20:45:18.4686086Z test result: ok. 8 passed; 0 failed; 0 ignored; 0 measured; 0 filtered out; finished in 5.33s
2026-10-09T20:45:18.4686693Z 
2026-10-09T20:45:18.4689510Z [1m[92m     Running[0m http_actionability.rs (target/debug/deps/http_actionability-29c123c702273c59)
2026-10-09T20:45:18.4702781Z 
2026-10-09T20:45:18.4709191Z running 12 tests
2026-10-09T20:45:19.2167668Z test chrome_blocked_prepare_timeout ... ok
2026-10-09T20:45:20.5040264Z test chrome_disabled_aria_ancestor ... ok
2026-10-09T20:45:21.7700561Z test chrome_disabled_fieldset ... ok
2026-10-09T20:45:22.8558835Z test chrome_disabled_timeout ... ok
2026-10-09T20:45:24.1156831Z test chrome_move_on_hover ... ok
2026-10-09T20:45:25.3700064Z test chrome_transient_overlay ... ok
2026-10-09T20:45:27.3824879Z test firefox_blocked_prepare_timeout ... ok
2026-10-09T20:45:29.9802151Z test firefox_disabled_aria_ancestor ... ok
2026-10-09T20:45:32.7899459Z test firefox_disabled_fieldset ... ok
2026-10-09T20:45:35.2873483Z test firefox_disabled_timeout ... ok
2026-10-09T20:45:37.8989290Z test firefox_move_on_hover ... ok
2026-10-09T20:45:40.5765786Z test firefox_transient_overlay ... ok
2026-10-09T20:45:40.5766185Z 
2026-10-09T20:45:40.5766655Z test result: ok. 12 passed; 0 failed; 0 ignored; 0 measured; 0 filtered out; finished in 22.11s
2026-10-09T20:45:40.5767347Z 
2026-10-09T20:45:40.5769934Z [1m[92m     Running[0m http_bidi_navigation.rs (target/debug/deps/http_bidi_navigation-9c62027c9e696531)
2026-10-09T20:45:40.5783106Z 
2026-10-09T20:45:40.5783321Z running 7 tests
2026-10-09T20:45:41.1918588Z test chrome_history_boundary_and_closed_errors ... ok
2026-10-09T20:45:41.9457260Z test chrome_history_commits_and_loads ... ok
2026-10-09T20:45:42.7152528Z test chrome_reload_waits_for_resources ... ok
2026-10-09T20:45:44.5751816Z test firefox_history_boundary_and_closed_errors ... ok
2026-10-09T20:45:47.3201684Z test firefox_history_commits_and_loads ... ok
2026-10-09T20:45:49.4989256Z test firefox_reload_deadline_cancellation_and_recovery ... ok
2026-10-09T20:45:51.7803069Z test firefox_reload_waits_for_resources ... ok
2026-10-09T20:45:51.7803350Z 
2026-10-09T20:45:51.7803633Z test result: ok. 7 passed; 0 failed; 0 ignored; 0 measured; 0 filtered out; finished in 11.20s
2026-10-09T20:45:51.7804051Z 
2026-10-09T20:45:51.7807652Z [1m[92m     Running[0m http_clipped_control.rs (target/debug/deps/http_clipped_control-d6300406bb73ff71)
2026-10-09T20:45:51.7820539Z 
2026-10-09T20:45:51.7820821Z running 10 tests
2026-10-09T20:45:52.4909007Z test chrome_fixed_control_escapes_clip ... ok
2026-10-09T20:45:53.2345514Z test chrome_narrow_overflow_control ... ok
2026-10-09T20:45:54.0001020Z test chrome_nested_overflow_control ... ok
2026-10-09T20:45:54.7512412Z test chrome_overflow_hidden_control ... ok
2026-10-09T20:45:55.4997659Z test chrome_scrolled_overflow_control ... ok
2026-10-09T20:45:57.4938174Z test firefox_fixed_control_escapes_clip ... ok
2026-10-09T20:45:59.4815349Z test firefox_narrow_overflow_control ... ok
2026-10-09T20:46:01.4597137Z test firefox_nested_overflow_control ... ok
2026-10-09T20:46:03.6132570Z test firefox_overflow_hidden_control ... ok
2026-10-09T20:46:05.6478022Z test firefox_scrolled_overflow_control ... ok
2026-10-09T20:46:05.6478492Z 
2026-10-09T20:46:05.6479954Z test result: ok. 10 passed; 0 failed; 0 ignored; 0 measured; 0 filtered out; finished in 13.87s
2026-10-09T20:46:05.6480669Z 
2026-10-09T20:46:05.6481944Z [1m[92m     Running[0m http_compat.rs (target/debug/deps/http_compat-2c6ee37085c5fb88)
2026-10-09T20:46:05.6495618Z 
2026-10-09T20:46:05.6495858Z running 24 tests
2026-10-09T20:46:06.3690320Z test chrome_cancelled_wait_recovers ... ok
2026-10-09T20:46:07.0899448Z test chrome_closing_page_wakes_wait ... ok
2026-10-09T20:46:07.9402728Z test chrome_delayed_and_absent_elements ... ok
2026-10-09T20:46:08.6739844Z test chrome_disconnect_wakes_wait ... ok
2026-10-09T20:46:09.4404238Z test chrome_frame_click ... ok
2026-10-09T20:46:10.2047376Z test chrome_frame_hover_and_keyboard ... ok
2026-10-09T20:46:10.9117118Z test chrome_frame_reload ... ok
2026-10-09T20:46:12.3582968Z test chrome_isolated_popup_ownership ... ok
2026-10-09T20:46:13.7329952Z test chrome_isolated_storage ... ok
2026-10-09T20:46:14.3512595Z test chrome_javascript_exceptions ... ok
2026-10-09T20:46:15.0950706Z test chrome_navigation_and_forms ... ok
2026-10-09T20:46:15.8103766Z test chrome_wait_deadline ... ok
2026-10-09T20:46:17.8159527Z test firefox_cancelled_wait_recovers ... ok
2026-10-09T20:46:19.8403973Z test firefox_closing_page_wakes_wait ... ok
2026-10-09T20:46:22.2050691Z test firefox_delayed_and_absent_elements ... ok
2026-10-09T20:46:24.2983789Z test firefox_disconnect_wakes_wait ... ok
2026-10-09T20:46:26.3026386Z test firefox_frame_click ... ok
2026-10-09T20:46:28.3347572Z test firefox_frame_hover_and_keyboard ... ok
2026-10-09T20:46:30.3505000Z test firefox_frame_reload ... ok
2026-10-09T20:46:33.0911270Z test firefox_isolated_popup_ownership ... ok
2026-10-09T20:46:35.7420994Z test firefox_isolated_storage ... ok
2026-10-09T20:46:37.6616850Z test firefox_javascript_exceptions ... ok
2026-10-09T20:46:39.6598232Z test firefox_navigation_and_forms ... ok
2026-10-09T20:46:41.8134570Z test firefox_wait_deadline ... ok
2026-10-09T20:46:41.8134973Z 
2026-10-09T20:46:41.8135433Z test result: ok. 24 passed; 0 failed; 0 ignored; 0 measured; 0 filtered out; finished in 36.16s
2026-10-09T20:46:41.8136079Z 
2026-10-09T20:46:41.8138978Z [1m[92m     Running[0m http_contexts.rs (target/debug/deps/http_contexts-13d4f11cc14ec1aa)
2026-10-09T20:46:41.8151618Z 
2026-10-09T20:46:41.8151855Z running 10 tests
2026-10-09T20:46:42.3298858Z test browser_disconnect_wakes_a_pending_page_wait ... ok
2026-10-09T20:46:43.4417548Z test cancelled_popup_wait_does_not_stop_future_discovery ... ok
2026-10-09T20:46:44.2681396Z test closed_pages_are_removed_from_the_context_list ... ok
2026-10-09T20:46:45.0872413Z test concurrent_refresh_shares_one_page_session_and_route_state ... ok
2026-10-09T20:46:46.0939604Z test concurrent_waiters_adopt_distinct_popups ... ok
2026-10-09T20:46:46.9439058Z test connected_browser_excludes_another_clients_isolated_context ... ok
2026-10-09T20:46:47.4624727Z test context_close_wakes_a_pending_page_wait ... ok
2026-10-09T20:46:48.4734108Z test default_discovery_does_not_adopt_isolated_pages ... ok
2026-10-09T20:46:49.6548500Z test default_popup_wait_ignores_isolated_target_created_events ... ok
2026-10-09T20:46:51.0925453Z test isolated_popup_wait_ignores_default_and_other_isolated_contexts ... ok
2026-10-09T20:46:51.0926631Z 
2026-10-09T20:46:51.0927482Z test result: ok. 10 passed; 0 failed; 0 ignored; 0 measured; 0 filtered out; finished in 9.28s
2026-10-09T20:46:51.0928833Z 
2026-10-09T20:46:51.0931298Z [1m[92m     Running[0m http_creation.rs (target/debug/deps/http_creation-4a55bc0e83b1cdc7)
2026-10-09T20:46:51.0945484Z 
2026-10-09T20:46:51.0957301Z running 2 tests
2026-10-09T20:47:12.3528366Z test chrome_cancelled_creation_releases_native_resources ... ok
2026-10-09T20:47:31.0111371Z test firefox_cancelled_creation_releases_native_resources ... ok
2026-10-09T20:47:31.0111922Z 
2026-10-09T20:47:31.0112349Z test result: ok. 2 passed; 0 failed; 0 ignored; 0 measured; 0 filtered out; finished in 39.92s
2026-10-09T20:47:31.0112981Z 
2026-10-09T20:47:31.0115967Z [1m[92m     Running[0m http_disconnect.rs (target/debug/deps/http_disconnect-097529e7fde875d3)
2026-10-09T20:47:31.0129091Z 
2026-10-09T20:47:31.0129666Z running 2 tests
2026-10-09T20:47:47.6454008Z test chrome_process_loss_and_manual_restart ... ok
2026-10-09T20:48:38.8279742Z test firefox_process_loss_and_manual_restart ... ok
2026-10-09T20:48:38.8280238Z 
2026-10-09T20:48:38.8280682Z test result: ok. 2 passed; 0 failed; 0 ignored; 0 measured; 0 filtered out; finished in 67.82s
2026-10-09T20:48:38.8281331Z 
2026-10-09T20:48:38.8283869Z [1m[92m     Running[0m http_frame_helpers.rs (target/debug/deps/http_frame_helpers-62d3603d1ab80243)
2026-10-09T20:48:38.8296089Z 
2026-10-09T20:48:38.8296279Z running 2 tests
2026-10-09T20:48:42.0264122Z test firefox_helper_presence_tracks_current_frame_document ... ok
2026-10-09T20:50:04.9192854Z test firefox_same_page_reuses_helpers_across_1000_destroyed_frames ... ok
2026-10-09T20:50:04.9193552Z 
2026-10-09T20:50:04.9194147Z test result: ok. 2 passed; 0 failed; 0 ignored; 0 measured; 0 filtered out; finished in 86.09s
2026-10-09T20:50:04.9194754Z 
2026-10-09T20:50:04.9196493Z [1m[92m     Running[0m http_frames.rs (target/debug/deps/http_frames-7d8d5c9ccbe51a73)
2026-10-09T20:50:04.9210481Z 
2026-10-09T20:50:04.9210804Z running 67 tests
2026-10-09T20:50:05.7882319Z test checkbox_actions_wait_for_the_same_click_checks ... ok
2026-10-09T20:50:06.4757325Z test click_accepts_descendants_and_native_fieldset_legend_exceptions ... ok
2026-10-09T20:50:07.2012248Z test click_deadline_bounds_a_stalled_preparation_promise ... ok
2026-10-09T20:50:07.9339145Z test click_deadline_includes_a_missing_frame ... ok
2026-10-09T20:50:08.8031194Z test click_does_not_intercept_an_overlay_above_the_iframe ... ok
2026-10-09T20:50:09.5136219Z test click_handles_a_one_pixel_target ... ok
2026-10-09T20:50:10.2597238Z test click_maps_an_offscreen_iframe_to_root_viewport_coordinates ... ok
2026-10-09T20:50:10.9264611Z test click_preserves_javascript_and_closed_page_errors ... ok
2026-10-09T20:50:11.8841999Z test click_rechecks_overlay_created_on_hover ... ok
2026-10-09T20:50:12.6997104Z test click_reresolves_target_replaced_on_hover ... ok
2026-10-09T20:50:13.4280460Z test click_scrolls_an_offscreen_target_into_view ... ok
2026-10-09T20:50:14.5224626Z test click_timeout_reports_disabled_and_intercepted_targets_without_clicking ... ok
2026-10-09T20:50:15.4043708Z test click_waits_until_aria_disabled_ancestor_is_enabled ... ok
2026-10-09T20:50:16.2676702Z test click_waits_until_button_is_enabled ... ok
2026-10-09T20:50:17.1997246Z test click_waits_until_button_stops_moving ... ok
2026-10-09T20:50:18.0542898Z test click_waits_until_overlay_disappears ... ok
2026-10-09T20:50:18.9332652Z test click_waits_until_parent_fieldset_is_enabled ... ok
2026-10-09T20:50:19.7869534Z test cross_origin_frame_with_another_port_fills_and_submits ... ok
2026-10-09T20:50:20.7099263Z test cross_site_already_loaded_frame_is_initialized_when_connecting ... ok
2026-10-09T20:50:21.6545204Z test cross_site_click_checks_parent_overlays_and_transformed_scrolled_coordinates ... ok
2026-10-09T20:50:22.6440283Z test cross_site_click_retries_when_its_renderer_detaches_during_preparation ... ok
2026-10-09T20:50:23.4983278Z test cross_site_frame_fills_and_submits ... ok
2026-10-09T20:50:24.5738129Z test cross_site_frame_keeps_working_after_reload_and_swaps_back_to_the_parent_site ... ok
2026-10-09T20:50:25.7922117Z test cross_site_frame_removal_cleans_up_and_a_new_frame_can_be_resolved ... ok
2026-10-09T20:50:26.6721008Z test cross_site_frame_wait_survives_a_process_swap ... ok
2026-10-09T20:50:27.6988810Z test cross_site_isolated_worlds_do_not_replace_default_context_and_errors_propagate ... ok
2026-10-09T20:50:28.7192741Z test cross_site_nested_renderer_click_maps_both_frame_boundaries ... ok
2026-10-09T20:50:29.4964702Z test cross_site_network_block_is_inherited_and_clear_restores_requests ... ok
2026-10-09T20:50:30.2029318Z test cross_site_network_diagnostics_capture_initial_request_and_response_body ... ok
2026-10-09T20:50:31.0094278Z test cross_site_network_diagnostics_capture_mocked_responses_and_blocked_failures ... ok
2026-10-09T20:50:31.7817231Z test cross_site_network_diagnostics_capture_nested_renderer_bodies ... ok
2026-10-09T20:50:32.7369726Z test cross_site_network_diagnostics_follow_reloads_and_repeated_process_swaps ... ok
2026-10-09T20:50:33.4884679Z test cross_site_network_diagnostics_keep_concurrent_parent_and_child_bodies_separate ... ok
2026-10-09T20:50:34.2262403Z test cross_site_network_diagnostics_retain_detached_requests_without_reusing_the_parent_session ... ok
2026-10-09T20:50:35.0004076Z test cross_site_network_existing_child_adds_clears_and_readds_mocks ... ok
2026-10-09T20:50:35.9511089Z test cross_site_network_gate_blocks_the_first_request_on_return_to_parent ... ok
2026-10-09T20:50:36.7451972Z test cross_site_network_gate_changes_the_first_response_header_on_return_to_parent ... ok
2026-10-09T20:50:39.5084422Z test cross_site_network_gate_covers_fetch_and_xhr_on_repeated_returns_without_server_access ... ok
2026-10-09T20:50:40.3182330Z test cross_site_network_gate_restores_the_first_request_when_nested_child_returns_to_outer ... ok
2026-10-09T20:50:41.2090096Z test cross_site_network_gate_resumes_application_debugger_statements_and_clears_cleanly ... ok
2026-10-09T20:50:41.9624195Z test cross_site_network_mock_is_inherited_before_child_scripts_run ... ok
2026-10-09T20:50:42.7435283Z test cross_site_network_mock_overrides_previously_cached_responses ... ok
2026-10-09T20:50:43.5518781Z test cross_site_network_nested_child_inherits_routes_and_clear_reaches_every_renderer ... ok
2026-10-09T20:50:44.2950887Z test cross_site_network_request_headers_apply_to_child_without_losing_original_headers ... ok
2026-10-09T20:50:45.1343895Z test cross_site_network_response_stage_upgrades_existing_and_new_children ... ok
2026-10-09T20:50:45.9465345Z test cross_site_network_route_changes_and_child_attachment_are_serialized ... ok
2026-10-09T20:50:46.8410935Z test cross_site_network_rules_cover_first_script_requests_after_process_swaps ... ok
2026-10-09T20:50:47.6490060Z test cross_site_sibling_sessions_do_not_mix_contexts ... ok
2026-10-09T20:50:48.5223437Z test fills_and_clicks_in_a_frame_added_after_the_action_starts ... ok
2026-10-09T20:50:49.3452655Z test frame_wait_deadline_also_bounds_the_child_element_wait ... ok
2026-10-09T20:50:50.0804540Z test frame_wait_includes_iframe_resolution_in_its_deadline ... ok
2026-10-09T20:50:50.8087604Z test frame_wait_preserves_javascript_errors ... ok
2026-10-09T20:50:51.4217001Z test frame_wait_propagates_closed_page_errors_without_waiting_for_timeout ... ok
2026-10-09T20:50:52.0971856Z test geometry_click_finds_an_uncovered_point_away_from_the_center ... ok
2026-10-09T20:50:52.8579169Z test geometry_click_handles_a_clip_path_with_an_occluded_center ... ok
2026-10-09T20:50:53.5844906Z test geometry_click_handles_a_rotated_element_clipped_by_the_viewport ... ok
2026-10-09T20:50:54.3177441Z test geometry_click_handles_a_transformed_iframe ... ok
2026-10-09T20:50:55.0550145Z test geometry_click_handles_overflow_clipping ... ok
2026-10-09T20:50:55.7735514Z test geometry_click_handles_perspective_transforms ... ok
2026-10-09T20:50:56.4984046Z test geometry_click_selects_an_uncovered_point_on_a_rotated_target ... ok
2026-10-09T20:50:57.2444047Z test geometry_click_uses_an_uncovered_inline_fragment ... ok
2026-10-09T20:50:58.0864627Z test geometry_click_waits_for_transform_changes_with_identical_bounding_rects ... ok
2026-10-09T20:50:58.8997014Z test network_gate_cancelled_updates_finish_before_later_cleanup_or_reconfiguration ... ok
2026-10-09T20:50:59.5783324Z test network_gate_is_inert_for_other_debuggers_after_routes_are_cleared ... ok
2026-10-09T20:51:00.5851913Z test network_gate_keeps_cached_resources_mocked_across_navigation_and_frame_returns ... ok
2026-10-09T20:51:01.3899644Z test waiting_locator_survives_frame_navigation ... ok
2026-10-09T20:51:02.1811742Z test waits_for_the_frame_document_to_load ... ok
2026-10-09T20:51:02.1816213Z [1m[92m     Running[0m http_intercept_lifecycle.rs (target/debug/deps/http_intercept_lifecycle-e7fc73fecd2557ac)
2026-10-09T20:51:02.1816984Z 
2026-10-09T20:51:02.1821989Z test result: ok. 67 passed; 0 failed; 0 ignored; 0 measured; 0 filtered out; finished in 57.26s
2026-10-09T20:51:02.1822761Z 
2026-10-09T20:51:02.1832349Z 
2026-10-09T20:51:02.1832702Z running 4 tests
2026-10-09T20:51:09.2786003Z test firefox_intercept_cancellation_preserves_live_requests_and_prior_rules ... ok
2026-10-09T20:51:14.6117578Z test firefox_phase_expansion_keeps_prior_rules_usable_before_acknowledgment ... ok
2026-10-09T20:51:17.7309405Z test firefox_routing_phases_and_child_frame_requests_remain_functional ... ok
2026-10-09T20:51:30.7844563Z test firefox_shared_handles_drop_and_close_retire_only_owned_intercepts ... ok
2026-10-09T20:51:30.7845368Z 
2026-10-09T20:51:30.7846150Z test result: ok. 4 passed; 0 failed; 0 ignored; 0 measured; 0 filtered out; finished in 28.60s
2026-10-09T20:51:30.7847013Z 
2026-10-09T20:51:30.7850051Z [1m[92m     Running[0m http_navigation.rs (target/debug/deps/http_navigation-419f49d805ec0b26)
2026-10-09T20:51:30.7862248Z 
2026-10-09T20:51:30.7862440Z running 14 tests
2026-10-09T20:51:31.4470734Z test another_document_interrupts_an_older_navigation_waiter ... ok
2026-10-09T20:51:32.0900816Z test browser_disconnect_wakes_pending_waiters ... ok
2026-10-09T20:51:32.7908122Z test cancelled_navigation_does_not_corrupt_the_next_navigation ... ok
2026-10-09T20:51:33.5923799Z test click_navigation_does_not_reuse_the_previous_documents_load ... ok
2026-10-09T20:51:34.2672787Z test closing_a_page_wakes_pending_load_waiters ... ok
2026-10-09T20:51:34.9018345Z test closing_a_page_wakes_pending_url_waiters ... ok
2026-10-09T20:51:35.5199086Z test fragment_navigation_preserves_the_document_load_state ... ok
2026-10-09T20:51:36.5601473Z test goto_timeout_covers_headers_and_document_load_together ... ok
2026-10-09T20:51:37.3400321Z test redirected_goto_reports_the_committed_url ... ok
2026-10-09T20:51:38.2398252Z test reload_waits_for_the_new_document_and_its_resources ... ok
2026-10-09T20:51:39.1690293Z test same_document_history_and_full_document_history_finish ... ok
2026-10-09T20:51:40.2128472Z test timeout_before_commit_allows_a_new_navigation_and_ignores_the_old_response ... ok
2026-10-09T20:51:40.9117566Z test url_wait_observes_a_matching_url_even_if_it_changes_again_immediately ... ok
2026-10-09T20:51:41.5458250Z test url_wait_observes_push_state_and_hash_changes ... ok
2026-10-09T20:51:41.5459295Z 
2026-10-09T20:51:41.5460077Z test result: ok. 14 passed; 0 failed; 0 ignored; 0 measured; 0 filtered out; finished in 10.76s
2026-10-09T20:51:41.5460994Z 
2026-10-09T20:51:41.5479527Z [1m[92m     Running[0m http_network_idle.rs (target/debug/deps/http_network_idle-78dad576fb420eee)
2026-10-09T20:51:41.5480356Z 
2026-10-09T20:51:41.5480510Z running 10 tests
2026-10-09T20:51:43.3156670Z test aborted_fetch_and_cancelled_idle_wait_leave_no_pending_activity ... ok
2026-10-09T20:51:44.4453236Z test closing_during_the_quiet_timer_wakes_the_idle_waiter ... ok
2026-10-09T20:51:46.5884229Z test concurrent_requests_and_a_second_burst_restart_the_quiet_window ... ok
2026-10-09T20:51:49.4194445Z test mocked_blocked_and_redirected_requests_finish_without_stale_counts ... ok
2026-10-09T20:51:51.2461084Z test new_main_document_does_not_wait_for_old_keepalive_or_child_requests ... ok
2026-10-09T20:51:53.0522912Z test remote_frame_fetch_prevents_parent_network_idle ... ok
2026-10-09T20:51:54.8972698Z test remote_frame_reload_and_return_do_not_leave_stale_pending_requests ... ok
2026-10-09T20:51:56.6961396Z test removing_a_same_process_frame_releases_its_pending_requests ... ok
2026-10-09T20:51:58.5619380Z test removing_nested_renderer_frames_releases_the_entire_subtree ... ok
2026-10-09T20:52:00.3651792Z test restarted_fetch_waits_for_the_body_and_a_new_quiet_window ... ok
2026-10-09T20:52:00.3652333Z 
2026-10-09T20:52:00.3652778Z test result: ok. 10 passed; 0 failed; 0 ignored; 0 measured; 0 filtered out; finished in 18.82s
2026-10-09T20:52:00.3653414Z 
2026-10-09T20:52:00.3654215Z [1m[92m     Running[0m http_network_idle_parity.rs (target/debug/deps/http_network_idle_parity-1b2d4a243bda5263)
2026-10-09T20:52:00.3667523Z 
2026-10-09T20:52:00.3667791Z running 26 tests
2026-10-09T20:52:02.7319438Z test chrome_abort ... ok
2026-10-09T20:52:05.0861858Z test chrome_body_timeout_reuse ... ok
2026-10-09T20:52:06.2131519Z test chrome_browser_closure ... ok
2026-10-09T20:52:09.3165762Z test chrome_cancelled_waiter ... ok
2026-10-09T20:52:11.7054842Z test chrome_child_removal ... ok
2026-10-09T20:52:14.0771090Z test chrome_cross_origin_child ... ok
2026-10-09T20:52:17.2100542Z test chrome_document_replacement ... ok
2026-10-09T20:52:20.1562925Z test chrome_foreign_tab ... ok
2026-10-09T20:52:23.8328359Z test chrome_interrupted_quiet ... ok
2026-10-09T20:52:26.2280459Z test chrome_nested_children ... ok
2026-10-09T20:52:27.3489425Z test chrome_page_closure ... ok
2026-10-09T20:52:28.9534298Z test chrome_partial_body ... ok
2026-10-09T20:52:31.3245847Z test chrome_redirects ... ok
2026-10-09T20:52:35.0236706Z test firefox_abort ... ok
2026-10-09T20:52:39.2218401Z test firefox_body_timeout_reuse ... ok
2026-10-09T20:52:41.7868616Z test firefox_browser_closure ... ok
2026-10-09T20:52:46.2748428Z test firefox_cancelled_waiter ... ok
2026-10-09T20:52:50.1966087Z test firefox_child_removal ... ok
2026-10-09T20:52:54.0259367Z test firefox_cross_origin_child ... ok
2026-10-09T20:52:58.5247383Z test firefox_document_replacement ... ok
2026-10-09T20:53:03.9680737Z test firefox_foreign_tab ... ok
2026-10-09T20:53:09.1383695Z test firefox_interrupted_quiet ... ok
2026-10-09T20:53:12.9798553Z test firefox_nested_children ... ok
2026-10-09T20:53:15.5500282Z test firefox_page_closure ... ok
2026-10-09T20:53:18.5863873Z test firefox_partial_body ... ok
2026-10-09T20:53:22.3890097Z test firefox_redirects ... ok
2026-10-09T20:53:22.3890452Z 
2026-10-09T20:53:22.3890833Z test result: ok. 26 passed; 0 failed; 0 ignored; 0 measured; 0 filtered out; finished in 82.02s
2026-10-09T20:53:22.3891225Z 
2026-10-09T20:53:22.3894641Z [1m[92m     Running[0m http_shutdown.rs (target/debug/deps/http_shutdown-f929299cd78f2c79)
2026-10-09T20:53:22.3907366Z 
2026-10-09T20:53:22.3907546Z running 3 tests
2026-10-09T20:53:46.4336770Z test chrome_cancelled_shutdown_completes_native_cleanup ... ok
2026-10-09T20:53:48.9815092Z test firefox_cancelled_monitor_setup_still_waits_for_subscription ... ok
2026-10-09T20:54:11.1361485Z test firefox_cancelled_shutdown_completes_native_cleanup ... ok
2026-10-09T20:54:11.1361905Z 
2026-10-09T20:54:11.1362255Z test result: ok. 3 passed; 0 failed; 0 ignored; 0 measured; 0 filtered out; finished in 48.75s
2026-10-09T20:54:11.1362767Z 
2026-10-09T20:54:11.1365176Z [1m[92m     Running[0m unified.rs (target/debug/deps/unified-e0bbd23e3fa347f5)
2026-10-09T20:54:11.1377794Z 
2026-10-09T20:54:11.1378128Z running 3 tests
2026-10-09T20:54:13.8029011Z test dynamic_backends_in_one_vec ... ok
2026-10-09T20:54:14.6157284Z test same_code_on_chrome ... ok
2026-10-09T20:54:16.5679381Z test same_code_on_firefox ... ok
2026-10-09T20:54:16.5691498Z 
2026-10-09T20:54:16.5692259Z test result: ok. 3 passed; 0 failed; 0 ignored; 0 measured; 0 filtered out; finished in 5.43s
2026-10-09T20:54:16.5693187Z 
2026-10-09T20:54:16.5693383Z 
2026-10-09T20:54:16.5693695Z running 5 tests
2026-10-09T20:54:16.5720008Z [1m[92m     Running[0m vertical_slice.rs (target/debug/deps/vertical_slice-81ac6e39210d5edb)
2026-10-09T20:54:17.5329638Z test isolated_context_has_separate_storage ... ok
2026-10-09T20:54:18.1464158Z test launch_goto_title_and_content ... ok
2026-10-09T20:54:18.8274154Z test locators_fill_click_and_wait ... ok
2026-10-09T20:54:19.4888480Z test screenshot_writes_a_png ... ok
2026-10-09T20:54:20.5923603Z test wait_for_detached_and_load_states ... ok
2026-10-09T20:54:20.5924296Z 
2026-10-09T20:54:20.5925236Z test result: ok. 5 passed; 0 failed; 0 ignored; 0 measured; 0 filtered out; finished in 4.02s
2026-10-09T20:54:20.5926084Z 
2026-10-09T20:54:20.5934562Z [1m[92m     Running[0m unittests src/lib.rs (target/debug/deps/rustwright_test-990eb26711f85471)
2026-10-09T20:54:20.5944155Z 
2026-10-09T20:54:20.5944504Z running 4 tests
2026-10-09T20:54:20.5945649Z test tests::automatic_discovery_absence_skips_both_backends ... ok
2026-10-09T20:54:20.5946515Z test tests::connection_and_context_setup_errors_fail ... ok
2026-10-09T20:54:20.5948900Z test tests::other_browser_setup_errors_fail_both_backends ... ok
2026-10-09T20:54:20.5951017Z test tests::shards_partition_tests ... ok
2026-10-09T20:54:20.5951389Z 
2026-10-09T20:54:20.5951967Z test result: ok. 4 passed; 0 failed; 0 ignored; 0 measured; 0 filtered out; finished in 0.00s
2026-10-09T20:54:20.5952582Z 
2026-10-09T20:54:20.5953468Z [1m[92m     Running[0m tests/expect_retry.rs (target/debug/deps/expect_retry-5393ff18b4b0fb27)
2026-10-09T20:54:20.5977775Z 
2026-10-09T20:54:20.5978447Z running 12 tests
2026-10-09T20:54:21.7656298Z test assertion_deadline_bounds_missing_element_reads ... ok
2026-10-09T20:54:22.6161352Z test backend_errors_are_returned_without_retry ... ok
2026-10-09T20:54:23.4717738Z test matching_conditions_return_without_waiting_for_timeout ... ok
2026-10-09T20:54:24.6058293Z test timeout_reports_last_observed_count ... ok
2026-10-09T20:54:25.3830959Z test waits_for_a_frame_execution_context_before_counting ... ok
2026-10-09T20:54:26.4507414Z test waits_for_delayed_attribute ... ok
2026-10-09T20:54:27.5212777Z test waits_for_delayed_contained_text ... ok
2026-10-09T20:54:28.6081186Z test waits_for_delayed_count ... ok
2026-10-09T20:54:29.6592773Z test waits_for_delayed_text ... ok
2026-10-09T20:54:30.6463314Z test waits_for_element_to_appear ... ok
2026-10-09T20:54:31.7232382Z test waits_for_enabled_button ... ok
2026-10-09T20:54:32.9252708Z test waits_for_visibility_changes ... ok
2026-10-09T20:54:32.9253284Z 
2026-10-09T20:54:32.9253740Z test result: ok. 12 passed; 0 failed; 0 ignored; 0 measured; 0 filtered out; finished in 12.33s
2026-10-09T20:54:32.9254138Z 
2026-10-09T20:54:32.9292629Z [1m[92m     Running[0m tests/runner_startup.rs (target/debug/deps/runner_startup-019dee1091c5e44e)
2026-10-09T20:54:32.9310811Z 
2026-10-09T20:54:32.9311117Z running 5 tests
2026-10-09T20:54:33.0015673Z test browser_exiting_during_startup_fails_the_test ... ok
2026-10-09T20:54:33.0470789Z test missing_explicit_browser_fails_instead_of_falling_back ... ok
2026-10-09T20:54:33.0928979Z test non_executable_browser_fails_the_test ... ok
2026-10-09T20:54:33.0929543Z test runner_probe ... ok
2026-10-09T20:54:33.1843587Z test startup_failure_uses_the_configured_retries ... ok
2026-10-09T20:54:33.1844106Z 
2026-10-09T20:54:33.1844451Z test result: ok. 5 passed; 0 failed; 0 ignored; 0 measured; 0 filtered out; finished in 0.25s
2026-10-09T20:54:33.1844923Z 
2026-10-09T20:54:33.1846259Z [1m[92m     Running[0m tests/smoke.rs (target/debug/deps/smoke-90efb41dcbb0652b)
2026-10-09T20:54:33.1857263Z 
2026-10-09T20:54:33.1857435Z running 3 tests
2026-10-09T20:54:34.0784545Z test assertions_and_matchers ... ok
2026-10-09T20:54:34.9753889Z test opens_a_data_url ... ok
2026-10-09T20:54:35.8880726Z test supports_extra_pages ... ok
2026-10-09T20:54:35.8881253Z 
2026-10-09T20:54:35.8881894Z test result: ok. 3 passed; 0 failed; 0 ignored; 0 measured; 0 filtered out; finished in 2.70s
2026-10-09T20:54:35.8882686Z 
2026-10-09T20:54:35.8887189Z [1m[92m     Running[0m unittests src/lib.rs (target/debug/deps/rustwright_test_macros-0cee4777b848a027)
2026-10-09T20:54:36.2319897Z 
2026-10-09T20:54:36.2320368Z running 0 tests
2026-10-09T20:54:36.2320582Z 
2026-10-09T20:54:36.2865088Z test result: ok. 0 passed; 0 failed; 0 ignored; 0 measured; 0 filtered out; finished in 0.00s
2026-10-09T20:54:36.2865773Z 
2026-10-09T20:54:36.2876127Z [1m[92m   Doc-tests[0m rustwright
2026-10-09T20:54:36.6832208Z 
2026-10-09T20:54:36.6833449Z running 2 tests
2026-10-09T20:54:36.8439445Z test crates/rustwright/src/any.rs - any (line 8) ... ok
2026-10-09T20:54:36.8898443Z test crates/rustwright/src/lib.rs - (line 8) - compile ... ok
2026-10-09T20:54:36.8898960Z 
2026-10-09T20:54:36.8899227Z test result: ok. 2 passed; 0 failed; 0 ignored; 0 measured; 0 filtered out; finished in 0.21s
2026-10-09T20:54:36.8899578Z 
2026-10-09T20:54:36.9056103Z [1m[92m   Doc-tests[0m rustwright_bidi
2026-10-09T20:54:37.0148955Z 
2026-10-09T20:54:37.0149501Z running 1 test
2026-10-09T20:54:37.0553760Z test crates/rustwright-bidi/src/lib.rs - (line 8) - compile ... ok
2026-10-09T20:54:37.0554484Z 
2026-10-09T20:54:37.0554858Z test result: ok. 1 passed; 0 failed; 0 ignored; 0 measured; 0 filtered out; finished in 0.04s
2026-10-09T20:54:37.0555375Z 
2026-10-09T20:54:37.0581834Z [1m[92m   Doc-tests[0m rustwright_browser
2026-10-09T20:54:37.0975942Z 
2026-10-09T20:54:37.0976696Z running 1 test
2026-10-09T20:54:37.2204725Z test crates/rustwright-browser/src/chrome.rs - chrome::Chrome (line 59) ... ok
2026-10-09T20:54:37.2205352Z 
2026-10-09T20:54:37.2205776Z test result: ok. 1 passed; 0 failed; 0 ignored; 0 measured; 0 filtered out; finished in 0.12s
2026-10-09T20:54:37.2206352Z 
2026-10-09T20:54:37.2231439Z [1m[92m   Doc-tests[0m rustwright_cdp
2026-10-09T20:54:37.4063599Z 
2026-10-09T20:54:37.4064442Z running 0 tests
2026-10-09T20:54:37.4064714Z 
2026-10-09T20:54:37.4065174Z test result: ok. 0 passed; 0 failed; 0 ignored; 0 measured; 0 filtered out; finished in 0.00s
2026-10-09T20:54:37.4065783Z 
2026-10-09T20:54:37.4094993Z [1m[92m   Doc-tests[0m rustwright_common
2026-10-09T20:54:37.4310569Z 
2026-10-09T20:54:37.4310951Z running 1 test
2026-10-09T20:54:37.4555469Z test crates/rustwright-common/src/api.rs - api (line 12) - compile ... ok
2026-10-09T20:54:37.4555866Z 
2026-10-09T20:54:37.4556140Z test result: ok. 1 passed; 0 failed; 0 ignored; 0 measured; 0 filtered out; finished in 0.02s
2026-10-09T20:54:37.4556489Z 
2026-10-09T20:54:37.4580798Z [1m[92m   Doc-tests[0m rustwright_core
2026-10-09T20:54:37.5390643Z 
2026-10-09T20:54:37.5391229Z running 2 tests
2026-10-09T20:54:37.5752812Z test crates/rustwright-core/src/browser.rs - browser::Browser::launch (line 46) - compile ... ok
2026-10-09T20:54:37.6492660Z test crates/rustwright-core/src/lib.rs - prelude (line 54) ... ok
2026-10-09T20:54:37.6493223Z 
2026-10-09T20:54:37.6493645Z test result: ok. 2 passed; 0 failed; 0 ignored; 0 measured; 0 filtered out; finished in 0.11s
2026-10-09T20:54:37.6494252Z 
2026-10-09T20:54:37.6521550Z [1m[92m   Doc-tests[0m rustwright_test
2026-10-09T20:54:37.6773643Z 
2026-10-09T20:54:37.6774274Z running 3 tests
2026-10-09T20:54:37.7145608Z test crates/rustwright-test/src/expect.rs - expect (line 7) - compile ... ok
2026-10-09T20:54:37.7503541Z test crates/rustwright-test/src/expect.rs - expect::Expectation::with_timeout (line 50) - compile ... ok
2026-10-09T20:54:37.7875789Z test crates/rustwright-test/src/lib.rs - (line 8) - compile ... ok
2026-10-09T20:54:37.7876518Z 
2026-10-09T20:54:37.7876900Z test result: ok. 3 passed; 0 failed; 0 ignored; 0 measured; 0 filtered out; finished in 0.11s
2026-10-09T20:54:37.7877417Z 
2026-10-09T20:54:37.7903649Z [1m[92m   Doc-tests[0m rustwright_test_macros
2026-10-09T20:54:37.8082358Z 
2026-10-09T20:54:37.8082745Z running 1 test
2026-10-09T20:54:37.8083364Z test crates/rustwright-test-macros/src/lib.rs - rustwright_test (line 14) ... ignored
2026-10-09T20:54:37.8083766Z 
2026-10-09T20:54:37.8084033Z test result: ok. 0 passed; 0 failed; 1 ignored; 0 measured; 0 filtered out; finished in 0.00s
2026-10-09T20:54:37.8084402Z 
2026-10-09T20:54:37.8188960Z ##[group]Run actions/upload-artifact@v4
2026-10-09T20:54:37.8189312Z with:
2026-10-09T20:54:37.8189538Z   name: workspace-chrome-sandbox
2026-10-09T20:54:37.8189815Z   path: target/ci/linux-sandbox/
2026-10-09T20:54:37.8190078Z   if-no-files-found: error
2026-10-09T20:54:37.8190316Z   compression-level: 6
2026-10-09T20:54:37.8190540Z   overwrite: false
2026-10-09T20:54:37.8190758Z   include-hidden-files: false
2026-10-09T20:54:37.8190991Z env:
2026-10-09T20:54:37.8191176Z   CARGO_TERM_COLOR: always
2026-10-09T20:54:37.8191406Z   RUST_BACKTRACE: 1
2026-10-09T20:54:37.8191623Z   CARGO_HOME: /home/runner/.cargo
2026-10-09T20:54:37.8191875Z   CARGO_INCREMENTAL: 0
2026-10-09T20:54:37.8192089Z   CACHE_ON_FAILURE: false
2026-10-09T20:54:37.8192446Z   CHROME_DEVEL_SANDBOX: /usr/local/lib/rustwright-ci/155.0.8059.39/chrome-sandbox
2026-10-09T20:54:37.8192849Z ##[endgroup]
2026-10-09T20:54:37.9824239Z (node:95852) [DEP0040] DeprecationWarning: The `punycode` module is deprecated. Please use a userland alternative instead.
2026-10-09T20:54:37.9825546Z (Use `node --trace-deprecation ...` to show where the warning was created)
2026-10-09T20:54:37.9892700Z With the provided path, there will be 6 files uploaded
2026-10-09T20:54:37.9901237Z Artifact name is valid!
2026-10-09T20:54:37.9902305Z Root directory input is valid!
2026-10-09T20:54:38.3874509Z Beginning upload of artifact content to blob storage
2026-10-09T20:54:38.4155340Z (node:95852) [DEP0169] DeprecationWarning: `url.parse()` behavior is not standardized and prone to errors that have security implications. Use the WHATWG URL API instead. CVEs are not issued for `url.parse()` vulnerabilities.
2026-10-09T20:54:38.7076814Z Uploaded bytes 3515
2026-10-09T20:54:38.7857344Z Finished uploading artifact content to blob storage!
2026-10-09T20:54:38.7858764Z SHA256 digest of uploaded artifact zip is 082226efb04d7988921c3813683f2704c548cac4540734b8a261407019334136
2026-10-09T20:54:38.7860814Z Finalizing artifact upload
2026-10-09T20:54:39.0534700Z Artifact workspace-chrome-sandbox.zip successfully finalized. Artifact ID 11644074879
2026-10-09T20:54:39.0536861Z Artifact workspace-chrome-sandbox has been successfully uploaded! Final size is 3515 bytes. Artifact ID is 11644074879
2026-10-09T20:54:39.0542914Z Artifact download URL: https://github.com/rsasaki0109/rustwright/actions/runs/37987315249/artifacts/11644074879
2026-10-09T20:54:39.0722966Z Post job cleanup.
2026-10-09T20:54:39.1925635Z Cache up-to-date.
2026-10-09T20:54:39.2097683Z Post job cleanup.
2026-10-09T20:54:39.3088643Z [command]/usr/bin/git version
2026-10-09T20:54:39.3140343Z git version 2.55.0
2026-10-09T20:54:39.3199259Z Temporarily overriding HOME='/home/runner/work/_temp/27c2fe00-6df8-49b8-860c-320119da9a12' before making global git config changes
2026-10-09T20:54:39.3200749Z Adding repository directory to the temporary git global config as a safe directory
2026-10-09T20:54:39.3208819Z [command]/usr/bin/git config --global --add safe.directory /home/runner/work/rustwright/rustwright
2026-10-09T20:54:39.3256149Z [command]/usr/bin/git config --local --name-only --get-regexp core\.sshCommand
2026-10-09T20:54:39.3297755Z [command]/usr/bin/git submodule foreach --recursive sh -c "git config --local --name-only --get-regexp 'core\.sshCommand' && git config --local --unset-all 'core.sshCommand' || :"
2026-10-09T20:54:39.3562928Z [command]/usr/bin/git config --local --name-only --get-regexp http\.https\:\/\/github\.com\/\.extraheader
2026-10-09T20:54:39.3594966Z http.https://github.com/.extraheader
2026-10-09T20:54:39.3605055Z [command]/usr/bin/git config --local --unset-all http.https://github.com/.extraheader
2026-10-09T20:54:39.3647008Z [command]/usr/bin/git submodule foreach --recursive sh -c "git config --local --name-only --get-regexp 'http\.https\:\/\/github\.com\/\.extraheader' && git config --local --unset-all 'http.https://github.com/.extraheader' || :"
2026-10-09T20:54:39.3926878Z [command]/usr/bin/git config --local --name-only --get-regexp ^includeIf\.gitdir:
2026-10-09T20:54:39.3967211Z [command]/usr/bin/git submodule foreach --recursive git config --local --show-origin --name-only --get-regexp remote.origin.url
2026-10-09T20:54:39.4350449Z Cleaning up orphan processes
2026-10-09T20:54:39.4690280Z ##[warning]Node.js 20 is deprecated. The following actions target Node.js 20 but are being forced to run on Node.js 24: actions/upload-artifact@v4. For more information see: https://github.blog/changelog/2025-09-19-deprecation-of-node-20-on-github-actions-runners/
